---------------------------------------------------------------
[ 2026-04-01T00:05:03+08:00 ] 20.203.185.46 GET 120.24.147.77/
[ error ] [8192]preg_match(): Passing null to parameter #2 ($subject) of type string is deprecated
[ error ] [8192]preg_match(): Passing null to parameter #2 ($subject) of type string is deprecated
[ error ] [8192]preg_match(): Passing null to parameter #2 ($subject) of type string is deprecated
[ error ] [8192]preg_match(): Passing null to parameter #2 ($subject) of type string is deprecated
[ error ] [8192]preg_match(): Passing null to parameter #2 ($subject) of type string is deprecated
[ error ] [8192]preg_match(): Passing null to parameter #2 ($subject) of type string is deprecated
[ error ] [8192]preg_match(): Passing null to parameter #2 ($subject) of type string is deprecated
[ error ] [8192]preg_match(): Passing null to parameter #2 ($subject) of type string is deprecated
[ error ] [8192]Automatic conversion of false to array is deprecated
[ error ] [2]Undefined array key "title"
[ error ] [2]Undefined array key "title"
[ error ] [2]Undefined array key "title"
[ error ] [2]Undefined array key "title"
---------------------------------------------------------------
[ 2026-04-01T00:07:09+08:00 ] 43.153.96.79 GET 120.24.147.77/
[ error ] [8192]preg_match(): Passing null to parameter #2 ($subject) of type string is deprecated
[ error ] [8192]preg_match(): Passing null to parameter #2 ($subject) of type string is deprecated
[ error ] [8192]preg_match(): Passing null to parameter #2 ($subject) of type string is deprecated
[ error ] [8192]preg_match(): Passing null to parameter #2 ($subject) of type string is deprecated
[ error ] [8192]preg_match(): Passing null to parameter #2 ($subject) of type string is deprecated
[ error ] [8192]preg_match(): Passing null to parameter #2 ($subject) of type string is deprecated
[ error ] [8192]preg_match(): Passing null to parameter #2 ($subject) of type string is deprecated
[ error ] [8192]preg_match(): Passing null to parameter #2 ($subject) of type string is deprecated
[ error ] [8192]Automatic conversion of false to array is deprecated
[ error ] [2]Undefined array key "title"
[ error ] [2]Undefined array key "title"
[ error ] [2]Undefined array key "title"
[ error ] [2]Undefined array key "title"
---------------------------------------------------------------
[ 2026-04-01T00:12:38+08:00 ] 185.12.59.118 GET 120.24.147.77/
[ error ] [8192]preg_match(): Passing null to parameter #2 ($subject) of type string is deprecated
[ error ] [8192]preg_match(): Passing null to parameter #2 ($subject) of type string is deprecated
[ error ] [8192]preg_match(): Passing null to parameter #2 ($subject) of type string is deprecated
[ error ] [8192]preg_match(): Passing null to parameter #2 ($subject) of type string is deprecated
[ error ] [8192]preg_match(): Passing null to parameter #2 ($subject) of type string is deprecated
[ error ] [8192]preg_match(): Passing null to parameter #2 ($subject) of type string is deprecated
[ error ] [8192]preg_match(): Passing null to parameter #2 ($subject) of type string is deprecated
[ error ] [8192]preg_match(): Passing null to parameter #2 ($subject) of type string is deprecated
[ error ] [8192]Automatic conversion of false to array is deprecated
[ error ] [2]Undefined array key "title"
[ error ] [2]Undefined array key "title"
[ error ] [2]Undefined array key "title"
[ error ] [2]Undefined array key "title"
---------------------------------------------------------------
[ 2026-04-01T00:14:14+08:00 ] 46.151.178.13 PROPFIND 120.24.147.77/
[ error ] [8192]preg_match(): Passing null to parameter #2 ($subject) of type string is deprecated
[ error ] [8192]preg_match(): Passing null to parameter #2 ($subject) of type string is deprecated
[ error ] [8192]preg_match(): Passing null to parameter #2 ($subject) of type string is deprecated
[ error ] [8192]preg_match(): Passing null to parameter #2 ($subject) of type string is deprecated
[ error ] [8192]preg_match(): Passing null to parameter #2 ($subject) of type string is deprecated
[ error ] [8192]preg_match(): Passing null to parameter #2 ($subject) of type string is deprecated
---------------------------------------------------------------
[ 2026-04-01T00:14:14+08:00 ] 46.151.178.13 GET 120.24.147.77/
[ error ] [8192]preg_match(): Passing null to parameter #2 ($subject) of type string is deprecated
[ error ] [8192]preg_match(): Passing null to parameter #2 ($subject) of type string is deprecated
[ error ] [8192]preg_match(): Passing null to parameter #2 ($subject) of type string is deprecated
[ error ] [8192]preg_match(): Passing null to parameter #2 ($subject) of type string is deprecated
[ error ] [8192]preg_match(): Passing null to parameter #2 ($subject) of type string is deprecated
[ error ] [8192]preg_match(): Passing null to parameter #2 ($subject) of type string is deprecated
---------------------------------------------------------------
[ 2026-04-01T00:16:24+08:00 ] 113.215.189.187 GET punalei.cn/
[ error ] [8192]preg_match(): Passing null to parameter #2 ($subject) of type string is deprecated
[ error ] [8192]preg_match(): Passing null to parameter #2 ($subject) of type string is deprecated
[ error ] [8192]preg_match(): Passing null to parameter #2 ($subject) of type string is deprecated
[ error ] [8192]preg_match(): Passing null to parameter #2 ($subject) of type string is deprecated
[ error ] [8192]preg_match(): Passing null to parameter #2 ($subject) of type string is deprecated
[ error ] [8192]preg_match(): Passing null to parameter #2 ($subject) of type string is deprecated
[ error ] [8192]preg_match(): Passing null to parameter #2 ($subject) of type string is deprecated
[ error ] [8192]preg_match(): Passing null to parameter #2 ($subject) of type string is deprecated
[ error ] [8192]Automatic conversion of false to array is deprecated
[ error ] [2]Undefined array key "title"
[ error ] [2]Undefined array key "title"
[ error ] [2]Undefined array key "title"
[ error ] [2]Undefined array key "title"
---------------------------------------------------------------
[ 2026-04-01T00:16:24+08:00 ] 113.215.189.187 GET punalei.cn/
[ error ] [2]Undefined array key "title"
[ error ] [2]Undefined array key "title"
[ error ] [2]Undefined array key "title"
[ error ] [2]Undefined array key "title"
---------------------------------------------------------------
[ 2026-04-01T00:16:39+08:00 ] 113.215.189.187 GET punalei.cn/
[ error ] [2]Undefined array key "title"
[ error ] [2]Undefined array key "title"
[ error ] [2]Undefined array key "title"
[ error ] [2]Undefined array key "title"
---------------------------------------------------------------
[ 2026-04-01T00:16:40+08:00 ] 113.215.189.187 GET punalei.cn/
[ error ] [2]Undefined array key "title"
[ error ] [2]Undefined array key "title"
[ error ] [2]Undefined array key "title"
[ error ] [2]Undefined array key "title"
---------------------------------------------------------------
[ 2026-04-01T00:16:40+08:00 ] 113.215.189.187 GET punalei.cn/
[ error ] [2]Undefined array key "title"
[ error ] [2]Undefined array key "title"
[ error ] [2]Undefined array key "title"
[ error ] [2]Undefined array key "title"
---------------------------------------------------------------
[ 2026-04-01T00:16:40+08:00 ] 113.215.189.187 GET punalei.cn/
[ error ] [2]Undefined array key "title"
[ error ] [2]Undefined array key "title"
[ error ] [2]Undefined array key "title"
[ error ] [2]Undefined array key "title"
---------------------------------------------------------------
[ 2026-04-01T00:16:41+08:00 ] 113.215.189.187 GET punalei.cn/
[ error ] [2]Undefined array key "title"
[ error ] [2]Undefined array key "title"
[ error ] [2]Undefined array key "title"
[ error ] [2]Undefined array key "title"
---------------------------------------------------------------
[ 2026-04-01T00:17:24+08:00 ] 20.163.15.19 GET 120.24.147.77/developmentserver/metadatauploader
[ error ] [8192]preg_match(): Passing null to parameter #2 ($subject) of type string is deprecated
[ error ] [8192]preg_match(): Passing null to parameter #2 ($subject) of type string is deprecated
[ error ] [8192]preg_match(): Passing null to parameter #2 ($subject) of type string is deprecated
[ error ] [8192]preg_match(): Passing null to parameter #2 ($subject) of type string is deprecated
[ error ] [8192]preg_match(): Passing null to parameter #2 ($subject) of type string is deprecated
[ error ] [8192]preg_match(): Passing null to parameter #2 ($subject) of type string is deprecated
---------------------------------------------------------------
[ 2026-04-01T00:17:24+08:00 ] 20.163.15.19 GET 120.24.147.77/developmentserver/metadatauploader
[ error ] [8192]preg_match(): Passing null to parameter #2 ($subject) of type string is deprecated
[ error ] [8192]preg_match(): Passing null to parameter #2 ($subject) of type string is deprecated
[ error ] [8192]preg_match(): Passing null to parameter #2 ($subject) of type string is deprecated
[ error ] [8192]preg_match(): Passing null to parameter #2 ($subject) of type string is deprecated
[ error ] [8192]preg_match(): Passing null to parameter #2 ($subject) of type string is deprecated
[ error ] [8192]preg_match(): Passing null to parameter #2 ($subject) of type string is deprecated
---------------------------------------------------------------
[ 2026-04-01T00:20:04+08:00 ] 121.199.172.227 GET 120.24.147.77/
[ error ] [8192]preg_match(): Passing null to parameter #2 ($subject) of type string is deprecated
[ error ] [8192]preg_match(): Passing null to parameter #2 ($subject) of type string is deprecated
[ error ] [8192]preg_match(): Passing null to parameter #2 ($subject) of type string is deprecated
[ error ] [8192]preg_match(): Passing null to parameter #2 ($subject) of type string is deprecated
[ error ] [8192]preg_match(): Passing null to parameter #2 ($subject) of type string is deprecated
[ error ] [8192]preg_match(): Passing null to parameter #2 ($subject) of type string is deprecated
[ error ] [8192]preg_match(): Passing null to parameter #2 ($subject) of type string is deprecated
[ error ] [8192]preg_match(): Passing null to parameter #2 ($subject) of type string is deprecated
[ error ] [8192]Automatic conversion of false to array is deprecated
[ error ] [2]Undefined array key "title"
[ error ] [2]Undefined array key "title"
[ error ] [2]Undefined array key "title"
[ error ] [2]Undefined array key "title"
---------------------------------------------------------------
[ 2026-04-01T00:20:26+08:00 ] 121.199.172.227 POST 120.24.147.77/sdk
[ error ] [8192]preg_match(): Passing null to parameter #2 ($subject) of type string is deprecated
[ error ] [8192]preg_match(): Passing null to parameter #2 ($subject) of type string is deprecated
[ error ] [8192]preg_match(): Passing null to parameter #2 ($subject) of type string is deprecated
[ error ] [8192]preg_match(): Passing null to parameter #2 ($subject) of type string is deprecated
[ error ] [8192]preg_match(): Passing null to parameter #2 ($subject) of type string is deprecated
[ error ] [8192]preg_match(): Passing null to parameter #2 ($subject) of type string is deprecated
---------------------------------------------------------------
[ 2026-04-01T00:20:26+08:00 ] 121.199.172.227 GET 120.24.147.77/nmaplowercheck1774974026
[ error ] [8192]preg_match(): Passing null to parameter #2 ($subject) of type string is deprecated
[ error ] [8192]preg_match(): Passing null to parameter #2 ($subject) of type string is deprecated
[ error ] [8192]preg_match(): Passing null to parameter #2 ($subject) of type string is deprecated
[ error ] [8192]preg_match(): Passing null to parameter #2 ($subject) of type string is deprecated
[ error ] [8192]preg_match(): Passing null to parameter #2 ($subject) of type string is deprecated
[ error ] [8192]preg_match(): Passing null to parameter #2 ($subject) of type string is deprecated
---------------------------------------------------------------
[ 2026-04-01T00:20:26+08:00 ] 121.199.172.227 GET 120.24.147.77/sdk
[ error ] [8192]preg_match(): Passing null to parameter #2 ($subject) of type string is deprecated
[ error ] [8192]preg_match(): Passing null to parameter #2 ($subject) of type string is deprecated
[ error ] [8192]preg_match(): Passing null to parameter #2 ($subject) of type string is deprecated
[ error ] [8192]preg_match(): Passing null to parameter #2 ($subject) of type string is deprecated
[ error ] [8192]preg_match(): Passing null to parameter #2 ($subject) of type string is deprecated
[ error ] [8192]preg_match(): Passing null to parameter #2 ($subject) of type string is deprecated
---------------------------------------------------------------
[ 2026-04-01T00:20:26+08:00 ] 121.199.172.227 POST 120.24.147.77/sdk
[ error ] [8192]preg_match(): Passing null to parameter #2 ($subject) of type string is deprecated
[ error ] [8192]preg_match(): Passing null to parameter #2 ($subject) of type string is deprecated
[ error ] [8192]preg_match(): Passing null to parameter #2 ($subject) of type string is deprecated
[ error ] [8192]preg_match(): Passing null to parameter #2 ($subject) of type string is deprecated
[ error ] [8192]preg_match(): Passing null to parameter #2 ($subject) of type string is deprecated
[ error ] [8192]preg_match(): Passing null to parameter #2 ($subject) of type string is deprecated
---------------------------------------------------------------
[ 2026-04-01T00:20:26+08:00 ] 121.199.172.227 GET 120.24.147.77/nmaplowercheck1774974026
[ error ] [8192]preg_match(): Passing null to parameter #2 ($subject) of type string is deprecated
[ error ] [8192]preg_match(): Passing null to parameter #2 ($subject) of type string is deprecated
[ error ] [8192]preg_match(): Passing null to parameter #2 ($subject) of type string is deprecated
[ error ] [8192]preg_match(): Passing null to parameter #2 ($subject) of type string is deprecated
[ error ] [8192]preg_match(): Passing null to parameter #2 ($subject) of type string is deprecated
[ error ] [8192]preg_match(): Passing null to parameter #2 ($subject) of type string is deprecated
---------------------------------------------------------------
[ 2026-04-01T00:20:26+08:00 ] 121.199.172.227 GET 120.24.147.77/nmaplowercheck1774974026
[ error ] [8192]preg_match(): Passing null to parameter #2 ($subject) of type string is deprecated
[ error ] [8192]preg_match(): Passing null to parameter #2 ($subject) of type string is deprecated
[ error ] [8192]preg_match(): Passing null to parameter #2 ($subject) of type string is deprecated
[ error ] [8192]preg_match(): Passing null to parameter #2 ($subject) of type string is deprecated
[ error ] [8192]preg_match(): Passing null to parameter #2 ($subject) of type string is deprecated
[ error ] [8192]preg_match(): Passing null to parameter #2 ($subject) of type string is deprecated
---------------------------------------------------------------
[ 2026-04-01T00:20:26+08:00 ] 121.199.172.227 GET 120.24.147.77/nmaplowercheck1774974026
[ error ] [8192]preg_match(): Passing null to parameter #2 ($subject) of type string is deprecated
[ error ] [8192]preg_match(): Passing null to parameter #2 ($subject) of type string is deprecated
[ error ] [8192]preg_match(): Passing null to parameter #2 ($subject) of type string is deprecated
[ error ] [8192]preg_match(): Passing null to parameter #2 ($subject) of type string is deprecated
[ error ] [8192]preg_match(): Passing null to parameter #2 ($subject) of type string is deprecated
[ error ] [8192]preg_match(): Passing null to parameter #2 ($subject) of type string is deprecated
---------------------------------------------------------------
[ 2026-04-01T00:20:26+08:00 ] 121.199.172.227 GET 120.24.147.77/HNAP1
[ error ] [8192]preg_match(): Passing null to parameter #2 ($subject) of type string is deprecated
[ error ] [8192]preg_match(): Passing null to parameter #2 ($subject) of type string is deprecated
[ error ] [8192]preg_match(): Passing null to parameter #2 ($subject) of type string is deprecated
[ error ] [8192]preg_match(): Passing null to parameter #2 ($subject) of type string is deprecated
[ error ] [8192]preg_match(): Passing null to parameter #2 ($subject) of type string is deprecated
[ error ] [8192]preg_match(): Passing null to parameter #2 ($subject) of type string is deprecated
---------------------------------------------------------------
[ 2026-04-01T00:20:26+08:00 ] 121.199.172.227 GET 120.24.147.77/sdk
[ error ] [8192]preg_match(): Passing null to parameter #2 ($subject) of type string is deprecated
[ error ] [8192]preg_match(): Passing null to parameter #2 ($subject) of type string is deprecated
[ error ] [8192]preg_match(): Passing null to parameter #2 ($subject) of type string is deprecated
[ error ] [8192]preg_match(): Passing null to parameter #2 ($subject) of type string is deprecated
[ error ] [8192]preg_match(): Passing null to parameter #2 ($subject) of type string is deprecated
[ error ] [8192]preg_match(): Passing null to parameter #2 ($subject) of type string is deprecated
---------------------------------------------------------------
[ 2026-04-01T00:20:27+08:00 ] 121.199.172.227 GET 120.24.147.77/HNAP1
[ error ] [8192]preg_match(): Passing null to parameter #2 ($subject) of type string is deprecated
[ error ] [8192]preg_match(): Passing null to parameter #2 ($subject) of type string is deprecated
[ error ] [8192]preg_match(): Passing null to parameter #2 ($subject) of type string is deprecated
[ error ] [8192]preg_match(): Passing null to parameter #2 ($subject) of type string is deprecated
[ error ] [8192]preg_match(): Passing null to parameter #2 ($subject) of type string is deprecated
[ error ] [8192]preg_match(): Passing null to parameter #2 ($subject) of type string is deprecated
---------------------------------------------------------------
[ 2026-04-01T00:20:27+08:00 ] 121.199.172.227 GET 120.24.147.77/HNAP1
[ error ] [8192]preg_match(): Passing null to parameter #2 ($subject) of type string is deprecated
[ error ] [8192]preg_match(): Passing null to parameter #2 ($subject) of type string is deprecated
[ error ] [8192]preg_match(): Passing null to parameter #2 ($subject) of type string is deprecated
[ error ] [8192]preg_match(): Passing null to parameter #2 ($subject) of type string is deprecated
[ error ] [8192]preg_match(): Passing null to parameter #2 ($subject) of type string is deprecated
[ error ] [8192]preg_match(): Passing null to parameter #2 ($subject) of type string is deprecated
---------------------------------------------------------------
[ 2026-04-01T00:20:27+08:00 ] 121.199.172.227 GET 120.24.147.77/evox/about
[ error ] [8192]preg_match(): Passing null to parameter #2 ($subject) of type string is deprecated
[ error ] [8192]preg_match(): Passing null to parameter #2 ($subject) of type string is deprecated
[ error ] [8192]preg_match(): Passing null to parameter #2 ($subject) of type string is deprecated
[ error ] [8192]preg_match(): Passing null to parameter #2 ($subject) of type string is deprecated
[ error ] [8192]preg_match(): Passing null to parameter #2 ($subject) of type string is deprecated
[ error ] [8192]preg_match(): Passing null to parameter #2 ($subject) of type string is deprecated
---------------------------------------------------------------
[ 2026-04-01T00:20:27+08:00 ] 121.199.172.227 GET 120.24.147.77/evox/about
[ error ] [8192]preg_match(): Passing null to parameter #2 ($subject) of type string is deprecated
[ error ] [8192]preg_match(): Passing null to parameter #2 ($subject) of type string is deprecated
[ error ] [8192]preg_match(): Passing null to parameter #2 ($subject) of type string is deprecated
[ error ] [8192]preg_match(): Passing null to parameter #2 ($subject) of type string is deprecated
[ error ] [8192]preg_match(): Passing null to parameter #2 ($subject) of type string is deprecated
[ error ] [8192]preg_match(): Passing null to parameter #2 ($subject) of type string is deprecated
---------------------------------------------------------------
[ 2026-04-01T00:20:27+08:00 ] 121.199.172.227 GET 120.24.147.77/evox/about
[ error ] [8192]preg_match(): Passing null to parameter #2 ($subject) of type string is deprecated
[ error ] [8192]preg_match(): Passing null to parameter #2 ($subject) of type string is deprecated
[ error ] [8192]preg_match(): Passing null to parameter #2 ($subject) of type string is deprecated
[ error ] [8192]preg_match(): Passing null to parameter #2 ($subject) of type string is deprecated
[ error ] [8192]preg_match(): Passing null to parameter #2 ($subject) of type string is deprecated
[ error ] [8192]preg_match(): Passing null to parameter #2 ($subject) of type string is deprecated
---------------------------------------------------------------
[ 2026-04-01T00:20:27+08:00 ] 121.199.172.227 GET 120.24.147.77/HNAP1
[ error ] [8192]preg_match(): Passing null to parameter #2 ($subject) of type string is deprecated
[ error ] [8192]preg_match(): Passing null to parameter #2 ($subject) of type string is deprecated
[ error ] [8192]preg_match(): Passing null to parameter #2 ($subject) of type string is deprecated
[ error ] [8192]preg_match(): Passing null to parameter #2 ($subject) of type string is deprecated
[ error ] [8192]preg_match(): Passing null to parameter #2 ($subject) of type string is deprecated
[ error ] [8192]preg_match(): Passing null to parameter #2 ($subject) of type string is deprecated
---------------------------------------------------------------
[ 2026-04-01T00:20:27+08:00 ] 121.199.172.227 GET 120.24.147.77/evox/about
[ error ] [8192]preg_match(): Passing null to parameter #2 ($subject) of type string is deprecated
[ error ] [8192]preg_match(): Passing null to parameter #2 ($subject) of type string is deprecated
[ error ] [8192]preg_match(): Passing null to parameter #2 ($subject) of type string is deprecated
[ error ] [8192]preg_match(): Passing null to parameter #2 ($subject) of type string is deprecated
[ error ] [8192]preg_match(): Passing null to parameter #2 ($subject) of type string is deprecated
[ error ] [8192]preg_match(): Passing null to parameter #2 ($subject) of type string is deprecated
---------------------------------------------------------------
[ 2026-04-01T00:20:46+08:00 ] 121.199.172.227 GET 120.24.147.77/
[ error ] [8192]preg_match(): Passing null to parameter #2 ($subject) of type string is deprecated
[ error ] [8192]preg_match(): Passing null to parameter #2 ($subject) of type string is deprecated
[ error ] [8192]preg_match(): Passing null to parameter #2 ($subject) of type string is deprecated
[ error ] [8192]preg_match(): Passing null to parameter #2 ($subject) of type string is deprecated
[ error ] [8192]preg_match(): Passing null to parameter #2 ($subject) of type string is deprecated
[ error ] [8192]preg_match(): Passing null to parameter #2 ($subject) of type string is deprecated
[ error ] [8192]preg_match(): Passing null to parameter #2 ($subject) of type string is deprecated
[ error ] [8192]preg_match(): Passing null to parameter #2 ($subject) of type string is deprecated
[ error ] [8192]Automatic conversion of false to array is deprecated
[ error ] [2]Undefined array key "title"
[ error ] [2]Undefined array key "title"
[ error ] [2]Undefined array key "title"
[ error ] [2]Undefined array key "title"
---------------------------------------------------------------
[ 2026-04-01T00:20:46+08:00 ] 121.199.172.227 GET 120.24.147.77/
[ error ] [8192]preg_match(): Passing null to parameter #2 ($subject) of type string is deprecated
[ error ] [8192]preg_match(): Passing null to parameter #2 ($subject) of type string is deprecated
[ error ] [8192]preg_match(): Passing null to parameter #2 ($subject) of type string is deprecated
[ error ] [8192]preg_match(): Passing null to parameter #2 ($subject) of type string is deprecated
[ error ] [8192]preg_match(): Passing null to parameter #2 ($subject) of type string is deprecated
[ error ] [8192]preg_match(): Passing null to parameter #2 ($subject) of type string is deprecated
[ error ] [8192]preg_match(): Passing null to parameter #2 ($subject) of type string is deprecated
[ error ] [8192]preg_match(): Passing null to parameter #2 ($subject) of type string is deprecated
[ error ] [2]Undefined array key "title"
[ error ] [2]Undefined array key "title"
[ error ] [2]Undefined array key "title"
[ error ] [2]Undefined array key "title"
---------------------------------------------------------------
[ 2026-04-01T00:20:47+08:00 ] 121.199.172.227 GET 120.24.147.77/
[ error ] [8192]preg_match(): Passing null to parameter #2 ($subject) of type string is deprecated
[ error ] [8192]preg_match(): Passing null to parameter #2 ($subject) of type string is deprecated
[ error ] [8192]preg_match(): Passing null to parameter #2 ($subject) of type string is deprecated
[ error ] [8192]preg_match(): Passing null to parameter #2 ($subject) of type string is deprecated
[ error ] [8192]preg_match(): Passing null to parameter #2 ($subject) of type string is deprecated
[ error ] [8192]preg_match(): Passing null to parameter #2 ($subject) of type string is deprecated
[ error ] [8192]preg_match(): Passing null to parameter #2 ($subject) of type string is deprecated
[ error ] [8192]preg_match(): Passing null to parameter #2 ($subject) of type string is deprecated
[ error ] [8192]Automatic conversion of false to array is deprecated
[ error ] [2]Undefined array key "title"
[ error ] [2]Undefined array key "title"
[ error ] [2]Undefined array key "title"
[ error ] [2]Undefined array key "title"
---------------------------------------------------------------
[ 2026-04-01T00:42:01+08:00 ] 43.166.226.57 GET punalei.cn/
[ error ] [8192]preg_match(): Passing null to parameter #2 ($subject) of type string is deprecated
[ error ] [8192]preg_match(): Passing null to parameter #2 ($subject) of type string is deprecated
[ error ] [8192]preg_match(): Passing null to parameter #2 ($subject) of type string is deprecated
[ error ] [8192]preg_match(): Passing null to parameter #2 ($subject) of type string is deprecated
[ error ] [8192]preg_match(): Passing null to parameter #2 ($subject) of type string is deprecated
[ error ] [8192]preg_match(): Passing null to parameter #2 ($subject) of type string is deprecated
[ error ] [8192]preg_match(): Passing null to parameter #2 ($subject) of type string is deprecated
[ error ] [8192]preg_match(): Passing null to parameter #2 ($subject) of type string is deprecated
[ error ] [8192]Automatic conversion of false to array is deprecated
[ error ] [2]Undefined array key "title"
[ error ] [2]Undefined array key "title"
[ error ] [2]Undefined array key "title"
[ error ] [2]Undefined array key "title"
---------------------------------------------------------------
[ 2026-04-01T00:49:28+08:00 ] 185.226.197.73 GET 120.24.147.77/
[ error ] [8192]preg_match(): Passing null to parameter #2 ($subject) of type string is deprecated
[ error ] [8192]preg_match(): Passing null to parameter #2 ($subject) of type string is deprecated
[ error ] [8192]preg_match(): Passing null to parameter #2 ($subject) of type string is deprecated
[ error ] [8192]preg_match(): Passing null to parameter #2 ($subject) of type string is deprecated
[ error ] [8192]preg_match(): Passing null to parameter #2 ($subject) of type string is deprecated
[ error ] [8192]preg_match(): Passing null to parameter #2 ($subject) of type string is deprecated
[ error ] [8192]preg_match(): Passing null to parameter #2 ($subject) of type string is deprecated
[ error ] [8192]preg_match(): Passing null to parameter #2 ($subject) of type string is deprecated
[ error ] [8192]Automatic conversion of false to array is deprecated
[ error ] [2]Undefined array key "title"
[ error ] [2]Undefined array key "title"
[ error ] [2]Undefined array key "title"
[ error ] [2]Undefined array key "title"
---------------------------------------------------------------
[ 2026-04-01T00:54:56+08:00 ] 43.156.204.134 GET punalei.cn/lianxiwomen.html
[ error ] [8192]preg_match(): Passing null to parameter #2 ($subject) of type string is deprecated
[ error ] [8192]preg_match(): Passing null to parameter #2 ($subject) of type string is deprecated
[ error ] [8192]preg_match(): Passing null to parameter #2 ($subject) of type string is deprecated
[ error ] [8192]preg_match(): Passing null to parameter #2 ($subject) of type string is deprecated
[ error ] [8192]preg_match(): Passing null to parameter #2 ($subject) of type string is deprecated
[ error ] [8192]preg_match(): Passing null to parameter #2 ($subject) of type string is deprecated
---------------------------------------------------------------
[ 2026-04-01T00:54:56+08:00 ] 43.156.204.134 GET punalei.cn/lianxiwomen.html
[ error ] [8192]preg_match(): Passing null to parameter #2 ($subject) of type string is deprecated
[ error ] [8192]preg_match(): Passing null to parameter #2 ($subject) of type string is deprecated
[ error ] [8192]preg_match(): Passing null to parameter #2 ($subject) of type string is deprecated
[ error ] [8192]preg_match(): Passing null to parameter #2 ($subject) of type string is deprecated
[ error ] [8192]preg_match(): Passing null to parameter #2 ($subject) of type string is deprecated
[ error ] [8192]preg_match(): Passing null to parameter #2 ($subject) of type string is deprecated
---------------------------------------------------------------
[ 2026-04-01T01:06:25+08:00 ] 43.166.239.145 GET punalei.cn/xiazaizhongxin.html?type=5&name=应用产品资料
[ error ] [8192]preg_match(): Passing null to parameter #2 ($subject) of type string is deprecated
[ error ] [8192]preg_match(): Passing null to parameter #2 ($subject) of type string is deprecated
[ error ] [8192]preg_match(): Passing null to parameter #2 ($subject) of type string is deprecated
[ error ] [8192]preg_match(): Passing null to parameter #2 ($subject) of type string is deprecated
[ error ] [8192]preg_match(): Passing null to parameter #2 ($subject) of type string is deprecated
[ error ] [8192]preg_match(): Passing null to parameter #2 ($subject) of type string is deprecated
---------------------------------------------------------------
[ 2026-04-01T01:06:25+08:00 ] 43.166.239.145 GET punalei.cn/xiazaizhongxin.html?type=5&name=应用产品资料
[ error ] [8192]preg_match(): Passing null to parameter #2 ($subject) of type string is deprecated
[ error ] [8192]preg_match(): Passing null to parameter #2 ($subject) of type string is deprecated
[ error ] [8192]preg_match(): Passing null to parameter #2 ($subject) of type string is deprecated
[ error ] [8192]preg_match(): Passing null to parameter #2 ($subject) of type string is deprecated
[ error ] [8192]preg_match(): Passing null to parameter #2 ($subject) of type string is deprecated
[ error ] [8192]preg_match(): Passing null to parameter #2 ($subject) of type string is deprecated
---------------------------------------------------------------
[ 2026-04-01T01:09:12+08:00 ] 20.106.33.119 GET 120.24.147.77/
[ error ] [8192]preg_match(): Passing null to parameter #2 ($subject) of type string is deprecated
[ error ] [8192]preg_match(): Passing null to parameter #2 ($subject) of type string is deprecated
[ error ] [8192]preg_match(): Passing null to parameter #2 ($subject) of type string is deprecated
[ error ] [8192]preg_match(): Passing null to parameter #2 ($subject) of type string is deprecated
[ error ] [8192]preg_match(): Passing null to parameter #2 ($subject) of type string is deprecated
[ error ] [8192]preg_match(): Passing null to parameter #2 ($subject) of type string is deprecated
[ error ] [8192]preg_match(): Passing null to parameter #2 ($subject) of type string is deprecated
[ error ] [8192]preg_match(): Passing null to parameter #2 ($subject) of type string is deprecated
[ error ] [8192]Automatic conversion of false to array is deprecated
[ error ] [2]Undefined array key "title"
[ error ] [2]Undefined array key "title"
[ error ] [2]Undefined array key "title"
[ error ] [2]Undefined array key "title"
---------------------------------------------------------------
[ 2026-04-01T01:29:52+08:00 ] 43.135.172.89 GET www.punalei.cn/
[ error ] [8192]preg_match(): Passing null to parameter #2 ($subject) of type string is deprecated
[ error ] [8192]preg_match(): Passing null to parameter #2 ($subject) of type string is deprecated
[ error ] [8192]preg_match(): Passing null to parameter #2 ($subject) of type string is deprecated
[ error ] [8192]preg_match(): Passing null to parameter #2 ($subject) of type string is deprecated
[ error ] [8192]preg_match(): Passing null to parameter #2 ($subject) of type string is deprecated
[ error ] [8192]preg_match(): Passing null to parameter #2 ($subject) of type string is deprecated
[ error ] [8192]preg_match(): Passing null to parameter #2 ($subject) of type string is deprecated
[ error ] [8192]preg_match(): Passing null to parameter #2 ($subject) of type string is deprecated
[ error ] [8192]Automatic conversion of false to array is deprecated
[ error ] [2]Undefined array key "title"
[ error ] [2]Undefined array key "title"
[ error ] [2]Undefined array key "title"
[ error ] [2]Undefined array key "title"
---------------------------------------------------------------
[ 2026-04-01T01:34:16+08:00 ] 40.77.167.156 GET www.punalei.cn/
[ error ] [8192]preg_match(): Passing null to parameter #2 ($subject) of type string is deprecated
[ error ] [8192]preg_match(): Passing null to parameter #2 ($subject) of type string is deprecated
[ error ] [8192]preg_match(): Passing null to parameter #2 ($subject) of type string is deprecated
[ error ] [8192]preg_match(): Passing null to parameter #2 ($subject) of type string is deprecated
[ error ] [8192]preg_match(): Passing null to parameter #2 ($subject) of type string is deprecated
[ error ] [8192]preg_match(): Passing null to parameter #2 ($subject) of type string is deprecated
[ error ] [8192]preg_match(): Passing null to parameter #2 ($subject) of type string is deprecated
[ error ] [8192]preg_match(): Passing null to parameter #2 ($subject) of type string is deprecated
[ error ] [8192]Automatic conversion of false to array is deprecated
[ error ] [2]Undefined array key "title"
[ error ] [2]Undefined array key "title"
[ error ] [2]Undefined array key "title"
[ error ] [2]Undefined array key "title"
---------------------------------------------------------------
[ 2026-04-01T01:37:53+08:00 ] 85.217.140.36 GET 120.24.147.77/
[ error ] [8192]preg_match(): Passing null to parameter #2 ($subject) of type string is deprecated
[ error ] [8192]preg_match(): Passing null to parameter #2 ($subject) of type string is deprecated
[ error ] [8192]preg_match(): Passing null to parameter #2 ($subject) of type string is deprecated
[ error ] [8192]preg_match(): Passing null to parameter #2 ($subject) of type string is deprecated
[ error ] [8192]preg_match(): Passing null to parameter #2 ($subject) of type string is deprecated
[ error ] [8192]preg_match(): Passing null to parameter #2 ($subject) of type string is deprecated
[ error ] [8192]preg_match(): Passing null to parameter #2 ($subject) of type string is deprecated
[ error ] [8192]preg_match(): Passing null to parameter #2 ($subject) of type string is deprecated
[ error ] [8192]Automatic conversion of false to array is deprecated
[ error ] [2]Undefined array key "title"
[ error ] [2]Undefined array key "title"
[ error ] [2]Undefined array key "title"
[ error ] [2]Undefined array key "title"
---------------------------------------------------------------
[ 2026-04-01T01:43:53+08:00 ] 43.130.47.33 GET www.punalei.cn/ldcms/zhiliudianzuceshiyiPNL2511xilie/320.html
[ error ] [8192]preg_match(): Passing null to parameter #2 ($subject) of type string is deprecated
[ error ] [8192]preg_match(): Passing null to parameter #2 ($subject) of type string is deprecated
[ error ] [8192]preg_match(): Passing null to parameter #2 ($subject) of type string is deprecated
[ error ] [8192]preg_match(): Passing null to parameter #2 ($subject) of type string is deprecated
[ error ] [8192]preg_match(): Passing null to parameter #2 ($subject) of type string is deprecated
[ error ] [8192]preg_match(): Passing null to parameter #2 ($subject) of type string is deprecated
[ error ] [8192]preg_match(): Passing null to parameter #2 ($subject) of type string is deprecated
[ error ] [8192]preg_match(): Passing null to parameter #2 ($subject) of type string is deprecated
[ error ] [8192]Automatic conversion of false to array is deprecated
---------------------------------------------------------------
[ 2026-04-01T01:46:18+08:00 ] 207.46.13.54 GET www.punalei.cn/ldcms/gaosutongdaocaijiwenduceshiyiPNL2000PLUSxilie/271.html
[ error ] [8192]preg_match(): Passing null to parameter #2 ($subject) of type string is deprecated
[ error ] [8192]preg_match(): Passing null to parameter #2 ($subject) of type string is deprecated
[ error ] [8192]preg_match(): Passing null to parameter #2 ($subject) of type string is deprecated
[ error ] [8192]preg_match(): Passing null to parameter #2 ($subject) of type string is deprecated
[ error ] [8192]preg_match(): Passing null to parameter #2 ($subject) of type string is deprecated
[ error ] [8192]preg_match(): Passing null to parameter #2 ($subject) of type string is deprecated
[ error ] [8192]preg_match(): Passing null to parameter #2 ($subject) of type string is deprecated
[ error ] [8192]preg_match(): Passing null to parameter #2 ($subject) of type string is deprecated
[ error ] [8192]Automatic conversion of false to array is deprecated
---------------------------------------------------------------
[ 2026-04-01T01:54:20+08:00 ] 43.130.26.3 GET www.punalei.cn/ldcms/ceshi/324.html
[ error ] [8192]preg_match(): Passing null to parameter #2 ($subject) of type string is deprecated
[ error ] [8192]preg_match(): Passing null to parameter #2 ($subject) of type string is deprecated
[ error ] [8192]preg_match(): Passing null to parameter #2 ($subject) of type string is deprecated
[ error ] [8192]preg_match(): Passing null to parameter #2 ($subject) of type string is deprecated
[ error ] [8192]preg_match(): Passing null to parameter #2 ($subject) of type string is deprecated
[ error ] [8192]preg_match(): Passing null to parameter #2 ($subject) of type string is deprecated
[ error ] [8192]preg_match(): Passing null to parameter #2 ($subject) of type string is deprecated
[ error ] [8192]preg_match(): Passing null to parameter #2 ($subject) of type string is deprecated
[ error ] [8192]Automatic conversion of false to array is deprecated
---------------------------------------------------------------
[ 2026-04-01T02:03:24+08:00 ] 49.51.50.147 GET www.punalei.cn/ldcms/ceshi/323.html
[ error ] [8192]preg_match(): Passing null to parameter #2 ($subject) of type string is deprecated
[ error ] [8192]preg_match(): Passing null to parameter #2 ($subject) of type string is deprecated
[ error ] [8192]preg_match(): Passing null to parameter #2 ($subject) of type string is deprecated
[ error ] [8192]preg_match(): Passing null to parameter #2 ($subject) of type string is deprecated
[ error ] [8192]preg_match(): Passing null to parameter #2 ($subject) of type string is deprecated
[ error ] [8192]preg_match(): Passing null to parameter #2 ($subject) of type string is deprecated
[ error ] [8192]preg_match(): Passing null to parameter #2 ($subject) of type string is deprecated
[ error ] [8192]preg_match(): Passing null to parameter #2 ($subject) of type string is deprecated
[ error ] [8192]Automatic conversion of false to array is deprecated
---------------------------------------------------------------
[ 2026-04-01T02:03:50+08:00 ] 180.153.236.237 GET punalei.cn/
[ error ] [8192]preg_match(): Passing null to parameter #2 ($subject) of type string is deprecated
[ error ] [8192]preg_match(): Passing null to parameter #2 ($subject) of type string is deprecated
[ error ] [8192]preg_match(): Passing null to parameter #2 ($subject) of type string is deprecated
[ error ] [8192]preg_match(): Passing null to parameter #2 ($subject) of type string is deprecated
[ error ] [8192]preg_match(): Passing null to parameter #2 ($subject) of type string is deprecated
[ error ] [8192]preg_match(): Passing null to parameter #2 ($subject) of type string is deprecated
[ error ] [8192]preg_match(): Passing null to parameter #2 ($subject) of type string is deprecated
[ error ] [8192]preg_match(): Passing null to parameter #2 ($subject) of type string is deprecated
[ error ] [8192]Automatic conversion of false to array is deprecated
[ error ] [2]Undefined array key "title"
[ error ] [2]Undefined array key "title"
[ error ] [2]Undefined array key "title"
[ error ] [2]Undefined array key "title"
---------------------------------------------------------------
[ 2026-04-01T02:03:51+08:00 ] 180.153.236.90 GET punalei.cn/
[ error ] [8192]preg_match(): Passing null to parameter #2 ($subject) of type string is deprecated
[ error ] [8192]preg_match(): Passing null to parameter #2 ($subject) of type string is deprecated
[ error ] [8192]preg_match(): Passing null to parameter #2 ($subject) of type string is deprecated
[ error ] [8192]preg_match(): Passing null to parameter #2 ($subject) of type string is deprecated
[ error ] [8192]preg_match(): Passing null to parameter #2 ($subject) of type string is deprecated
[ error ] [8192]preg_match(): Passing null to parameter #2 ($subject) of type string is deprecated
[ error ] [8192]preg_match(): Passing null to parameter #2 ($subject) of type string is deprecated
[ error ] [8192]preg_match(): Passing null to parameter #2 ($subject) of type string is deprecated
[ error ] [8192]Automatic conversion of false to array is deprecated
[ error ] [2]Undefined array key "title"
[ error ] [2]Undefined array key "title"
[ error ] [2]Undefined array key "title"
[ error ] [2]Undefined array key "title"
---------------------------------------------------------------
[ 2026-04-01T02:14:19+08:00 ] 43.166.250.187 GET www.punalei.cn/ldcms/punaleiPNAIdangongnenganguixilie/307.html
[ error ] [8192]preg_match(): Passing null to parameter #2 ($subject) of type string is deprecated
[ error ] [8192]preg_match(): Passing null to parameter #2 ($subject) of type string is deprecated
[ error ] [8192]preg_match(): Passing null to parameter #2 ($subject) of type string is deprecated
[ error ] [8192]preg_match(): Passing null to parameter #2 ($subject) of type string is deprecated
[ error ] [8192]preg_match(): Passing null to parameter #2 ($subject) of type string is deprecated
[ error ] [8192]preg_match(): Passing null to parameter #2 ($subject) of type string is deprecated
[ error ] [8192]preg_match(): Passing null to parameter #2 ($subject) of type string is deprecated
[ error ] [8192]preg_match(): Passing null to parameter #2 ($subject) of type string is deprecated
[ error ] [8192]Automatic conversion of false to array is deprecated
---------------------------------------------------------------
[ 2026-04-01T02:19:23+08:00 ] 198.235.24.24 GET 120.24.147.77/
[ error ] [8192]preg_match(): Passing null to parameter #2 ($subject) of type string is deprecated
[ error ] [8192]preg_match(): Passing null to parameter #2 ($subject) of type string is deprecated
[ error ] [8192]preg_match(): Passing null to parameter #2 ($subject) of type string is deprecated
[ error ] [8192]preg_match(): Passing null to parameter #2 ($subject) of type string is deprecated
[ error ] [8192]preg_match(): Passing null to parameter #2 ($subject) of type string is deprecated
[ error ] [8192]preg_match(): Passing null to parameter #2 ($subject) of type string is deprecated
[ error ] [8192]preg_match(): Passing null to parameter #2 ($subject) of type string is deprecated
[ error ] [8192]preg_match(): Passing null to parameter #2 ($subject) of type string is deprecated
[ error ] [8192]Automatic conversion of false to array is deprecated
[ error ] [2]Undefined array key "title"
[ error ] [2]Undefined array key "title"
[ error ] [2]Undefined array key "title"
[ error ] [2]Undefined array key "title"
---------------------------------------------------------------
[ 2026-04-01T02:19:54+08:00 ] 40.77.167.3 GET www.punalei.cn/ldcms/punaleizixun.html
[ error ] [8192]preg_match(): Passing null to parameter #2 ($subject) of type string is deprecated
[ error ] [8192]preg_match(): Passing null to parameter #2 ($subject) of type string is deprecated
[ error ] [8192]preg_match(): Passing null to parameter #2 ($subject) of type string is deprecated
[ error ] [8192]preg_match(): Passing null to parameter #2 ($subject) of type string is deprecated
[ error ] [8192]preg_match(): Passing null to parameter #2 ($subject) of type string is deprecated
[ error ] [8192]preg_match(): Passing null to parameter #2 ($subject) of type string is deprecated
[ error ] [8192]preg_match(): Passing null to parameter #2 ($subject) of type string is deprecated
[ error ] [8192]preg_match(): Passing null to parameter #2 ($subject) of type string is deprecated
[ error ] [8192]Automatic conversion of false to array is deprecated
[ error ] [2]Undefined variable $content
[ error ] [2]Trying to access array offset on value of type null
---------------------------------------------------------------
[ 2026-04-01T02:23:40+08:00 ] 49.51.183.84 GET www.punalei.cn/ldcms/punaleiPNAIdangongnenganguixilie/264.html
[ error ] [8192]preg_match(): Passing null to parameter #2 ($subject) of type string is deprecated
[ error ] [8192]preg_match(): Passing null to parameter #2 ($subject) of type string is deprecated
[ error ] [8192]preg_match(): Passing null to parameter #2 ($subject) of type string is deprecated
[ error ] [8192]preg_match(): Passing null to parameter #2 ($subject) of type string is deprecated
[ error ] [8192]preg_match(): Passing null to parameter #2 ($subject) of type string is deprecated
[ error ] [8192]preg_match(): Passing null to parameter #2 ($subject) of type string is deprecated
[ error ] [8192]preg_match(): Passing null to parameter #2 ($subject) of type string is deprecated
[ error ] [8192]preg_match(): Passing null to parameter #2 ($subject) of type string is deprecated
[ error ] [8192]Automatic conversion of false to array is deprecated
---------------------------------------------------------------
[ 2026-04-01T02:33:46+08:00 ] 43.153.87.54 GET www.punalei.cn/ldcms/punaleiPNAIanguijiaozhunzhuangzhi/303.html
[ error ] [8192]preg_match(): Passing null to parameter #2 ($subject) of type string is deprecated
[ error ] [8192]preg_match(): Passing null to parameter #2 ($subject) of type string is deprecated
[ error ] [8192]preg_match(): Passing null to parameter #2 ($subject) of type string is deprecated
[ error ] [8192]preg_match(): Passing null to parameter #2 ($subject) of type string is deprecated
[ error ] [8192]preg_match(): Passing null to parameter #2 ($subject) of type string is deprecated
[ error ] [8192]preg_match(): Passing null to parameter #2 ($subject) of type string is deprecated
[ error ] [8192]preg_match(): Passing null to parameter #2 ($subject) of type string is deprecated
[ error ] [8192]preg_match(): Passing null to parameter #2 ($subject) of type string is deprecated
[ error ] [8192]Automatic conversion of false to array is deprecated
---------------------------------------------------------------
[ 2026-04-01T02:42:04+08:00 ] 172.94.9.253 GET 120.24.147.77/.git/config
[ error ] [8192]preg_match(): Passing null to parameter #2 ($subject) of type string is deprecated
[ error ] [8192]preg_match(): Passing null to parameter #2 ($subject) of type string is deprecated
[ error ] [8192]preg_match(): Passing null to parameter #2 ($subject) of type string is deprecated
[ error ] [8192]preg_match(): Passing null to parameter #2 ($subject) of type string is deprecated
[ error ] [8192]preg_match(): Passing null to parameter #2 ($subject) of type string is deprecated
[ error ] [8192]preg_match(): Passing null to parameter #2 ($subject) of type string is deprecated
---------------------------------------------------------------
[ 2026-04-01T02:53:26+08:00 ] 43.156.232.190 GET www.punalei.cn/ldcms/zhiliudianzifuzai/330.html
[ error ] [8192]preg_match(): Passing null to parameter #2 ($subject) of type string is deprecated
[ error ] [8192]preg_match(): Passing null to parameter #2 ($subject) of type string is deprecated
[ error ] [8192]preg_match(): Passing null to parameter #2 ($subject) of type string is deprecated
[ error ] [8192]preg_match(): Passing null to parameter #2 ($subject) of type string is deprecated
[ error ] [8192]preg_match(): Passing null to parameter #2 ($subject) of type string is deprecated
[ error ] [8192]preg_match(): Passing null to parameter #2 ($subject) of type string is deprecated
[ error ] [8192]preg_match(): Passing null to parameter #2 ($subject) of type string is deprecated
[ error ] [8192]preg_match(): Passing null to parameter #2 ($subject) of type string is deprecated
[ error ] [8192]Automatic conversion of false to array is deprecated
---------------------------------------------------------------
[ 2026-04-01T02:59:29+08:00 ] 149.86.227.60 GET 120.24.147.77/
[ error ] [8192]preg_match(): Passing null to parameter #2 ($subject) of type string is deprecated
[ error ] [8192]preg_match(): Passing null to parameter #2 ($subject) of type string is deprecated
[ error ] [8192]preg_match(): Passing null to parameter #2 ($subject) of type string is deprecated
[ error ] [8192]preg_match(): Passing null to parameter #2 ($subject) of type string is deprecated
[ error ] [8192]preg_match(): Passing null to parameter #2 ($subject) of type string is deprecated
[ error ] [8192]preg_match(): Passing null to parameter #2 ($subject) of type string is deprecated
[ error ] [8192]preg_match(): Passing null to parameter #2 ($subject) of type string is deprecated
[ error ] [8192]preg_match(): Passing null to parameter #2 ($subject) of type string is deprecated
[ error ] [8192]Automatic conversion of false to array is deprecated
[ error ] [2]Undefined array key "title"
[ error ] [2]Undefined array key "title"
[ error ] [2]Undefined array key "title"
[ error ] [2]Undefined array key "title"
---------------------------------------------------------------
[ 2026-04-01T03:04:35+08:00 ] 58.50.206.205 GET www.punalei.cn/
[ error ] [8192]preg_match(): Passing null to parameter #2 ($subject) of type string is deprecated
[ error ] [8192]preg_match(): Passing null to parameter #2 ($subject) of type string is deprecated
[ error ] [8192]preg_match(): Passing null to parameter #2 ($subject) of type string is deprecated
[ error ] [8192]preg_match(): Passing null to parameter #2 ($subject) of type string is deprecated
[ error ] [8192]preg_match(): Passing null to parameter #2 ($subject) of type string is deprecated
[ error ] [8192]preg_match(): Passing null to parameter #2 ($subject) of type string is deprecated
[ error ] [8192]preg_match(): Passing null to parameter #2 ($subject) of type string is deprecated
[ error ] [8192]preg_match(): Passing null to parameter #2 ($subject) of type string is deprecated
[ error ] [8192]Automatic conversion of false to array is deprecated
[ error ] [2]Undefined array key "title"
[ error ] [2]Undefined array key "title"
[ error ] [2]Undefined array key "title"
[ error ] [2]Undefined array key "title"
---------------------------------------------------------------
[ 2026-04-01T03:04:35+08:00 ] 58.50.206.205 GET www.punalei.cn/ldcms/lianxiwomen.html
[ error ] [8192]preg_match(): Passing null to parameter #2 ($subject) of type string is deprecated
[ error ] [8192]preg_match(): Passing null to parameter #2 ($subject) of type string is deprecated
[ error ] [8192]preg_match(): Passing null to parameter #2 ($subject) of type string is deprecated
[ error ] [8192]preg_match(): Passing null to parameter #2 ($subject) of type string is deprecated
[ error ] [8192]preg_match(): Passing null to parameter #2 ($subject) of type string is deprecated
[ error ] [8192]preg_match(): Passing null to parameter #2 ($subject) of type string is deprecated
[ error ] [8192]preg_match(): Passing null to parameter #2 ($subject) of type string is deprecated
[ error ] [8192]preg_match(): Passing null to parameter #2 ($subject) of type string is deprecated
[ error ] [8192]Automatic conversion of false to array is deprecated
---------------------------------------------------------------
[ 2026-04-01T03:04:35+08:00 ] 58.50.206.205 GET www.punalei.cn/lianxiwomen.html
[ error ] [8192]preg_match(): Passing null to parameter #2 ($subject) of type string is deprecated
[ error ] [8192]preg_match(): Passing null to parameter #2 ($subject) of type string is deprecated
[ error ] [8192]preg_match(): Passing null to parameter #2 ($subject) of type string is deprecated
[ error ] [8192]preg_match(): Passing null to parameter #2 ($subject) of type string is deprecated
[ error ] [8192]preg_match(): Passing null to parameter #2 ($subject) of type string is deprecated
[ error ] [8192]preg_match(): Passing null to parameter #2 ($subject) of type string is deprecated
---------------------------------------------------------------
[ 2026-04-01T03:04:35+08:00 ] 58.50.206.205 GET www.punalei.cn/lianxiwomen.html
[ error ] [8192]preg_match(): Passing null to parameter #2 ($subject) of type string is deprecated
[ error ] [8192]preg_match(): Passing null to parameter #2 ($subject) of type string is deprecated
[ error ] [8192]preg_match(): Passing null to parameter #2 ($subject) of type string is deprecated
[ error ] [8192]preg_match(): Passing null to parameter #2 ($subject) of type string is deprecated
[ error ] [8192]preg_match(): Passing null to parameter #2 ($subject) of type string is deprecated
[ error ] [8192]preg_match(): Passing null to parameter #2 ($subject) of type string is deprecated
---------------------------------------------------------------
[ 2026-04-01T03:04:45+08:00 ] 104.248.230.194 GET 120.24.147.77/
[ error ] [8192]preg_match(): Passing null to parameter #2 ($subject) of type string is deprecated
[ error ] [8192]preg_match(): Passing null to parameter #2 ($subject) of type string is deprecated
[ error ] [8192]preg_match(): Passing null to parameter #2 ($subject) of type string is deprecated
[ error ] [8192]preg_match(): Passing null to parameter #2 ($subject) of type string is deprecated
[ error ] [8192]preg_match(): Passing null to parameter #2 ($subject) of type string is deprecated
[ error ] [8192]preg_match(): Passing null to parameter #2 ($subject) of type string is deprecated
[ error ] [8192]preg_match(): Passing null to parameter #2 ($subject) of type string is deprecated
[ error ] [8192]preg_match(): Passing null to parameter #2 ($subject) of type string is deprecated
[ error ] [8192]Automatic conversion of false to array is deprecated
[ error ] [2]Undefined array key "title"
[ error ] [2]Undefined array key "title"
[ error ] [2]Undefined array key "title"
[ error ] [2]Undefined array key "title"
---------------------------------------------------------------
[ 2026-04-01T03:09:55+08:00 ] 188.166.168.206 GET 120.24.147.77/.git/config
[ error ] [8192]preg_match(): Passing null to parameter #2 ($subject) of type string is deprecated
[ error ] [8192]preg_match(): Passing null to parameter #2 ($subject) of type string is deprecated
[ error ] [8192]preg_match(): Passing null to parameter #2 ($subject) of type string is deprecated
[ error ] [8192]preg_match(): Passing null to parameter #2 ($subject) of type string is deprecated
[ error ] [8192]preg_match(): Passing null to parameter #2 ($subject) of type string is deprecated
[ error ] [8192]preg_match(): Passing null to parameter #2 ($subject) of type string is deprecated
---------------------------------------------------------------
[ 2026-04-01T03:09:56+08:00 ] 188.166.168.206 GET 120.24.147.77/.git/config
[ error ] [8192]preg_match(): Passing null to parameter #2 ($subject) of type string is deprecated
[ error ] [8192]preg_match(): Passing null to parameter #2 ($subject) of type string is deprecated
[ error ] [8192]preg_match(): Passing null to parameter #2 ($subject) of type string is deprecated
[ error ] [8192]preg_match(): Passing null to parameter #2 ($subject) of type string is deprecated
[ error ] [8192]preg_match(): Passing null to parameter #2 ($subject) of type string is deprecated
[ error ] [8192]preg_match(): Passing null to parameter #2 ($subject) of type string is deprecated
---------------------------------------------------------------
[ 2026-04-01T03:11:24+08:00 ] 43.157.147.3 GET 120.24.147.77/
[ error ] [8192]preg_match(): Passing null to parameter #2 ($subject) of type string is deprecated
[ error ] [8192]preg_match(): Passing null to parameter #2 ($subject) of type string is deprecated
[ error ] [8192]preg_match(): Passing null to parameter #2 ($subject) of type string is deprecated
[ error ] [8192]preg_match(): Passing null to parameter #2 ($subject) of type string is deprecated
[ error ] [8192]preg_match(): Passing null to parameter #2 ($subject) of type string is deprecated
[ error ] [8192]preg_match(): Passing null to parameter #2 ($subject) of type string is deprecated
[ error ] [8192]preg_match(): Passing null to parameter #2 ($subject) of type string is deprecated
[ error ] [8192]preg_match(): Passing null to parameter #2 ($subject) of type string is deprecated
[ error ] [8192]Automatic conversion of false to array is deprecated
[ error ] [2]Undefined array key "title"
[ error ] [2]Undefined array key "title"
[ error ] [2]Undefined array key "title"
[ error ] [2]Undefined array key "title"
---------------------------------------------------------------
[ 2026-04-01T03:12:44+08:00 ] 85.90.246.159 POST 120.24.147.77/vpnsvc/connect.cgi
[ error ] [8192]preg_match(): Passing null to parameter #2 ($subject) of type string is deprecated
[ error ] [8192]preg_match(): Passing null to parameter #2 ($subject) of type string is deprecated
[ error ] [8192]preg_match(): Passing null to parameter #2 ($subject) of type string is deprecated
[ error ] [8192]preg_match(): Passing null to parameter #2 ($subject) of type string is deprecated
[ error ] [8192]preg_match(): Passing null to parameter #2 ($subject) of type string is deprecated
[ error ] [8192]preg_match(): Passing null to parameter #2 ($subject) of type string is deprecated
---------------------------------------------------------------
[ 2026-04-01T03:12:44+08:00 ] 85.90.246.159 GET 120.24.147.77/vpnsvc/connect.cgi
[ error ] [8192]preg_match(): Passing null to parameter #2 ($subject) of type string is deprecated
[ error ] [8192]preg_match(): Passing null to parameter #2 ($subject) of type string is deprecated
[ error ] [8192]preg_match(): Passing null to parameter #2 ($subject) of type string is deprecated
[ error ] [8192]preg_match(): Passing null to parameter #2 ($subject) of type string is deprecated
[ error ] [8192]preg_match(): Passing null to parameter #2 ($subject) of type string is deprecated
[ error ] [8192]preg_match(): Passing null to parameter #2 ($subject) of type string is deprecated
---------------------------------------------------------------
[ 2026-04-01T03:13:14+08:00 ] 43.135.185.59 GET www.punalei.cn/ldcms/zhiliudianyuanchanpin.html
[ error ] [8192]preg_match(): Passing null to parameter #2 ($subject) of type string is deprecated
[ error ] [8192]preg_match(): Passing null to parameter #2 ($subject) of type string is deprecated
[ error ] [8192]preg_match(): Passing null to parameter #2 ($subject) of type string is deprecated
[ error ] [8192]preg_match(): Passing null to parameter #2 ($subject) of type string is deprecated
[ error ] [8192]preg_match(): Passing null to parameter #2 ($subject) of type string is deprecated
[ error ] [8192]preg_match(): Passing null to parameter #2 ($subject) of type string is deprecated
[ error ] [8192]preg_match(): Passing null to parameter #2 ($subject) of type string is deprecated
[ error ] [8192]preg_match(): Passing null to parameter #2 ($subject) of type string is deprecated
[ error ] [8192]Automatic conversion of false to array is deprecated
---------------------------------------------------------------
[ 2026-04-01T03:24:53+08:00 ] 113.215.189.183 GET www.punalei.cn/
[ error ] [8192]preg_match(): Passing null to parameter #2 ($subject) of type string is deprecated
[ error ] [8192]preg_match(): Passing null to parameter #2 ($subject) of type string is deprecated
[ error ] [8192]preg_match(): Passing null to parameter #2 ($subject) of type string is deprecated
[ error ] [8192]preg_match(): Passing null to parameter #2 ($subject) of type string is deprecated
[ error ] [8192]preg_match(): Passing null to parameter #2 ($subject) of type string is deprecated
[ error ] [8192]preg_match(): Passing null to parameter #2 ($subject) of type string is deprecated
[ error ] [8192]preg_match(): Passing null to parameter #2 ($subject) of type string is deprecated
[ error ] [8192]preg_match(): Passing null to parameter #2 ($subject) of type string is deprecated
[ error ] [8192]Automatic conversion of false to array is deprecated
[ error ] [2]Undefined array key "title"
[ error ] [2]Undefined array key "title"
[ error ] [2]Undefined array key "title"
[ error ] [2]Undefined array key "title"
---------------------------------------------------------------
[ 2026-04-01T03:24:53+08:00 ] 113.215.189.183 GET www.punalei.cn/
[ error ] [2]Undefined array key "title"
[ error ] [2]Undefined array key "title"
[ error ] [2]Undefined array key "title"
[ error ] [2]Undefined array key "title"
---------------------------------------------------------------
[ 2026-04-01T03:25:02+08:00 ] 43.153.204.189 GET www.punalei.cn/ldcms/jueyuandianzuceshiyi/315.html
[ error ] [8192]preg_match(): Passing null to parameter #2 ($subject) of type string is deprecated
[ error ] [8192]preg_match(): Passing null to parameter #2 ($subject) of type string is deprecated
[ error ] [8192]preg_match(): Passing null to parameter #2 ($subject) of type string is deprecated
[ error ] [8192]preg_match(): Passing null to parameter #2 ($subject) of type string is deprecated
[ error ] [8192]preg_match(): Passing null to parameter #2 ($subject) of type string is deprecated
[ error ] [8192]preg_match(): Passing null to parameter #2 ($subject) of type string is deprecated
[ error ] [8192]preg_match(): Passing null to parameter #2 ($subject) of type string is deprecated
[ error ] [8192]preg_match(): Passing null to parameter #2 ($subject) of type string is deprecated
[ error ] [8192]Automatic conversion of false to array is deprecated
---------------------------------------------------------------
[ 2026-04-01T03:26:21+08:00 ] 5.61.209.107 GET 120.24.147.77/SDK/webLanguage
[ error ] [8192]preg_match(): Passing null to parameter #2 ($subject) of type string is deprecated
[ error ] [8192]preg_match(): Passing null to parameter #2 ($subject) of type string is deprecated
[ error ] [8192]preg_match(): Passing null to parameter #2 ($subject) of type string is deprecated
[ error ] [8192]preg_match(): Passing null to parameter #2 ($subject) of type string is deprecated
[ error ] [8192]preg_match(): Passing null to parameter #2 ($subject) of type string is deprecated
[ error ] [8192]preg_match(): Passing null to parameter #2 ($subject) of type string is deprecated
---------------------------------------------------------------
[ 2026-04-01T03:26:21+08:00 ] 5.61.209.107 GET 120.24.147.77/SDK/webLanguage
[ error ] [8192]preg_match(): Passing null to parameter #2 ($subject) of type string is deprecated
[ error ] [8192]preg_match(): Passing null to parameter #2 ($subject) of type string is deprecated
[ error ] [8192]preg_match(): Passing null to parameter #2 ($subject) of type string is deprecated
[ error ] [8192]preg_match(): Passing null to parameter #2 ($subject) of type string is deprecated
[ error ] [8192]preg_match(): Passing null to parameter #2 ($subject) of type string is deprecated
[ error ] [8192]preg_match(): Passing null to parameter #2 ($subject) of type string is deprecated
---------------------------------------------------------------
[ 2026-04-01T03:32:10+08:00 ] 113.215.189.182 GET punalei.cn/
[ error ] [8192]preg_match(): Passing null to parameter #2 ($subject) of type string is deprecated
[ error ] [8192]preg_match(): Passing null to parameter #2 ($subject) of type string is deprecated
[ error ] [8192]preg_match(): Passing null to parameter #2 ($subject) of type string is deprecated
[ error ] [8192]preg_match(): Passing null to parameter #2 ($subject) of type string is deprecated
[ error ] [8192]preg_match(): Passing null to parameter #2 ($subject) of type string is deprecated
[ error ] [8192]preg_match(): Passing null to parameter #2 ($subject) of type string is deprecated
[ error ] [8192]preg_match(): Passing null to parameter #2 ($subject) of type string is deprecated
[ error ] [8192]preg_match(): Passing null to parameter #2 ($subject) of type string is deprecated
[ error ] [8192]Automatic conversion of false to array is deprecated
[ error ] [2]Undefined array key "title"
[ error ] [2]Undefined array key "title"
[ error ] [2]Undefined array key "title"
[ error ] [2]Undefined array key "title"
---------------------------------------------------------------
[ 2026-04-01T03:32:11+08:00 ] 113.215.189.182 GET punalei.cn/
[ error ] [2]Undefined array key "title"
[ error ] [2]Undefined array key "title"
[ error ] [2]Undefined array key "title"
[ error ] [2]Undefined array key "title"
---------------------------------------------------------------
[ 2026-04-01T03:32:38+08:00 ] 113.215.189.182 GET punalei.cn/
[ error ] [2]Undefined array key "title"
[ error ] [2]Undefined array key "title"
[ error ] [2]Undefined array key "title"
[ error ] [2]Undefined array key "title"
---------------------------------------------------------------
[ 2026-04-01T03:32:38+08:00 ] 113.215.189.182 GET punalei.cn/
[ error ] [2]Undefined array key "title"
[ error ] [2]Undefined array key "title"
[ error ] [2]Undefined array key "title"
[ error ] [2]Undefined array key "title"
---------------------------------------------------------------
[ 2026-04-01T03:32:38+08:00 ] 113.215.189.182 GET punalei.cn/
[ error ] [2]Undefined array key "title"
[ error ] [2]Undefined array key "title"
[ error ] [2]Undefined array key "title"
[ error ] [2]Undefined array key "title"
---------------------------------------------------------------
[ 2026-04-01T03:32:39+08:00 ] 113.215.189.182 GET punalei.cn/
[ error ] [2]Undefined array key "title"
[ error ] [2]Undefined array key "title"
[ error ] [2]Undefined array key "title"
[ error ] [2]Undefined array key "title"
---------------------------------------------------------------
[ 2026-04-01T03:32:39+08:00 ] 113.215.189.182 GET punalei.cn/
[ error ] [2]Undefined array key "title"
[ error ] [2]Undefined array key "title"
[ error ] [2]Undefined array key "title"
[ error ] [2]Undefined array key "title"
---------------------------------------------------------------
[ 2026-04-01T03:33:26+08:00 ] 43.153.135.208 GET www.punalei.cn/ldcms/punaleiPNAIanguijiaozhunzhuangzhi/xiazaizhongxin.html
[ error ] [8192]preg_match(): Passing null to parameter #2 ($subject) of type string is deprecated
[ error ] [8192]preg_match(): Passing null to parameter #2 ($subject) of type string is deprecated
[ error ] [8192]preg_match(): Passing null to parameter #2 ($subject) of type string is deprecated
[ error ] [8192]preg_match(): Passing null to parameter #2 ($subject) of type string is deprecated
[ error ] [8192]preg_match(): Passing null to parameter #2 ($subject) of type string is deprecated
[ error ] [8192]preg_match(): Passing null to parameter #2 ($subject) of type string is deprecated
[ error ] [8192]preg_match(): Passing null to parameter #2 ($subject) of type string is deprecated
[ error ] [8192]preg_match(): Passing null to parameter #2 ($subject) of type string is deprecated
[ error ] [8192]Automatic conversion of false to array is deprecated
---------------------------------------------------------------
[ 2026-04-01T03:33:26+08:00 ] 43.153.135.208 GET www.punalei.cn/ldcms/punaleiPNAIanguijiaozhunzhuangzhi/xiazaizhongxin.html
[ error ] [8192]preg_match(): Passing null to parameter #2 ($subject) of type string is deprecated
[ error ] [8192]preg_match(): Passing null to parameter #2 ($subject) of type string is deprecated
[ error ] [8192]preg_match(): Passing null to parameter #2 ($subject) of type string is deprecated
[ error ] [8192]preg_match(): Passing null to parameter #2 ($subject) of type string is deprecated
[ error ] [8192]preg_match(): Passing null to parameter #2 ($subject) of type string is deprecated
[ error ] [8192]preg_match(): Passing null to parameter #2 ($subject) of type string is deprecated
---------------------------------------------------------------
[ 2026-04-01T03:42:07+08:00 ] 43.157.179.227 GET www.punalei.cn/ldcms/dianyuanchanpin.html
[ error ] [8192]preg_match(): Passing null to parameter #2 ($subject) of type string is deprecated
[ error ] [8192]preg_match(): Passing null to parameter #2 ($subject) of type string is deprecated
[ error ] [8192]preg_match(): Passing null to parameter #2 ($subject) of type string is deprecated
[ error ] [8192]preg_match(): Passing null to parameter #2 ($subject) of type string is deprecated
[ error ] [8192]preg_match(): Passing null to parameter #2 ($subject) of type string is deprecated
[ error ] [8192]preg_match(): Passing null to parameter #2 ($subject) of type string is deprecated
[ error ] [8192]preg_match(): Passing null to parameter #2 ($subject) of type string is deprecated
[ error ] [8192]preg_match(): Passing null to parameter #2 ($subject) of type string is deprecated
[ error ] [8192]Automatic conversion of false to array is deprecated
---------------------------------------------------------------
[ 2026-04-01T03:46:44+08:00 ] 66.132.172.133 GET 120.24.147.77/
[ error ] [8192]preg_match(): Passing null to parameter #2 ($subject) of type string is deprecated
[ error ] [8192]preg_match(): Passing null to parameter #2 ($subject) of type string is deprecated
[ error ] [8192]preg_match(): Passing null to parameter #2 ($subject) of type string is deprecated
[ error ] [8192]preg_match(): Passing null to parameter #2 ($subject) of type string is deprecated
[ error ] [8192]preg_match(): Passing null to parameter #2 ($subject) of type string is deprecated
[ error ] [8192]preg_match(): Passing null to parameter #2 ($subject) of type string is deprecated
[ error ] [8192]preg_match(): Passing null to parameter #2 ($subject) of type string is deprecated
[ error ] [8192]preg_match(): Passing null to parameter #2 ($subject) of type string is deprecated
[ error ] [8192]Automatic conversion of false to array is deprecated
[ error ] [2]Undefined array key "title"
[ error ] [2]Undefined array key "title"
[ error ] [2]Undefined array key "title"
[ error ] [2]Undefined array key "title"
---------------------------------------------------------------
[ 2026-04-01T03:46:51+08:00 ] 66.132.172.133 GET 120.24.147.77/favicon.ico
[ error ] [8192]preg_match(): Passing null to parameter #2 ($subject) of type string is deprecated
[ error ] [8192]preg_match(): Passing null to parameter #2 ($subject) of type string is deprecated
[ error ] [8192]preg_match(): Passing null to parameter #2 ($subject) of type string is deprecated
[ error ] [8192]preg_match(): Passing null to parameter #2 ($subject) of type string is deprecated
[ error ] [8192]preg_match(): Passing null to parameter #2 ($subject) of type string is deprecated
[ error ] [8192]preg_match(): Passing null to parameter #2 ($subject) of type string is deprecated
---------------------------------------------------------------
[ 2026-04-01T03:46:51+08:00 ] 66.132.172.133 GET 120.24.147.77/favicon.ico
[ error ] [8192]preg_match(): Passing null to parameter #2 ($subject) of type string is deprecated
[ error ] [8192]preg_match(): Passing null to parameter #2 ($subject) of type string is deprecated
[ error ] [8192]preg_match(): Passing null to parameter #2 ($subject) of type string is deprecated
[ error ] [8192]preg_match(): Passing null to parameter #2 ($subject) of type string is deprecated
[ error ] [8192]preg_match(): Passing null to parameter #2 ($subject) of type string is deprecated
[ error ] [8192]preg_match(): Passing null to parameter #2 ($subject) of type string is deprecated
---------------------------------------------------------------
[ 2026-04-01T03:47:20+08:00 ] 66.132.172.133 GET 120.24.147.77/.well-known/security.txt
[ error ] [8192]preg_match(): Passing null to parameter #2 ($subject) of type string is deprecated
[ error ] [8192]preg_match(): Passing null to parameter #2 ($subject) of type string is deprecated
[ error ] [8192]preg_match(): Passing null to parameter #2 ($subject) of type string is deprecated
[ error ] [8192]preg_match(): Passing null to parameter #2 ($subject) of type string is deprecated
[ error ] [8192]preg_match(): Passing null to parameter #2 ($subject) of type string is deprecated
[ error ] [8192]preg_match(): Passing null to parameter #2 ($subject) of type string is deprecated
---------------------------------------------------------------
[ 2026-04-01T03:47:48+08:00 ] 198.235.24.64 GET www.punalei.cn/
[ error ] [8192]preg_match(): Passing null to parameter #2 ($subject) of type string is deprecated
[ error ] [8192]preg_match(): Passing null to parameter #2 ($subject) of type string is deprecated
[ error ] [8192]preg_match(): Passing null to parameter #2 ($subject) of type string is deprecated
[ error ] [8192]preg_match(): Passing null to parameter #2 ($subject) of type string is deprecated
[ error ] [8192]preg_match(): Passing null to parameter #2 ($subject) of type string is deprecated
[ error ] [8192]preg_match(): Passing null to parameter #2 ($subject) of type string is deprecated
[ error ] [8192]preg_match(): Passing null to parameter #2 ($subject) of type string is deprecated
[ error ] [8192]preg_match(): Passing null to parameter #2 ($subject) of type string is deprecated
[ error ] [8192]Automatic conversion of false to array is deprecated
[ error ] [2]Undefined array key "title"
[ error ] [2]Undefined array key "title"
[ error ] [2]Undefined array key "title"
[ error ] [2]Undefined array key "title"
---------------------------------------------------------------
[ 2026-04-01T03:48:41+08:00 ] 66.132.172.213 GET 120.24.147.77/favicon.ico
[ error ] [8192]preg_match(): Passing null to parameter #2 ($subject) of type string is deprecated
[ error ] [8192]preg_match(): Passing null to parameter #2 ($subject) of type string is deprecated
[ error ] [8192]preg_match(): Passing null to parameter #2 ($subject) of type string is deprecated
[ error ] [8192]preg_match(): Passing null to parameter #2 ($subject) of type string is deprecated
[ error ] [8192]preg_match(): Passing null to parameter #2 ($subject) of type string is deprecated
[ error ] [8192]preg_match(): Passing null to parameter #2 ($subject) of type string is deprecated
---------------------------------------------------------------
[ 2026-04-01T03:48:41+08:00 ] 66.132.172.213 GET 120.24.147.77/favicon.ico
[ error ] [8192]preg_match(): Passing null to parameter #2 ($subject) of type string is deprecated
[ error ] [8192]preg_match(): Passing null to parameter #2 ($subject) of type string is deprecated
[ error ] [8192]preg_match(): Passing null to parameter #2 ($subject) of type string is deprecated
[ error ] [8192]preg_match(): Passing null to parameter #2 ($subject) of type string is deprecated
[ error ] [8192]preg_match(): Passing null to parameter #2 ($subject) of type string is deprecated
[ error ] [8192]preg_match(): Passing null to parameter #2 ($subject) of type string is deprecated
---------------------------------------------------------------
[ 2026-04-01T03:48:46+08:00 ] 66.132.172.213 GET 120.24.147.77/wbxnu1k2vcrc5t
[ error ] [8192]preg_match(): Passing null to parameter #2 ($subject) of type string is deprecated
[ error ] [8192]preg_match(): Passing null to parameter #2 ($subject) of type string is deprecated
[ error ] [8192]preg_match(): Passing null to parameter #2 ($subject) of type string is deprecated
[ error ] [8192]preg_match(): Passing null to parameter #2 ($subject) of type string is deprecated
[ error ] [8192]preg_match(): Passing null to parameter #2 ($subject) of type string is deprecated
[ error ] [8192]preg_match(): Passing null to parameter #2 ($subject) of type string is deprecated
---------------------------------------------------------------
[ 2026-04-01T03:48:46+08:00 ] 66.132.172.213 GET 120.24.147.77/wbxnu1k2vcrc5t
[ error ] [8192]preg_match(): Passing null to parameter #2 ($subject) of type string is deprecated
[ error ] [8192]preg_match(): Passing null to parameter #2 ($subject) of type string is deprecated
[ error ] [8192]preg_match(): Passing null to parameter #2 ($subject) of type string is deprecated
[ error ] [8192]preg_match(): Passing null to parameter #2 ($subject) of type string is deprecated
[ error ] [8192]preg_match(): Passing null to parameter #2 ($subject) of type string is deprecated
[ error ] [8192]preg_match(): Passing null to parameter #2 ($subject) of type string is deprecated
---------------------------------------------------------------
[ 2026-04-01T03:50:29+08:00 ] 66.132.195.59 GET 120.24.147.77/favicon.ico
[ error ] [8192]preg_match(): Passing null to parameter #2 ($subject) of type string is deprecated
[ error ] [8192]preg_match(): Passing null to parameter #2 ($subject) of type string is deprecated
[ error ] [8192]preg_match(): Passing null to parameter #2 ($subject) of type string is deprecated
[ error ] [8192]preg_match(): Passing null to parameter #2 ($subject) of type string is deprecated
[ error ] [8192]preg_match(): Passing null to parameter #2 ($subject) of type string is deprecated
[ error ] [8192]preg_match(): Passing null to parameter #2 ($subject) of type string is deprecated
---------------------------------------------------------------
[ 2026-04-01T03:50:29+08:00 ] 66.132.195.59 GET 120.24.147.77/favicon.ico
[ error ] [8192]preg_match(): Passing null to parameter #2 ($subject) of type string is deprecated
[ error ] [8192]preg_match(): Passing null to parameter #2 ($subject) of type string is deprecated
[ error ] [8192]preg_match(): Passing null to parameter #2 ($subject) of type string is deprecated
[ error ] [8192]preg_match(): Passing null to parameter #2 ($subject) of type string is deprecated
[ error ] [8192]preg_match(): Passing null to parameter #2 ($subject) of type string is deprecated
[ error ] [8192]preg_match(): Passing null to parameter #2 ($subject) of type string is deprecated
---------------------------------------------------------------
[ 2026-04-01T03:50:30+08:00 ] 66.132.195.59 GET 120.24.147.77/uc3jes3lesxpqzd94c
[ error ] [8192]preg_match(): Passing null to parameter #2 ($subject) of type string is deprecated
[ error ] [8192]preg_match(): Passing null to parameter #2 ($subject) of type string is deprecated
[ error ] [8192]preg_match(): Passing null to parameter #2 ($subject) of type string is deprecated
[ error ] [8192]preg_match(): Passing null to parameter #2 ($subject) of type string is deprecated
[ error ] [8192]preg_match(): Passing null to parameter #2 ($subject) of type string is deprecated
[ error ] [8192]preg_match(): Passing null to parameter #2 ($subject) of type string is deprecated
---------------------------------------------------------------
[ 2026-04-01T03:50:30+08:00 ] 66.132.195.59 GET 120.24.147.77/uc3jes3lesxpqzd94c
[ error ] [8192]preg_match(): Passing null to parameter #2 ($subject) of type string is deprecated
[ error ] [8192]preg_match(): Passing null to parameter #2 ($subject) of type string is deprecated
[ error ] [8192]preg_match(): Passing null to parameter #2 ($subject) of type string is deprecated
[ error ] [8192]preg_match(): Passing null to parameter #2 ($subject) of type string is deprecated
[ error ] [8192]preg_match(): Passing null to parameter #2 ($subject) of type string is deprecated
[ error ] [8192]preg_match(): Passing null to parameter #2 ($subject) of type string is deprecated
---------------------------------------------------------------
[ 2026-04-01T03:50:41+08:00 ] 5.61.209.107 GET 120.24.147.77/SDK/webLanguage
[ error ] [8192]preg_match(): Passing null to parameter #2 ($subject) of type string is deprecated
[ error ] [8192]preg_match(): Passing null to parameter #2 ($subject) of type string is deprecated
[ error ] [8192]preg_match(): Passing null to parameter #2 ($subject) of type string is deprecated
[ error ] [8192]preg_match(): Passing null to parameter #2 ($subject) of type string is deprecated
[ error ] [8192]preg_match(): Passing null to parameter #2 ($subject) of type string is deprecated
[ error ] [8192]preg_match(): Passing null to parameter #2 ($subject) of type string is deprecated
---------------------------------------------------------------
[ 2026-04-01T03:50:42+08:00 ] 5.61.209.107 GET 120.24.147.77/SDK/webLanguage
[ error ] [8192]preg_match(): Passing null to parameter #2 ($subject) of type string is deprecated
[ error ] [8192]preg_match(): Passing null to parameter #2 ($subject) of type string is deprecated
[ error ] [8192]preg_match(): Passing null to parameter #2 ($subject) of type string is deprecated
[ error ] [8192]preg_match(): Passing null to parameter #2 ($subject) of type string is deprecated
[ error ] [8192]preg_match(): Passing null to parameter #2 ($subject) of type string is deprecated
[ error ] [8192]preg_match(): Passing null to parameter #2 ($subject) of type string is deprecated
---------------------------------------------------------------
[ 2026-04-01T03:53:30+08:00 ] 43.159.152.4 GET www.punalei.cn/ldcms/zhiliudianzifuzai/xiazaizhongxin.html?type=3&name=通讯协议
[ error ] [8192]preg_match(): Passing null to parameter #2 ($subject) of type string is deprecated
[ error ] [8192]preg_match(): Passing null to parameter #2 ($subject) of type string is deprecated
[ error ] [8192]preg_match(): Passing null to parameter #2 ($subject) of type string is deprecated
[ error ] [8192]preg_match(): Passing null to parameter #2 ($subject) of type string is deprecated
[ error ] [8192]preg_match(): Passing null to parameter #2 ($subject) of type string is deprecated
[ error ] [8192]preg_match(): Passing null to parameter #2 ($subject) of type string is deprecated
[ error ] [8192]preg_match(): Passing null to parameter #2 ($subject) of type string is deprecated
[ error ] [8192]preg_match(): Passing null to parameter #2 ($subject) of type string is deprecated
[ error ] [8192]Automatic conversion of false to array is deprecated
---------------------------------------------------------------
[ 2026-04-01T03:53:30+08:00 ] 43.159.152.4 GET www.punalei.cn/ldcms/zhiliudianzifuzai/xiazaizhongxin.html?type=3&name=通讯协议
[ error ] [8192]preg_match(): Passing null to parameter #2 ($subject) of type string is deprecated
[ error ] [8192]preg_match(): Passing null to parameter #2 ($subject) of type string is deprecated
[ error ] [8192]preg_match(): Passing null to parameter #2 ($subject) of type string is deprecated
[ error ] [8192]preg_match(): Passing null to parameter #2 ($subject) of type string is deprecated
[ error ] [8192]preg_match(): Passing null to parameter #2 ($subject) of type string is deprecated
[ error ] [8192]preg_match(): Passing null to parameter #2 ($subject) of type string is deprecated
---------------------------------------------------------------
[ 2026-04-01T03:53:45+08:00 ] 91.196.152.237 GET 120.24.147.77/
[ error ] [8192]preg_match(): Passing null to parameter #2 ($subject) of type string is deprecated
[ error ] [8192]preg_match(): Passing null to parameter #2 ($subject) of type string is deprecated
[ error ] [8192]preg_match(): Passing null to parameter #2 ($subject) of type string is deprecated
[ error ] [8192]preg_match(): Passing null to parameter #2 ($subject) of type string is deprecated
[ error ] [8192]preg_match(): Passing null to parameter #2 ($subject) of type string is deprecated
[ error ] [8192]preg_match(): Passing null to parameter #2 ($subject) of type string is deprecated
[ error ] [8192]preg_match(): Passing null to parameter #2 ($subject) of type string is deprecated
[ error ] [8192]preg_match(): Passing null to parameter #2 ($subject) of type string is deprecated
[ error ] [8192]Automatic conversion of false to array is deprecated
[ error ] [2]Undefined array key "title"
[ error ] [2]Undefined array key "title"
[ error ] [2]Undefined array key "title"
[ error ] [2]Undefined array key "title"
---------------------------------------------------------------
[ 2026-04-01T03:54:22+08:00 ] 113.215.189.189 GET punalei.cn/
[ error ] [8192]preg_match(): Passing null to parameter #2 ($subject) of type string is deprecated
[ error ] [8192]preg_match(): Passing null to parameter #2 ($subject) of type string is deprecated
[ error ] [8192]preg_match(): Passing null to parameter #2 ($subject) of type string is deprecated
[ error ] [8192]preg_match(): Passing null to parameter #2 ($subject) of type string is deprecated
[ error ] [8192]preg_match(): Passing null to parameter #2 ($subject) of type string is deprecated
[ error ] [8192]preg_match(): Passing null to parameter #2 ($subject) of type string is deprecated
[ error ] [8192]preg_match(): Passing null to parameter #2 ($subject) of type string is deprecated
[ error ] [8192]preg_match(): Passing null to parameter #2 ($subject) of type string is deprecated
[ error ] [8192]Automatic conversion of false to array is deprecated
[ error ] [2]Undefined array key "title"
[ error ] [2]Undefined array key "title"
[ error ] [2]Undefined array key "title"
[ error ] [2]Undefined array key "title"
---------------------------------------------------------------
[ 2026-04-01T03:54:22+08:00 ] 113.215.189.189 GET punalei.cn/
[ error ] [2]Undefined array key "title"
[ error ] [2]Undefined array key "title"
[ error ] [2]Undefined array key "title"
[ error ] [2]Undefined array key "title"
---------------------------------------------------------------
[ 2026-04-01T03:56:15+08:00 ] 91.231.89.104 GET 120.24.147.77/uploads/20250705/93a02783e7874deb423d980c973e71dc.jpg
[ error ] [8192]preg_match(): Passing null to parameter #2 ($subject) of type string is deprecated
[ error ] [8192]preg_match(): Passing null to parameter #2 ($subject) of type string is deprecated
[ error ] [8192]preg_match(): Passing null to parameter #2 ($subject) of type string is deprecated
[ error ] [8192]preg_match(): Passing null to parameter #2 ($subject) of type string is deprecated
[ error ] [8192]preg_match(): Passing null to parameter #2 ($subject) of type string is deprecated
[ error ] [8192]preg_match(): Passing null to parameter #2 ($subject) of type string is deprecated
---------------------------------------------------------------
[ 2026-04-01T03:57:59+08:00 ] 121.43.54.116 GET 120.24.147.77/
[ error ] [8192]preg_match(): Passing null to parameter #2 ($subject) of type string is deprecated
[ error ] [8192]preg_match(): Passing null to parameter #2 ($subject) of type string is deprecated
[ error ] [8192]preg_match(): Passing null to parameter #2 ($subject) of type string is deprecated
[ error ] [8192]preg_match(): Passing null to parameter #2 ($subject) of type string is deprecated
[ error ] [8192]preg_match(): Passing null to parameter #2 ($subject) of type string is deprecated
[ error ] [8192]preg_match(): Passing null to parameter #2 ($subject) of type string is deprecated
[ error ] [8192]preg_match(): Passing null to parameter #2 ($subject) of type string is deprecated
[ error ] [8192]preg_match(): Passing null to parameter #2 ($subject) of type string is deprecated
[ error ] [8192]Automatic conversion of false to array is deprecated
[ error ] [2]Undefined array key "title"
[ error ] [2]Undefined array key "title"
[ error ] [2]Undefined array key "title"
[ error ] [2]Undefined array key "title"
---------------------------------------------------------------
[ 2026-04-01T03:58:25+08:00 ] 130.12.180.34 GET 120.24.147.77/dev/.env
[ error ] [8192]preg_match(): Passing null to parameter #2 ($subject) of type string is deprecated
[ error ] [8192]preg_match(): Passing null to parameter #2 ($subject) of type string is deprecated
[ error ] [8192]preg_match(): Passing null to parameter #2 ($subject) of type string is deprecated
[ error ] [8192]preg_match(): Passing null to parameter #2 ($subject) of type string is deprecated
[ error ] [8192]preg_match(): Passing null to parameter #2 ($subject) of type string is deprecated
[ error ] [8192]preg_match(): Passing null to parameter #2 ($subject) of type string is deprecated
---------------------------------------------------------------
[ 2026-04-01T03:58:32+08:00 ] 20.163.33.221 GET 120.24.147.77/ReportServer
[ error ] [8192]preg_match(): Passing null to parameter #2 ($subject) of type string is deprecated
[ error ] [8192]preg_match(): Passing null to parameter #2 ($subject) of type string is deprecated
[ error ] [8192]preg_match(): Passing null to parameter #2 ($subject) of type string is deprecated
[ error ] [8192]preg_match(): Passing null to parameter #2 ($subject) of type string is deprecated
[ error ] [8192]preg_match(): Passing null to parameter #2 ($subject) of type string is deprecated
[ error ] [8192]preg_match(): Passing null to parameter #2 ($subject) of type string is deprecated
---------------------------------------------------------------
[ 2026-04-01T03:58:33+08:00 ] 20.163.33.221 GET 120.24.147.77/ReportServer
[ error ] [8192]preg_match(): Passing null to parameter #2 ($subject) of type string is deprecated
[ error ] [8192]preg_match(): Passing null to parameter #2 ($subject) of type string is deprecated
[ error ] [8192]preg_match(): Passing null to parameter #2 ($subject) of type string is deprecated
[ error ] [8192]preg_match(): Passing null to parameter #2 ($subject) of type string is deprecated
[ error ] [8192]preg_match(): Passing null to parameter #2 ($subject) of type string is deprecated
[ error ] [8192]preg_match(): Passing null to parameter #2 ($subject) of type string is deprecated
---------------------------------------------------------------
[ 2026-04-01T04:04:39+08:00 ] 43.166.247.82 GET www.punalei.cn/ldcms/ceshi/321.html
[ error ] [8192]preg_match(): Passing null to parameter #2 ($subject) of type string is deprecated
[ error ] [8192]preg_match(): Passing null to parameter #2 ($subject) of type string is deprecated
[ error ] [8192]preg_match(): Passing null to parameter #2 ($subject) of type string is deprecated
[ error ] [8192]preg_match(): Passing null to parameter #2 ($subject) of type string is deprecated
[ error ] [8192]preg_match(): Passing null to parameter #2 ($subject) of type string is deprecated
[ error ] [8192]preg_match(): Passing null to parameter #2 ($subject) of type string is deprecated
[ error ] [8192]preg_match(): Passing null to parameter #2 ($subject) of type string is deprecated
[ error ] [8192]preg_match(): Passing null to parameter #2 ($subject) of type string is deprecated
[ error ] [8192]Automatic conversion of false to array is deprecated
---------------------------------------------------------------
[ 2026-04-01T04:06:37+08:00 ] 46.151.178.13 PROPFIND 120.24.147.77/
[ error ] [8192]preg_match(): Passing null to parameter #2 ($subject) of type string is deprecated
[ error ] [8192]preg_match(): Passing null to parameter #2 ($subject) of type string is deprecated
[ error ] [8192]preg_match(): Passing null to parameter #2 ($subject) of type string is deprecated
[ error ] [8192]preg_match(): Passing null to parameter #2 ($subject) of type string is deprecated
[ error ] [8192]preg_match(): Passing null to parameter #2 ($subject) of type string is deprecated
[ error ] [8192]preg_match(): Passing null to parameter #2 ($subject) of type string is deprecated
---------------------------------------------------------------
[ 2026-04-01T04:06:37+08:00 ] 46.151.178.13 GET 120.24.147.77/
[ error ] [8192]preg_match(): Passing null to parameter #2 ($subject) of type string is deprecated
[ error ] [8192]preg_match(): Passing null to parameter #2 ($subject) of type string is deprecated
[ error ] [8192]preg_match(): Passing null to parameter #2 ($subject) of type string is deprecated
[ error ] [8192]preg_match(): Passing null to parameter #2 ($subject) of type string is deprecated
[ error ] [8192]preg_match(): Passing null to parameter #2 ($subject) of type string is deprecated
[ error ] [8192]preg_match(): Passing null to parameter #2 ($subject) of type string is deprecated
---------------------------------------------------------------
[ 2026-04-01T04:13:23+08:00 ] 43.130.16.212 GET www.punalei.cn/ldcms/zhiliudianyuanshumaxilie.html
[ error ] [8192]preg_match(): Passing null to parameter #2 ($subject) of type string is deprecated
[ error ] [8192]preg_match(): Passing null to parameter #2 ($subject) of type string is deprecated
[ error ] [8192]preg_match(): Passing null to parameter #2 ($subject) of type string is deprecated
[ error ] [8192]preg_match(): Passing null to parameter #2 ($subject) of type string is deprecated
[ error ] [8192]preg_match(): Passing null to parameter #2 ($subject) of type string is deprecated
[ error ] [8192]preg_match(): Passing null to parameter #2 ($subject) of type string is deprecated
[ error ] [8192]preg_match(): Passing null to parameter #2 ($subject) of type string is deprecated
[ error ] [8192]preg_match(): Passing null to parameter #2 ($subject) of type string is deprecated
[ error ] [8192]Automatic conversion of false to array is deprecated
---------------------------------------------------------------
[ 2026-04-01T04:23:37+08:00 ] 43.130.37.243 GET www.punalei.cn/ldcms/qiyexinwen.html
[ error ] [8192]preg_match(): Passing null to parameter #2 ($subject) of type string is deprecated
[ error ] [8192]preg_match(): Passing null to parameter #2 ($subject) of type string is deprecated
[ error ] [8192]preg_match(): Passing null to parameter #2 ($subject) of type string is deprecated
[ error ] [8192]preg_match(): Passing null to parameter #2 ($subject) of type string is deprecated
[ error ] [8192]preg_match(): Passing null to parameter #2 ($subject) of type string is deprecated
[ error ] [8192]preg_match(): Passing null to parameter #2 ($subject) of type string is deprecated
[ error ] [8192]preg_match(): Passing null to parameter #2 ($subject) of type string is deprecated
[ error ] [8192]preg_match(): Passing null to parameter #2 ($subject) of type string is deprecated
[ error ] [8192]Automatic conversion of false to array is deprecated
[ error ] [2]Undefined variable $content
[ error ] [2]Trying to access array offset on value of type null
---------------------------------------------------------------
[ 2026-04-01T04:38:23+08:00 ] 20.118.217.162 GET 120.24.147.77/ReportServer
[ error ] [8192]preg_match(): Passing null to parameter #2 ($subject) of type string is deprecated
[ error ] [8192]preg_match(): Passing null to parameter #2 ($subject) of type string is deprecated
[ error ] [8192]preg_match(): Passing null to parameter #2 ($subject) of type string is deprecated
[ error ] [8192]preg_match(): Passing null to parameter #2 ($subject) of type string is deprecated
[ error ] [8192]preg_match(): Passing null to parameter #2 ($subject) of type string is deprecated
[ error ] [8192]preg_match(): Passing null to parameter #2 ($subject) of type string is deprecated
---------------------------------------------------------------
[ 2026-04-01T04:38:23+08:00 ] 20.118.217.162 GET 120.24.147.77/ReportServer
[ error ] [8192]preg_match(): Passing null to parameter #2 ($subject) of type string is deprecated
[ error ] [8192]preg_match(): Passing null to parameter #2 ($subject) of type string is deprecated
[ error ] [8192]preg_match(): Passing null to parameter #2 ($subject) of type string is deprecated
[ error ] [8192]preg_match(): Passing null to parameter #2 ($subject) of type string is deprecated
[ error ] [8192]preg_match(): Passing null to parameter #2 ($subject) of type string is deprecated
[ error ] [8192]preg_match(): Passing null to parameter #2 ($subject) of type string is deprecated
---------------------------------------------------------------
[ 2026-04-01T04:53:35+08:00 ] 158.158.105.223 GET 120.24.147.77/
[ error ] [8192]preg_match(): Passing null to parameter #2 ($subject) of type string is deprecated
[ error ] [8192]preg_match(): Passing null to parameter #2 ($subject) of type string is deprecated
[ error ] [8192]preg_match(): Passing null to parameter #2 ($subject) of type string is deprecated
[ error ] [8192]preg_match(): Passing null to parameter #2 ($subject) of type string is deprecated
[ error ] [8192]preg_match(): Passing null to parameter #2 ($subject) of type string is deprecated
[ error ] [8192]preg_match(): Passing null to parameter #2 ($subject) of type string is deprecated
[ error ] [8192]preg_match(): Passing null to parameter #2 ($subject) of type string is deprecated
[ error ] [8192]preg_match(): Passing null to parameter #2 ($subject) of type string is deprecated
[ error ] [8192]Automatic conversion of false to array is deprecated
[ error ] [2]Undefined array key "title"
[ error ] [2]Undefined array key "title"
[ error ] [2]Undefined array key "title"
[ error ] [2]Undefined array key "title"
---------------------------------------------------------------
[ 2026-04-01T05:03:56+08:00 ] 13.218.68.64 GET 120.24.147.77/
[ error ] [8192]preg_match(): Passing null to parameter #2 ($subject) of type string is deprecated
[ error ] [8192]preg_match(): Passing null to parameter #2 ($subject) of type string is deprecated
[ error ] [8192]preg_match(): Passing null to parameter #2 ($subject) of type string is deprecated
[ error ] [8192]preg_match(): Passing null to parameter #2 ($subject) of type string is deprecated
[ error ] [8192]preg_match(): Passing null to parameter #2 ($subject) of type string is deprecated
[ error ] [8192]preg_match(): Passing null to parameter #2 ($subject) of type string is deprecated
[ error ] [8192]preg_match(): Passing null to parameter #2 ($subject) of type string is deprecated
[ error ] [8192]preg_match(): Passing null to parameter #2 ($subject) of type string is deprecated
[ error ] [8192]Automatic conversion of false to array is deprecated
[ error ] [2]Undefined array key "title"
[ error ] [2]Undefined array key "title"
[ error ] [2]Undefined array key "title"
[ error ] [2]Undefined array key "title"
---------------------------------------------------------------
[ 2026-04-01T05:20:57+08:00 ] 158.158.105.223 GET 120.24.147.77/api/v1/config
[ error ] [2]mkdir(): File exists
---------------------------------------------------------------
[ 2026-04-01T05:20:57+08:00 ] 158.158.105.223 GET 120.24.147.77/.env
[ error ] [2]mkdir(): File exists
---------------------------------------------------------------
[ 2026-04-01T05:20:57+08:00 ] 158.158.105.223 GET 120.24.147.77/swagger.json
[ error ] [2]mkdir(): File exists
---------------------------------------------------------------
[ 2026-04-01T05:20:57+08:00 ] 158.158.105.223 GET 120.24.147.77/wp-config.php.bak
[ error ] [8192]preg_match(): Passing null to parameter #2 ($subject) of type string is deprecated
[ error ] [8192]preg_match(): Passing null to parameter #2 ($subject) of type string is deprecated
[ error ] [8192]preg_match(): Passing null to parameter #2 ($subject) of type string is deprecated
[ error ] [8192]preg_match(): Passing null to parameter #2 ($subject) of type string is deprecated
[ error ] [8192]preg_match(): Passing null to parameter #2 ($subject) of type string is deprecated
[ error ] [8192]preg_match(): Passing null to parameter #2 ($subject) of type string is deprecated
---------------------------------------------------------------
[ 2026-04-01T05:48:53+08:00 ] 66.132.186.183 GET 120.24.147.77/favicon.ico
[ error ] [8192]preg_match(): Passing null to parameter #2 ($subject) of type string is deprecated
[ error ] [8192]preg_match(): Passing null to parameter #2 ($subject) of type string is deprecated
[ error ] [8192]preg_match(): Passing null to parameter #2 ($subject) of type string is deprecated
[ error ] [8192]preg_match(): Passing null to parameter #2 ($subject) of type string is deprecated
[ error ] [8192]preg_match(): Passing null to parameter #2 ($subject) of type string is deprecated
[ error ] [8192]preg_match(): Passing null to parameter #2 ($subject) of type string is deprecated
---------------------------------------------------------------
[ 2026-04-01T05:48:53+08:00 ] 66.132.186.183 GET 120.24.147.77/favicon.ico
[ error ] [8192]preg_match(): Passing null to parameter #2 ($subject) of type string is deprecated
[ error ] [8192]preg_match(): Passing null to parameter #2 ($subject) of type string is deprecated
[ error ] [8192]preg_match(): Passing null to parameter #2 ($subject) of type string is deprecated
[ error ] [8192]preg_match(): Passing null to parameter #2 ($subject) of type string is deprecated
[ error ] [8192]preg_match(): Passing null to parameter #2 ($subject) of type string is deprecated
[ error ] [8192]preg_match(): Passing null to parameter #2 ($subject) of type string is deprecated
---------------------------------------------------------------
[ 2026-04-01T05:48:53+08:00 ] 66.132.172.217 GET 120.24.147.77/
[ error ] [8192]preg_match(): Passing null to parameter #2 ($subject) of type string is deprecated
[ error ] [8192]preg_match(): Passing null to parameter #2 ($subject) of type string is deprecated
[ error ] [8192]preg_match(): Passing null to parameter #2 ($subject) of type string is deprecated
[ error ] [8192]preg_match(): Passing null to parameter #2 ($subject) of type string is deprecated
[ error ] [8192]preg_match(): Passing null to parameter #2 ($subject) of type string is deprecated
[ error ] [8192]preg_match(): Passing null to parameter #2 ($subject) of type string is deprecated
[ error ] [8192]preg_match(): Passing null to parameter #2 ($subject) of type string is deprecated
[ error ] [8192]preg_match(): Passing null to parameter #2 ($subject) of type string is deprecated
[ error ] [8192]Automatic conversion of false to array is deprecated
[ error ] [2]Undefined array key "title"
[ error ] [2]Undefined array key "title"
[ error ] [2]Undefined array key "title"
[ error ] [2]Undefined array key "title"
---------------------------------------------------------------
[ 2026-04-01T05:48:56+08:00 ] 66.132.172.217 GET 120.24.147.77/favicon.ico
[ error ] [8192]preg_match(): Passing null to parameter #2 ($subject) of type string is deprecated
[ error ] [8192]preg_match(): Passing null to parameter #2 ($subject) of type string is deprecated
[ error ] [8192]preg_match(): Passing null to parameter #2 ($subject) of type string is deprecated
[ error ] [8192]preg_match(): Passing null to parameter #2 ($subject) of type string is deprecated
[ error ] [8192]preg_match(): Passing null to parameter #2 ($subject) of type string is deprecated
[ error ] [8192]preg_match(): Passing null to parameter #2 ($subject) of type string is deprecated
---------------------------------------------------------------
[ 2026-04-01T05:48:56+08:00 ] 66.132.172.217 GET 120.24.147.77/favicon.ico
[ error ] [8192]preg_match(): Passing null to parameter #2 ($subject) of type string is deprecated
[ error ] [8192]preg_match(): Passing null to parameter #2 ($subject) of type string is deprecated
[ error ] [8192]preg_match(): Passing null to parameter #2 ($subject) of type string is deprecated
[ error ] [8192]preg_match(): Passing null to parameter #2 ($subject) of type string is deprecated
[ error ] [8192]preg_match(): Passing null to parameter #2 ($subject) of type string is deprecated
[ error ] [8192]preg_match(): Passing null to parameter #2 ($subject) of type string is deprecated
---------------------------------------------------------------
[ 2026-04-01T05:48:59+08:00 ] 66.132.186.183 GET 120.24.147.77/kyg8tqi8yx_22vq
[ error ] [8192]preg_match(): Passing null to parameter #2 ($subject) of type string is deprecated
[ error ] [8192]preg_match(): Passing null to parameter #2 ($subject) of type string is deprecated
[ error ] [8192]preg_match(): Passing null to parameter #2 ($subject) of type string is deprecated
[ error ] [8192]preg_match(): Passing null to parameter #2 ($subject) of type string is deprecated
[ error ] [8192]preg_match(): Passing null to parameter #2 ($subject) of type string is deprecated
[ error ] [8192]preg_match(): Passing null to parameter #2 ($subject) of type string is deprecated
---------------------------------------------------------------
[ 2026-04-01T05:48:59+08:00 ] 66.132.186.183 GET 120.24.147.77/kyg8tqi8yx_22vq
[ error ] [8192]preg_match(): Passing null to parameter #2 ($subject) of type string is deprecated
[ error ] [8192]preg_match(): Passing null to parameter #2 ($subject) of type string is deprecated
[ error ] [8192]preg_match(): Passing null to parameter #2 ($subject) of type string is deprecated
[ error ] [8192]preg_match(): Passing null to parameter #2 ($subject) of type string is deprecated
[ error ] [8192]preg_match(): Passing null to parameter #2 ($subject) of type string is deprecated
[ error ] [8192]preg_match(): Passing null to parameter #2 ($subject) of type string is deprecated
---------------------------------------------------------------
[ 2026-04-01T05:49:47+08:00 ] 66.132.172.217 GET 120.24.147.77/.well-known/security.txt
[ error ] [8192]preg_match(): Passing null to parameter #2 ($subject) of type string is deprecated
[ error ] [8192]preg_match(): Passing null to parameter #2 ($subject) of type string is deprecated
[ error ] [8192]preg_match(): Passing null to parameter #2 ($subject) of type string is deprecated
[ error ] [8192]preg_match(): Passing null to parameter #2 ($subject) of type string is deprecated
[ error ] [8192]preg_match(): Passing null to parameter #2 ($subject) of type string is deprecated
[ error ] [8192]preg_match(): Passing null to parameter #2 ($subject) of type string is deprecated
---------------------------------------------------------------
[ 2026-04-01T05:50:00+08:00 ] 43.135.145.117 GET 120.24.147.77/
[ error ] [8192]preg_match(): Passing null to parameter #2 ($subject) of type string is deprecated
[ error ] [8192]preg_match(): Passing null to parameter #2 ($subject) of type string is deprecated
[ error ] [8192]preg_match(): Passing null to parameter #2 ($subject) of type string is deprecated
[ error ] [8192]preg_match(): Passing null to parameter #2 ($subject) of type string is deprecated
[ error ] [8192]preg_match(): Passing null to parameter #2 ($subject) of type string is deprecated
[ error ] [8192]preg_match(): Passing null to parameter #2 ($subject) of type string is deprecated
[ error ] [8192]preg_match(): Passing null to parameter #2 ($subject) of type string is deprecated
[ error ] [8192]preg_match(): Passing null to parameter #2 ($subject) of type string is deprecated
[ error ] [8192]Automatic conversion of false to array is deprecated
[ error ] [2]Undefined array key "title"
[ error ] [2]Undefined array key "title"
[ error ] [2]Undefined array key "title"
[ error ] [2]Undefined array key "title"
---------------------------------------------------------------
[ 2026-04-01T05:50:03+08:00 ] 66.132.172.186 GET 120.24.147.77/favicon.ico
[ error ] [8192]preg_match(): Passing null to parameter #2 ($subject) of type string is deprecated
[ error ] [8192]preg_match(): Passing null to parameter #2 ($subject) of type string is deprecated
[ error ] [8192]preg_match(): Passing null to parameter #2 ($subject) of type string is deprecated
[ error ] [8192]preg_match(): Passing null to parameter #2 ($subject) of type string is deprecated
[ error ] [8192]preg_match(): Passing null to parameter #2 ($subject) of type string is deprecated
[ error ] [8192]preg_match(): Passing null to parameter #2 ($subject) of type string is deprecated
---------------------------------------------------------------
[ 2026-04-01T05:50:03+08:00 ] 66.132.172.186 GET 120.24.147.77/favicon.ico
[ error ] [8192]preg_match(): Passing null to parameter #2 ($subject) of type string is deprecated
[ error ] [8192]preg_match(): Passing null to parameter #2 ($subject) of type string is deprecated
[ error ] [8192]preg_match(): Passing null to parameter #2 ($subject) of type string is deprecated
[ error ] [8192]preg_match(): Passing null to parameter #2 ($subject) of type string is deprecated
[ error ] [8192]preg_match(): Passing null to parameter #2 ($subject) of type string is deprecated
[ error ] [8192]preg_match(): Passing null to parameter #2 ($subject) of type string is deprecated
---------------------------------------------------------------
[ 2026-04-01T05:50:10+08:00 ] 66.132.172.186 GET 120.24.147.77/4pzjosrwz
[ error ] [8192]preg_match(): Passing null to parameter #2 ($subject) of type string is deprecated
[ error ] [8192]preg_match(): Passing null to parameter #2 ($subject) of type string is deprecated
[ error ] [8192]preg_match(): Passing null to parameter #2 ($subject) of type string is deprecated
[ error ] [8192]preg_match(): Passing null to parameter #2 ($subject) of type string is deprecated
[ error ] [8192]preg_match(): Passing null to parameter #2 ($subject) of type string is deprecated
[ error ] [8192]preg_match(): Passing null to parameter #2 ($subject) of type string is deprecated
---------------------------------------------------------------
[ 2026-04-01T05:50:10+08:00 ] 66.132.172.186 GET 120.24.147.77/4pzjosrwz
[ error ] [8192]preg_match(): Passing null to parameter #2 ($subject) of type string is deprecated
[ error ] [8192]preg_match(): Passing null to parameter #2 ($subject) of type string is deprecated
[ error ] [8192]preg_match(): Passing null to parameter #2 ($subject) of type string is deprecated
[ error ] [8192]preg_match(): Passing null to parameter #2 ($subject) of type string is deprecated
[ error ] [8192]preg_match(): Passing null to parameter #2 ($subject) of type string is deprecated
[ error ] [8192]preg_match(): Passing null to parameter #2 ($subject) of type string is deprecated
---------------------------------------------------------------
[ 2026-04-01T05:55:09+08:00 ] 94.26.88.32 GET 120.24.147.77/.git/config
[ error ] [8192]preg_match(): Passing null to parameter #2 ($subject) of type string is deprecated
[ error ] [8192]preg_match(): Passing null to parameter #2 ($subject) of type string is deprecated
[ error ] [8192]preg_match(): Passing null to parameter #2 ($subject) of type string is deprecated
[ error ] [8192]preg_match(): Passing null to parameter #2 ($subject) of type string is deprecated
[ error ] [8192]preg_match(): Passing null to parameter #2 ($subject) of type string is deprecated
[ error ] [8192]preg_match(): Passing null to parameter #2 ($subject) of type string is deprecated
---------------------------------------------------------------
[ 2026-04-01T06:23:57+08:00 ] 182.119.229.199 GET 120.24.147.77/
[ error ] [8192]preg_match(): Passing null to parameter #2 ($subject) of type string is deprecated
[ error ] [8192]preg_match(): Passing null to parameter #2 ($subject) of type string is deprecated
[ error ] [8192]preg_match(): Passing null to parameter #2 ($subject) of type string is deprecated
[ error ] [8192]preg_match(): Passing null to parameter #2 ($subject) of type string is deprecated
[ error ] [8192]preg_match(): Passing null to parameter #2 ($subject) of type string is deprecated
[ error ] [8192]preg_match(): Passing null to parameter #2 ($subject) of type string is deprecated
[ error ] [8192]preg_match(): Passing null to parameter #2 ($subject) of type string is deprecated
[ error ] [8192]preg_match(): Passing null to parameter #2 ($subject) of type string is deprecated
[ error ] [8192]Automatic conversion of false to array is deprecated
[ error ] [2]Undefined array key "title"
[ error ] [2]Undefined array key "title"
[ error ] [2]Undefined array key "title"
[ error ] [2]Undefined array key "title"
---------------------------------------------------------------
[ 2026-04-01T06:24:54+08:00 ] 121.41.166.76 GET 120.24.147.77/
[ error ] [8192]preg_match(): Passing null to parameter #2 ($subject) of type string is deprecated
[ error ] [8192]preg_match(): Passing null to parameter #2 ($subject) of type string is deprecated
[ error ] [8192]preg_match(): Passing null to parameter #2 ($subject) of type string is deprecated
[ error ] [8192]preg_match(): Passing null to parameter #2 ($subject) of type string is deprecated
[ error ] [8192]preg_match(): Passing null to parameter #2 ($subject) of type string is deprecated
[ error ] [8192]preg_match(): Passing null to parameter #2 ($subject) of type string is deprecated
[ error ] [8192]preg_match(): Passing null to parameter #2 ($subject) of type string is deprecated
[ error ] [8192]preg_match(): Passing null to parameter #2 ($subject) of type string is deprecated
[ error ] [8192]Automatic conversion of false to array is deprecated
[ error ] [2]Undefined array key "title"
[ error ] [2]Undefined array key "title"
[ error ] [2]Undefined array key "title"
[ error ] [2]Undefined array key "title"
---------------------------------------------------------------
[ 2026-04-01T06:25:09+08:00 ] 43.167.232.38 GET punalei.cn/
[ error ] [8192]preg_match(): Passing null to parameter #2 ($subject) of type string is deprecated
[ error ] [8192]preg_match(): Passing null to parameter #2 ($subject) of type string is deprecated
[ error ] [8192]preg_match(): Passing null to parameter #2 ($subject) of type string is deprecated
[ error ] [8192]preg_match(): Passing null to parameter #2 ($subject) of type string is deprecated
[ error ] [8192]preg_match(): Passing null to parameter #2 ($subject) of type string is deprecated
[ error ] [8192]preg_match(): Passing null to parameter #2 ($subject) of type string is deprecated
[ error ] [8192]preg_match(): Passing null to parameter #2 ($subject) of type string is deprecated
[ error ] [8192]preg_match(): Passing null to parameter #2 ($subject) of type string is deprecated
[ error ] [8192]Automatic conversion of false to array is deprecated
[ error ] [2]Undefined array key "title"
[ error ] [2]Undefined array key "title"
[ error ] [2]Undefined array key "title"
[ error ] [2]Undefined array key "title"
---------------------------------------------------------------
[ 2026-04-01T06:34:11+08:00 ] 66.132.172.217 GET 120.24.147.77/
[ error ] [8192]preg_match(): Passing null to parameter #2 ($subject) of type string is deprecated
[ error ] [8192]preg_match(): Passing null to parameter #2 ($subject) of type string is deprecated
[ error ] [8192]preg_match(): Passing null to parameter #2 ($subject) of type string is deprecated
[ error ] [8192]preg_match(): Passing null to parameter #2 ($subject) of type string is deprecated
[ error ] [8192]preg_match(): Passing null to parameter #2 ($subject) of type string is deprecated
[ error ] [8192]preg_match(): Passing null to parameter #2 ($subject) of type string is deprecated
[ error ] [8192]preg_match(): Passing null to parameter #2 ($subject) of type string is deprecated
[ error ] [8192]preg_match(): Passing null to parameter #2 ($subject) of type string is deprecated
[ error ] [8192]Automatic conversion of false to array is deprecated
[ error ] [2]Undefined array key "title"
[ error ] [2]Undefined array key "title"
[ error ] [2]Undefined array key "title"
[ error ] [2]Undefined array key "title"
---------------------------------------------------------------
[ 2026-04-01T06:34:30+08:00 ] 66.132.172.217 GET 120.24.147.77/favicon.ico
[ error ] [8192]preg_match(): Passing null to parameter #2 ($subject) of type string is deprecated
[ error ] [8192]preg_match(): Passing null to parameter #2 ($subject) of type string is deprecated
[ error ] [8192]preg_match(): Passing null to parameter #2 ($subject) of type string is deprecated
[ error ] [8192]preg_match(): Passing null to parameter #2 ($subject) of type string is deprecated
[ error ] [8192]preg_match(): Passing null to parameter #2 ($subject) of type string is deprecated
[ error ] [8192]preg_match(): Passing null to parameter #2 ($subject) of type string is deprecated
---------------------------------------------------------------
[ 2026-04-01T06:34:30+08:00 ] 66.132.172.217 GET 120.24.147.77/favicon.ico
[ error ] [8192]preg_match(): Passing null to parameter #2 ($subject) of type string is deprecated
[ error ] [8192]preg_match(): Passing null to parameter #2 ($subject) of type string is deprecated
[ error ] [8192]preg_match(): Passing null to parameter #2 ($subject) of type string is deprecated
[ error ] [8192]preg_match(): Passing null to parameter #2 ($subject) of type string is deprecated
[ error ] [8192]preg_match(): Passing null to parameter #2 ($subject) of type string is deprecated
[ error ] [8192]preg_match(): Passing null to parameter #2 ($subject) of type string is deprecated
---------------------------------------------------------------
[ 2026-04-01T06:34:47+08:00 ] 66.132.172.217 GET 120.24.147.77/wiki
[ error ] [8192]preg_match(): Passing null to parameter #2 ($subject) of type string is deprecated
[ error ] [8192]preg_match(): Passing null to parameter #2 ($subject) of type string is deprecated
[ error ] [8192]preg_match(): Passing null to parameter #2 ($subject) of type string is deprecated
[ error ] [8192]preg_match(): Passing null to parameter #2 ($subject) of type string is deprecated
[ error ] [8192]preg_match(): Passing null to parameter #2 ($subject) of type string is deprecated
[ error ] [8192]preg_match(): Passing null to parameter #2 ($subject) of type string is deprecated
---------------------------------------------------------------
[ 2026-04-01T06:34:47+08:00 ] 66.132.172.217 GET 120.24.147.77/wiki
[ error ] [8192]preg_match(): Passing null to parameter #2 ($subject) of type string is deprecated
[ error ] [8192]preg_match(): Passing null to parameter #2 ($subject) of type string is deprecated
[ error ] [8192]preg_match(): Passing null to parameter #2 ($subject) of type string is deprecated
[ error ] [8192]preg_match(): Passing null to parameter #2 ($subject) of type string is deprecated
[ error ] [8192]preg_match(): Passing null to parameter #2 ($subject) of type string is deprecated
[ error ] [8192]preg_match(): Passing null to parameter #2 ($subject) of type string is deprecated
---------------------------------------------------------------
[ 2026-04-01T06:39:08+08:00 ] 182.42.111.213 GET www.punalei.cn/
[ error ] [8192]preg_match(): Passing null to parameter #2 ($subject) of type string is deprecated
[ error ] [8192]preg_match(): Passing null to parameter #2 ($subject) of type string is deprecated
[ error ] [8192]preg_match(): Passing null to parameter #2 ($subject) of type string is deprecated
[ error ] [8192]preg_match(): Passing null to parameter #2 ($subject) of type string is deprecated
[ error ] [8192]preg_match(): Passing null to parameter #2 ($subject) of type string is deprecated
[ error ] [8192]preg_match(): Passing null to parameter #2 ($subject) of type string is deprecated
[ error ] [8192]preg_match(): Passing null to parameter #2 ($subject) of type string is deprecated
[ error ] [8192]preg_match(): Passing null to parameter #2 ($subject) of type string is deprecated
[ error ] [8192]Automatic conversion of false to array is deprecated
[ error ] [2]Undefined array key "title"
[ error ] [2]Undefined array key "title"
[ error ] [2]Undefined array key "title"
[ error ] [2]Undefined array key "title"
---------------------------------------------------------------
[ 2026-04-01T06:42:10+08:00 ] 45.138.16.131 GET 120.24.147.77/.env
[ error ] [8192]preg_match(): Passing null to parameter #2 ($subject) of type string is deprecated
[ error ] [8192]preg_match(): Passing null to parameter #2 ($subject) of type string is deprecated
[ error ] [8192]preg_match(): Passing null to parameter #2 ($subject) of type string is deprecated
[ error ] [8192]preg_match(): Passing null to parameter #2 ($subject) of type string is deprecated
[ error ] [8192]preg_match(): Passing null to parameter #2 ($subject) of type string is deprecated
[ error ] [8192]preg_match(): Passing null to parameter #2 ($subject) of type string is deprecated
---------------------------------------------------------------
[ 2026-04-01T06:42:30+08:00 ] 45.138.16.131 GET 120.24.147.77/.env
[ error ] [8192]preg_match(): Passing null to parameter #2 ($subject) of type string is deprecated
[ error ] [8192]preg_match(): Passing null to parameter #2 ($subject) of type string is deprecated
[ error ] [8192]preg_match(): Passing null to parameter #2 ($subject) of type string is deprecated
[ error ] [8192]preg_match(): Passing null to parameter #2 ($subject) of type string is deprecated
[ error ] [8192]preg_match(): Passing null to parameter #2 ($subject) of type string is deprecated
[ error ] [8192]preg_match(): Passing null to parameter #2 ($subject) of type string is deprecated
---------------------------------------------------------------
[ 2026-04-01T07:10:13+08:00 ] 43.153.123.4 GET www.punalei.cn/
[ error ] [8192]preg_match(): Passing null to parameter #2 ($subject) of type string is deprecated
[ error ] [8192]preg_match(): Passing null to parameter #2 ($subject) of type string is deprecated
[ error ] [8192]preg_match(): Passing null to parameter #2 ($subject) of type string is deprecated
[ error ] [8192]preg_match(): Passing null to parameter #2 ($subject) of type string is deprecated
[ error ] [8192]preg_match(): Passing null to parameter #2 ($subject) of type string is deprecated
[ error ] [8192]preg_match(): Passing null to parameter #2 ($subject) of type string is deprecated
[ error ] [8192]preg_match(): Passing null to parameter #2 ($subject) of type string is deprecated
[ error ] [8192]preg_match(): Passing null to parameter #2 ($subject) of type string is deprecated
[ error ] [8192]Automatic conversion of false to array is deprecated
[ error ] [2]Undefined array key "title"
[ error ] [2]Undefined array key "title"
[ error ] [2]Undefined array key "title"
[ error ] [2]Undefined array key "title"
---------------------------------------------------------------
[ 2026-04-01T07:23:53+08:00 ] 43.135.133.194 GET www.punalei.cn/ldcms/ceshi/322.html
[ error ] [8192]preg_match(): Passing null to parameter #2 ($subject) of type string is deprecated
[ error ] [8192]preg_match(): Passing null to parameter #2 ($subject) of type string is deprecated
[ error ] [8192]preg_match(): Passing null to parameter #2 ($subject) of type string is deprecated
[ error ] [8192]preg_match(): Passing null to parameter #2 ($subject) of type string is deprecated
[ error ] [8192]preg_match(): Passing null to parameter #2 ($subject) of type string is deprecated
[ error ] [8192]preg_match(): Passing null to parameter #2 ($subject) of type string is deprecated
[ error ] [8192]preg_match(): Passing null to parameter #2 ($subject) of type string is deprecated
[ error ] [8192]preg_match(): Passing null to parameter #2 ($subject) of type string is deprecated
[ error ] [8192]Automatic conversion of false to array is deprecated
---------------------------------------------------------------
[ 2026-04-01T07:24:28+08:00 ] 220.202.238.50 GET punalei.cn/
[ error ] [8192]preg_match(): Passing null to parameter #2 ($subject) of type string is deprecated
[ error ] [8192]preg_match(): Passing null to parameter #2 ($subject) of type string is deprecated
[ error ] [8192]preg_match(): Passing null to parameter #2 ($subject) of type string is deprecated
[ error ] [8192]preg_match(): Passing null to parameter #2 ($subject) of type string is deprecated
[ error ] [8192]preg_match(): Passing null to parameter #2 ($subject) of type string is deprecated
[ error ] [8192]preg_match(): Passing null to parameter #2 ($subject) of type string is deprecated
[ error ] [8192]preg_match(): Passing null to parameter #2 ($subject) of type string is deprecated
[ error ] [8192]preg_match(): Passing null to parameter #2 ($subject) of type string is deprecated
[ error ] [8192]Automatic conversion of false to array is deprecated
[ error ] [2]Undefined array key "title"
[ error ] [2]Undefined array key "title"
[ error ] [2]Undefined array key "title"
[ error ] [2]Undefined array key "title"
---------------------------------------------------------------
[ 2026-04-01T07:24:47+08:00 ] 220.202.238.50 GET punalei.cn/
[ error ] [2]Undefined array key "title"
[ error ] [2]Undefined array key "title"
[ error ] [2]Undefined array key "title"
[ error ] [2]Undefined array key "title"
---------------------------------------------------------------
[ 2026-04-01T07:24:54+08:00 ] 27.223.96.133 GET www.punalei.cn/
[ error ] [8192]preg_match(): Passing null to parameter #2 ($subject) of type string is deprecated
[ error ] [8192]preg_match(): Passing null to parameter #2 ($subject) of type string is deprecated
[ error ] [8192]preg_match(): Passing null to parameter #2 ($subject) of type string is deprecated
[ error ] [8192]preg_match(): Passing null to parameter #2 ($subject) of type string is deprecated
[ error ] [8192]preg_match(): Passing null to parameter #2 ($subject) of type string is deprecated
[ error ] [8192]preg_match(): Passing null to parameter #2 ($subject) of type string is deprecated
[ error ] [8192]preg_match(): Passing null to parameter #2 ($subject) of type string is deprecated
[ error ] [8192]preg_match(): Passing null to parameter #2 ($subject) of type string is deprecated
[ error ] [8192]Automatic conversion of false to array is deprecated
[ error ] [2]Undefined array key "title"
[ error ] [2]Undefined array key "title"
[ error ] [2]Undefined array key "title"
[ error ] [2]Undefined array key "title"
---------------------------------------------------------------
[ 2026-04-01T07:25:32+08:00 ] 27.223.96.133 GET www.punalei.cn/
[ error ] [2]Undefined array key "title"
[ error ] [2]Undefined array key "title"
[ error ] [2]Undefined array key "title"
[ error ] [2]Undefined array key "title"
---------------------------------------------------------------
[ 2026-04-01T07:26:27+08:00 ] 223.101.220.18 GET www.punalei.cn/guanyupunalei.html
[ error ] [8192]preg_match(): Passing null to parameter #2 ($subject) of type string is deprecated
[ error ] [8192]preg_match(): Passing null to parameter #2 ($subject) of type string is deprecated
[ error ] [8192]preg_match(): Passing null to parameter #2 ($subject) of type string is deprecated
[ error ] [8192]preg_match(): Passing null to parameter #2 ($subject) of type string is deprecated
[ error ] [8192]preg_match(): Passing null to parameter #2 ($subject) of type string is deprecated
[ error ] [8192]preg_match(): Passing null to parameter #2 ($subject) of type string is deprecated
---------------------------------------------------------------
[ 2026-04-01T07:26:27+08:00 ] 223.101.220.18 GET www.punalei.cn/guanyupunalei.html
[ error ] [8192]preg_match(): Passing null to parameter #2 ($subject) of type string is deprecated
[ error ] [8192]preg_match(): Passing null to parameter #2 ($subject) of type string is deprecated
[ error ] [8192]preg_match(): Passing null to parameter #2 ($subject) of type string is deprecated
[ error ] [8192]preg_match(): Passing null to parameter #2 ($subject) of type string is deprecated
[ error ] [8192]preg_match(): Passing null to parameter #2 ($subject) of type string is deprecated
[ error ] [8192]preg_match(): Passing null to parameter #2 ($subject) of type string is deprecated
---------------------------------------------------------------
[ 2026-04-01T07:26:44+08:00 ] 223.101.220.18 GET www.punalei.cn/guanyupunalei.html
[ error ] [8192]preg_match(): Passing null to parameter #2 ($subject) of type string is deprecated
[ error ] [8192]preg_match(): Passing null to parameter #2 ($subject) of type string is deprecated
[ error ] [8192]preg_match(): Passing null to parameter #2 ($subject) of type string is deprecated
[ error ] [8192]preg_match(): Passing null to parameter #2 ($subject) of type string is deprecated
[ error ] [8192]preg_match(): Passing null to parameter #2 ($subject) of type string is deprecated
[ error ] [8192]preg_match(): Passing null to parameter #2 ($subject) of type string is deprecated
---------------------------------------------------------------
[ 2026-04-01T07:26:44+08:00 ] 223.101.220.18 GET www.punalei.cn/guanyupunalei.html
[ error ] [8192]preg_match(): Passing null to parameter #2 ($subject) of type string is deprecated
[ error ] [8192]preg_match(): Passing null to parameter #2 ($subject) of type string is deprecated
[ error ] [8192]preg_match(): Passing null to parameter #2 ($subject) of type string is deprecated
[ error ] [8192]preg_match(): Passing null to parameter #2 ($subject) of type string is deprecated
[ error ] [8192]preg_match(): Passing null to parameter #2 ($subject) of type string is deprecated
[ error ] [8192]preg_match(): Passing null to parameter #2 ($subject) of type string is deprecated
---------------------------------------------------------------
[ 2026-04-01T07:26:46+08:00 ] 36.161.97.184 GET www.punalei.cn/lianxiwomen.html
[ error ] [8192]preg_match(): Passing null to parameter #2 ($subject) of type string is deprecated
[ error ] [8192]preg_match(): Passing null to parameter #2 ($subject) of type string is deprecated
[ error ] [8192]preg_match(): Passing null to parameter #2 ($subject) of type string is deprecated
[ error ] [8192]preg_match(): Passing null to parameter #2 ($subject) of type string is deprecated
[ error ] [8192]preg_match(): Passing null to parameter #2 ($subject) of type string is deprecated
[ error ] [8192]preg_match(): Passing null to parameter #2 ($subject) of type string is deprecated
---------------------------------------------------------------
[ 2026-04-01T07:26:46+08:00 ] 36.161.97.184 GET www.punalei.cn/lianxiwomen.html
[ error ] [8192]preg_match(): Passing null to parameter #2 ($subject) of type string is deprecated
[ error ] [8192]preg_match(): Passing null to parameter #2 ($subject) of type string is deprecated
[ error ] [8192]preg_match(): Passing null to parameter #2 ($subject) of type string is deprecated
[ error ] [8192]preg_match(): Passing null to parameter #2 ($subject) of type string is deprecated
[ error ] [8192]preg_match(): Passing null to parameter #2 ($subject) of type string is deprecated
[ error ] [8192]preg_match(): Passing null to parameter #2 ($subject) of type string is deprecated
---------------------------------------------------------------
[ 2026-04-01T07:27:28+08:00 ] 36.161.97.184 GET www.punalei.cn/lianxiwomen.html
[ error ] [8192]preg_match(): Passing null to parameter #2 ($subject) of type string is deprecated
[ error ] [8192]preg_match(): Passing null to parameter #2 ($subject) of type string is deprecated
[ error ] [8192]preg_match(): Passing null to parameter #2 ($subject) of type string is deprecated
[ error ] [8192]preg_match(): Passing null to parameter #2 ($subject) of type string is deprecated
[ error ] [8192]preg_match(): Passing null to parameter #2 ($subject) of type string is deprecated
[ error ] [8192]preg_match(): Passing null to parameter #2 ($subject) of type string is deprecated
---------------------------------------------------------------
[ 2026-04-01T07:27:28+08:00 ] 36.161.97.184 GET www.punalei.cn/lianxiwomen.html
[ error ] [8192]preg_match(): Passing null to parameter #2 ($subject) of type string is deprecated
[ error ] [8192]preg_match(): Passing null to parameter #2 ($subject) of type string is deprecated
[ error ] [8192]preg_match(): Passing null to parameter #2 ($subject) of type string is deprecated
[ error ] [8192]preg_match(): Passing null to parameter #2 ($subject) of type string is deprecated
[ error ] [8192]preg_match(): Passing null to parameter #2 ($subject) of type string is deprecated
[ error ] [8192]preg_match(): Passing null to parameter #2 ($subject) of type string is deprecated
---------------------------------------------------------------
[ 2026-04-01T07:27:28+08:00 ] 36.32.243.157 GET www.punalei.cn/ldcms/lianxiwomen.html
[ error ] [8192]preg_match(): Passing null to parameter #2 ($subject) of type string is deprecated
[ error ] [8192]preg_match(): Passing null to parameter #2 ($subject) of type string is deprecated
[ error ] [8192]preg_match(): Passing null to parameter #2 ($subject) of type string is deprecated
[ error ] [8192]preg_match(): Passing null to parameter #2 ($subject) of type string is deprecated
[ error ] [8192]preg_match(): Passing null to parameter #2 ($subject) of type string is deprecated
[ error ] [8192]preg_match(): Passing null to parameter #2 ($subject) of type string is deprecated
[ error ] [8192]preg_match(): Passing null to parameter #2 ($subject) of type string is deprecated
[ error ] [8192]preg_match(): Passing null to parameter #2 ($subject) of type string is deprecated
[ error ] [8192]Automatic conversion of false to array is deprecated
---------------------------------------------------------------
[ 2026-04-01T07:27:41+08:00 ] 58.243.170.244 GET www.punalei.cn/ldcms/guanyupunalei.html
[ error ] [8192]preg_match(): Passing null to parameter #2 ($subject) of type string is deprecated
[ error ] [8192]preg_match(): Passing null to parameter #2 ($subject) of type string is deprecated
[ error ] [8192]preg_match(): Passing null to parameter #2 ($subject) of type string is deprecated
[ error ] [8192]preg_match(): Passing null to parameter #2 ($subject) of type string is deprecated
[ error ] [8192]preg_match(): Passing null to parameter #2 ($subject) of type string is deprecated
[ error ] [8192]preg_match(): Passing null to parameter #2 ($subject) of type string is deprecated
[ error ] [8192]preg_match(): Passing null to parameter #2 ($subject) of type string is deprecated
[ error ] [8192]preg_match(): Passing null to parameter #2 ($subject) of type string is deprecated
[ error ] [8192]Automatic conversion of false to array is deprecated
---------------------------------------------------------------
[ 2026-04-01T07:27:43+08:00 ] 60.22.81.58 GET www.punalei.cn/ldcms/guanyupunalei.html
[ error ] [8192]preg_match(): Passing null to parameter #2 ($subject) of type string is deprecated
[ error ] [8192]preg_match(): Passing null to parameter #2 ($subject) of type string is deprecated
[ error ] [8192]preg_match(): Passing null to parameter #2 ($subject) of type string is deprecated
[ error ] [8192]preg_match(): Passing null to parameter #2 ($subject) of type string is deprecated
[ error ] [8192]preg_match(): Passing null to parameter #2 ($subject) of type string is deprecated
[ error ] [8192]preg_match(): Passing null to parameter #2 ($subject) of type string is deprecated
[ error ] [8192]preg_match(): Passing null to parameter #2 ($subject) of type string is deprecated
[ error ] [8192]preg_match(): Passing null to parameter #2 ($subject) of type string is deprecated
[ error ] [8192]Automatic conversion of false to array is deprecated
---------------------------------------------------------------
[ 2026-04-01T07:34:06+08:00 ] 43.159.128.155 GET www.punalei.cn/ldcms/sanxiangjiaoliubianpindianyuan/244.html
[ error ] [8192]preg_match(): Passing null to parameter #2 ($subject) of type string is deprecated
[ error ] [8192]preg_match(): Passing null to parameter #2 ($subject) of type string is deprecated
[ error ] [8192]preg_match(): Passing null to parameter #2 ($subject) of type string is deprecated
[ error ] [8192]preg_match(): Passing null to parameter #2 ($subject) of type string is deprecated
[ error ] [8192]preg_match(): Passing null to parameter #2 ($subject) of type string is deprecated
[ error ] [8192]preg_match(): Passing null to parameter #2 ($subject) of type string is deprecated
[ error ] [8192]preg_match(): Passing null to parameter #2 ($subject) of type string is deprecated
[ error ] [8192]preg_match(): Passing null to parameter #2 ($subject) of type string is deprecated
[ error ] [8192]Automatic conversion of false to array is deprecated
---------------------------------------------------------------
[ 2026-04-01T07:35:12+08:00 ] 149.86.227.60 GET 120.24.147.77/
[ error ] [8192]preg_match(): Passing null to parameter #2 ($subject) of type string is deprecated
[ error ] [8192]preg_match(): Passing null to parameter #2 ($subject) of type string is deprecated
[ error ] [8192]preg_match(): Passing null to parameter #2 ($subject) of type string is deprecated
[ error ] [8192]preg_match(): Passing null to parameter #2 ($subject) of type string is deprecated
[ error ] [8192]preg_match(): Passing null to parameter #2 ($subject) of type string is deprecated
[ error ] [8192]preg_match(): Passing null to parameter #2 ($subject) of type string is deprecated
[ error ] [8192]preg_match(): Passing null to parameter #2 ($subject) of type string is deprecated
[ error ] [8192]preg_match(): Passing null to parameter #2 ($subject) of type string is deprecated
[ error ] [8192]Automatic conversion of false to array is deprecated
[ error ] [2]Undefined array key "title"
[ error ] [2]Undefined array key "title"
[ error ] [2]Undefined array key "title"
[ error ] [2]Undefined array key "title"
---------------------------------------------------------------
[ 2026-04-01T07:37:17+08:00 ] 45.79.181.223 GET 120.24.147.77/
[ error ] [8192]preg_match(): Passing null to parameter #2 ($subject) of type string is deprecated
[ error ] [8192]preg_match(): Passing null to parameter #2 ($subject) of type string is deprecated
[ error ] [8192]preg_match(): Passing null to parameter #2 ($subject) of type string is deprecated
[ error ] [8192]preg_match(): Passing null to parameter #2 ($subject) of type string is deprecated
[ error ] [8192]preg_match(): Passing null to parameter #2 ($subject) of type string is deprecated
[ error ] [8192]preg_match(): Passing null to parameter #2 ($subject) of type string is deprecated
[ error ] [8192]preg_match(): Passing null to parameter #2 ($subject) of type string is deprecated
[ error ] [8192]preg_match(): Passing null to parameter #2 ($subject) of type string is deprecated
[ error ] [8192]Automatic conversion of false to array is deprecated
[ error ] [2]Undefined array key "title"
[ error ] [2]Undefined array key "title"
[ error ] [2]Undefined array key "title"
[ error ] [2]Undefined array key "title"
---------------------------------------------------------------
[ 2026-04-01T07:42:57+08:00 ] 43.134.141.244 GET www.punalei.cn/ldcms/jiaoliuhengliuyuanxilie.html
[ error ] [8192]preg_match(): Passing null to parameter #2 ($subject) of type string is deprecated
[ error ] [8192]preg_match(): Passing null to parameter #2 ($subject) of type string is deprecated
[ error ] [8192]preg_match(): Passing null to parameter #2 ($subject) of type string is deprecated
[ error ] [8192]preg_match(): Passing null to parameter #2 ($subject) of type string is deprecated
[ error ] [8192]preg_match(): Passing null to parameter #2 ($subject) of type string is deprecated
[ error ] [8192]preg_match(): Passing null to parameter #2 ($subject) of type string is deprecated
[ error ] [8192]preg_match(): Passing null to parameter #2 ($subject) of type string is deprecated
[ error ] [8192]preg_match(): Passing null to parameter #2 ($subject) of type string is deprecated
[ error ] [8192]Automatic conversion of false to array is deprecated
---------------------------------------------------------------
[ 2026-04-01T07:46:18+08:00 ] 185.224.128.25 GET 120.24.147.77/
[ error ] [8192]preg_match(): Passing null to parameter #2 ($subject) of type string is deprecated
[ error ] [8192]preg_match(): Passing null to parameter #2 ($subject) of type string is deprecated
[ error ] [8192]preg_match(): Passing null to parameter #2 ($subject) of type string is deprecated
[ error ] [8192]preg_match(): Passing null to parameter #2 ($subject) of type string is deprecated
[ error ] [8192]preg_match(): Passing null to parameter #2 ($subject) of type string is deprecated
[ error ] [8192]preg_match(): Passing null to parameter #2 ($subject) of type string is deprecated
[ error ] [8192]preg_match(): Passing null to parameter #2 ($subject) of type string is deprecated
[ error ] [8192]preg_match(): Passing null to parameter #2 ($subject) of type string is deprecated
[ error ] [8192]Automatic conversion of false to array is deprecated
[ error ] [2]Undefined array key "title"
[ error ] [2]Undefined array key "title"
[ error ] [2]Undefined array key "title"
[ error ] [2]Undefined array key "title"
---------------------------------------------------------------
[ 2026-04-01T07:48:43+08:00 ] 35.202.9.133 GET 120.24.147.77/
[ error ] [8192]preg_match(): Passing null to parameter #2 ($subject) of type string is deprecated
[ error ] [8192]preg_match(): Passing null to parameter #2 ($subject) of type string is deprecated
[ error ] [8192]preg_match(): Passing null to parameter #2 ($subject) of type string is deprecated
[ error ] [8192]preg_match(): Passing null to parameter #2 ($subject) of type string is deprecated
[ error ] [8192]preg_match(): Passing null to parameter #2 ($subject) of type string is deprecated
[ error ] [8192]preg_match(): Passing null to parameter #2 ($subject) of type string is deprecated
[ error ] [8192]preg_match(): Passing null to parameter #2 ($subject) of type string is deprecated
[ error ] [8192]preg_match(): Passing null to parameter #2 ($subject) of type string is deprecated
[ error ] [8192]Automatic conversion of false to array is deprecated
[ error ] [2]Undefined array key "title"
[ error ] [2]Undefined array key "title"
[ error ] [2]Undefined array key "title"
[ error ] [2]Undefined array key "title"
---------------------------------------------------------------
[ 2026-04-01T07:53:25+08:00 ] 43.155.140.157 GET www.punalei.cn/ldcms/punaleiPNAIdangongnenganguixilie.html
[ error ] [8192]preg_match(): Passing null to parameter #2 ($subject) of type string is deprecated
[ error ] [8192]preg_match(): Passing null to parameter #2 ($subject) of type string is deprecated
[ error ] [8192]preg_match(): Passing null to parameter #2 ($subject) of type string is deprecated
[ error ] [8192]preg_match(): Passing null to parameter #2 ($subject) of type string is deprecated
[ error ] [8192]preg_match(): Passing null to parameter #2 ($subject) of type string is deprecated
[ error ] [8192]preg_match(): Passing null to parameter #2 ($subject) of type string is deprecated
[ error ] [8192]preg_match(): Passing null to parameter #2 ($subject) of type string is deprecated
[ error ] [8192]preg_match(): Passing null to parameter #2 ($subject) of type string is deprecated
[ error ] [8192]Automatic conversion of false to array is deprecated
---------------------------------------------------------------
[ 2026-04-01T07:55:16+08:00 ] 40.77.167.151 GET www.punalei.cn/ldcms/chanpinjieshao.html
[ error ] [8192]preg_match(): Passing null to parameter #2 ($subject) of type string is deprecated
[ error ] [8192]preg_match(): Passing null to parameter #2 ($subject) of type string is deprecated
[ error ] [8192]preg_match(): Passing null to parameter #2 ($subject) of type string is deprecated
[ error ] [8192]preg_match(): Passing null to parameter #2 ($subject) of type string is deprecated
[ error ] [8192]preg_match(): Passing null to parameter #2 ($subject) of type string is deprecated
[ error ] [8192]preg_match(): Passing null to parameter #2 ($subject) of type string is deprecated
[ error ] [8192]preg_match(): Passing null to parameter #2 ($subject) of type string is deprecated
[ error ] [8192]preg_match(): Passing null to parameter #2 ($subject) of type string is deprecated
[ error ] [8192]Automatic conversion of false to array is deprecated
---------------------------------------------------------------
[ 2026-04-01T07:55:33+08:00 ] 195.178.110.162 GET 120.24.147.77/.git/credentials
[ error ] [8192]preg_match(): Passing null to parameter #2 ($subject) of type string is deprecated
[ error ] [8192]preg_match(): Passing null to parameter #2 ($subject) of type string is deprecated
[ error ] [8192]preg_match(): Passing null to parameter #2 ($subject) of type string is deprecated
[ error ] [8192]preg_match(): Passing null to parameter #2 ($subject) of type string is deprecated
[ error ] [8192]preg_match(): Passing null to parameter #2 ($subject) of type string is deprecated
[ error ] [8192]preg_match(): Passing null to parameter #2 ($subject) of type string is deprecated
---------------------------------------------------------------
[ 2026-04-01T08:05:00+08:00 ] 43.156.202.34 GET www.punalei.cn/ldcms/punaleiPNAIdangongnenganguixilie/298.html
[ error ] [8192]preg_match(): Passing null to parameter #2 ($subject) of type string is deprecated
[ error ] [8192]preg_match(): Passing null to parameter #2 ($subject) of type string is deprecated
[ error ] [8192]preg_match(): Passing null to parameter #2 ($subject) of type string is deprecated
[ error ] [8192]preg_match(): Passing null to parameter #2 ($subject) of type string is deprecated
[ error ] [8192]preg_match(): Passing null to parameter #2 ($subject) of type string is deprecated
[ error ] [8192]preg_match(): Passing null to parameter #2 ($subject) of type string is deprecated
[ error ] [8192]preg_match(): Passing null to parameter #2 ($subject) of type string is deprecated
[ error ] [8192]preg_match(): Passing null to parameter #2 ($subject) of type string is deprecated
[ error ] [8192]Automatic conversion of false to array is deprecated
---------------------------------------------------------------
[ 2026-04-01T08:06:01+08:00 ] 46.151.178.13 PROPFIND 120.24.147.77/
[ error ] [8192]preg_match(): Passing null to parameter #2 ($subject) of type string is deprecated
[ error ] [8192]preg_match(): Passing null to parameter #2 ($subject) of type string is deprecated
[ error ] [8192]preg_match(): Passing null to parameter #2 ($subject) of type string is deprecated
[ error ] [8192]preg_match(): Passing null to parameter #2 ($subject) of type string is deprecated
[ error ] [8192]preg_match(): Passing null to parameter #2 ($subject) of type string is deprecated
[ error ] [8192]preg_match(): Passing null to parameter #2 ($subject) of type string is deprecated
---------------------------------------------------------------
[ 2026-04-01T08:06:01+08:00 ] 46.151.178.13 GET 120.24.147.77/
[ error ] [8192]preg_match(): Passing null to parameter #2 ($subject) of type string is deprecated
[ error ] [8192]preg_match(): Passing null to parameter #2 ($subject) of type string is deprecated
[ error ] [8192]preg_match(): Passing null to parameter #2 ($subject) of type string is deprecated
[ error ] [8192]preg_match(): Passing null to parameter #2 ($subject) of type string is deprecated
[ error ] [8192]preg_match(): Passing null to parameter #2 ($subject) of type string is deprecated
[ error ] [8192]preg_match(): Passing null to parameter #2 ($subject) of type string is deprecated
---------------------------------------------------------------
[ 2026-04-01T08:13:11+08:00 ] 43.157.188.74 GET www.punalei.cn/ldcms/dianzifuzaixilie.html
[ error ] [8192]preg_match(): Passing null to parameter #2 ($subject) of type string is deprecated
[ error ] [8192]preg_match(): Passing null to parameter #2 ($subject) of type string is deprecated
[ error ] [8192]preg_match(): Passing null to parameter #2 ($subject) of type string is deprecated
[ error ] [8192]preg_match(): Passing null to parameter #2 ($subject) of type string is deprecated
[ error ] [8192]preg_match(): Passing null to parameter #2 ($subject) of type string is deprecated
[ error ] [8192]preg_match(): Passing null to parameter #2 ($subject) of type string is deprecated
[ error ] [8192]preg_match(): Passing null to parameter #2 ($subject) of type string is deprecated
[ error ] [8192]preg_match(): Passing null to parameter #2 ($subject) of type string is deprecated
[ error ] [8192]Automatic conversion of false to array is deprecated
---------------------------------------------------------------
[ 2026-04-01T08:19:33+08:00 ] 8.209.96.179 GET 120.24.147.77/dns-query?dns=JPgBAAABAAAAAAAAATEEb2RucwFtCmRuc21lYXN1cmUDdG9wAAABAAE
[ error ] [8192]preg_match(): Passing null to parameter #2 ($subject) of type string is deprecated
[ error ] [8192]preg_match(): Passing null to parameter #2 ($subject) of type string is deprecated
[ error ] [8192]preg_match(): Passing null to parameter #2 ($subject) of type string is deprecated
[ error ] [8192]preg_match(): Passing null to parameter #2 ($subject) of type string is deprecated
[ error ] [8192]preg_match(): Passing null to parameter #2 ($subject) of type string is deprecated
[ error ] [8192]preg_match(): Passing null to parameter #2 ($subject) of type string is deprecated
---------------------------------------------------------------
[ 2026-04-01T08:19:33+08:00 ] 8.209.96.179 GET 120.24.147.77/dns-query?dns=JPgBAAABAAAAAAAAATEEb2RucwFtCmRuc21lYXN1cmUDdG9wAAABAAE
[ error ] [8192]preg_match(): Passing null to parameter #2 ($subject) of type string is deprecated
[ error ] [8192]preg_match(): Passing null to parameter #2 ($subject) of type string is deprecated
[ error ] [8192]preg_match(): Passing null to parameter #2 ($subject) of type string is deprecated
[ error ] [8192]preg_match(): Passing null to parameter #2 ($subject) of type string is deprecated
[ error ] [8192]preg_match(): Passing null to parameter #2 ($subject) of type string is deprecated
[ error ] [8192]preg_match(): Passing null to parameter #2 ($subject) of type string is deprecated
---------------------------------------------------------------
[ 2026-04-01T08:19:33+08:00 ] 8.209.96.179 POST 120.24.147.77/dns-query
[ error ] [8192]preg_match(): Passing null to parameter #2 ($subject) of type string is deprecated
[ error ] [8192]preg_match(): Passing null to parameter #2 ($subject) of type string is deprecated
[ error ] [8192]preg_match(): Passing null to parameter #2 ($subject) of type string is deprecated
[ error ] [8192]preg_match(): Passing null to parameter #2 ($subject) of type string is deprecated
[ error ] [8192]preg_match(): Passing null to parameter #2 ($subject) of type string is deprecated
[ error ] [8192]preg_match(): Passing null to parameter #2 ($subject) of type string is deprecated
---------------------------------------------------------------
[ 2026-04-01T08:19:33+08:00 ] 8.209.96.179 GET 120.24.147.77/dns-query
[ error ] [8192]preg_match(): Passing null to parameter #2 ($subject) of type string is deprecated
[ error ] [8192]preg_match(): Passing null to parameter #2 ($subject) of type string is deprecated
[ error ] [8192]preg_match(): Passing null to parameter #2 ($subject) of type string is deprecated
[ error ] [8192]preg_match(): Passing null to parameter #2 ($subject) of type string is deprecated
[ error ] [8192]preg_match(): Passing null to parameter #2 ($subject) of type string is deprecated
[ error ] [8192]preg_match(): Passing null to parameter #2 ($subject) of type string is deprecated
---------------------------------------------------------------
[ 2026-04-01T08:19:33+08:00 ] 8.209.96.179 GET 120.24.147.77/dns-query?name=1.odns.m.dnsmeasure.top&type=A
[ error ] [8192]preg_match(): Passing null to parameter #2 ($subject) of type string is deprecated
[ error ] [8192]preg_match(): Passing null to parameter #2 ($subject) of type string is deprecated
[ error ] [8192]preg_match(): Passing null to parameter #2 ($subject) of type string is deprecated
[ error ] [8192]preg_match(): Passing null to parameter #2 ($subject) of type string is deprecated
[ error ] [8192]preg_match(): Passing null to parameter #2 ($subject) of type string is deprecated
[ error ] [8192]preg_match(): Passing null to parameter #2 ($subject) of type string is deprecated
---------------------------------------------------------------
[ 2026-04-01T08:19:33+08:00 ] 8.209.96.179 GET 120.24.147.77/dns-query?name=1.odns.m.dnsmeasure.top&type=A
[ error ] [8192]preg_match(): Passing null to parameter #2 ($subject) of type string is deprecated
[ error ] [8192]preg_match(): Passing null to parameter #2 ($subject) of type string is deprecated
[ error ] [8192]preg_match(): Passing null to parameter #2 ($subject) of type string is deprecated
[ error ] [8192]preg_match(): Passing null to parameter #2 ($subject) of type string is deprecated
[ error ] [8192]preg_match(): Passing null to parameter #2 ($subject) of type string is deprecated
[ error ] [8192]preg_match(): Passing null to parameter #2 ($subject) of type string is deprecated
---------------------------------------------------------------
[ 2026-04-01T08:19:34+08:00 ] 8.209.96.179 GET 120.24.147.77/dns-query?dns=dLYBAAABAAAAAAAAATEEb2RucwFtCmRuc21lYXN1cmUDdG9wAAABAAE
[ error ] [8192]preg_match(): Passing null to parameter #2 ($subject) of type string is deprecated
[ error ] [8192]preg_match(): Passing null to parameter #2 ($subject) of type string is deprecated
[ error ] [8192]preg_match(): Passing null to parameter #2 ($subject) of type string is deprecated
[ error ] [8192]preg_match(): Passing null to parameter #2 ($subject) of type string is deprecated
[ error ] [8192]preg_match(): Passing null to parameter #2 ($subject) of type string is deprecated
[ error ] [8192]preg_match(): Passing null to parameter #2 ($subject) of type string is deprecated
---------------------------------------------------------------
[ 2026-04-01T08:19:34+08:00 ] 8.209.96.179 GET 120.24.147.77/dns-query?dns=dLYBAAABAAAAAAAAATEEb2RucwFtCmRuc21lYXN1cmUDdG9wAAABAAE
[ error ] [8192]preg_match(): Passing null to parameter #2 ($subject) of type string is deprecated
[ error ] [8192]preg_match(): Passing null to parameter #2 ($subject) of type string is deprecated
[ error ] [8192]preg_match(): Passing null to parameter #2 ($subject) of type string is deprecated
[ error ] [8192]preg_match(): Passing null to parameter #2 ($subject) of type string is deprecated
[ error ] [8192]preg_match(): Passing null to parameter #2 ($subject) of type string is deprecated
[ error ] [8192]preg_match(): Passing null to parameter #2 ($subject) of type string is deprecated
---------------------------------------------------------------
[ 2026-04-01T08:19:34+08:00 ] 8.209.96.179 POST 120.24.147.77/dns-query
[ error ] [8192]preg_match(): Passing null to parameter #2 ($subject) of type string is deprecated
[ error ] [8192]preg_match(): Passing null to parameter #2 ($subject) of type string is deprecated
[ error ] [8192]preg_match(): Passing null to parameter #2 ($subject) of type string is deprecated
[ error ] [8192]preg_match(): Passing null to parameter #2 ($subject) of type string is deprecated
[ error ] [8192]preg_match(): Passing null to parameter #2 ($subject) of type string is deprecated
[ error ] [8192]preg_match(): Passing null to parameter #2 ($subject) of type string is deprecated
---------------------------------------------------------------
[ 2026-04-01T08:19:34+08:00 ] 8.209.96.179 GET 120.24.147.77/dns-query
[ error ] [8192]preg_match(): Passing null to parameter #2 ($subject) of type string is deprecated
[ error ] [8192]preg_match(): Passing null to parameter #2 ($subject) of type string is deprecated
[ error ] [8192]preg_match(): Passing null to parameter #2 ($subject) of type string is deprecated
[ error ] [8192]preg_match(): Passing null to parameter #2 ($subject) of type string is deprecated
[ error ] [8192]preg_match(): Passing null to parameter #2 ($subject) of type string is deprecated
[ error ] [8192]preg_match(): Passing null to parameter #2 ($subject) of type string is deprecated
---------------------------------------------------------------
[ 2026-04-01T08:19:34+08:00 ] 8.209.96.179 GET 120.24.147.77/dns-query?name=1.odns.m.dnsmeasure.top&type=A
[ error ] [8192]preg_match(): Passing null to parameter #2 ($subject) of type string is deprecated
[ error ] [8192]preg_match(): Passing null to parameter #2 ($subject) of type string is deprecated
[ error ] [8192]preg_match(): Passing null to parameter #2 ($subject) of type string is deprecated
[ error ] [8192]preg_match(): Passing null to parameter #2 ($subject) of type string is deprecated
[ error ] [8192]preg_match(): Passing null to parameter #2 ($subject) of type string is deprecated
[ error ] [8192]preg_match(): Passing null to parameter #2 ($subject) of type string is deprecated
---------------------------------------------------------------
[ 2026-04-01T08:19:34+08:00 ] 8.209.96.179 GET 120.24.147.77/dns-query?name=1.odns.m.dnsmeasure.top&type=A
[ error ] [8192]preg_match(): Passing null to parameter #2 ($subject) of type string is deprecated
[ error ] [8192]preg_match(): Passing null to parameter #2 ($subject) of type string is deprecated
[ error ] [8192]preg_match(): Passing null to parameter #2 ($subject) of type string is deprecated
[ error ] [8192]preg_match(): Passing null to parameter #2 ($subject) of type string is deprecated
[ error ] [8192]preg_match(): Passing null to parameter #2 ($subject) of type string is deprecated
[ error ] [8192]preg_match(): Passing null to parameter #2 ($subject) of type string is deprecated
---------------------------------------------------------------
[ 2026-04-01T08:19:34+08:00 ] 8.209.96.179 GET 120.24.147.77/query?dns=op0BAAABAAAAAAAAATEEb2RucwFtCmRuc21lYXN1cmUDdG9wAAABAAE
[ error ] [8192]preg_match(): Passing null to parameter #2 ($subject) of type string is deprecated
[ error ] [8192]preg_match(): Passing null to parameter #2 ($subject) of type string is deprecated
[ error ] [8192]preg_match(): Passing null to parameter #2 ($subject) of type string is deprecated
[ error ] [8192]preg_match(): Passing null to parameter #2 ($subject) of type string is deprecated
[ error ] [8192]preg_match(): Passing null to parameter #2 ($subject) of type string is deprecated
[ error ] [8192]preg_match(): Passing null to parameter #2 ($subject) of type string is deprecated
---------------------------------------------------------------
[ 2026-04-01T08:19:34+08:00 ] 8.209.96.179 GET 120.24.147.77/query?dns=op0BAAABAAAAAAAAATEEb2RucwFtCmRuc21lYXN1cmUDdG9wAAABAAE
[ error ] [8192]preg_match(): Passing null to parameter #2 ($subject) of type string is deprecated
[ error ] [8192]preg_match(): Passing null to parameter #2 ($subject) of type string is deprecated
[ error ] [8192]preg_match(): Passing null to parameter #2 ($subject) of type string is deprecated
[ error ] [8192]preg_match(): Passing null to parameter #2 ($subject) of type string is deprecated
[ error ] [8192]preg_match(): Passing null to parameter #2 ($subject) of type string is deprecated
[ error ] [8192]preg_match(): Passing null to parameter #2 ($subject) of type string is deprecated
---------------------------------------------------------------
[ 2026-04-01T08:19:35+08:00 ] 8.209.96.179 POST 120.24.147.77/query
[ error ] [8192]preg_match(): Passing null to parameter #2 ($subject) of type string is deprecated
[ error ] [8192]preg_match(): Passing null to parameter #2 ($subject) of type string is deprecated
[ error ] [8192]preg_match(): Passing null to parameter #2 ($subject) of type string is deprecated
[ error ] [8192]preg_match(): Passing null to parameter #2 ($subject) of type string is deprecated
[ error ] [8192]preg_match(): Passing null to parameter #2 ($subject) of type string is deprecated
[ error ] [8192]preg_match(): Passing null to parameter #2 ($subject) of type string is deprecated
---------------------------------------------------------------
[ 2026-04-01T08:19:35+08:00 ] 8.209.96.179 GET 120.24.147.77/query
[ error ] [8192]preg_match(): Passing null to parameter #2 ($subject) of type string is deprecated
[ error ] [8192]preg_match(): Passing null to parameter #2 ($subject) of type string is deprecated
[ error ] [8192]preg_match(): Passing null to parameter #2 ($subject) of type string is deprecated
[ error ] [8192]preg_match(): Passing null to parameter #2 ($subject) of type string is deprecated
[ error ] [8192]preg_match(): Passing null to parameter #2 ($subject) of type string is deprecated
[ error ] [8192]preg_match(): Passing null to parameter #2 ($subject) of type string is deprecated
---------------------------------------------------------------
[ 2026-04-01T08:19:35+08:00 ] 8.209.96.179 GET 120.24.147.77/query?name=1.odns.m.dnsmeasure.top&type=A
[ error ] [8192]preg_match(): Passing null to parameter #2 ($subject) of type string is deprecated
[ error ] [8192]preg_match(): Passing null to parameter #2 ($subject) of type string is deprecated
[ error ] [8192]preg_match(): Passing null to parameter #2 ($subject) of type string is deprecated
[ error ] [8192]preg_match(): Passing null to parameter #2 ($subject) of type string is deprecated
[ error ] [8192]preg_match(): Passing null to parameter #2 ($subject) of type string is deprecated
[ error ] [8192]preg_match(): Passing null to parameter #2 ($subject) of type string is deprecated
---------------------------------------------------------------
[ 2026-04-01T08:19:35+08:00 ] 8.209.96.179 GET 120.24.147.77/query?name=1.odns.m.dnsmeasure.top&type=A
[ error ] [8192]preg_match(): Passing null to parameter #2 ($subject) of type string is deprecated
[ error ] [8192]preg_match(): Passing null to parameter #2 ($subject) of type string is deprecated
[ error ] [8192]preg_match(): Passing null to parameter #2 ($subject) of type string is deprecated
[ error ] [8192]preg_match(): Passing null to parameter #2 ($subject) of type string is deprecated
[ error ] [8192]preg_match(): Passing null to parameter #2 ($subject) of type string is deprecated
[ error ] [8192]preg_match(): Passing null to parameter #2 ($subject) of type string is deprecated
---------------------------------------------------------------
[ 2026-04-01T08:19:35+08:00 ] 8.209.96.179 GET 120.24.147.77/query?dns=mtQBAAABAAAAAAAAATEEb2RucwFtCmRuc21lYXN1cmUDdG9wAAABAAE
[ error ] [8192]preg_match(): Passing null to parameter #2 ($subject) of type string is deprecated
[ error ] [8192]preg_match(): Passing null to parameter #2 ($subject) of type string is deprecated
[ error ] [8192]preg_match(): Passing null to parameter #2 ($subject) of type string is deprecated
[ error ] [8192]preg_match(): Passing null to parameter #2 ($subject) of type string is deprecated
[ error ] [8192]preg_match(): Passing null to parameter #2 ($subject) of type string is deprecated
[ error ] [8192]preg_match(): Passing null to parameter #2 ($subject) of type string is deprecated
---------------------------------------------------------------
[ 2026-04-01T08:19:35+08:00 ] 8.209.96.179 GET 120.24.147.77/query?dns=mtQBAAABAAAAAAAAATEEb2RucwFtCmRuc21lYXN1cmUDdG9wAAABAAE
[ error ] [8192]preg_match(): Passing null to parameter #2 ($subject) of type string is deprecated
[ error ] [8192]preg_match(): Passing null to parameter #2 ($subject) of type string is deprecated
[ error ] [8192]preg_match(): Passing null to parameter #2 ($subject) of type string is deprecated
[ error ] [8192]preg_match(): Passing null to parameter #2 ($subject) of type string is deprecated
[ error ] [8192]preg_match(): Passing null to parameter #2 ($subject) of type string is deprecated
[ error ] [8192]preg_match(): Passing null to parameter #2 ($subject) of type string is deprecated
---------------------------------------------------------------
[ 2026-04-01T08:19:36+08:00 ] 8.209.96.179 POST 120.24.147.77/query
[ error ] [8192]preg_match(): Passing null to parameter #2 ($subject) of type string is deprecated
[ error ] [8192]preg_match(): Passing null to parameter #2 ($subject) of type string is deprecated
[ error ] [8192]preg_match(): Passing null to parameter #2 ($subject) of type string is deprecated
[ error ] [8192]preg_match(): Passing null to parameter #2 ($subject) of type string is deprecated
[ error ] [8192]preg_match(): Passing null to parameter #2 ($subject) of type string is deprecated
[ error ] [8192]preg_match(): Passing null to parameter #2 ($subject) of type string is deprecated
---------------------------------------------------------------
[ 2026-04-01T08:19:36+08:00 ] 8.209.96.179 GET 120.24.147.77/query
[ error ] [8192]preg_match(): Passing null to parameter #2 ($subject) of type string is deprecated
[ error ] [8192]preg_match(): Passing null to parameter #2 ($subject) of type string is deprecated
[ error ] [8192]preg_match(): Passing null to parameter #2 ($subject) of type string is deprecated
[ error ] [8192]preg_match(): Passing null to parameter #2 ($subject) of type string is deprecated
[ error ] [8192]preg_match(): Passing null to parameter #2 ($subject) of type string is deprecated
[ error ] [8192]preg_match(): Passing null to parameter #2 ($subject) of type string is deprecated
---------------------------------------------------------------
[ 2026-04-01T08:19:36+08:00 ] 8.209.96.179 GET 120.24.147.77/query?name=1.odns.m.dnsmeasure.top&type=A
[ error ] [8192]preg_match(): Passing null to parameter #2 ($subject) of type string is deprecated
[ error ] [8192]preg_match(): Passing null to parameter #2 ($subject) of type string is deprecated
[ error ] [8192]preg_match(): Passing null to parameter #2 ($subject) of type string is deprecated
[ error ] [8192]preg_match(): Passing null to parameter #2 ($subject) of type string is deprecated
[ error ] [8192]preg_match(): Passing null to parameter #2 ($subject) of type string is deprecated
[ error ] [8192]preg_match(): Passing null to parameter #2 ($subject) of type string is deprecated
---------------------------------------------------------------
[ 2026-04-01T08:19:36+08:00 ] 8.209.96.179 GET 120.24.147.77/query?name=1.odns.m.dnsmeasure.top&type=A
[ error ] [8192]preg_match(): Passing null to parameter #2 ($subject) of type string is deprecated
[ error ] [8192]preg_match(): Passing null to parameter #2 ($subject) of type string is deprecated
[ error ] [8192]preg_match(): Passing null to parameter #2 ($subject) of type string is deprecated
[ error ] [8192]preg_match(): Passing null to parameter #2 ($subject) of type string is deprecated
[ error ] [8192]preg_match(): Passing null to parameter #2 ($subject) of type string is deprecated
[ error ] [8192]preg_match(): Passing null to parameter #2 ($subject) of type string is deprecated
---------------------------------------------------------------
[ 2026-04-01T08:19:37+08:00 ] 8.209.96.179 GET 120.24.147.77/resolve?dns=m2MBAAABAAAAAAAAATEEb2RucwFtCmRuc21lYXN1cmUDdG9wAAABAAE
[ error ] [8192]preg_match(): Passing null to parameter #2 ($subject) of type string is deprecated
[ error ] [8192]preg_match(): Passing null to parameter #2 ($subject) of type string is deprecated
[ error ] [8192]preg_match(): Passing null to parameter #2 ($subject) of type string is deprecated
[ error ] [8192]preg_match(): Passing null to parameter #2 ($subject) of type string is deprecated
[ error ] [8192]preg_match(): Passing null to parameter #2 ($subject) of type string is deprecated
[ error ] [8192]preg_match(): Passing null to parameter #2 ($subject) of type string is deprecated
---------------------------------------------------------------
[ 2026-04-01T08:19:37+08:00 ] 8.209.96.179 GET 120.24.147.77/resolve?dns=m2MBAAABAAAAAAAAATEEb2RucwFtCmRuc21lYXN1cmUDdG9wAAABAAE
[ error ] [8192]preg_match(): Passing null to parameter #2 ($subject) of type string is deprecated
[ error ] [8192]preg_match(): Passing null to parameter #2 ($subject) of type string is deprecated
[ error ] [8192]preg_match(): Passing null to parameter #2 ($subject) of type string is deprecated
[ error ] [8192]preg_match(): Passing null to parameter #2 ($subject) of type string is deprecated
[ error ] [8192]preg_match(): Passing null to parameter #2 ($subject) of type string is deprecated
[ error ] [8192]preg_match(): Passing null to parameter #2 ($subject) of type string is deprecated
---------------------------------------------------------------
[ 2026-04-01T08:19:37+08:00 ] 8.209.96.179 POST 120.24.147.77/resolve
[ error ] [8192]preg_match(): Passing null to parameter #2 ($subject) of type string is deprecated
[ error ] [8192]preg_match(): Passing null to parameter #2 ($subject) of type string is deprecated
[ error ] [8192]preg_match(): Passing null to parameter #2 ($subject) of type string is deprecated
[ error ] [8192]preg_match(): Passing null to parameter #2 ($subject) of type string is deprecated
[ error ] [8192]preg_match(): Passing null to parameter #2 ($subject) of type string is deprecated
[ error ] [8192]preg_match(): Passing null to parameter #2 ($subject) of type string is deprecated
---------------------------------------------------------------
[ 2026-04-01T08:19:37+08:00 ] 8.209.96.179 GET 120.24.147.77/resolve
[ error ] [8192]preg_match(): Passing null to parameter #2 ($subject) of type string is deprecated
[ error ] [8192]preg_match(): Passing null to parameter #2 ($subject) of type string is deprecated
[ error ] [8192]preg_match(): Passing null to parameter #2 ($subject) of type string is deprecated
[ error ] [8192]preg_match(): Passing null to parameter #2 ($subject) of type string is deprecated
[ error ] [8192]preg_match(): Passing null to parameter #2 ($subject) of type string is deprecated
[ error ] [8192]preg_match(): Passing null to parameter #2 ($subject) of type string is deprecated
---------------------------------------------------------------
[ 2026-04-01T08:19:37+08:00 ] 8.209.96.179 GET 120.24.147.77/resolve?name=1.odns.m.dnsmeasure.top&type=A
[ error ] [8192]preg_match(): Passing null to parameter #2 ($subject) of type string is deprecated
[ error ] [8192]preg_match(): Passing null to parameter #2 ($subject) of type string is deprecated
[ error ] [8192]preg_match(): Passing null to parameter #2 ($subject) of type string is deprecated
[ error ] [8192]preg_match(): Passing null to parameter #2 ($subject) of type string is deprecated
[ error ] [8192]preg_match(): Passing null to parameter #2 ($subject) of type string is deprecated
[ error ] [8192]preg_match(): Passing null to parameter #2 ($subject) of type string is deprecated
---------------------------------------------------------------
[ 2026-04-01T08:19:37+08:00 ] 8.209.96.179 GET 120.24.147.77/resolve?name=1.odns.m.dnsmeasure.top&type=A
[ error ] [8192]preg_match(): Passing null to parameter #2 ($subject) of type string is deprecated
[ error ] [8192]preg_match(): Passing null to parameter #2 ($subject) of type string is deprecated
[ error ] [8192]preg_match(): Passing null to parameter #2 ($subject) of type string is deprecated
[ error ] [8192]preg_match(): Passing null to parameter #2 ($subject) of type string is deprecated
[ error ] [8192]preg_match(): Passing null to parameter #2 ($subject) of type string is deprecated
[ error ] [8192]preg_match(): Passing null to parameter #2 ($subject) of type string is deprecated
---------------------------------------------------------------
[ 2026-04-01T08:19:38+08:00 ] 8.209.96.179 GET 120.24.147.77/resolve?dns=gpkBAAABAAAAAAAAATEEb2RucwFtCmRuc21lYXN1cmUDdG9wAAABAAE
[ error ] [8192]preg_match(): Passing null to parameter #2 ($subject) of type string is deprecated
[ error ] [8192]preg_match(): Passing null to parameter #2 ($subject) of type string is deprecated
[ error ] [8192]preg_match(): Passing null to parameter #2 ($subject) of type string is deprecated
[ error ] [8192]preg_match(): Passing null to parameter #2 ($subject) of type string is deprecated
[ error ] [8192]preg_match(): Passing null to parameter #2 ($subject) of type string is deprecated
[ error ] [8192]preg_match(): Passing null to parameter #2 ($subject) of type string is deprecated
---------------------------------------------------------------
[ 2026-04-01T08:19:38+08:00 ] 8.209.96.179 GET 120.24.147.77/resolve?dns=gpkBAAABAAAAAAAAATEEb2RucwFtCmRuc21lYXN1cmUDdG9wAAABAAE
[ error ] [8192]preg_match(): Passing null to parameter #2 ($subject) of type string is deprecated
[ error ] [8192]preg_match(): Passing null to parameter #2 ($subject) of type string is deprecated
[ error ] [8192]preg_match(): Passing null to parameter #2 ($subject) of type string is deprecated
[ error ] [8192]preg_match(): Passing null to parameter #2 ($subject) of type string is deprecated
[ error ] [8192]preg_match(): Passing null to parameter #2 ($subject) of type string is deprecated
[ error ] [8192]preg_match(): Passing null to parameter #2 ($subject) of type string is deprecated
---------------------------------------------------------------
[ 2026-04-01T08:19:38+08:00 ] 8.209.96.179 POST 120.24.147.77/resolve
[ error ] [8192]preg_match(): Passing null to parameter #2 ($subject) of type string is deprecated
[ error ] [8192]preg_match(): Passing null to parameter #2 ($subject) of type string is deprecated
[ error ] [8192]preg_match(): Passing null to parameter #2 ($subject) of type string is deprecated
[ error ] [8192]preg_match(): Passing null to parameter #2 ($subject) of type string is deprecated
[ error ] [8192]preg_match(): Passing null to parameter #2 ($subject) of type string is deprecated
[ error ] [8192]preg_match(): Passing null to parameter #2 ($subject) of type string is deprecated
---------------------------------------------------------------
[ 2026-04-01T08:19:38+08:00 ] 8.209.96.179 GET 120.24.147.77/resolve
[ error ] [8192]preg_match(): Passing null to parameter #2 ($subject) of type string is deprecated
[ error ] [8192]preg_match(): Passing null to parameter #2 ($subject) of type string is deprecated
[ error ] [8192]preg_match(): Passing null to parameter #2 ($subject) of type string is deprecated
[ error ] [8192]preg_match(): Passing null to parameter #2 ($subject) of type string is deprecated
[ error ] [8192]preg_match(): Passing null to parameter #2 ($subject) of type string is deprecated
[ error ] [8192]preg_match(): Passing null to parameter #2 ($subject) of type string is deprecated
---------------------------------------------------------------
[ 2026-04-01T08:19:38+08:00 ] 8.209.96.179 GET 120.24.147.77/resolve?name=1.odns.m.dnsmeasure.top&type=A
[ error ] [8192]preg_match(): Passing null to parameter #2 ($subject) of type string is deprecated
[ error ] [8192]preg_match(): Passing null to parameter #2 ($subject) of type string is deprecated
[ error ] [8192]preg_match(): Passing null to parameter #2 ($subject) of type string is deprecated
[ error ] [8192]preg_match(): Passing null to parameter #2 ($subject) of type string is deprecated
[ error ] [8192]preg_match(): Passing null to parameter #2 ($subject) of type string is deprecated
[ error ] [8192]preg_match(): Passing null to parameter #2 ($subject) of type string is deprecated
---------------------------------------------------------------
[ 2026-04-01T08:19:39+08:00 ] 8.209.96.179 GET 120.24.147.77/resolve?name=1.odns.m.dnsmeasure.top&type=A
[ error ] [8192]preg_match(): Passing null to parameter #2 ($subject) of type string is deprecated
[ error ] [8192]preg_match(): Passing null to parameter #2 ($subject) of type string is deprecated
[ error ] [8192]preg_match(): Passing null to parameter #2 ($subject) of type string is deprecated
[ error ] [8192]preg_match(): Passing null to parameter #2 ($subject) of type string is deprecated
[ error ] [8192]preg_match(): Passing null to parameter #2 ($subject) of type string is deprecated
[ error ] [8192]preg_match(): Passing null to parameter #2 ($subject) of type string is deprecated
---------------------------------------------------------------
[ 2026-04-01T08:19:39+08:00 ] 8.209.96.179 GET 120.24.147.77/?dns=kfwBAAABAAAAAAAAATEEb2RucwFtCmRuc21lYXN1cmUDdG9wAAABAAE
[ error ] [8192]preg_match(): Passing null to parameter #2 ($subject) of type string is deprecated
[ error ] [8192]preg_match(): Passing null to parameter #2 ($subject) of type string is deprecated
[ error ] [8192]preg_match(): Passing null to parameter #2 ($subject) of type string is deprecated
[ error ] [8192]preg_match(): Passing null to parameter #2 ($subject) of type string is deprecated
[ error ] [8192]preg_match(): Passing null to parameter #2 ($subject) of type string is deprecated
[ error ] [8192]preg_match(): Passing null to parameter #2 ($subject) of type string is deprecated
[ error ] [8192]preg_match(): Passing null to parameter #2 ($subject) of type string is deprecated
[ error ] [8192]preg_match(): Passing null to parameter #2 ($subject) of type string is deprecated
[ error ] [8192]Automatic conversion of false to array is deprecated
[ error ] [2]Undefined array key "title"
[ error ] [2]Undefined array key "title"
[ error ] [2]Undefined array key "title"
[ error ] [2]Undefined array key "title"
---------------------------------------------------------------
[ 2026-04-01T08:19:43+08:00 ] 8.209.96.179 POST 120.24.147.77/
[ error ] [8192]preg_match(): Passing null to parameter #2 ($subject) of type string is deprecated
[ error ] [8192]preg_match(): Passing null to parameter #2 ($subject) of type string is deprecated
[ error ] [8192]preg_match(): Passing null to parameter #2 ($subject) of type string is deprecated
[ error ] [8192]preg_match(): Passing null to parameter #2 ($subject) of type string is deprecated
[ error ] [8192]preg_match(): Passing null to parameter #2 ($subject) of type string is deprecated
[ error ] [8192]preg_match(): Passing null to parameter #2 ($subject) of type string is deprecated
[ error ] [8192]preg_match(): Passing null to parameter #2 ($subject) of type string is deprecated
[ error ] [8192]preg_match(): Passing null to parameter #2 ($subject) of type string is deprecated
[ error ] [8192]Automatic conversion of false to array is deprecated
[ error ] [2]Undefined array key "title"
[ error ] [2]Undefined array key "title"
[ error ] [2]Undefined array key "title"
[ error ] [2]Undefined array key "title"
---------------------------------------------------------------
[ 2026-04-01T08:19:45+08:00 ] 8.209.96.179 GET 120.24.147.77/?name=1.odns.m.dnsmeasure.top&type=A
[ error ] [8192]preg_match(): Passing null to parameter #2 ($subject) of type string is deprecated
[ error ] [8192]preg_match(): Passing null to parameter #2 ($subject) of type string is deprecated
[ error ] [8192]preg_match(): Passing null to parameter #2 ($subject) of type string is deprecated
[ error ] [8192]preg_match(): Passing null to parameter #2 ($subject) of type string is deprecated
[ error ] [8192]preg_match(): Passing null to parameter #2 ($subject) of type string is deprecated
[ error ] [8192]preg_match(): Passing null to parameter #2 ($subject) of type string is deprecated
[ error ] [8192]preg_match(): Passing null to parameter #2 ($subject) of type string is deprecated
[ error ] [8192]preg_match(): Passing null to parameter #2 ($subject) of type string is deprecated
[ error ] [8192]Automatic conversion of false to array is deprecated
[ error ] [2]Undefined array key "title"
[ error ] [2]Undefined array key "title"
[ error ] [2]Undefined array key "title"
[ error ] [2]Undefined array key "title"
---------------------------------------------------------------
[ 2026-04-01T08:19:46+08:00 ] 8.209.96.179 GET 120.24.147.77/?dns=JCUBAAABAAAAAAAAATEEb2RucwFtCmRuc21lYXN1cmUDdG9wAAABAAE
[ error ] [8192]preg_match(): Passing null to parameter #2 ($subject) of type string is deprecated
[ error ] [8192]preg_match(): Passing null to parameter #2 ($subject) of type string is deprecated
[ error ] [8192]preg_match(): Passing null to parameter #2 ($subject) of type string is deprecated
[ error ] [8192]preg_match(): Passing null to parameter #2 ($subject) of type string is deprecated
[ error ] [8192]preg_match(): Passing null to parameter #2 ($subject) of type string is deprecated
[ error ] [8192]preg_match(): Passing null to parameter #2 ($subject) of type string is deprecated
[ error ] [8192]preg_match(): Passing null to parameter #2 ($subject) of type string is deprecated
[ error ] [8192]preg_match(): Passing null to parameter #2 ($subject) of type string is deprecated
[ error ] [8192]Automatic conversion of false to array is deprecated
[ error ] [2]Undefined array key "title"
[ error ] [2]Undefined array key "title"
[ error ] [2]Undefined array key "title"
[ error ] [2]Undefined array key "title"
---------------------------------------------------------------
[ 2026-04-01T08:19:47+08:00 ] 8.209.96.179 POST 120.24.147.77/
[ error ] [8192]preg_match(): Passing null to parameter #2 ($subject) of type string is deprecated
[ error ] [8192]preg_match(): Passing null to parameter #2 ($subject) of type string is deprecated
[ error ] [8192]preg_match(): Passing null to parameter #2 ($subject) of type string is deprecated
[ error ] [8192]preg_match(): Passing null to parameter #2 ($subject) of type string is deprecated
[ error ] [8192]preg_match(): Passing null to parameter #2 ($subject) of type string is deprecated
[ error ] [8192]preg_match(): Passing null to parameter #2 ($subject) of type string is deprecated
[ error ] [8192]preg_match(): Passing null to parameter #2 ($subject) of type string is deprecated
[ error ] [8192]preg_match(): Passing null to parameter #2 ($subject) of type string is deprecated
[ error ] [8192]Automatic conversion of false to array is deprecated
[ error ] [2]Undefined array key "title"
[ error ] [2]Undefined array key "title"
[ error ] [2]Undefined array key "title"
[ error ] [2]Undefined array key "title"
---------------------------------------------------------------
[ 2026-04-01T08:19:49+08:00 ] 8.209.96.179 GET 120.24.147.77/?name=1.odns.m.dnsmeasure.top&type=A
[ error ] [8192]preg_match(): Passing null to parameter #2 ($subject) of type string is deprecated
[ error ] [8192]preg_match(): Passing null to parameter #2 ($subject) of type string is deprecated
[ error ] [8192]preg_match(): Passing null to parameter #2 ($subject) of type string is deprecated
[ error ] [8192]preg_match(): Passing null to parameter #2 ($subject) of type string is deprecated
[ error ] [8192]preg_match(): Passing null to parameter #2 ($subject) of type string is deprecated
[ error ] [8192]preg_match(): Passing null to parameter #2 ($subject) of type string is deprecated
[ error ] [8192]preg_match(): Passing null to parameter #2 ($subject) of type string is deprecated
[ error ] [8192]preg_match(): Passing null to parameter #2 ($subject) of type string is deprecated
[ error ] [8192]Automatic conversion of false to array is deprecated
[ error ] [2]Undefined array key "title"
[ error ] [2]Undefined array key "title"
[ error ] [2]Undefined array key "title"
[ error ] [2]Undefined array key "title"
---------------------------------------------------------------
[ 2026-04-01T08:22:45+08:00 ] 43.157.147.3 GET www.punalei.cn/ldcms/zhiliudianyuanshumaxilie/327.html
[ error ] [8192]preg_match(): Passing null to parameter #2 ($subject) of type string is deprecated
[ error ] [8192]preg_match(): Passing null to parameter #2 ($subject) of type string is deprecated
[ error ] [8192]preg_match(): Passing null to parameter #2 ($subject) of type string is deprecated
[ error ] [8192]preg_match(): Passing null to parameter #2 ($subject) of type string is deprecated
[ error ] [8192]preg_match(): Passing null to parameter #2 ($subject) of type string is deprecated
[ error ] [8192]preg_match(): Passing null to parameter #2 ($subject) of type string is deprecated
[ error ] [8192]preg_match(): Passing null to parameter #2 ($subject) of type string is deprecated
[ error ] [8192]preg_match(): Passing null to parameter #2 ($subject) of type string is deprecated
[ error ] [8192]Automatic conversion of false to array is deprecated
---------------------------------------------------------------
[ 2026-04-01T08:32:29+08:00 ] 45.79.207.111 GET 120.24.147.77/
[ error ] [8192]preg_match(): Passing null to parameter #2 ($subject) of type string is deprecated
[ error ] [8192]preg_match(): Passing null to parameter #2 ($subject) of type string is deprecated
[ error ] [8192]preg_match(): Passing null to parameter #2 ($subject) of type string is deprecated
[ error ] [8192]preg_match(): Passing null to parameter #2 ($subject) of type string is deprecated
[ error ] [8192]preg_match(): Passing null to parameter #2 ($subject) of type string is deprecated
[ error ] [8192]preg_match(): Passing null to parameter #2 ($subject) of type string is deprecated
[ error ] [8192]preg_match(): Passing null to parameter #2 ($subject) of type string is deprecated
[ error ] [8192]preg_match(): Passing null to parameter #2 ($subject) of type string is deprecated
[ error ] [8192]Automatic conversion of false to array is deprecated
[ error ] [2]Undefined array key "title"
[ error ] [2]Undefined array key "title"
[ error ] [2]Undefined array key "title"
[ error ] [2]Undefined array key "title"
---------------------------------------------------------------
[ 2026-04-01T08:33:41+08:00 ] 45.79.172.21 GET 120.24.147.77/
[ error ] [8192]preg_match(): Passing null to parameter #2 ($subject) of type string is deprecated
[ error ] [8192]preg_match(): Passing null to parameter #2 ($subject) of type string is deprecated
[ error ] [8192]preg_match(): Passing null to parameter #2 ($subject) of type string is deprecated
[ error ] [8192]preg_match(): Passing null to parameter #2 ($subject) of type string is deprecated
[ error ] [8192]preg_match(): Passing null to parameter #2 ($subject) of type string is deprecated
[ error ] [8192]preg_match(): Passing null to parameter #2 ($subject) of type string is deprecated
[ error ] [8192]preg_match(): Passing null to parameter #2 ($subject) of type string is deprecated
[ error ] [8192]preg_match(): Passing null to parameter #2 ($subject) of type string is deprecated
[ error ] [8192]Automatic conversion of false to array is deprecated
[ error ] [2]Undefined array key "title"
[ error ] [2]Undefined array key "title"
[ error ] [2]Undefined array key "title"
[ error ] [2]Undefined array key "title"
---------------------------------------------------------------
[ 2026-04-01T08:34:08+08:00 ] 170.106.160.90 GET www.punalei.cn/ldcms/sanxiangjiaoliubianpindianyuan/xiazaizhongxin.html?type=4&name=应用驱动软件
[ error ] [8192]preg_match(): Passing null to parameter #2 ($subject) of type string is deprecated
[ error ] [8192]preg_match(): Passing null to parameter #2 ($subject) of type string is deprecated
[ error ] [8192]preg_match(): Passing null to parameter #2 ($subject) of type string is deprecated
[ error ] [8192]preg_match(): Passing null to parameter #2 ($subject) of type string is deprecated
[ error ] [8192]preg_match(): Passing null to parameter #2 ($subject) of type string is deprecated
[ error ] [8192]preg_match(): Passing null to parameter #2 ($subject) of type string is deprecated
[ error ] [8192]preg_match(): Passing null to parameter #2 ($subject) of type string is deprecated
[ error ] [8192]preg_match(): Passing null to parameter #2 ($subject) of type string is deprecated
[ error ] [8192]Automatic conversion of false to array is deprecated
---------------------------------------------------------------
[ 2026-04-01T08:34:08+08:00 ] 170.106.160.90 GET www.punalei.cn/ldcms/sanxiangjiaoliubianpindianyuan/xiazaizhongxin.html?type=4&name=应用驱动软件
[ error ] [8192]preg_match(): Passing null to parameter #2 ($subject) of type string is deprecated
[ error ] [8192]preg_match(): Passing null to parameter #2 ($subject) of type string is deprecated
[ error ] [8192]preg_match(): Passing null to parameter #2 ($subject) of type string is deprecated
[ error ] [8192]preg_match(): Passing null to parameter #2 ($subject) of type string is deprecated
[ error ] [8192]preg_match(): Passing null to parameter #2 ($subject) of type string is deprecated
[ error ] [8192]preg_match(): Passing null to parameter #2 ($subject) of type string is deprecated
---------------------------------------------------------------
[ 2026-04-01T08:38:05+08:00 ] 43.135.145.117 GET 120.24.147.77/
[ error ] [8192]preg_match(): Passing null to parameter #2 ($subject) of type string is deprecated
[ error ] [8192]preg_match(): Passing null to parameter #2 ($subject) of type string is deprecated
[ error ] [8192]preg_match(): Passing null to parameter #2 ($subject) of type string is deprecated
[ error ] [8192]preg_match(): Passing null to parameter #2 ($subject) of type string is deprecated
[ error ] [8192]preg_match(): Passing null to parameter #2 ($subject) of type string is deprecated
[ error ] [8192]preg_match(): Passing null to parameter #2 ($subject) of type string is deprecated
[ error ] [8192]preg_match(): Passing null to parameter #2 ($subject) of type string is deprecated
[ error ] [8192]preg_match(): Passing null to parameter #2 ($subject) of type string is deprecated
[ error ] [8192]Automatic conversion of false to array is deprecated
[ error ] [2]Undefined array key "title"
[ error ] [2]Undefined array key "title"
[ error ] [2]Undefined array key "title"
[ error ] [2]Undefined array key "title"
---------------------------------------------------------------
[ 2026-04-01T08:42:47+08:00 ] 43.157.170.13 GET www.punalei.cn/ldcms/xiazaizhongxin.html?type=5&name=应用产品资料
[ error ] [8192]preg_match(): Passing null to parameter #2 ($subject) of type string is deprecated
[ error ] [8192]preg_match(): Passing null to parameter #2 ($subject) of type string is deprecated
[ error ] [8192]preg_match(): Passing null to parameter #2 ($subject) of type string is deprecated
[ error ] [8192]preg_match(): Passing null to parameter #2 ($subject) of type string is deprecated
[ error ] [8192]preg_match(): Passing null to parameter #2 ($subject) of type string is deprecated
[ error ] [8192]preg_match(): Passing null to parameter #2 ($subject) of type string is deprecated
[ error ] [8192]preg_match(): Passing null to parameter #2 ($subject) of type string is deprecated
[ error ] [8192]preg_match(): Passing null to parameter #2 ($subject) of type string is deprecated
[ error ] [8192]Automatic conversion of false to array is deprecated
[ download ] 5
---------------------------------------------------------------
[ 2026-04-01T08:42:47+08:00 ] 43.157.170.13 GET www.punalei.cn/ldcms/xiazaizhongxin.html?type=5&name=应用产品资料
[ download ] [{"id":242,"title":"1-300V\/45-400Hz \u4ea4\u6d41\u53d8\u9891\u7535\u6e90 P9510\\15\\20\\30\\45\\60-\\TSS\u7cfb\u5217","catalog":"https:\/\/qiniu.punalei.cn\/uploads\/20250630\/9f6157e1177e99e4fe3674e8d06014a8.pdf","handbook":"https:\/\/qiniu.punalei.cn\/uploads\/20250630\/9f6157e1177e99e4fe3674e8d06014a8.pdf","agreement":"","drive":"","resource":""},{"id":244,"title":"1-300V\/45-400Hz \u4ea4\u6d41\u53d8\u9891\u7535\u6e90 P9530\\60-\\GSD\\GSS\u7cfb\u5217","catalog":"https:\/\/qiniu.punalei.cn\/uploads\/20250630\/9f6157e1177e99e4fe3674e8d06014a8.pdf","handbook":"https:\/\/qiniu.punalei.cn\/uploads\/20250630\/9f6157e1177e99e4fe3674e8d06014a8.pdf","agreement":"","drive":"","resource":""},{"id":260,"title":"1-300V\/45-400Hz \u4ea4\u6d41\u53d8\u9891\u7535\u6e90 P9505\\10-\\D\u7cfb\u5217","catalog":"https:\/\/qiniu.punalei.cn\/uploads\/20250630\/9f6157e1177e99e4fe3674e8d06014a8.pdf","handbook":"https:\/\/qiniu.punalei.cn\/uploads\/20250630\/9f6157e1177e99e4fe3674e8d06014a8.pdf","agreement":"","drive":"","resource":""},{"id":262,"title":"\u5355\u76f8\u578bPNL300-A\u4ea4\u6d41\u7cfb\u52170.2\u7ea7","catalog":"https:\/\/qiniu.punalei.cn\/uploads\/20250630\/9f6157e1177e99e4fe3674e8d06014a8.pdf","handbook":"https:\/\/qiniu.punalei.cn\/uploads\/20260309\/ed50ce8156e54152582ff3356228093d.pdf","agreement":"","drive":"","resource":"https:\/\/qiniu.punalei.cn\/uploads\/20250811\/ed50ce8156e54152582ff3356228093d.pdf"},{"id":263,"title":"\u6cc4\u6f0f\u7535\u6d41\u6d4b\u8bd5\u4eeaPNL2675\u7cfb\u5217","catalog":"https:\/\/qiniu.punalei.cn\/uploads\/20250630\/9f6157e1177e99e4fe3674e8d06014a8.pdf","handbook":"https:\/\/qiniu.punalei.cn\/uploads\/20250630\/9f6157e1177e99e4fe3674e8d06014a8.pdf","agreement":"","drive":"","resource":""},{"id":264,"title":" \u63a5\u5730\u7535\u963b\u6d4b\u8bd5\u4eeaPNL2678XM\u7cfb\u5217","catalog":"https:\/\/qiniu.punalei.cn\/uploads\/20250630\/9f6157e1177e99e4fe3674e8d06014a8.pdf","handbook":"https:\/\/qiniu.punalei.cn\/uploads\/20250630\/9f6157e1177e99e4fe3674e8d06014a8.pdf","agreement":"","drive":"","resource":""},{"id":268,"title":"\u591a\u901a\u9053\u76f4\u6d41\u7535\u963b\u6d4b\u8bd5\u4eeaPNL2818-X\u7cfb\u5217","catalog":"https:\/\/qiniu.punalei.cn\/uploads\/20250630\/9f6157e1177e99e4fe3674e8d06014a8.pdf","handbook":"https:\/\/qiniu.punalei.cn\/uploads\/20250630\/9f6157e1177e99e4fe3674e8d06014a8.pdf","agreement":"","drive":"","resource":""},{"id":270,"title":"\u76f4\u6d41\u7535\u963b\u6d4b\u8bd5\u4eeaPNL2511\u6570\u7801\u7cfb\u5217","catalog":"https:\/\/qiniu.punalei.cn\/uploads\/20250630\/9f6157e1177e99e4fe3674e8d06014a8.pdf","handbook":"https:\/\/qiniu.punalei.cn\/uploads\/20250811\/405841dc3a1790083cdfb28d392a51b6.pdf","agreement":"","drive":"","resource":""},{"id":271,"title":"\u591a\u8def\u6e29\u5ea6\u5de1\u68c0\u6d4b\u8bd5\u4eeaP2000-X PLUS\u7cfb\u5217","catalog":"https:\/\/qiniu.punalei.cn\/uploads\/20250630\/9f6157e1177e99e4fe3674e8d06014a8.pdf","handbook":"https:\/\/qiniu.punalei.cn\/uploads\/20250811\/88bebf25cc9f75277abfb9945aa00ebc.pdf","agreement":"","drive":"","resource":""},{"id":272,"title":"\u624b\u6301\u591a\u8def\u6e29\u5ea6\u6d4b\u8bd5\u4eeaP300-S\u7cfb\u5217","catalog":"https:\/\/qiniu.punalei.cn\/uploads\/20250630\/9f6157e1177e99e4fe3674e8d06014a8.pdf","handbook":"https:\/\/qiniu.punalei.cn\/uploads\/20250811\/4eeb7970b89981df90d0560b8dbe2ff8.pdf","agreement":"","drive":"","resource":""},{"id":290,"title":"\u4ea4\u6d41\u6052\u6d41\u6e90","catalog":"","handbook":"","agreement":"","drive":"","resource":""},{"id":291,"title":"\u4e09\u76f8\u578bPNL300-S\u7cfb\u52170.2\u7ea7","catalog":"","handbook":"https:\/\/qiniu.punalei.cn\/uploads\/20250811\/5f7e3f318e22f4a79790e06a66ac2625.pdf","agreement":"","drive":"","resource":"https:\/\/qiniu.punalei.cn\/uploads\/20250811\/5f7e3f318e22f4a79790e06a66ac2625.pdf"},{"id":295,"title":"\u5c0f\u529f\u7387\u76f4\u6d41\u7535\u5b50\u8d1f\u8f7d","catalog":"","handbook":"https:\/\/qiniu.punalei.cn\/uploads\/20250811\/3c0024e1494ae6a3a5ee57c6e55308d8.pdf","agreement":"","drive":"","resource":""},{"id":298,"title":"\u533b\u7528\u6cc4\u6f0f\u7535\u6d41\u6d4b\u8bd5\u4eea","catalog":"","handbook":"","agreement":"","drive":"","resource":""},{"id":299,"title":"\u5927\u529f\u7387\u76f4\u6d41\u7535\u6e90\u6db2\u66763U\u7cfb\u5217","catalog":"","handbook":"","agreement":"","drive":"","resource":""},{"id":300,"title":"\u5927\u529f\u7387\u76f4\u6d41\u7535\u6e90\u6570\u7801PNL-Y 10kw-15kw\u7cfb\u5217","catalog":"","handbook":"https:\/\/qiniu.punalei.cn\/uploads\/20250811\/6991e7a5b3190aa67ef71fc5ef74964e.pdf","agreement":"","drive":"","resource":""},{"id":303,"title":"\u5b89\u89c4\u7efc\u5408\u6821\u51c6\u70b9\u68c0\u5de5\u88c5","catalog":"","handbook":"","agreement":"","drive":"","resource":""},{"id":304,"title":"\u8010\u538b\u6d4b\u8bd5\u4eea5KV\u7cfb\u5217","catalog":"","handbook":"","agreement":"","drive":"","resource":""},{"id":306,"title":"\u8010\u538b\u6d4b\u8bd5\u4eea10KV\u7cfb\u5217","catalog":"https:\/\/qiniu.punalei.cn\/uploads\/20250630\/9f6157e1177e99e4fe3674e8d06014a8.pdf","handbook":"https:\/\/qiniu.punalei.cn\/uploads\/20250630\/9f6157e1177e99e4fe3674e8d06014a8.pdf","agreement":"","drive":"","resource":""},{"id":307,"title":"\u8010\u538b\u6d4b\u8bd5\u4eea20KV\u7cfb\u5217","catalog":"https:\/\/qiniu.punalei.cn\/uploads\/20250630\/9f6157e1177e99e4fe3674e8d06014a8.pdf","handbook":"https:\/\/qiniu.punalei.cn\/uploads\/20250630\/9f6157e1177e99e4fe3674e8d06014a8.pdf","agreement":"","drive":"","resource":""},{"id":308,"title":"\u7a0b\u63a7\u8010\u538b\u7edd\u7f18PNL7110\\PNL7122\u7cfb\u5217","catalog":"https:\/\/qiniu.punalei.cn\/uploads\/20250630\/9f6157e1177e99e4fe3674e8d06014a8.pdf","handbook":"https:\/\/qiniu.punalei.cn\/uploads\/20250630\/9f6157e1177e99e4fe3674e8d06014a8.pdf","agreement":"","drive":"","resource":""},{"id":309,"title":"\u5b89\u5168\u7efc\u5408\u6027\u80fd\u5206\u6790\u4eeaPNL9950\u7cfb\u5217","catalog":"https:\/\/qiniu.punalei.cn\/uploads\/20250630\/9f6157e1177e99e4fe3674e8d06014a8.pdf","handbook":"https:\/\/qiniu.punalei.cn\/uploads\/20250630\/9f6157e1177e99e4fe3674e8d06014a8.pdf","agreement":"","drive":"","resource":""},{"id":311,"title":"\u5355\u4e09\u76f8 - \u5b89\u5168\u7efc\u5408\u6027\u80fd\u5206\u6790\u4eeaPNL9950-C\u7cfb\u5217","catalog":"https:\/\/qiniu.punalei.cn\/uploads\/20250630\/9f6157e1177e99e4fe3674e8d06014a8.pdf","handbook":"https:\/\/qiniu.punalei.cn\/uploads\/20250630\/9f6157e1177e99e4fe3674e8d06014a8.pdf","agreement":"","drive":"","resource":""},{"id":312,"title":"1-300V\/45-400Hz \u4ea4\u6d41\u53d8\u9891\u7535\u6e90 P9515\\20\\30\\45\\60-\\TSD\u7cfb\u5217","catalog":"https:\/\/qiniu.punalei.cn\/uploads\/20250630\/9f6157e1177e99e4fe3674e8d06014a8.pdf","handbook":"https:\/\/qiniu.punalei.cn\/uploads\/20250630\/9f6157e1177e99e4fe3674e8d06014a8.pdf","agreement":"","drive":"","resource":""},{"id":314,"title":"1-300V\/45-400Hz \u4ea4\u6d41\u53d8\u9891\u7535\u6e90 P9520\\30-\\D\u7cfb\u5217","catalog":"https:\/\/qiniu.punalei.cn\/uploads\/20250630\/9f6157e1177e99e4fe3674e8d06014a8.pdf","handbook":"https:\/\/qiniu.punalei.cn\/uploads\/20250630\/9f6157e1177e99e4fe3674e8d06014a8.pdf","agreement":"","drive":"","resource":""},{"id":315,"title":"\u7edd\u7f18\u7535\u963b\u6d4b\u8bd5\u4eeaPNL2682N\u7cfb\u5217","catalog":"https:\/\/qiniu.punalei.cn\/uploads\/20250630\/9f6157e1177e99e4fe3674e8d06014a8.pdf","handbook":"https:\/\/qiniu.punalei.cn\/uploads\/20250811\/7c63757a23e5e98e594bf1b4bf50445a.pdf","agreement":"","drive":"","resource":""},{"id":316,"title":"1-300V\/45-400Hz \u4ea4\u6d41\u53d8\u9891\u7535\u6e90 P9510\\15\\20-\\TD\u7cfb\u5217","catalog":"https:\/\/qiniu.punalei.cn\/uploads\/20250630\/9f6157e1177e99e4fe3674e8d06014a8.pdf","handbook":"https:\/\/qiniu.punalei.cn\/uploads\/20250630\/9f6157e1177e99e4fe3674e8d06014a8.pdf","agreement":"","drive":"","resource":""},{"id":317,"title":"1-300V\/45-400Hz \u4ea4\u6d41\u53d8\u9891\u7535\u6e90 P9530\\50-\\G\\D\u7cfb\u5217","catalog":"https:\/\/qiniu.punalei.cn\/uploads\/20250630\/9f6157e1177e99e4fe3674e8d06014a8.pdf","handbook":"https:\/\/qiniu.punalei.cn\/uploads\/20250630\/9f6157e1177e99e4fe3674e8d06014a8.pdf","agreement":"","drive":"","resource":""},{"id":318,"title":"\u4e09\u76f8\u578b\u8c10\u6ce2PNL300-SX\u7cfb\u52170.2\u7ea7","catalog":"","handbook":"https:\/\/qiniu.punalei.cn\/uploads\/20250811\/c3915be2288c668d42fab75c77d557b6.pdf","agreement":"","drive":"","resource":"https:\/\/qiniu.punalei.cn\/uploads\/20250811\/c3915be2288c668d42fab75c77d557b6.pdf"},{"id":319,"title":"\u7edd\u7f18\u7535\u963b\u6d4b\u8bd5\u4eeaPNL2683AL\u7cfb\u5217","catalog":"https:\/\/qiniu.punalei.cn\/uploads\/20250630\/9f6157e1177e99e4fe3674e8d06014a8.pdf","handbook":"https:\/\/qiniu.punalei.cn\/uploads\/20250811\/29f9570871ea60e153dce0b05698a13e.pdf","agreement":"","drive":"","resource":""},{"id":320,"title":"\u5bbd\u8303\u56f4\u76f4\u6d41\u7535\u963b\u6d4b\u8bd5\u4eeaPNL2513\/15\u7cfb\u5217","catalog":"https:\/\/qiniu.punalei.cn\/uploads\/20250630\/9f6157e1177e99e4fe3674e8d06014a8.pdf","handbook":"https:\/\/qiniu.punalei.cn\/uploads\/20250811\/d94e60f7d79a2b3b6d9b106bf787c6db.pdf","agreement":"","drive":"","resource":""},{"id":321,"title":"\u5927\u529f\u7387\u76f4\u6d41\u7535\u6e90\u6db2\u66764U\u7cfb\u5217","catalog":"","handbook":"","agreement":"","drive":"","resource":""},{"id":322,"title":"\u5927\u529f\u7387\u76f4\u6d41\u7535\u6e90\u6db2\u66765U\u7cfb\u5217","catalog":"","handbook":"","agreement":"","drive":"","resource":""},{"id":323,"title":"\u5927\u529f\u7387\u76f4\u6d41\u7535\u6e90\u6db2\u667620K\u7cfb\u5217","catalog":"","handbook":"","agreement":"","drive":"","resource":""},{"id":324,"title":"\u5927\u529f\u7387\u76f4\u6d41\u7535\u6e90\u6db2\u667640K\u7cfb\u5217","catalog":"","handbook":"","agreement":"","drive":"","resource":""},{"id":325,"title":"\u5927\u529f\u7387\u76f4\u6d41\u7535\u6e90\u6db2\u667660K\u7cfb\u5217","catalog":"","handbook":"","agreement":"","drive":"","resource":""},{"id":326,"title":"\u5927\u529f\u7387\u76f4\u6d41\u7535\u6e90\u6570\u7801PNL-Y 20kw-30kw\u7cfb\u5217","catalog":"","handbook":"https:\/\/qiniu.punalei.cn\/uploads\/20250811\/6991e7a5b3190aa67ef71fc5ef74964e.pdf","agreement":"","drive":"","resource":""},{"id":327,"title":"\u5927\u529f\u7387\u76f4\u6d41\u7535\u6e90\u6570\u7801PNL-Y 40kw-60kw\u7cfb\u5217","catalog":"","handbook":"https:\/\/qiniu.punalei.cn\/uploads\/20250811\/6991e7a5b3190aa67ef71fc5ef74964e.pdf","agreement":"","drive":"","resource":""},{"id":328,"title":"\u5927\u529f\u7387\u76f4\u6d41\u7535\u6e90\u6570\u7801PNL-Y 75kw-90kw\u7cfb\u5217","catalog":"","handbook":"https:\/\/qiniu.punalei.cn\/uploads\/20250811\/6991e7a5b3190aa67ef71fc5ef74964e.pdf","agreement":"","drive":"","resource":""},{"id":329,"title":"\u5927\u529f\u7387\u76f4\u6d41\u7535\u6e90\u6570\u7801PNL-U \u9ad8\u538b\u7cfb\u5217","catalog":"","handbook":"https:\/\/qiniu.punalei.cn\/uploads\/20250811\/6991e7a5b3190aa67ef71fc5ef74964e.pdf","agreement":"","drive":"","resource":""},{"id":330,"title":"\u4ea4\u6d41\u7535\u5b50\u8d1f\u8f7d","catalog":"","handbook":"https:\/\/qiniu.punalei.cn\/uploads\/20250811\/18ff267d1dc26e503128741d78be61d7.pdf","agreement":"","drive":"","resource":""},{"id":331,"title":"\u4ea4\u76f4\u6d41\u7535\u5b50\u8d1f\u8f7d","catalog":"","handbook":"https:\/\/qiniu.punalei.cn\/uploads\/20250811\/04725819a3c60dff3e1af918dc2ccaf2.pdf","agreement":"","drive":"","resource":""},{"id":332,"title":"\u5927\u529f\u7387\u76f4\u6d41\u7535\u5b50\u8d1f\u8f7d","catalog":"","handbook":"https:\/\/qiniu.punalei.cn\/uploads\/20250811\/639e5850541f700cdc64053f1d7a18a7.pdf","agreement":"","drive":"","resource":""},{"id":333,"title":"\u5927\u529f\u7387\u76f4\u6d41\u7535\u5b50\u8d1f\u8f7d","catalog":"","handbook":"https:\/\/qiniu.punalei.cn\/uploads\/20250811\/3c0024e1494ae6a3a5ee57c6e55308d8.pdf","agreement":"","drive":"","resource":""},{"id":337,"title":"\u5355\u76f8\u578bPNL300-C\u4ea4\u76f4\u6d41\u7cfb\u52170.2\u7ea7","catalog":"https:\/\/qiniu.punalei.cn\/uploads\/20250630\/9f6157e1177e99e4fe3674e8d06014a8.pdf","handbook":"https:\/\/qiniu.punalei.cn\/uploads\/20250811\/ed50ce8156e54152582ff3356228093d.pdf","agreement":"","drive":"","resource":"https:\/\/qiniu.punalei.cn\/uploads\/20250811\/ed50ce8156e54152582ff3356228093d.pdf"},{"id":338,"title":"\u80fd\u6548\u578bPNL300-E\u4ea4\u76f4\u6d41\u7cfb\u52170.2\u7ea7","catalog":"https:\/\/qiniu.punalei.cn\/uploads\/20250630\/9f6157e1177e99e4fe3674e8d06014a8.pdf","handbook":"https:\/\/qiniu.punalei.cn\/uploads\/20250811\/ed50ce8156e54152582ff3356228093d.pdf","agreement":"","drive":"","resource":"https:\/\/qiniu.punalei.cn\/uploads\/20250811\/ed50ce8156e54152582ff3356228093d.pdf"}]
---------------------------------------------------------------
[ 2026-04-01T08:42:47+08:00 ] 43.157.170.13 GET www.punalei.cn/ldcms/xiazaizhongxin.html?type=5&name=应用产品资料
[ download ] [{"id":262,"name":"\u5355\u76f8\u578bPNL300-A\u4ea4\u6d41\u7cfb\u52170.2\u7ea7-\u5e94\u7528\u4ea7\u54c1\u8d44\u6599","url":"https:\/\/qiniu.punalei.cn\/uploads\/20250811\/ed50ce8156e54152582ff3356228093d.pdf"},{"id":291,"name":"\u4e09\u76f8\u578bPNL300-S\u7cfb\u52170.2\u7ea7-\u5e94\u7528\u4ea7\u54c1\u8d44\u6599","url":"https:\/\/qiniu.punalei.cn\/uploads\/20250811\/5f7e3f318e22f4a79790e06a66ac2625.pdf"},{"id":318,"name":"\u4e09\u76f8\u578b\u8c10\u6ce2PNL300-SX\u7cfb\u52170.2\u7ea7-\u5e94\u7528\u4ea7\u54c1\u8d44\u6599","url":"https:\/\/qiniu.punalei.cn\/uploads\/20250811\/c3915be2288c668d42fab75c77d557b6.pdf"},{"id":337,"name":"\u5355\u76f8\u578bPNL300-C\u4ea4\u76f4\u6d41\u7cfb\u52170.2\u7ea7-\u5e94\u7528\u4ea7\u54c1\u8d44\u6599","url":"https:\/\/qiniu.punalei.cn\/uploads\/20250811\/ed50ce8156e54152582ff3356228093d.pdf"},{"id":338,"name":"\u80fd\u6548\u578bPNL300-E\u4ea4\u76f4\u6d41\u7cfb\u52170.2\u7ea7-\u5e94\u7528\u4ea7\u54c1\u8d44\u6599","url":"https:\/\/qiniu.punalei.cn\/uploads\/20250811\/ed50ce8156e54152582ff3356228093d.pdf"}]
---------------------------------------------------------------
[ 2026-04-01T08:45:20+08:00 ] 117.0.0.222 GET 120.24.147.77/
[ error ] [8192]preg_match(): Passing null to parameter #2 ($subject) of type string is deprecated
[ error ] [8192]preg_match(): Passing null to parameter #2 ($subject) of type string is deprecated
[ error ] [8192]preg_match(): Passing null to parameter #2 ($subject) of type string is deprecated
[ error ] [8192]preg_match(): Passing null to parameter #2 ($subject) of type string is deprecated
[ error ] [8192]preg_match(): Passing null to parameter #2 ($subject) of type string is deprecated
[ error ] [8192]preg_match(): Passing null to parameter #2 ($subject) of type string is deprecated
[ error ] [8192]preg_match(): Passing null to parameter #2 ($subject) of type string is deprecated
[ error ] [8192]preg_match(): Passing null to parameter #2 ($subject) of type string is deprecated
[ error ] [8192]Automatic conversion of false to array is deprecated
[ error ] [2]Undefined array key "title"
[ error ] [2]Undefined array key "title"
[ error ] [2]Undefined array key "title"
[ error ] [2]Undefined array key "title"
---------------------------------------------------------------
[ 2026-04-01T08:47:56+08:00 ] 157.230.98.199 GET 120.24.147.77/
[ error ] [8192]preg_match(): Passing null to parameter #2 ($subject) of type string is deprecated
[ error ] [8192]preg_match(): Passing null to parameter #2 ($subject) of type string is deprecated
[ error ] [8192]preg_match(): Passing null to parameter #2 ($subject) of type string is deprecated
[ error ] [8192]preg_match(): Passing null to parameter #2 ($subject) of type string is deprecated
[ error ] [8192]preg_match(): Passing null to parameter #2 ($subject) of type string is deprecated
[ error ] [8192]preg_match(): Passing null to parameter #2 ($subject) of type string is deprecated
[ error ] [8192]preg_match(): Passing null to parameter #2 ($subject) of type string is deprecated
[ error ] [8192]preg_match(): Passing null to parameter #2 ($subject) of type string is deprecated
[ error ] [8192]Automatic conversion of false to array is deprecated
[ error ] [2]Undefined array key "title"
[ error ] [2]Undefined array key "title"
[ error ] [2]Undefined array key "title"
[ error ] [2]Undefined array key "title"
---------------------------------------------------------------
[ 2026-04-01T08:53:06+08:00 ] 43.157.67.70 GET www.punalei.cn/ldcms/xiazaizhongxin.html?type=2&name=用户手册
[ error ] [8192]preg_match(): Passing null to parameter #2 ($subject) of type string is deprecated
[ error ] [8192]preg_match(): Passing null to parameter #2 ($subject) of type string is deprecated
[ error ] [8192]preg_match(): Passing null to parameter #2 ($subject) of type string is deprecated
[ error ] [8192]preg_match(): Passing null to parameter #2 ($subject) of type string is deprecated
[ error ] [8192]preg_match(): Passing null to parameter #2 ($subject) of type string is deprecated
[ error ] [8192]preg_match(): Passing null to parameter #2 ($subject) of type string is deprecated
[ error ] [8192]preg_match(): Passing null to parameter #2 ($subject) of type string is deprecated
[ error ] [8192]preg_match(): Passing null to parameter #2 ($subject) of type string is deprecated
[ error ] [8192]Automatic conversion of false to array is deprecated
[ download ] 2
---------------------------------------------------------------
[ 2026-04-01T08:53:06+08:00 ] 43.157.67.70 GET www.punalei.cn/ldcms/xiazaizhongxin.html?type=2&name=用户手册
[ download ] [{"id":242,"title":"1-300V\/45-400Hz \u4ea4\u6d41\u53d8\u9891\u7535\u6e90 P9510\\15\\20\\30\\45\\60-\\TSS\u7cfb\u5217","catalog":"https:\/\/qiniu.punalei.cn\/uploads\/20250630\/9f6157e1177e99e4fe3674e8d06014a8.pdf","handbook":"https:\/\/qiniu.punalei.cn\/uploads\/20250630\/9f6157e1177e99e4fe3674e8d06014a8.pdf","agreement":"","drive":"","resource":""},{"id":244,"title":"1-300V\/45-400Hz \u4ea4\u6d41\u53d8\u9891\u7535\u6e90 P9530\\60-\\GSD\\GSS\u7cfb\u5217","catalog":"https:\/\/qiniu.punalei.cn\/uploads\/20250630\/9f6157e1177e99e4fe3674e8d06014a8.pdf","handbook":"https:\/\/qiniu.punalei.cn\/uploads\/20250630\/9f6157e1177e99e4fe3674e8d06014a8.pdf","agreement":"","drive":"","resource":""},{"id":260,"title":"1-300V\/45-400Hz \u4ea4\u6d41\u53d8\u9891\u7535\u6e90 P9505\\10-\\D\u7cfb\u5217","catalog":"https:\/\/qiniu.punalei.cn\/uploads\/20250630\/9f6157e1177e99e4fe3674e8d06014a8.pdf","handbook":"https:\/\/qiniu.punalei.cn\/uploads\/20250630\/9f6157e1177e99e4fe3674e8d06014a8.pdf","agreement":"","drive":"","resource":""},{"id":262,"title":"\u5355\u76f8\u578bPNL300-A\u4ea4\u6d41\u7cfb\u52170.2\u7ea7","catalog":"https:\/\/qiniu.punalei.cn\/uploads\/20250630\/9f6157e1177e99e4fe3674e8d06014a8.pdf","handbook":"https:\/\/qiniu.punalei.cn\/uploads\/20260309\/ed50ce8156e54152582ff3356228093d.pdf","agreement":"","drive":"","resource":"https:\/\/qiniu.punalei.cn\/uploads\/20250811\/ed50ce8156e54152582ff3356228093d.pdf"},{"id":263,"title":"\u6cc4\u6f0f\u7535\u6d41\u6d4b\u8bd5\u4eeaPNL2675\u7cfb\u5217","catalog":"https:\/\/qiniu.punalei.cn\/uploads\/20250630\/9f6157e1177e99e4fe3674e8d06014a8.pdf","handbook":"https:\/\/qiniu.punalei.cn\/uploads\/20250630\/9f6157e1177e99e4fe3674e8d06014a8.pdf","agreement":"","drive":"","resource":""},{"id":264,"title":" \u63a5\u5730\u7535\u963b\u6d4b\u8bd5\u4eeaPNL2678XM\u7cfb\u5217","catalog":"https:\/\/qiniu.punalei.cn\/uploads\/20250630\/9f6157e1177e99e4fe3674e8d06014a8.pdf","handbook":"https:\/\/qiniu.punalei.cn\/uploads\/20250630\/9f6157e1177e99e4fe3674e8d06014a8.pdf","agreement":"","drive":"","resource":""},{"id":268,"title":"\u591a\u901a\u9053\u76f4\u6d41\u7535\u963b\u6d4b\u8bd5\u4eeaPNL2818-X\u7cfb\u5217","catalog":"https:\/\/qiniu.punalei.cn\/uploads\/20250630\/9f6157e1177e99e4fe3674e8d06014a8.pdf","handbook":"https:\/\/qiniu.punalei.cn\/uploads\/20250630\/9f6157e1177e99e4fe3674e8d06014a8.pdf","agreement":"","drive":"","resource":""},{"id":270,"title":"\u76f4\u6d41\u7535\u963b\u6d4b\u8bd5\u4eeaPNL2511\u6570\u7801\u7cfb\u5217","catalog":"https:\/\/qiniu.punalei.cn\/uploads\/20250630\/9f6157e1177e99e4fe3674e8d06014a8.pdf","handbook":"https:\/\/qiniu.punalei.cn\/uploads\/20250811\/405841dc3a1790083cdfb28d392a51b6.pdf","agreement":"","drive":"","resource":""},{"id":271,"title":"\u591a\u8def\u6e29\u5ea6\u5de1\u68c0\u6d4b\u8bd5\u4eeaP2000-X PLUS\u7cfb\u5217","catalog":"https:\/\/qiniu.punalei.cn\/uploads\/20250630\/9f6157e1177e99e4fe3674e8d06014a8.pdf","handbook":"https:\/\/qiniu.punalei.cn\/uploads\/20250811\/88bebf25cc9f75277abfb9945aa00ebc.pdf","agreement":"","drive":"","resource":""},{"id":272,"title":"\u624b\u6301\u591a\u8def\u6e29\u5ea6\u6d4b\u8bd5\u4eeaP300-S\u7cfb\u5217","catalog":"https:\/\/qiniu.punalei.cn\/uploads\/20250630\/9f6157e1177e99e4fe3674e8d06014a8.pdf","handbook":"https:\/\/qiniu.punalei.cn\/uploads\/20250811\/4eeb7970b89981df90d0560b8dbe2ff8.pdf","agreement":"","drive":"","resource":""},{"id":290,"title":"\u4ea4\u6d41\u6052\u6d41\u6e90","catalog":"","handbook":"","agreement":"","drive":"","resource":""},{"id":291,"title":"\u4e09\u76f8\u578bPNL300-S\u7cfb\u52170.2\u7ea7","catalog":"","handbook":"https:\/\/qiniu.punalei.cn\/uploads\/20250811\/5f7e3f318e22f4a79790e06a66ac2625.pdf","agreement":"","drive":"","resource":"https:\/\/qiniu.punalei.cn\/uploads\/20250811\/5f7e3f318e22f4a79790e06a66ac2625.pdf"},{"id":295,"title":"\u5c0f\u529f\u7387\u76f4\u6d41\u7535\u5b50\u8d1f\u8f7d","catalog":"","handbook":"https:\/\/qiniu.punalei.cn\/uploads\/20250811\/3c0024e1494ae6a3a5ee57c6e55308d8.pdf","agreement":"","drive":"","resource":""},{"id":298,"title":"\u533b\u7528\u6cc4\u6f0f\u7535\u6d41\u6d4b\u8bd5\u4eea","catalog":"","handbook":"","agreement":"","drive":"","resource":""},{"id":299,"title":"\u5927\u529f\u7387\u76f4\u6d41\u7535\u6e90\u6db2\u66763U\u7cfb\u5217","catalog":"","handbook":"","agreement":"","drive":"","resource":""},{"id":300,"title":"\u5927\u529f\u7387\u76f4\u6d41\u7535\u6e90\u6570\u7801PNL-Y 10kw-15kw\u7cfb\u5217","catalog":"","handbook":"https:\/\/qiniu.punalei.cn\/uploads\/20250811\/6991e7a5b3190aa67ef71fc5ef74964e.pdf","agreement":"","drive":"","resource":""},{"id":303,"title":"\u5b89\u89c4\u7efc\u5408\u6821\u51c6\u70b9\u68c0\u5de5\u88c5","catalog":"","handbook":"","agreement":"","drive":"","resource":""},{"id":304,"title":"\u8010\u538b\u6d4b\u8bd5\u4eea5KV\u7cfb\u5217","catalog":"","handbook":"","agreement":"","drive":"","resource":""},{"id":306,"title":"\u8010\u538b\u6d4b\u8bd5\u4eea10KV\u7cfb\u5217","catalog":"https:\/\/qiniu.punalei.cn\/uploads\/20250630\/9f6157e1177e99e4fe3674e8d06014a8.pdf","handbook":"https:\/\/qiniu.punalei.cn\/uploads\/20250630\/9f6157e1177e99e4fe3674e8d06014a8.pdf","agreement":"","drive":"","resource":""},{"id":307,"title":"\u8010\u538b\u6d4b\u8bd5\u4eea20KV\u7cfb\u5217","catalog":"https:\/\/qiniu.punalei.cn\/uploads\/20250630\/9f6157e1177e99e4fe3674e8d06014a8.pdf","handbook":"https:\/\/qiniu.punalei.cn\/uploads\/20250630\/9f6157e1177e99e4fe3674e8d06014a8.pdf","agreement":"","drive":"","resource":""},{"id":308,"title":"\u7a0b\u63a7\u8010\u538b\u7edd\u7f18PNL7110\\PNL7122\u7cfb\u5217","catalog":"https:\/\/qiniu.punalei.cn\/uploads\/20250630\/9f6157e1177e99e4fe3674e8d06014a8.pdf","handbook":"https:\/\/qiniu.punalei.cn\/uploads\/20250630\/9f6157e1177e99e4fe3674e8d06014a8.pdf","agreement":"","drive":"","resource":""},{"id":309,"title":"\u5b89\u5168\u7efc\u5408\u6027\u80fd\u5206\u6790\u4eeaPNL9950\u7cfb\u5217","catalog":"https:\/\/qiniu.punalei.cn\/uploads\/20250630\/9f6157e1177e99e4fe3674e8d06014a8.pdf","handbook":"https:\/\/qiniu.punalei.cn\/uploads\/20250630\/9f6157e1177e99e4fe3674e8d06014a8.pdf","agreement":"","drive":"","resource":""},{"id":311,"title":"\u5355\u4e09\u76f8 - \u5b89\u5168\u7efc\u5408\u6027\u80fd\u5206\u6790\u4eeaPNL9950-C\u7cfb\u5217","catalog":"https:\/\/qiniu.punalei.cn\/uploads\/20250630\/9f6157e1177e99e4fe3674e8d06014a8.pdf","handbook":"https:\/\/qiniu.punalei.cn\/uploads\/20250630\/9f6157e1177e99e4fe3674e8d06014a8.pdf","agreement":"","drive":"","resource":""},{"id":312,"title":"1-300V\/45-400Hz \u4ea4\u6d41\u53d8\u9891\u7535\u6e90 P9515\\20\\30\\45\\60-\\TSD\u7cfb\u5217","catalog":"https:\/\/qiniu.punalei.cn\/uploads\/20250630\/9f6157e1177e99e4fe3674e8d06014a8.pdf","handbook":"https:\/\/qiniu.punalei.cn\/uploads\/20250630\/9f6157e1177e99e4fe3674e8d06014a8.pdf","agreement":"","drive":"","resource":""},{"id":314,"title":"1-300V\/45-400Hz \u4ea4\u6d41\u53d8\u9891\u7535\u6e90 P9520\\30-\\D\u7cfb\u5217","catalog":"https:\/\/qiniu.punalei.cn\/uploads\/20250630\/9f6157e1177e99e4fe3674e8d06014a8.pdf","handbook":"https:\/\/qiniu.punalei.cn\/uploads\/20250630\/9f6157e1177e99e4fe3674e8d06014a8.pdf","agreement":"","drive":"","resource":""},{"id":315,"title":"\u7edd\u7f18\u7535\u963b\u6d4b\u8bd5\u4eeaPNL2682N\u7cfb\u5217","catalog":"https:\/\/qiniu.punalei.cn\/uploads\/20250630\/9f6157e1177e99e4fe3674e8d06014a8.pdf","handbook":"https:\/\/qiniu.punalei.cn\/uploads\/20250811\/7c63757a23e5e98e594bf1b4bf50445a.pdf","agreement":"","drive":"","resource":""},{"id":316,"title":"1-300V\/45-400Hz \u4ea4\u6d41\u53d8\u9891\u7535\u6e90 P9510\\15\\20-\\TD\u7cfb\u5217","catalog":"https:\/\/qiniu.punalei.cn\/uploads\/20250630\/9f6157e1177e99e4fe3674e8d06014a8.pdf","handbook":"https:\/\/qiniu.punalei.cn\/uploads\/20250630\/9f6157e1177e99e4fe3674e8d06014a8.pdf","agreement":"","drive":"","resource":""},{"id":317,"title":"1-300V\/45-400Hz \u4ea4\u6d41\u53d8\u9891\u7535\u6e90 P9530\\50-\\G\\D\u7cfb\u5217","catalog":"https:\/\/qiniu.punalei.cn\/uploads\/20250630\/9f6157e1177e99e4fe3674e8d06014a8.pdf","handbook":"https:\/\/qiniu.punalei.cn\/uploads\/20250630\/9f6157e1177e99e4fe3674e8d06014a8.pdf","agreement":"","drive":"","resource":""},{"id":318,"title":"\u4e09\u76f8\u578b\u8c10\u6ce2PNL300-SX\u7cfb\u52170.2\u7ea7","catalog":"","handbook":"https:\/\/qiniu.punalei.cn\/uploads\/20250811\/c3915be2288c668d42fab75c77d557b6.pdf","agreement":"","drive":"","resource":"https:\/\/qiniu.punalei.cn\/uploads\/20250811\/c3915be2288c668d42fab75c77d557b6.pdf"},{"id":319,"title":"\u7edd\u7f18\u7535\u963b\u6d4b\u8bd5\u4eeaPNL2683AL\u7cfb\u5217","catalog":"https:\/\/qiniu.punalei.cn\/uploads\/20250630\/9f6157e1177e99e4fe3674e8d06014a8.pdf","handbook":"https:\/\/qiniu.punalei.cn\/uploads\/20250811\/29f9570871ea60e153dce0b05698a13e.pdf","agreement":"","drive":"","resource":""},{"id":320,"title":"\u5bbd\u8303\u56f4\u76f4\u6d41\u7535\u963b\u6d4b\u8bd5\u4eeaPNL2513\/15\u7cfb\u5217","catalog":"https:\/\/qiniu.punalei.cn\/uploads\/20250630\/9f6157e1177e99e4fe3674e8d06014a8.pdf","handbook":"https:\/\/qiniu.punalei.cn\/uploads\/20250811\/d94e60f7d79a2b3b6d9b106bf787c6db.pdf","agreement":"","drive":"","resource":""},{"id":321,"title":"\u5927\u529f\u7387\u76f4\u6d41\u7535\u6e90\u6db2\u66764U\u7cfb\u5217","catalog":"","handbook":"","agreement":"","drive":"","resource":""},{"id":322,"title":"\u5927\u529f\u7387\u76f4\u6d41\u7535\u6e90\u6db2\u66765U\u7cfb\u5217","catalog":"","handbook":"","agreement":"","drive":"","resource":""},{"id":323,"title":"\u5927\u529f\u7387\u76f4\u6d41\u7535\u6e90\u6db2\u667620K\u7cfb\u5217","catalog":"","handbook":"","agreement":"","drive":"","resource":""},{"id":324,"title":"\u5927\u529f\u7387\u76f4\u6d41\u7535\u6e90\u6db2\u667640K\u7cfb\u5217","catalog":"","handbook":"","agreement":"","drive":"","resource":""},{"id":325,"title":"\u5927\u529f\u7387\u76f4\u6d41\u7535\u6e90\u6db2\u667660K\u7cfb\u5217","catalog":"","handbook":"","agreement":"","drive":"","resource":""},{"id":326,"title":"\u5927\u529f\u7387\u76f4\u6d41\u7535\u6e90\u6570\u7801PNL-Y 20kw-30kw\u7cfb\u5217","catalog":"","handbook":"https:\/\/qiniu.punalei.cn\/uploads\/20250811\/6991e7a5b3190aa67ef71fc5ef74964e.pdf","agreement":"","drive":"","resource":""},{"id":327,"title":"\u5927\u529f\u7387\u76f4\u6d41\u7535\u6e90\u6570\u7801PNL-Y 40kw-60kw\u7cfb\u5217","catalog":"","handbook":"https:\/\/qiniu.punalei.cn\/uploads\/20250811\/6991e7a5b3190aa67ef71fc5ef74964e.pdf","agreement":"","drive":"","resource":""},{"id":328,"title":"\u5927\u529f\u7387\u76f4\u6d41\u7535\u6e90\u6570\u7801PNL-Y 75kw-90kw\u7cfb\u5217","catalog":"","handbook":"https:\/\/qiniu.punalei.cn\/uploads\/20250811\/6991e7a5b3190aa67ef71fc5ef74964e.pdf","agreement":"","drive":"","resource":""},{"id":329,"title":"\u5927\u529f\u7387\u76f4\u6d41\u7535\u6e90\u6570\u7801PNL-U \u9ad8\u538b\u7cfb\u5217","catalog":"","handbook":"https:\/\/qiniu.punalei.cn\/uploads\/20250811\/6991e7a5b3190aa67ef71fc5ef74964e.pdf","agreement":"","drive":"","resource":""},{"id":330,"title":"\u4ea4\u6d41\u7535\u5b50\u8d1f\u8f7d","catalog":"","handbook":"https:\/\/qiniu.punalei.cn\/uploads\/20250811\/18ff267d1dc26e503128741d78be61d7.pdf","agreement":"","drive":"","resource":""},{"id":331,"title":"\u4ea4\u76f4\u6d41\u7535\u5b50\u8d1f\u8f7d","catalog":"","handbook":"https:\/\/qiniu.punalei.cn\/uploads\/20250811\/04725819a3c60dff3e1af918dc2ccaf2.pdf","agreement":"","drive":"","resource":""},{"id":332,"title":"\u5927\u529f\u7387\u76f4\u6d41\u7535\u5b50\u8d1f\u8f7d","catalog":"","handbook":"https:\/\/qiniu.punalei.cn\/uploads\/20250811\/639e5850541f700cdc64053f1d7a18a7.pdf","agreement":"","drive":"","resource":""},{"id":333,"title":"\u5927\u529f\u7387\u76f4\u6d41\u7535\u5b50\u8d1f\u8f7d","catalog":"","handbook":"https:\/\/qiniu.punalei.cn\/uploads\/20250811\/3c0024e1494ae6a3a5ee57c6e55308d8.pdf","agreement":"","drive":"","resource":""},{"id":337,"title":"\u5355\u76f8\u578bPNL300-C\u4ea4\u76f4\u6d41\u7cfb\u52170.2\u7ea7","catalog":"https:\/\/qiniu.punalei.cn\/uploads\/20250630\/9f6157e1177e99e4fe3674e8d06014a8.pdf","handbook":"https:\/\/qiniu.punalei.cn\/uploads\/20250811\/ed50ce8156e54152582ff3356228093d.pdf","agreement":"","drive":"","resource":"https:\/\/qiniu.punalei.cn\/uploads\/20250811\/ed50ce8156e54152582ff3356228093d.pdf"},{"id":338,"title":"\u80fd\u6548\u578bPNL300-E\u4ea4\u76f4\u6d41\u7cfb\u52170.2\u7ea7","catalog":"https:\/\/qiniu.punalei.cn\/uploads\/20250630\/9f6157e1177e99e4fe3674e8d06014a8.pdf","handbook":"https:\/\/qiniu.punalei.cn\/uploads\/20250811\/ed50ce8156e54152582ff3356228093d.pdf","agreement":"","drive":"","resource":"https:\/\/qiniu.punalei.cn\/uploads\/20250811\/ed50ce8156e54152582ff3356228093d.pdf"}]
---------------------------------------------------------------
[ 2026-04-01T08:53:06+08:00 ] 43.157.67.70 GET www.punalei.cn/ldcms/xiazaizhongxin.html?type=2&name=用户手册
[ download ] [{"id":242,"name":"1-300V\/45-400Hz \u4ea4\u6d41\u53d8\u9891\u7535\u6e90 P9510\\15\\20\\30\\45\\60-\\TSS\u7cfb\u5217-\u7528\u6237\u624b\u518c","url":"https:\/\/qiniu.punalei.cn\/uploads\/20250630\/9f6157e1177e99e4fe3674e8d06014a8.pdf"},{"id":244,"name":"1-300V\/45-400Hz \u4ea4\u6d41\u53d8\u9891\u7535\u6e90 P9530\\60-\\GSD\\GSS\u7cfb\u5217-\u7528\u6237\u624b\u518c","url":"https:\/\/qiniu.punalei.cn\/uploads\/20250630\/9f6157e1177e99e4fe3674e8d06014a8.pdf"},{"id":260,"name":"1-300V\/45-400Hz \u4ea4\u6d41\u53d8\u9891\u7535\u6e90 P9505\\10-\\D\u7cfb\u5217-\u7528\u6237\u624b\u518c","url":"https:\/\/qiniu.punalei.cn\/uploads\/20250630\/9f6157e1177e99e4fe3674e8d06014a8.pdf"},{"id":262,"name":"\u5355\u76f8\u578bPNL300-A\u4ea4\u6d41\u7cfb\u52170.2\u7ea7-\u7528\u6237\u624b\u518c","url":"https:\/\/qiniu.punalei.cn\/uploads\/20260309\/ed50ce8156e54152582ff3356228093d.pdf"},{"id":263,"name":"\u6cc4\u6f0f\u7535\u6d41\u6d4b\u8bd5\u4eeaPNL2675\u7cfb\u5217-\u7528\u6237\u624b\u518c","url":"https:\/\/qiniu.punalei.cn\/uploads\/20250630\/9f6157e1177e99e4fe3674e8d06014a8.pdf"},{"id":264,"name":" \u63a5\u5730\u7535\u963b\u6d4b\u8bd5\u4eeaPNL2678XM\u7cfb\u5217-\u7528\u6237\u624b\u518c","url":"https:\/\/qiniu.punalei.cn\/uploads\/20250630\/9f6157e1177e99e4fe3674e8d06014a8.pdf"},{"id":268,"name":"\u591a\u901a\u9053\u76f4\u6d41\u7535\u963b\u6d4b\u8bd5\u4eeaPNL2818-X\u7cfb\u5217-\u7528\u6237\u624b\u518c","url":"https:\/\/qiniu.punalei.cn\/uploads\/20250630\/9f6157e1177e99e4fe3674e8d06014a8.pdf"},{"id":270,"name":"\u76f4\u6d41\u7535\u963b\u6d4b\u8bd5\u4eeaPNL2511\u6570\u7801\u7cfb\u5217-\u7528\u6237\u624b\u518c","url":"https:\/\/qiniu.punalei.cn\/uploads\/20250811\/405841dc3a1790083cdfb28d392a51b6.pdf"},{"id":271,"name":"\u591a\u8def\u6e29\u5ea6\u5de1\u68c0\u6d4b\u8bd5\u4eeaP2000-X PLUS\u7cfb\u5217-\u7528\u6237\u624b\u518c","url":"https:\/\/qiniu.punalei.cn\/uploads\/20250811\/88bebf25cc9f75277abfb9945aa00ebc.pdf"},{"id":272,"name":"\u624b\u6301\u591a\u8def\u6e29\u5ea6\u6d4b\u8bd5\u4eeaP300-S\u7cfb\u5217-\u7528\u6237\u624b\u518c","url":"https:\/\/qiniu.punalei.cn\/uploads\/20250811\/4eeb7970b89981df90d0560b8dbe2ff8.pdf"},{"id":291,"name":"\u4e09\u76f8\u578bPNL300-S\u7cfb\u52170.2\u7ea7-\u7528\u6237\u624b\u518c","url":"https:\/\/qiniu.punalei.cn\/uploads\/20250811\/5f7e3f318e22f4a79790e06a66ac2625.pdf"},{"id":295,"name":"\u5c0f\u529f\u7387\u76f4\u6d41\u7535\u5b50\u8d1f\u8f7d-\u7528\u6237\u624b\u518c","url":"https:\/\/qiniu.punalei.cn\/uploads\/20250811\/3c0024e1494ae6a3a5ee57c6e55308d8.pdf"},{"id":300,"name":"\u5927\u529f\u7387\u76f4\u6d41\u7535\u6e90\u6570\u7801PNL-Y 10kw-15kw\u7cfb\u5217-\u7528\u6237\u624b\u518c","url":"https:\/\/qiniu.punalei.cn\/uploads\/20250811\/6991e7a5b3190aa67ef71fc5ef74964e.pdf"},{"id":306,"name":"\u8010\u538b\u6d4b\u8bd5\u4eea10KV\u7cfb\u5217-\u7528\u6237\u624b\u518c","url":"https:\/\/qiniu.punalei.cn\/uploads\/20250630\/9f6157e1177e99e4fe3674e8d06014a8.pdf"},{"id":307,"name":"\u8010\u538b\u6d4b\u8bd5\u4eea20KV\u7cfb\u5217-\u7528\u6237\u624b\u518c","url":"https:\/\/qiniu.punalei.cn\/uploads\/20250630\/9f6157e1177e99e4fe3674e8d06014a8.pdf"},{"id":308,"name":"\u7a0b\u63a7\u8010\u538b\u7edd\u7f18PNL7110\\PNL7122\u7cfb\u5217-\u7528\u6237\u624b\u518c","url":"https:\/\/qiniu.punalei.cn\/uploads\/20250630\/9f6157e1177e99e4fe3674e8d06014a8.pdf"},{"id":309,"name":"\u5b89\u5168\u7efc\u5408\u6027\u80fd\u5206\u6790\u4eeaPNL9950\u7cfb\u5217-\u7528\u6237\u624b\u518c","url":"https:\/\/qiniu.punalei.cn\/uploads\/20250630\/9f6157e1177e99e4fe3674e8d06014a8.pdf"},{"id":311,"name":"\u5355\u4e09\u76f8 - \u5b89\u5168\u7efc\u5408\u6027\u80fd\u5206\u6790\u4eeaPNL9950-C\u7cfb\u5217-\u7528\u6237\u624b\u518c","url":"https:\/\/qiniu.punalei.cn\/uploads\/20250630\/9f6157e1177e99e4fe3674e8d06014a8.pdf"},{"id":312,"name":"1-300V\/45-400Hz \u4ea4\u6d41\u53d8\u9891\u7535\u6e90 P9515\\20\\30\\45\\60-\\TSD\u7cfb\u5217-\u7528\u6237\u624b\u518c","url":"https:\/\/qiniu.punalei.cn\/uploads\/20250630\/9f6157e1177e99e4fe3674e8d06014a8.pdf"},{"id":314,"name":"1-300V\/45-400Hz \u4ea4\u6d41\u53d8\u9891\u7535\u6e90 P9520\\30-\\D\u7cfb\u5217-\u7528\u6237\u624b\u518c","url":"https:\/\/qiniu.punalei.cn\/uploads\/20250630\/9f6157e1177e99e4fe3674e8d06014a8.pdf"},{"id":315,"name":"\u7edd\u7f18\u7535\u963b\u6d4b\u8bd5\u4eeaPNL2682N\u7cfb\u5217-\u7528\u6237\u624b\u518c","url":"https:\/\/qiniu.punalei.cn\/uploads\/20250811\/7c63757a23e5e98e594bf1b4bf50445a.pdf"},{"id":316,"name":"1-300V\/45-400Hz \u4ea4\u6d41\u53d8\u9891\u7535\u6e90 P9510\\15\\20-\\TD\u7cfb\u5217-\u7528\u6237\u624b\u518c","url":"https:\/\/qiniu.punalei.cn\/uploads\/20250630\/9f6157e1177e99e4fe3674e8d06014a8.pdf"},{"id":317,"name":"1-300V\/45-400Hz \u4ea4\u6d41\u53d8\u9891\u7535\u6e90 P9530\\50-\\G\\D\u7cfb\u5217-\u7528\u6237\u624b\u518c","url":"https:\/\/qiniu.punalei.cn\/uploads\/20250630\/9f6157e1177e99e4fe3674e8d06014a8.pdf"},{"id":318,"name":"\u4e09\u76f8\u578b\u8c10\u6ce2PNL300-SX\u7cfb\u52170.2\u7ea7-\u7528\u6237\u624b\u518c","url":"https:\/\/qiniu.punalei.cn\/uploads\/20250811\/c3915be2288c668d42fab75c77d557b6.pdf"},{"id":319,"name":"\u7edd\u7f18\u7535\u963b\u6d4b\u8bd5\u4eeaPNL2683AL\u7cfb\u5217-\u7528\u6237\u624b\u518c","url":"https:\/\/qiniu.punalei.cn\/uploads\/20250811\/29f9570871ea60e153dce0b05698a13e.pdf"},{"id":320,"name":"\u5bbd\u8303\u56f4\u76f4\u6d41\u7535\u963b\u6d4b\u8bd5\u4eeaPNL2513\/15\u7cfb\u5217-\u7528\u6237\u624b\u518c","url":"https:\/\/qiniu.punalei.cn\/uploads\/20250811\/d94e60f7d79a2b3b6d9b106bf787c6db.pdf"},{"id":326,"name":"\u5927\u529f\u7387\u76f4\u6d41\u7535\u6e90\u6570\u7801PNL-Y 20kw-30kw\u7cfb\u5217-\u7528\u6237\u624b\u518c","url":"https:\/\/qiniu.punalei.cn\/uploads\/20250811\/6991e7a5b3190aa67ef71fc5ef74964e.pdf"},{"id":327,"name":"\u5927\u529f\u7387\u76f4\u6d41\u7535\u6e90\u6570\u7801PNL-Y 40kw-60kw\u7cfb\u5217-\u7528\u6237\u624b\u518c","url":"https:\/\/qiniu.punalei.cn\/uploads\/20250811\/6991e7a5b3190aa67ef71fc5ef74964e.pdf"},{"id":328,"name":"\u5927\u529f\u7387\u76f4\u6d41\u7535\u6e90\u6570\u7801PNL-Y 75kw-90kw\u7cfb\u5217-\u7528\u6237\u624b\u518c","url":"https:\/\/qiniu.punalei.cn\/uploads\/20250811\/6991e7a5b3190aa67ef71fc5ef74964e.pdf"},{"id":329,"name":"\u5927\u529f\u7387\u76f4\u6d41\u7535\u6e90\u6570\u7801PNL-U \u9ad8\u538b\u7cfb\u5217-\u7528\u6237\u624b\u518c","url":"https:\/\/qiniu.punalei.cn\/uploads\/20250811\/6991e7a5b3190aa67ef71fc5ef74964e.pdf"},{"id":330,"name":"\u4ea4\u6d41\u7535\u5b50\u8d1f\u8f7d-\u7528\u6237\u624b\u518c","url":"https:\/\/qiniu.punalei.cn\/uploads\/20250811\/18ff267d1dc26e503128741d78be61d7.pdf"},{"id":331,"name":"\u4ea4\u76f4\u6d41\u7535\u5b50\u8d1f\u8f7d-\u7528\u6237\u624b\u518c","url":"https:\/\/qiniu.punalei.cn\/uploads\/20250811\/04725819a3c60dff3e1af918dc2ccaf2.pdf"},{"id":332,"name":"\u5927\u529f\u7387\u76f4\u6d41\u7535\u5b50\u8d1f\u8f7d-\u7528\u6237\u624b\u518c","url":"https:\/\/qiniu.punalei.cn\/uploads\/20250811\/639e5850541f700cdc64053f1d7a18a7.pdf"},{"id":333,"name":"\u5927\u529f\u7387\u76f4\u6d41\u7535\u5b50\u8d1f\u8f7d-\u7528\u6237\u624b\u518c","url":"https:\/\/qiniu.punalei.cn\/uploads\/20250811\/3c0024e1494ae6a3a5ee57c6e55308d8.pdf"},{"id":337,"name":"\u5355\u76f8\u578bPNL300-C\u4ea4\u76f4\u6d41\u7cfb\u52170.2\u7ea7-\u7528\u6237\u624b\u518c","url":"https:\/\/qiniu.punalei.cn\/uploads\/20250811\/ed50ce8156e54152582ff3356228093d.pdf"},{"id":338,"name":"\u80fd\u6548\u578bPNL300-E\u4ea4\u76f4\u6d41\u7cfb\u52170.2\u7ea7-\u7528\u6237\u624b\u518c","url":"https:\/\/qiniu.punalei.cn\/uploads\/20250811\/ed50ce8156e54152582ff3356228093d.pdf"}]
---------------------------------------------------------------
[ 2026-04-01T08:54:16+08:00 ] 198.235.24.155 GET 120.24.147.77/
[ error ] [8192]preg_match(): Passing null to parameter #2 ($subject) of type string is deprecated
[ error ] [8192]preg_match(): Passing null to parameter #2 ($subject) of type string is deprecated
[ error ] [8192]preg_match(): Passing null to parameter #2 ($subject) of type string is deprecated
[ error ] [8192]preg_match(): Passing null to parameter #2 ($subject) of type string is deprecated
[ error ] [8192]preg_match(): Passing null to parameter #2 ($subject) of type string is deprecated
[ error ] [8192]preg_match(): Passing null to parameter #2 ($subject) of type string is deprecated
[ error ] [8192]preg_match(): Passing null to parameter #2 ($subject) of type string is deprecated
[ error ] [8192]preg_match(): Passing null to parameter #2 ($subject) of type string is deprecated
[ error ] [8192]Automatic conversion of false to array is deprecated
[ error ] [2]Undefined array key "title"
[ error ] [2]Undefined array key "title"
[ error ] [2]Undefined array key "title"
[ error ] [2]Undefined array key "title"
---------------------------------------------------------------
[ 2026-04-01T09:03:30+08:00 ] 43.153.107.22 GET www.punalei.cn/ldcms/punaleiPNAIdangongnenganguixilie/xiazaizhongxin.html?type=4&name=应用驱动软件
[ error ] [8192]preg_match(): Passing null to parameter #2 ($subject) of type string is deprecated
[ error ] [8192]preg_match(): Passing null to parameter #2 ($subject) of type string is deprecated
[ error ] [8192]preg_match(): Passing null to parameter #2 ($subject) of type string is deprecated
[ error ] [8192]preg_match(): Passing null to parameter #2 ($subject) of type string is deprecated
[ error ] [8192]preg_match(): Passing null to parameter #2 ($subject) of type string is deprecated
[ error ] [8192]preg_match(): Passing null to parameter #2 ($subject) of type string is deprecated
[ error ] [8192]preg_match(): Passing null to parameter #2 ($subject) of type string is deprecated
[ error ] [8192]preg_match(): Passing null to parameter #2 ($subject) of type string is deprecated
[ error ] [8192]Automatic conversion of false to array is deprecated
---------------------------------------------------------------
[ 2026-04-01T09:03:30+08:00 ] 43.153.107.22 GET www.punalei.cn/ldcms/punaleiPNAIdangongnenganguixilie/xiazaizhongxin.html?type=4&name=应用驱动软件
[ error ] [8192]preg_match(): Passing null to parameter #2 ($subject) of type string is deprecated
[ error ] [8192]preg_match(): Passing null to parameter #2 ($subject) of type string is deprecated
[ error ] [8192]preg_match(): Passing null to parameter #2 ($subject) of type string is deprecated
[ error ] [8192]preg_match(): Passing null to parameter #2 ($subject) of type string is deprecated
[ error ] [8192]preg_match(): Passing null to parameter #2 ($subject) of type string is deprecated
[ error ] [8192]preg_match(): Passing null to parameter #2 ($subject) of type string is deprecated
---------------------------------------------------------------
[ 2026-04-01T09:09:18+08:00 ] 43.135.36.201 GET punalei.cn/
[ error ] [8192]preg_match(): Passing null to parameter #2 ($subject) of type string is deprecated
[ error ] [8192]preg_match(): Passing null to parameter #2 ($subject) of type string is deprecated
[ error ] [8192]preg_match(): Passing null to parameter #2 ($subject) of type string is deprecated
[ error ] [8192]preg_match(): Passing null to parameter #2 ($subject) of type string is deprecated
[ error ] [8192]preg_match(): Passing null to parameter #2 ($subject) of type string is deprecated
[ error ] [8192]preg_match(): Passing null to parameter #2 ($subject) of type string is deprecated
[ error ] [8192]preg_match(): Passing null to parameter #2 ($subject) of type string is deprecated
[ error ] [8192]preg_match(): Passing null to parameter #2 ($subject) of type string is deprecated
[ error ] [8192]Automatic conversion of false to array is deprecated
[ error ] [2]Undefined array key "title"
[ error ] [2]Undefined array key "title"
[ error ] [2]Undefined array key "title"
[ error ] [2]Undefined array key "title"
---------------------------------------------------------------
[ 2026-04-01T09:14:43+08:00 ] 49.51.195.195 GET www.punalei.cn/ldcms/punaleiPNAIduogongnenganguixilie/311.html
[ error ] [8192]preg_match(): Passing null to parameter #2 ($subject) of type string is deprecated
[ error ] [8192]preg_match(): Passing null to parameter #2 ($subject) of type string is deprecated
[ error ] [8192]preg_match(): Passing null to parameter #2 ($subject) of type string is deprecated
[ error ] [8192]preg_match(): Passing null to parameter #2 ($subject) of type string is deprecated
[ error ] [8192]preg_match(): Passing null to parameter #2 ($subject) of type string is deprecated
[ error ] [8192]preg_match(): Passing null to parameter #2 ($subject) of type string is deprecated
[ error ] [8192]preg_match(): Passing null to parameter #2 ($subject) of type string is deprecated
[ error ] [8192]preg_match(): Passing null to parameter #2 ($subject) of type string is deprecated
[ error ] [8192]Automatic conversion of false to array is deprecated
---------------------------------------------------------------
[ 2026-04-01T09:22:28+08:00 ] 43.156.202.34 GET www.punalei.cn/ldcms/jiaozhiliudianyuanxilie.html
[ error ] [8192]preg_match(): Passing null to parameter #2 ($subject) of type string is deprecated
[ error ] [8192]preg_match(): Passing null to parameter #2 ($subject) of type string is deprecated
[ error ] [8192]preg_match(): Passing null to parameter #2 ($subject) of type string is deprecated
[ error ] [8192]preg_match(): Passing null to parameter #2 ($subject) of type string is deprecated
[ error ] [8192]preg_match(): Passing null to parameter #2 ($subject) of type string is deprecated
[ error ] [8192]preg_match(): Passing null to parameter #2 ($subject) of type string is deprecated
[ error ] [8192]preg_match(): Passing null to parameter #2 ($subject) of type string is deprecated
[ error ] [8192]preg_match(): Passing null to parameter #2 ($subject) of type string is deprecated
[ error ] [8192]Automatic conversion of false to array is deprecated
---------------------------------------------------------------
[ 2026-04-01T09:34:18+08:00 ] 170.106.65.93 GET www.punalei.cn/ldcms/xiazaizhongxin.html?type=4&name=应用驱动软件
[ error ] [8192]preg_match(): Passing null to parameter #2 ($subject) of type string is deprecated
[ error ] [8192]preg_match(): Passing null to parameter #2 ($subject) of type string is deprecated
[ error ] [8192]preg_match(): Passing null to parameter #2 ($subject) of type string is deprecated
[ error ] [8192]preg_match(): Passing null to parameter #2 ($subject) of type string is deprecated
[ error ] [8192]preg_match(): Passing null to parameter #2 ($subject) of type string is deprecated
[ error ] [8192]preg_match(): Passing null to parameter #2 ($subject) of type string is deprecated
[ error ] [8192]preg_match(): Passing null to parameter #2 ($subject) of type string is deprecated
[ error ] [8192]preg_match(): Passing null to parameter #2 ($subject) of type string is deprecated
[ error ] [8192]Automatic conversion of false to array is deprecated
[ download ] 4
---------------------------------------------------------------
[ 2026-04-01T09:34:18+08:00 ] 170.106.65.93 GET www.punalei.cn/ldcms/xiazaizhongxin.html?type=4&name=应用驱动软件
[ download ] [{"id":242,"title":"1-300V\/45-400Hz \u4ea4\u6d41\u53d8\u9891\u7535\u6e90 P9510\\15\\20\\30\\45\\60-\\TSS\u7cfb\u5217","catalog":"https:\/\/qiniu.punalei.cn\/uploads\/20250630\/9f6157e1177e99e4fe3674e8d06014a8.pdf","handbook":"https:\/\/qiniu.punalei.cn\/uploads\/20250630\/9f6157e1177e99e4fe3674e8d06014a8.pdf","agreement":"","drive":"","resource":""},{"id":244,"title":"1-300V\/45-400Hz \u4ea4\u6d41\u53d8\u9891\u7535\u6e90 P9530\\60-\\GSD\\GSS\u7cfb\u5217","catalog":"https:\/\/qiniu.punalei.cn\/uploads\/20250630\/9f6157e1177e99e4fe3674e8d06014a8.pdf","handbook":"https:\/\/qiniu.punalei.cn\/uploads\/20250630\/9f6157e1177e99e4fe3674e8d06014a8.pdf","agreement":"","drive":"","resource":""},{"id":260,"title":"1-300V\/45-400Hz \u4ea4\u6d41\u53d8\u9891\u7535\u6e90 P9505\\10-\\D\u7cfb\u5217","catalog":"https:\/\/qiniu.punalei.cn\/uploads\/20250630\/9f6157e1177e99e4fe3674e8d06014a8.pdf","handbook":"https:\/\/qiniu.punalei.cn\/uploads\/20250630\/9f6157e1177e99e4fe3674e8d06014a8.pdf","agreement":"","drive":"","resource":""},{"id":262,"title":"\u5355\u76f8\u578bPNL300-A\u4ea4\u6d41\u7cfb\u52170.2\u7ea7","catalog":"https:\/\/qiniu.punalei.cn\/uploads\/20250630\/9f6157e1177e99e4fe3674e8d06014a8.pdf","handbook":"https:\/\/qiniu.punalei.cn\/uploads\/20260309\/ed50ce8156e54152582ff3356228093d.pdf","agreement":"","drive":"","resource":"https:\/\/qiniu.punalei.cn\/uploads\/20250811\/ed50ce8156e54152582ff3356228093d.pdf"},{"id":263,"title":"\u6cc4\u6f0f\u7535\u6d41\u6d4b\u8bd5\u4eeaPNL2675\u7cfb\u5217","catalog":"https:\/\/qiniu.punalei.cn\/uploads\/20250630\/9f6157e1177e99e4fe3674e8d06014a8.pdf","handbook":"https:\/\/qiniu.punalei.cn\/uploads\/20250630\/9f6157e1177e99e4fe3674e8d06014a8.pdf","agreement":"","drive":"","resource":""},{"id":264,"title":" \u63a5\u5730\u7535\u963b\u6d4b\u8bd5\u4eeaPNL2678XM\u7cfb\u5217","catalog":"https:\/\/qiniu.punalei.cn\/uploads\/20250630\/9f6157e1177e99e4fe3674e8d06014a8.pdf","handbook":"https:\/\/qiniu.punalei.cn\/uploads\/20250630\/9f6157e1177e99e4fe3674e8d06014a8.pdf","agreement":"","drive":"","resource":""},{"id":268,"title":"\u591a\u901a\u9053\u76f4\u6d41\u7535\u963b\u6d4b\u8bd5\u4eeaPNL2818-X\u7cfb\u5217","catalog":"https:\/\/qiniu.punalei.cn\/uploads\/20250630\/9f6157e1177e99e4fe3674e8d06014a8.pdf","handbook":"https:\/\/qiniu.punalei.cn\/uploads\/20250630\/9f6157e1177e99e4fe3674e8d06014a8.pdf","agreement":"","drive":"","resource":""},{"id":270,"title":"\u76f4\u6d41\u7535\u963b\u6d4b\u8bd5\u4eeaPNL2511\u6570\u7801\u7cfb\u5217","catalog":"https:\/\/qiniu.punalei.cn\/uploads\/20250630\/9f6157e1177e99e4fe3674e8d06014a8.pdf","handbook":"https:\/\/qiniu.punalei.cn\/uploads\/20250811\/405841dc3a1790083cdfb28d392a51b6.pdf","agreement":"","drive":"","resource":""},{"id":271,"title":"\u591a\u8def\u6e29\u5ea6\u5de1\u68c0\u6d4b\u8bd5\u4eeaP2000-X PLUS\u7cfb\u5217","catalog":"https:\/\/qiniu.punalei.cn\/uploads\/20250630\/9f6157e1177e99e4fe3674e8d06014a8.pdf","handbook":"https:\/\/qiniu.punalei.cn\/uploads\/20250811\/88bebf25cc9f75277abfb9945aa00ebc.pdf","agreement":"","drive":"","resource":""},{"id":272,"title":"\u624b\u6301\u591a\u8def\u6e29\u5ea6\u6d4b\u8bd5\u4eeaP300-S\u7cfb\u5217","catalog":"https:\/\/qiniu.punalei.cn\/uploads\/20250630\/9f6157e1177e99e4fe3674e8d06014a8.pdf","handbook":"https:\/\/qiniu.punalei.cn\/uploads\/20250811\/4eeb7970b89981df90d0560b8dbe2ff8.pdf","agreement":"","drive":"","resource":""},{"id":290,"title":"\u4ea4\u6d41\u6052\u6d41\u6e90","catalog":"","handbook":"","agreement":"","drive":"","resource":""},{"id":291,"title":"\u4e09\u76f8\u578bPNL300-S\u7cfb\u52170.2\u7ea7","catalog":"","handbook":"https:\/\/qiniu.punalei.cn\/uploads\/20250811\/5f7e3f318e22f4a79790e06a66ac2625.pdf","agreement":"","drive":"","resource":"https:\/\/qiniu.punalei.cn\/uploads\/20250811\/5f7e3f318e22f4a79790e06a66ac2625.pdf"},{"id":295,"title":"\u5c0f\u529f\u7387\u76f4\u6d41\u7535\u5b50\u8d1f\u8f7d","catalog":"","handbook":"https:\/\/qiniu.punalei.cn\/uploads\/20250811\/3c0024e1494ae6a3a5ee57c6e55308d8.pdf","agreement":"","drive":"","resource":""},{"id":298,"title":"\u533b\u7528\u6cc4\u6f0f\u7535\u6d41\u6d4b\u8bd5\u4eea","catalog":"","handbook":"","agreement":"","drive":"","resource":""},{"id":299,"title":"\u5927\u529f\u7387\u76f4\u6d41\u7535\u6e90\u6db2\u66763U\u7cfb\u5217","catalog":"","handbook":"","agreement":"","drive":"","resource":""},{"id":300,"title":"\u5927\u529f\u7387\u76f4\u6d41\u7535\u6e90\u6570\u7801PNL-Y 10kw-15kw\u7cfb\u5217","catalog":"","handbook":"https:\/\/qiniu.punalei.cn\/uploads\/20250811\/6991e7a5b3190aa67ef71fc5ef74964e.pdf","agreement":"","drive":"","resource":""},{"id":303,"title":"\u5b89\u89c4\u7efc\u5408\u6821\u51c6\u70b9\u68c0\u5de5\u88c5","catalog":"","handbook":"","agreement":"","drive":"","resource":""},{"id":304,"title":"\u8010\u538b\u6d4b\u8bd5\u4eea5KV\u7cfb\u5217","catalog":"","handbook":"","agreement":"","drive":"","resource":""},{"id":306,"title":"\u8010\u538b\u6d4b\u8bd5\u4eea10KV\u7cfb\u5217","catalog":"https:\/\/qiniu.punalei.cn\/uploads\/20250630\/9f6157e1177e99e4fe3674e8d06014a8.pdf","handbook":"https:\/\/qiniu.punalei.cn\/uploads\/20250630\/9f6157e1177e99e4fe3674e8d06014a8.pdf","agreement":"","drive":"","resource":""},{"id":307,"title":"\u8010\u538b\u6d4b\u8bd5\u4eea20KV\u7cfb\u5217","catalog":"https:\/\/qiniu.punalei.cn\/uploads\/20250630\/9f6157e1177e99e4fe3674e8d06014a8.pdf","handbook":"https:\/\/qiniu.punalei.cn\/uploads\/20250630\/9f6157e1177e99e4fe3674e8d06014a8.pdf","agreement":"","drive":"","resource":""},{"id":308,"title":"\u7a0b\u63a7\u8010\u538b\u7edd\u7f18PNL7110\\PNL7122\u7cfb\u5217","catalog":"https:\/\/qiniu.punalei.cn\/uploads\/20250630\/9f6157e1177e99e4fe3674e8d06014a8.pdf","handbook":"https:\/\/qiniu.punalei.cn\/uploads\/20250630\/9f6157e1177e99e4fe3674e8d06014a8.pdf","agreement":"","drive":"","resource":""},{"id":309,"title":"\u5b89\u5168\u7efc\u5408\u6027\u80fd\u5206\u6790\u4eeaPNL9950\u7cfb\u5217","catalog":"https:\/\/qiniu.punalei.cn\/uploads\/20250630\/9f6157e1177e99e4fe3674e8d06014a8.pdf","handbook":"https:\/\/qiniu.punalei.cn\/uploads\/20250630\/9f6157e1177e99e4fe3674e8d06014a8.pdf","agreement":"","drive":"","resource":""},{"id":311,"title":"\u5355\u4e09\u76f8 - \u5b89\u5168\u7efc\u5408\u6027\u80fd\u5206\u6790\u4eeaPNL9950-C\u7cfb\u5217","catalog":"https:\/\/qiniu.punalei.cn\/uploads\/20250630\/9f6157e1177e99e4fe3674e8d06014a8.pdf","handbook":"https:\/\/qiniu.punalei.cn\/uploads\/20250630\/9f6157e1177e99e4fe3674e8d06014a8.pdf","agreement":"","drive":"","resource":""},{"id":312,"title":"1-300V\/45-400Hz \u4ea4\u6d41\u53d8\u9891\u7535\u6e90 P9515\\20\\30\\45\\60-\\TSD\u7cfb\u5217","catalog":"https:\/\/qiniu.punalei.cn\/uploads\/20250630\/9f6157e1177e99e4fe3674e8d06014a8.pdf","handbook":"https:\/\/qiniu.punalei.cn\/uploads\/20250630\/9f6157e1177e99e4fe3674e8d06014a8.pdf","agreement":"","drive":"","resource":""},{"id":314,"title":"1-300V\/45-400Hz \u4ea4\u6d41\u53d8\u9891\u7535\u6e90 P9520\\30-\\D\u7cfb\u5217","catalog":"https:\/\/qiniu.punalei.cn\/uploads\/20250630\/9f6157e1177e99e4fe3674e8d06014a8.pdf","handbook":"https:\/\/qiniu.punalei.cn\/uploads\/20250630\/9f6157e1177e99e4fe3674e8d06014a8.pdf","agreement":"","drive":"","resource":""},{"id":315,"title":"\u7edd\u7f18\u7535\u963b\u6d4b\u8bd5\u4eeaPNL2682N\u7cfb\u5217","catalog":"https:\/\/qiniu.punalei.cn\/uploads\/20250630\/9f6157e1177e99e4fe3674e8d06014a8.pdf","handbook":"https:\/\/qiniu.punalei.cn\/uploads\/20250811\/7c63757a23e5e98e594bf1b4bf50445a.pdf","agreement":"","drive":"","resource":""},{"id":316,"title":"1-300V\/45-400Hz \u4ea4\u6d41\u53d8\u9891\u7535\u6e90 P9510\\15\\20-\\TD\u7cfb\u5217","catalog":"https:\/\/qiniu.punalei.cn\/uploads\/20250630\/9f6157e1177e99e4fe3674e8d06014a8.pdf","handbook":"https:\/\/qiniu.punalei.cn\/uploads\/20250630\/9f6157e1177e99e4fe3674e8d06014a8.pdf","agreement":"","drive":"","resource":""},{"id":317,"title":"1-300V\/45-400Hz \u4ea4\u6d41\u53d8\u9891\u7535\u6e90 P9530\\50-\\G\\D\u7cfb\u5217","catalog":"https:\/\/qiniu.punalei.cn\/uploads\/20250630\/9f6157e1177e99e4fe3674e8d06014a8.pdf","handbook":"https:\/\/qiniu.punalei.cn\/uploads\/20250630\/9f6157e1177e99e4fe3674e8d06014a8.pdf","agreement":"","drive":"","resource":""},{"id":318,"title":"\u4e09\u76f8\u578b\u8c10\u6ce2PNL300-SX\u7cfb\u52170.2\u7ea7","catalog":"","handbook":"https:\/\/qiniu.punalei.cn\/uploads\/20250811\/c3915be2288c668d42fab75c77d557b6.pdf","agreement":"","drive":"","resource":"https:\/\/qiniu.punalei.cn\/uploads\/20250811\/c3915be2288c668d42fab75c77d557b6.pdf"},{"id":319,"title":"\u7edd\u7f18\u7535\u963b\u6d4b\u8bd5\u4eeaPNL2683AL\u7cfb\u5217","catalog":"https:\/\/qiniu.punalei.cn\/uploads\/20250630\/9f6157e1177e99e4fe3674e8d06014a8.pdf","handbook":"https:\/\/qiniu.punalei.cn\/uploads\/20250811\/29f9570871ea60e153dce0b05698a13e.pdf","agreement":"","drive":"","resource":""},{"id":320,"title":"\u5bbd\u8303\u56f4\u76f4\u6d41\u7535\u963b\u6d4b\u8bd5\u4eeaPNL2513\/15\u7cfb\u5217","catalog":"https:\/\/qiniu.punalei.cn\/uploads\/20250630\/9f6157e1177e99e4fe3674e8d06014a8.pdf","handbook":"https:\/\/qiniu.punalei.cn\/uploads\/20250811\/d94e60f7d79a2b3b6d9b106bf787c6db.pdf","agreement":"","drive":"","resource":""},{"id":321,"title":"\u5927\u529f\u7387\u76f4\u6d41\u7535\u6e90\u6db2\u66764U\u7cfb\u5217","catalog":"","handbook":"","agreement":"","drive":"","resource":""},{"id":322,"title":"\u5927\u529f\u7387\u76f4\u6d41\u7535\u6e90\u6db2\u66765U\u7cfb\u5217","catalog":"","handbook":"","agreement":"","drive":"","resource":""},{"id":323,"title":"\u5927\u529f\u7387\u76f4\u6d41\u7535\u6e90\u6db2\u667620K\u7cfb\u5217","catalog":"","handbook":"","agreement":"","drive":"","resource":""},{"id":324,"title":"\u5927\u529f\u7387\u76f4\u6d41\u7535\u6e90\u6db2\u667640K\u7cfb\u5217","catalog":"","handbook":"","agreement":"","drive":"","resource":""},{"id":325,"title":"\u5927\u529f\u7387\u76f4\u6d41\u7535\u6e90\u6db2\u667660K\u7cfb\u5217","catalog":"","handbook":"","agreement":"","drive":"","resource":""},{"id":326,"title":"\u5927\u529f\u7387\u76f4\u6d41\u7535\u6e90\u6570\u7801PNL-Y 20kw-30kw\u7cfb\u5217","catalog":"","handbook":"https:\/\/qiniu.punalei.cn\/uploads\/20250811\/6991e7a5b3190aa67ef71fc5ef74964e.pdf","agreement":"","drive":"","resource":""},{"id":327,"title":"\u5927\u529f\u7387\u76f4\u6d41\u7535\u6e90\u6570\u7801PNL-Y 40kw-60kw\u7cfb\u5217","catalog":"","handbook":"https:\/\/qiniu.punalei.cn\/uploads\/20250811\/6991e7a5b3190aa67ef71fc5ef74964e.pdf","agreement":"","drive":"","resource":""},{"id":328,"title":"\u5927\u529f\u7387\u76f4\u6d41\u7535\u6e90\u6570\u7801PNL-Y 75kw-90kw\u7cfb\u5217","catalog":"","handbook":"https:\/\/qiniu.punalei.cn\/uploads\/20250811\/6991e7a5b3190aa67ef71fc5ef74964e.pdf","agreement":"","drive":"","resource":""},{"id":329,"title":"\u5927\u529f\u7387\u76f4\u6d41\u7535\u6e90\u6570\u7801PNL-U \u9ad8\u538b\u7cfb\u5217","catalog":"","handbook":"https:\/\/qiniu.punalei.cn\/uploads\/20250811\/6991e7a5b3190aa67ef71fc5ef74964e.pdf","agreement":"","drive":"","resource":""},{"id":330,"title":"\u4ea4\u6d41\u7535\u5b50\u8d1f\u8f7d","catalog":"","handbook":"https:\/\/qiniu.punalei.cn\/uploads\/20250811\/18ff267d1dc26e503128741d78be61d7.pdf","agreement":"","drive":"","resource":""},{"id":331,"title":"\u4ea4\u76f4\u6d41\u7535\u5b50\u8d1f\u8f7d","catalog":"","handbook":"https:\/\/qiniu.punalei.cn\/uploads\/20250811\/04725819a3c60dff3e1af918dc2ccaf2.pdf","agreement":"","drive":"","resource":""},{"id":332,"title":"\u5927\u529f\u7387\u76f4\u6d41\u7535\u5b50\u8d1f\u8f7d","catalog":"","handbook":"https:\/\/qiniu.punalei.cn\/uploads\/20250811\/639e5850541f700cdc64053f1d7a18a7.pdf","agreement":"","drive":"","resource":""},{"id":333,"title":"\u5927\u529f\u7387\u76f4\u6d41\u7535\u5b50\u8d1f\u8f7d","catalog":"","handbook":"https:\/\/qiniu.punalei.cn\/uploads\/20250811\/3c0024e1494ae6a3a5ee57c6e55308d8.pdf","agreement":"","drive":"","resource":""},{"id":337,"title":"\u5355\u76f8\u578bPNL300-C\u4ea4\u76f4\u6d41\u7cfb\u52170.2\u7ea7","catalog":"https:\/\/qiniu.punalei.cn\/uploads\/20250630\/9f6157e1177e99e4fe3674e8d06014a8.pdf","handbook":"https:\/\/qiniu.punalei.cn\/uploads\/20250811\/ed50ce8156e54152582ff3356228093d.pdf","agreement":"","drive":"","resource":"https:\/\/qiniu.punalei.cn\/uploads\/20250811\/ed50ce8156e54152582ff3356228093d.pdf"},{"id":338,"title":"\u80fd\u6548\u578bPNL300-E\u4ea4\u76f4\u6d41\u7cfb\u52170.2\u7ea7","catalog":"https:\/\/qiniu.punalei.cn\/uploads\/20250630\/9f6157e1177e99e4fe3674e8d06014a8.pdf","handbook":"https:\/\/qiniu.punalei.cn\/uploads\/20250811\/ed50ce8156e54152582ff3356228093d.pdf","agreement":"","drive":"","resource":"https:\/\/qiniu.punalei.cn\/uploads\/20250811\/ed50ce8156e54152582ff3356228093d.pdf"}]
---------------------------------------------------------------
[ 2026-04-01T09:34:18+08:00 ] 170.106.65.93 GET www.punalei.cn/ldcms/xiazaizhongxin.html?type=4&name=应用驱动软件
[ download ] []
---------------------------------------------------------------
[ 2026-04-01T09:36:50+08:00 ] 69.164.217.74 GET 120.24.147.77/
[ error ] [8192]preg_match(): Passing null to parameter #2 ($subject) of type string is deprecated
[ error ] [8192]preg_match(): Passing null to parameter #2 ($subject) of type string is deprecated
[ error ] [8192]preg_match(): Passing null to parameter #2 ($subject) of type string is deprecated
[ error ] [8192]preg_match(): Passing null to parameter #2 ($subject) of type string is deprecated
[ error ] [8192]preg_match(): Passing null to parameter #2 ($subject) of type string is deprecated
[ error ] [8192]preg_match(): Passing null to parameter #2 ($subject) of type string is deprecated
[ error ] [8192]preg_match(): Passing null to parameter #2 ($subject) of type string is deprecated
[ error ] [8192]preg_match(): Passing null to parameter #2 ($subject) of type string is deprecated
[ error ] [8192]Automatic conversion of false to array is deprecated
[ error ] [2]Undefined array key "title"
[ error ] [2]Undefined array key "title"
[ error ] [2]Undefined array key "title"
[ error ] [2]Undefined array key "title"
---------------------------------------------------------------
[ 2026-04-01T09:37:04+08:00 ] 172.236.127.133 GET 120.24.147.77/
[ error ] [8192]preg_match(): Passing null to parameter #2 ($subject) of type string is deprecated
[ error ] [8192]preg_match(): Passing null to parameter #2 ($subject) of type string is deprecated
[ error ] [8192]preg_match(): Passing null to parameter #2 ($subject) of type string is deprecated
[ error ] [8192]preg_match(): Passing null to parameter #2 ($subject) of type string is deprecated
[ error ] [8192]preg_match(): Passing null to parameter #2 ($subject) of type string is deprecated
[ error ] [8192]preg_match(): Passing null to parameter #2 ($subject) of type string is deprecated
[ error ] [8192]preg_match(): Passing null to parameter #2 ($subject) of type string is deprecated
[ error ] [8192]preg_match(): Passing null to parameter #2 ($subject) of type string is deprecated
[ error ] [8192]Automatic conversion of false to array is deprecated
[ error ] [2]Undefined array key "title"
[ error ] [2]Undefined array key "title"
[ error ] [2]Undefined array key "title"
[ error ] [2]Undefined array key "title"
---------------------------------------------------------------
[ 2026-04-01T09:43:47+08:00 ] 43.173.1.57 GET www.punalei.cn/ldcms/zhiliudianyuanshumaxilie/328.html
[ error ] [8192]preg_match(): Passing null to parameter #2 ($subject) of type string is deprecated
[ error ] [8192]preg_match(): Passing null to parameter #2 ($subject) of type string is deprecated
[ error ] [8192]preg_match(): Passing null to parameter #2 ($subject) of type string is deprecated
[ error ] [8192]preg_match(): Passing null to parameter #2 ($subject) of type string is deprecated
[ error ] [8192]preg_match(): Passing null to parameter #2 ($subject) of type string is deprecated
[ error ] [8192]preg_match(): Passing null to parameter #2 ($subject) of type string is deprecated
[ error ] [8192]preg_match(): Passing null to parameter #2 ($subject) of type string is deprecated
[ error ] [8192]preg_match(): Passing null to parameter #2 ($subject) of type string is deprecated
[ error ] [8192]Automatic conversion of false to array is deprecated
---------------------------------------------------------------
[ 2026-04-01T09:52:00+08:00 ] 43.159.152.184 GET www.punalei.cn/ldcms/zhiliudianyuanshumaxilie/329.html
[ error ] [8192]preg_match(): Passing null to parameter #2 ($subject) of type string is deprecated
[ error ] [8192]preg_match(): Passing null to parameter #2 ($subject) of type string is deprecated
[ error ] [8192]preg_match(): Passing null to parameter #2 ($subject) of type string is deprecated
[ error ] [8192]preg_match(): Passing null to parameter #2 ($subject) of type string is deprecated
[ error ] [8192]preg_match(): Passing null to parameter #2 ($subject) of type string is deprecated
[ error ] [8192]preg_match(): Passing null to parameter #2 ($subject) of type string is deprecated
[ error ] [8192]preg_match(): Passing null to parameter #2 ($subject) of type string is deprecated
[ error ] [8192]preg_match(): Passing null to parameter #2 ($subject) of type string is deprecated
[ error ] [8192]Automatic conversion of false to array is deprecated
---------------------------------------------------------------
[ 2026-04-01T09:52:21+08:00 ] 49.7.6.40 GET www.punalei.cn/
[ error ] [8192]preg_match(): Passing null to parameter #2 ($subject) of type string is deprecated
[ error ] [8192]preg_match(): Passing null to parameter #2 ($subject) of type string is deprecated
[ error ] [8192]preg_match(): Passing null to parameter #2 ($subject) of type string is deprecated
[ error ] [8192]preg_match(): Passing null to parameter #2 ($subject) of type string is deprecated
[ error ] [8192]preg_match(): Passing null to parameter #2 ($subject) of type string is deprecated
[ error ] [8192]preg_match(): Passing null to parameter #2 ($subject) of type string is deprecated
[ error ] [8192]preg_match(): Passing null to parameter #2 ($subject) of type string is deprecated
[ error ] [8192]preg_match(): Passing null to parameter #2 ($subject) of type string is deprecated
[ error ] [8192]Automatic conversion of false to array is deprecated
[ error ] [2]Undefined array key "title"
[ error ] [2]Undefined array key "title"
[ error ] [2]Undefined array key "title"
[ error ] [2]Undefined array key "title"
---------------------------------------------------------------
[ 2026-04-01T09:52:40+08:00 ] 100.23.61.16 OPTIONS 120.24.147.77/
[ error ] [8192]preg_match(): Passing null to parameter #2 ($subject) of type string is deprecated
[ error ] [8192]preg_match(): Passing null to parameter #2 ($subject) of type string is deprecated
[ error ] [8192]preg_match(): Passing null to parameter #2 ($subject) of type string is deprecated
[ error ] [8192]preg_match(): Passing null to parameter #2 ($subject) of type string is deprecated
[ error ] [8192]preg_match(): Passing null to parameter #2 ($subject) of type string is deprecated
[ error ] [8192]preg_match(): Passing null to parameter #2 ($subject) of type string is deprecated
[ error ] [8192]preg_match(): Passing null to parameter #2 ($subject) of type string is deprecated
[ error ] [8192]preg_match(): Passing null to parameter #2 ($subject) of type string is deprecated
[ error ] [8192]Automatic conversion of false to array is deprecated
[ error ] [2]Undefined array key "title"
[ error ] [2]Undefined array key "title"
[ error ] [2]Undefined array key "title"
[ error ] [2]Undefined array key "title"
---------------------------------------------------------------
[ 2026-04-01T09:59:25+08:00 ] 103.203.59.1 GET 120.24.147.77/
[ error ] [8192]preg_match(): Passing null to parameter #2 ($subject) of type string is deprecated
[ error ] [8192]preg_match(): Passing null to parameter #2 ($subject) of type string is deprecated
[ error ] [8192]preg_match(): Passing null to parameter #2 ($subject) of type string is deprecated
[ error ] [8192]preg_match(): Passing null to parameter #2 ($subject) of type string is deprecated
[ error ] [8192]preg_match(): Passing null to parameter #2 ($subject) of type string is deprecated
[ error ] [8192]preg_match(): Passing null to parameter #2 ($subject) of type string is deprecated
[ error ] [8192]preg_match(): Passing null to parameter #2 ($subject) of type string is deprecated
[ error ] [8192]preg_match(): Passing null to parameter #2 ($subject) of type string is deprecated
[ error ] [8192]Automatic conversion of false to array is deprecated
[ error ] [2]Undefined array key "title"
[ error ] [2]Undefined array key "title"
[ error ] [2]Undefined array key "title"
[ error ] [2]Undefined array key "title"
---------------------------------------------------------------
[ 2026-04-01T10:02:11+08:00 ] 149.86.227.60 GET 120.24.147.77/
[ error ] [8192]preg_match(): Passing null to parameter #2 ($subject) of type string is deprecated
[ error ] [8192]preg_match(): Passing null to parameter #2 ($subject) of type string is deprecated
[ error ] [8192]preg_match(): Passing null to parameter #2 ($subject) of type string is deprecated
[ error ] [8192]preg_match(): Passing null to parameter #2 ($subject) of type string is deprecated
[ error ] [8192]preg_match(): Passing null to parameter #2 ($subject) of type string is deprecated
[ error ] [8192]preg_match(): Passing null to parameter #2 ($subject) of type string is deprecated
[ error ] [8192]preg_match(): Passing null to parameter #2 ($subject) of type string is deprecated
[ error ] [8192]preg_match(): Passing null to parameter #2 ($subject) of type string is deprecated
[ error ] [8192]Automatic conversion of false to array is deprecated
[ error ] [2]Undefined array key "title"
[ error ] [2]Undefined array key "title"
[ error ] [2]Undefined array key "title"
[ error ] [2]Undefined array key "title"
---------------------------------------------------------------
[ 2026-04-01T10:02:50+08:00 ] 51.254.59.113 GET 120.24.147.77/
[ error ] [8192]preg_match(): Passing null to parameter #2 ($subject) of type string is deprecated
[ error ] [8192]preg_match(): Passing null to parameter #2 ($subject) of type string is deprecated
[ error ] [8192]preg_match(): Passing null to parameter #2 ($subject) of type string is deprecated
[ error ] [8192]preg_match(): Passing null to parameter #2 ($subject) of type string is deprecated
[ error ] [8192]preg_match(): Passing null to parameter #2 ($subject) of type string is deprecated
[ error ] [8192]preg_match(): Passing null to parameter #2 ($subject) of type string is deprecated
[ error ] [8192]preg_match(): Passing null to parameter #2 ($subject) of type string is deprecated
[ error ] [8192]preg_match(): Passing null to parameter #2 ($subject) of type string is deprecated
[ error ] [8192]Automatic conversion of false to array is deprecated
[ error ] [2]Undefined array key "title"
[ error ] [2]Undefined array key "title"
[ error ] [2]Undefined array key "title"
[ error ] [2]Undefined array key "title"
---------------------------------------------------------------
[ 2026-04-01T10:03:07+08:00 ] 14.220.187.63 GET punalei.cn/
[ error ] [8192]preg_match(): Passing null to parameter #2 ($subject) of type string is deprecated
[ error ] [8192]preg_match(): Passing null to parameter #2 ($subject) of type string is deprecated
[ error ] [8192]preg_match(): Passing null to parameter #2 ($subject) of type string is deprecated
[ error ] [8192]preg_match(): Passing null to parameter #2 ($subject) of type string is deprecated
[ error ] [8192]preg_match(): Passing null to parameter #2 ($subject) of type string is deprecated
[ error ] [8192]preg_match(): Passing null to parameter #2 ($subject) of type string is deprecated
[ error ] [8192]preg_match(): Passing null to parameter #2 ($subject) of type string is deprecated
[ error ] [8192]preg_match(): Passing null to parameter #2 ($subject) of type string is deprecated
[ error ] [8192]Automatic conversion of false to array is deprecated
[ error ] [2]Undefined array key "title"
[ error ] [2]Undefined array key "title"
[ error ] [2]Undefined array key "title"
[ error ] [2]Undefined array key "title"
---------------------------------------------------------------
[ 2026-04-01T10:03:10+08:00 ] 14.220.187.63 GET punalei.cn/ldcms/chanpinjieshao.html
[ error ] [0]类的属性不存在:addons\ldcms\model\Document->apply
---------------------------------------------------------------
[ 2026-04-01T10:03:20+08:00 ] 14.220.187.63 GET punalei.cn/ldcms/gaosutongdaocaijiwenduceshiyiPNL2000PLUSxilie.html
[ error ] [0]类的属性不存在:addons\ldcms\model\Document->apply
---------------------------------------------------------------
[ 2026-04-01T10:04:01+08:00 ] 43.157.22.57 GET www.punalei.cn/
[ error ] [8192]preg_match(): Passing null to parameter #2 ($subject) of type string is deprecated
[ error ] [8192]preg_match(): Passing null to parameter #2 ($subject) of type string is deprecated
[ error ] [8192]preg_match(): Passing null to parameter #2 ($subject) of type string is deprecated
[ error ] [8192]preg_match(): Passing null to parameter #2 ($subject) of type string is deprecated
[ error ] [8192]preg_match(): Passing null to parameter #2 ($subject) of type string is deprecated
[ error ] [8192]preg_match(): Passing null to parameter #2 ($subject) of type string is deprecated
[ error ] [8192]preg_match(): Passing null to parameter #2 ($subject) of type string is deprecated
[ error ] [8192]preg_match(): Passing null to parameter #2 ($subject) of type string is deprecated
[ error ] [8192]Automatic conversion of false to array is deprecated
[ error ] [2]Undefined array key "title"
[ error ] [2]Undefined array key "title"
[ error ] [2]Undefined array key "title"
[ error ] [2]Undefined array key "title"
---------------------------------------------------------------
[ 2026-04-01T10:04:05+08:00 ] 14.220.187.63 GET punalei.cn/
[ error ] [2]Undefined array key "title"
[ error ] [2]Undefined array key "title"
[ error ] [2]Undefined array key "title"
[ error ] [2]Undefined array key "title"
---------------------------------------------------------------
[ 2026-04-01T10:05:02+08:00 ] 43.131.23.154 GET www.punalei.cn/ldcms/dansanxiangzhinenganguizonghefenxiyi
[ error ] [8192]preg_match(): Passing null to parameter #2 ($subject) of type string is deprecated
[ error ] [8192]preg_match(): Passing null to parameter #2 ($subject) of type string is deprecated
[ error ] [8192]preg_match(): Passing null to parameter #2 ($subject) of type string is deprecated
[ error ] [8192]preg_match(): Passing null to parameter #2 ($subject) of type string is deprecated
[ error ] [8192]preg_match(): Passing null to parameter #2 ($subject) of type string is deprecated
[ error ] [8192]preg_match(): Passing null to parameter #2 ($subject) of type string is deprecated
[ error ] [8192]preg_match(): Passing null to parameter #2 ($subject) of type string is deprecated
---------------------------------------------------------------
[ 2026-04-01T10:05:02+08:00 ] 43.131.23.154 GET www.punalei.cn/ldcms/dansanxiangzhinenganguizonghefenxiyi
[ error ] [8192]preg_match(): Passing null to parameter #2 ($subject) of type string is deprecated
[ error ] [8192]preg_match(): Passing null to parameter #2 ($subject) of type string is deprecated
[ error ] [8192]preg_match(): Passing null to parameter #2 ($subject) of type string is deprecated
[ error ] [8192]preg_match(): Passing null to parameter #2 ($subject) of type string is deprecated
[ error ] [8192]preg_match(): Passing null to parameter #2 ($subject) of type string is deprecated
[ error ] [8192]preg_match(): Passing null to parameter #2 ($subject) of type string is deprecated
---------------------------------------------------------------
[ 2026-04-01T10:13:39+08:00 ] 43.153.113.127 GET www.punalei.cn/ldcms/punaleiPNAIduogongnenganguixilie/xiazaizhongxin.html
[ error ] [8192]preg_match(): Passing null to parameter #2 ($subject) of type string is deprecated
[ error ] [8192]preg_match(): Passing null to parameter #2 ($subject) of type string is deprecated
[ error ] [8192]preg_match(): Passing null to parameter #2 ($subject) of type string is deprecated
[ error ] [8192]preg_match(): Passing null to parameter #2 ($subject) of type string is deprecated
[ error ] [8192]preg_match(): Passing null to parameter #2 ($subject) of type string is deprecated
[ error ] [8192]preg_match(): Passing null to parameter #2 ($subject) of type string is deprecated
[ error ] [8192]preg_match(): Passing null to parameter #2 ($subject) of type string is deprecated
[ error ] [8192]preg_match(): Passing null to parameter #2 ($subject) of type string is deprecated
[ error ] [8192]Automatic conversion of false to array is deprecated
---------------------------------------------------------------
[ 2026-04-01T10:13:39+08:00 ] 43.153.113.127 GET www.punalei.cn/ldcms/punaleiPNAIduogongnenganguixilie/xiazaizhongxin.html
[ error ] [8192]preg_match(): Passing null to parameter #2 ($subject) of type string is deprecated
[ error ] [8192]preg_match(): Passing null to parameter #2 ($subject) of type string is deprecated
[ error ] [8192]preg_match(): Passing null to parameter #2 ($subject) of type string is deprecated
[ error ] [8192]preg_match(): Passing null to parameter #2 ($subject) of type string is deprecated
[ error ] [8192]preg_match(): Passing null to parameter #2 ($subject) of type string is deprecated
[ error ] [8192]preg_match(): Passing null to parameter #2 ($subject) of type string is deprecated
---------------------------------------------------------------
[ 2026-04-01T10:16:49+08:00 ] 142.248.80.163 GET 120.24.147.77/
[ error ] [8192]preg_match(): Passing null to parameter #2 ($subject) of type string is deprecated
[ error ] [8192]preg_match(): Passing null to parameter #2 ($subject) of type string is deprecated
[ error ] [8192]preg_match(): Passing null to parameter #2 ($subject) of type string is deprecated
[ error ] [8192]preg_match(): Passing null to parameter #2 ($subject) of type string is deprecated
[ error ] [8192]preg_match(): Passing null to parameter #2 ($subject) of type string is deprecated
[ error ] [8192]preg_match(): Passing null to parameter #2 ($subject) of type string is deprecated
[ error ] [8192]preg_match(): Passing null to parameter #2 ($subject) of type string is deprecated
[ error ] [8192]preg_match(): Passing null to parameter #2 ($subject) of type string is deprecated
[ error ] [8192]Automatic conversion of false to array is deprecated
[ error ] [2]Undefined array key "title"
[ error ] [2]Undefined array key "title"
[ error ] [2]Undefined array key "title"
[ error ] [2]Undefined array key "title"
---------------------------------------------------------------
[ 2026-04-01T10:16:56+08:00 ] 5.180.77.173 GET punalei.cn/
[ error ] [2]Undefined array key "title"
[ error ] [2]Undefined array key "title"
[ error ] [2]Undefined array key "title"
[ error ] [2]Undefined array key "title"
---------------------------------------------------------------
[ 2026-04-01T10:16:59+08:00 ] 5.180.77.173 GET punalei.cn/
[ error ] [2]Undefined array key "title"
[ error ] [2]Undefined array key "title"
[ error ] [2]Undefined array key "title"
[ error ] [2]Undefined array key "title"
---------------------------------------------------------------
[ 2026-04-01T10:20:55+08:00 ] 195.178.110.246 GET 120.24.147.77/.git/credentials
[ error ] [8192]preg_match(): Passing null to parameter #2 ($subject) of type string is deprecated
[ error ] [8192]preg_match(): Passing null to parameter #2 ($subject) of type string is deprecated
[ error ] [8192]preg_match(): Passing null to parameter #2 ($subject) of type string is deprecated
[ error ] [8192]preg_match(): Passing null to parameter #2 ($subject) of type string is deprecated
[ error ] [8192]preg_match(): Passing null to parameter #2 ($subject) of type string is deprecated
[ error ] [8192]preg_match(): Passing null to parameter #2 ($subject) of type string is deprecated
---------------------------------------------------------------
[ 2026-04-01T10:34:10+08:00 ] 45.138.16.131 GET 120.24.147.77/.env
[ error ] [8192]preg_match(): Passing null to parameter #2 ($subject) of type string is deprecated
[ error ] [8192]preg_match(): Passing null to parameter #2 ($subject) of type string is deprecated
[ error ] [8192]preg_match(): Passing null to parameter #2 ($subject) of type string is deprecated
[ error ] [8192]preg_match(): Passing null to parameter #2 ($subject) of type string is deprecated
[ error ] [8192]preg_match(): Passing null to parameter #2 ($subject) of type string is deprecated
[ error ] [8192]preg_match(): Passing null to parameter #2 ($subject) of type string is deprecated
---------------------------------------------------------------
[ 2026-04-01T10:34:23+08:00 ] 45.138.16.131 GET 120.24.147.77/.env
[ error ] [8192]preg_match(): Passing null to parameter #2 ($subject) of type string is deprecated
[ error ] [8192]preg_match(): Passing null to parameter #2 ($subject) of type string is deprecated
[ error ] [8192]preg_match(): Passing null to parameter #2 ($subject) of type string is deprecated
[ error ] [8192]preg_match(): Passing null to parameter #2 ($subject) of type string is deprecated
[ error ] [8192]preg_match(): Passing null to parameter #2 ($subject) of type string is deprecated
[ error ] [8192]preg_match(): Passing null to parameter #2 ($subject) of type string is deprecated
---------------------------------------------------------------
[ 2026-04-01T10:44:13+08:00 ] 46.151.178.13 PROPFIND 120.24.147.77/
[ error ] [8192]preg_match(): Passing null to parameter #2 ($subject) of type string is deprecated
[ error ] [8192]preg_match(): Passing null to parameter #2 ($subject) of type string is deprecated
[ error ] [8192]preg_match(): Passing null to parameter #2 ($subject) of type string is deprecated
[ error ] [8192]preg_match(): Passing null to parameter #2 ($subject) of type string is deprecated
[ error ] [8192]preg_match(): Passing null to parameter #2 ($subject) of type string is deprecated
[ error ] [8192]preg_match(): Passing null to parameter #2 ($subject) of type string is deprecated
---------------------------------------------------------------
[ 2026-04-01T10:44:13+08:00 ] 46.151.178.13 GET 120.24.147.77/
[ error ] [8192]preg_match(): Passing null to parameter #2 ($subject) of type string is deprecated
[ error ] [8192]preg_match(): Passing null to parameter #2 ($subject) of type string is deprecated
[ error ] [8192]preg_match(): Passing null to parameter #2 ($subject) of type string is deprecated
[ error ] [8192]preg_match(): Passing null to parameter #2 ($subject) of type string is deprecated
[ error ] [8192]preg_match(): Passing null to parameter #2 ($subject) of type string is deprecated
[ error ] [8192]preg_match(): Passing null to parameter #2 ($subject) of type string is deprecated
---------------------------------------------------------------
[ 2026-04-01T10:49:45+08:00 ] 52.38.30.124 HEAD 120.24.147.77/epa/scripts/win/nsepa_setup.exe
[ error ] [8192]preg_match(): Passing null to parameter #2 ($subject) of type string is deprecated
[ error ] [8192]preg_match(): Passing null to parameter #2 ($subject) of type string is deprecated
[ error ] [8192]preg_match(): Passing null to parameter #2 ($subject) of type string is deprecated
[ error ] [8192]preg_match(): Passing null to parameter #2 ($subject) of type string is deprecated
[ error ] [8192]preg_match(): Passing null to parameter #2 ($subject) of type string is deprecated
[ error ] [8192]preg_match(): Passing null to parameter #2 ($subject) of type string is deprecated
---------------------------------------------------------------
[ 2026-04-01T10:49:45+08:00 ] 52.38.30.124 HEAD 120.24.147.77/epa/scripts/win/nsepa_setup.exe
[ error ] [8192]preg_match(): Passing null to parameter #2 ($subject) of type string is deprecated
[ error ] [8192]preg_match(): Passing null to parameter #2 ($subject) of type string is deprecated
[ error ] [8192]preg_match(): Passing null to parameter #2 ($subject) of type string is deprecated
[ error ] [8192]preg_match(): Passing null to parameter #2 ($subject) of type string is deprecated
[ error ] [8192]preg_match(): Passing null to parameter #2 ($subject) of type string is deprecated
[ error ] [8192]preg_match(): Passing null to parameter #2 ($subject) of type string is deprecated
---------------------------------------------------------------
[ 2026-04-01T10:57:43+08:00 ] 31.58.214.23 GET 120.24.147.77/.openclaw/secrets.json
[ error ] [8192]preg_match(): Passing null to parameter #2 ($subject) of type string is deprecated
[ error ] [8192]preg_match(): Passing null to parameter #2 ($subject) of type string is deprecated
[ error ] [8192]preg_match(): Passing null to parameter #2 ($subject) of type string is deprecated
[ error ] [8192]preg_match(): Passing null to parameter #2 ($subject) of type string is deprecated
[ error ] [8192]preg_match(): Passing null to parameter #2 ($subject) of type string is deprecated
[ error ] [8192]preg_match(): Passing null to parameter #2 ($subject) of type string is deprecated
---------------------------------------------------------------
[ 2026-04-01T10:57:43+08:00 ] 31.58.214.23 GET 120.24.147.77/.openclaw/secrets.json
[ error ] [8192]preg_match(): Passing null to parameter #2 ($subject) of type string is deprecated
[ error ] [8192]preg_match(): Passing null to parameter #2 ($subject) of type string is deprecated
[ error ] [8192]preg_match(): Passing null to parameter #2 ($subject) of type string is deprecated
[ error ] [8192]preg_match(): Passing null to parameter #2 ($subject) of type string is deprecated
[ error ] [8192]preg_match(): Passing null to parameter #2 ($subject) of type string is deprecated
[ error ] [8192]preg_match(): Passing null to parameter #2 ($subject) of type string is deprecated
---------------------------------------------------------------
[ 2026-04-01T11:03:36+08:00 ] 43.135.148.92 GET 120.24.147.77/
[ error ] [8192]preg_match(): Passing null to parameter #2 ($subject) of type string is deprecated
[ error ] [8192]preg_match(): Passing null to parameter #2 ($subject) of type string is deprecated
[ error ] [8192]preg_match(): Passing null to parameter #2 ($subject) of type string is deprecated
[ error ] [8192]preg_match(): Passing null to parameter #2 ($subject) of type string is deprecated
[ error ] [8192]preg_match(): Passing null to parameter #2 ($subject) of type string is deprecated
[ error ] [8192]preg_match(): Passing null to parameter #2 ($subject) of type string is deprecated
[ error ] [8192]preg_match(): Passing null to parameter #2 ($subject) of type string is deprecated
[ error ] [8192]preg_match(): Passing null to parameter #2 ($subject) of type string is deprecated
[ error ] [8192]Automatic conversion of false to array is deprecated
[ error ] [2]Undefined array key "title"
[ error ] [2]Undefined array key "title"
[ error ] [2]Undefined array key "title"
[ error ] [2]Undefined array key "title"
---------------------------------------------------------------
[ 2026-04-01T11:12:44+08:00 ] 20.168.0.218 GET 120.24.147.77/owa/auth/logon.aspx
[ error ] [8192]preg_match(): Passing null to parameter #2 ($subject) of type string is deprecated
[ error ] [8192]preg_match(): Passing null to parameter #2 ($subject) of type string is deprecated
[ error ] [8192]preg_match(): Passing null to parameter #2 ($subject) of type string is deprecated
[ error ] [8192]preg_match(): Passing null to parameter #2 ($subject) of type string is deprecated
[ error ] [8192]preg_match(): Passing null to parameter #2 ($subject) of type string is deprecated
[ error ] [8192]preg_match(): Passing null to parameter #2 ($subject) of type string is deprecated
---------------------------------------------------------------
[ 2026-04-01T11:12:44+08:00 ] 20.168.0.218 GET 120.24.147.77/owa/auth/logon.aspx
[ error ] [8192]preg_match(): Passing null to parameter #2 ($subject) of type string is deprecated
[ error ] [8192]preg_match(): Passing null to parameter #2 ($subject) of type string is deprecated
[ error ] [8192]preg_match(): Passing null to parameter #2 ($subject) of type string is deprecated
[ error ] [8192]preg_match(): Passing null to parameter #2 ($subject) of type string is deprecated
[ error ] [8192]preg_match(): Passing null to parameter #2 ($subject) of type string is deprecated
[ error ] [8192]preg_match(): Passing null to parameter #2 ($subject) of type string is deprecated
---------------------------------------------------------------
[ 2026-04-01T11:14:01+08:00 ] 158.173.20.98 GET www.punalei.cn/
[ error ] [8192]preg_match(): Passing null to parameter #2 ($subject) of type string is deprecated
[ error ] [8192]preg_match(): Passing null to parameter #2 ($subject) of type string is deprecated
[ error ] [8192]preg_match(): Passing null to parameter #2 ($subject) of type string is deprecated
[ error ] [8192]preg_match(): Passing null to parameter #2 ($subject) of type string is deprecated
[ error ] [8192]preg_match(): Passing null to parameter #2 ($subject) of type string is deprecated
[ error ] [8192]preg_match(): Passing null to parameter #2 ($subject) of type string is deprecated
[ error ] [8192]preg_match(): Passing null to parameter #2 ($subject) of type string is deprecated
[ error ] [8192]preg_match(): Passing null to parameter #2 ($subject) of type string is deprecated
[ error ] [8192]Automatic conversion of false to array is deprecated
[ error ] [2]Undefined array key "title"
[ error ] [2]Undefined array key "title"
[ error ] [2]Undefined array key "title"
[ error ] [2]Undefined array key "title"
---------------------------------------------------------------
[ 2026-04-01T11:15:45+08:00 ] 158.173.20.98 GET www.punalei.cn/apple-touch-icon.png
[ error ] [2]mkdir(): File exists
---------------------------------------------------------------
[ 2026-04-01T11:27:07+08:00 ] 101.32.49.171 GET punalei.cn/
[ error ] [8192]preg_match(): Passing null to parameter #2 ($subject) of type string is deprecated
[ error ] [8192]preg_match(): Passing null to parameter #2 ($subject) of type string is deprecated
[ error ] [8192]preg_match(): Passing null to parameter #2 ($subject) of type string is deprecated
[ error ] [8192]preg_match(): Passing null to parameter #2 ($subject) of type string is deprecated
[ error ] [8192]preg_match(): Passing null to parameter #2 ($subject) of type string is deprecated
[ error ] [8192]preg_match(): Passing null to parameter #2 ($subject) of type string is deprecated
[ error ] [8192]preg_match(): Passing null to parameter #2 ($subject) of type string is deprecated
[ error ] [8192]preg_match(): Passing null to parameter #2 ($subject) of type string is deprecated
[ error ] [8192]Automatic conversion of false to array is deprecated
[ error ] [2]Undefined array key "title"
[ error ] [2]Undefined array key "title"
[ error ] [2]Undefined array key "title"
[ error ] [2]Undefined array key "title"
---------------------------------------------------------------
[ 2026-04-01T12:15:03+08:00 ] 52.53.161.232 GET 120.24.147.77/owa/auth/logon.aspx
[ error ] [8192]preg_match(): Passing null to parameter #2 ($subject) of type string is deprecated
[ error ] [8192]preg_match(): Passing null to parameter #2 ($subject) of type string is deprecated
[ error ] [8192]preg_match(): Passing null to parameter #2 ($subject) of type string is deprecated
[ error ] [8192]preg_match(): Passing null to parameter #2 ($subject) of type string is deprecated
[ error ] [8192]preg_match(): Passing null to parameter #2 ($subject) of type string is deprecated
[ error ] [8192]preg_match(): Passing null to parameter #2 ($subject) of type string is deprecated
---------------------------------------------------------------
[ 2026-04-01T12:15:03+08:00 ] 52.53.161.232 GET 120.24.147.77/owa/auth/logon.aspx
[ error ] [8192]preg_match(): Passing null to parameter #2 ($subject) of type string is deprecated
[ error ] [8192]preg_match(): Passing null to parameter #2 ($subject) of type string is deprecated
[ error ] [8192]preg_match(): Passing null to parameter #2 ($subject) of type string is deprecated
[ error ] [8192]preg_match(): Passing null to parameter #2 ($subject) of type string is deprecated
[ error ] [8192]preg_match(): Passing null to parameter #2 ($subject) of type string is deprecated
[ error ] [8192]preg_match(): Passing null to parameter #2 ($subject) of type string is deprecated
---------------------------------------------------------------
[ 2026-04-01T12:39:05+08:00 ] 47.87.34.234 GET 120.24.147.77/fO4s
[ error ] [8192]preg_match(): Passing null to parameter #2 ($subject) of type string is deprecated
[ error ] [8192]preg_match(): Passing null to parameter #2 ($subject) of type string is deprecated
[ error ] [8192]preg_match(): Passing null to parameter #2 ($subject) of type string is deprecated
[ error ] [8192]preg_match(): Passing null to parameter #2 ($subject) of type string is deprecated
[ error ] [8192]preg_match(): Passing null to parameter #2 ($subject) of type string is deprecated
[ error ] [8192]preg_match(): Passing null to parameter #2 ($subject) of type string is deprecated
---------------------------------------------------------------
[ 2026-04-01T12:39:05+08:00 ] 47.87.34.234 GET 120.24.147.77/fO4s
[ error ] [8192]preg_match(): Passing null to parameter #2 ($subject) of type string is deprecated
[ error ] [8192]preg_match(): Passing null to parameter #2 ($subject) of type string is deprecated
[ error ] [8192]preg_match(): Passing null to parameter #2 ($subject) of type string is deprecated
[ error ] [8192]preg_match(): Passing null to parameter #2 ($subject) of type string is deprecated
[ error ] [8192]preg_match(): Passing null to parameter #2 ($subject) of type string is deprecated
[ error ] [8192]preg_match(): Passing null to parameter #2 ($subject) of type string is deprecated
---------------------------------------------------------------
[ 2026-04-01T12:39:55+08:00 ] 45.33.12.214 GET 120.24.147.77/
[ error ] [8192]preg_match(): Passing null to parameter #2 ($subject) of type string is deprecated
[ error ] [8192]preg_match(): Passing null to parameter #2 ($subject) of type string is deprecated
[ error ] [8192]preg_match(): Passing null to parameter #2 ($subject) of type string is deprecated
[ error ] [8192]preg_match(): Passing null to parameter #2 ($subject) of type string is deprecated
[ error ] [8192]preg_match(): Passing null to parameter #2 ($subject) of type string is deprecated
[ error ] [8192]preg_match(): Passing null to parameter #2 ($subject) of type string is deprecated
[ error ] [8192]preg_match(): Passing null to parameter #2 ($subject) of type string is deprecated
[ error ] [8192]preg_match(): Passing null to parameter #2 ($subject) of type string is deprecated
[ error ] [8192]Automatic conversion of false to array is deprecated
[ error ] [2]Undefined array key "title"
[ error ] [2]Undefined array key "title"
[ error ] [2]Undefined array key "title"
[ error ] [2]Undefined array key "title"
---------------------------------------------------------------
[ 2026-04-01T12:47:38+08:00 ] 47.92.193.60 GET 120.24.147.77/
[ error ] [8192]preg_match(): Passing null to parameter #2 ($subject) of type string is deprecated
[ error ] [8192]preg_match(): Passing null to parameter #2 ($subject) of type string is deprecated
[ error ] [8192]preg_match(): Passing null to parameter #2 ($subject) of type string is deprecated
[ error ] [8192]preg_match(): Passing null to parameter #2 ($subject) of type string is deprecated
[ error ] [8192]preg_match(): Passing null to parameter #2 ($subject) of type string is deprecated
[ error ] [8192]preg_match(): Passing null to parameter #2 ($subject) of type string is deprecated
[ error ] [8192]preg_match(): Passing null to parameter #2 ($subject) of type string is deprecated
[ error ] [8192]preg_match(): Passing null to parameter #2 ($subject) of type string is deprecated
[ error ] [8192]Automatic conversion of false to array is deprecated
[ error ] [2]Undefined array key "title"
[ error ] [2]Undefined array key "title"
[ error ] [2]Undefined array key "title"
[ error ] [2]Undefined array key "title"
---------------------------------------------------------------
[ 2026-04-01T12:49:21+08:00 ] 176.65.149.235 GET 120.24.147.77/
[ error ] [8192]preg_match(): Passing null to parameter #2 ($subject) of type string is deprecated
[ error ] [8192]preg_match(): Passing null to parameter #2 ($subject) of type string is deprecated
[ error ] [8192]preg_match(): Passing null to parameter #2 ($subject) of type string is deprecated
[ error ] [8192]preg_match(): Passing null to parameter #2 ($subject) of type string is deprecated
[ error ] [8192]preg_match(): Passing null to parameter #2 ($subject) of type string is deprecated
[ error ] [8192]preg_match(): Passing null to parameter #2 ($subject) of type string is deprecated
[ error ] [8192]preg_match(): Passing null to parameter #2 ($subject) of type string is deprecated
[ error ] [8192]preg_match(): Passing null to parameter #2 ($subject) of type string is deprecated
[ error ] [8192]Automatic conversion of false to array is deprecated
[ error ] [2]Undefined array key "title"
[ error ] [2]Undefined array key "title"
[ error ] [2]Undefined array key "title"
[ error ] [2]Undefined array key "title"
---------------------------------------------------------------
[ 2026-04-01T12:52:50+08:00 ] 192.253.248.169 GET 120.24.147.77/.env
[ error ] [8192]preg_match(): Passing null to parameter #2 ($subject) of type string is deprecated
[ error ] [8192]preg_match(): Passing null to parameter #2 ($subject) of type string is deprecated
[ error ] [8192]preg_match(): Passing null to parameter #2 ($subject) of type string is deprecated
[ error ] [8192]preg_match(): Passing null to parameter #2 ($subject) of type string is deprecated
[ error ] [8192]preg_match(): Passing null to parameter #2 ($subject) of type string is deprecated
[ error ] [8192]preg_match(): Passing null to parameter #2 ($subject) of type string is deprecated
---------------------------------------------------------------
[ 2026-04-01T12:52:52+08:00 ] 192.253.248.169 GET 120.24.147.77/static//proc/self/environ
[ error ] [8192]preg_match(): Passing null to parameter #2 ($subject) of type string is deprecated
[ error ] [8192]preg_match(): Passing null to parameter #2 ($subject) of type string is deprecated
[ error ] [8192]preg_match(): Passing null to parameter #2 ($subject) of type string is deprecated
[ error ] [8192]preg_match(): Passing null to parameter #2 ($subject) of type string is deprecated
[ error ] [8192]preg_match(): Passing null to parameter #2 ($subject) of type string is deprecated
[ error ] [8192]preg_match(): Passing null to parameter #2 ($subject) of type string is deprecated
---------------------------------------------------------------
[ 2026-04-01T12:52:52+08:00 ] 192.253.248.169 GET 120.24.147.77/static//proc/self/environ
[ error ] [8192]preg_match(): Passing null to parameter #2 ($subject) of type string is deprecated
[ error ] [8192]preg_match(): Passing null to parameter #2 ($subject) of type string is deprecated
[ error ] [8192]preg_match(): Passing null to parameter #2 ($subject) of type string is deprecated
[ error ] [8192]preg_match(): Passing null to parameter #2 ($subject) of type string is deprecated
[ error ] [8192]preg_match(): Passing null to parameter #2 ($subject) of type string is deprecated
[ error ] [8192]preg_match(): Passing null to parameter #2 ($subject) of type string is deprecated
---------------------------------------------------------------
[ 2026-04-01T12:52:52+08:00 ] 192.253.248.169 GET 120.24.147.77/static//proc/self/cmdline
[ error ] [8192]preg_match(): Passing null to parameter #2 ($subject) of type string is deprecated
[ error ] [8192]preg_match(): Passing null to parameter #2 ($subject) of type string is deprecated
[ error ] [8192]preg_match(): Passing null to parameter #2 ($subject) of type string is deprecated
[ error ] [8192]preg_match(): Passing null to parameter #2 ($subject) of type string is deprecated
[ error ] [8192]preg_match(): Passing null to parameter #2 ($subject) of type string is deprecated
[ error ] [8192]preg_match(): Passing null to parameter #2 ($subject) of type string is deprecated
---------------------------------------------------------------
[ 2026-04-01T12:52:52+08:00 ] 192.253.248.169 GET 120.24.147.77/static//proc/self/cmdline
[ error ] [8192]preg_match(): Passing null to parameter #2 ($subject) of type string is deprecated
[ error ] [8192]preg_match(): Passing null to parameter #2 ($subject) of type string is deprecated
[ error ] [8192]preg_match(): Passing null to parameter #2 ($subject) of type string is deprecated
[ error ] [8192]preg_match(): Passing null to parameter #2 ($subject) of type string is deprecated
[ error ] [8192]preg_match(): Passing null to parameter #2 ($subject) of type string is deprecated
[ error ] [8192]preg_match(): Passing null to parameter #2 ($subject) of type string is deprecated
---------------------------------------------------------------
[ 2026-04-01T12:52:53+08:00 ] 192.253.248.169 GET 120.24.147.77/static//home/user/.aws/credentials
[ error ] [8192]preg_match(): Passing null to parameter #2 ($subject) of type string is deprecated
[ error ] [8192]preg_match(): Passing null to parameter #2 ($subject) of type string is deprecated
[ error ] [8192]preg_match(): Passing null to parameter #2 ($subject) of type string is deprecated
[ error ] [8192]preg_match(): Passing null to parameter #2 ($subject) of type string is deprecated
[ error ] [8192]preg_match(): Passing null to parameter #2 ($subject) of type string is deprecated
[ error ] [8192]preg_match(): Passing null to parameter #2 ($subject) of type string is deprecated
---------------------------------------------------------------
[ 2026-04-01T12:52:53+08:00 ] 192.253.248.169 GET 120.24.147.77/static//home/user/.aws/credentials
[ error ] [8192]preg_match(): Passing null to parameter #2 ($subject) of type string is deprecated
[ error ] [8192]preg_match(): Passing null to parameter #2 ($subject) of type string is deprecated
[ error ] [8192]preg_match(): Passing null to parameter #2 ($subject) of type string is deprecated
[ error ] [8192]preg_match(): Passing null to parameter #2 ($subject) of type string is deprecated
[ error ] [8192]preg_match(): Passing null to parameter #2 ($subject) of type string is deprecated
[ error ] [8192]preg_match(): Passing null to parameter #2 ($subject) of type string is deprecated
---------------------------------------------------------------
[ 2026-04-01T12:52:53+08:00 ] 192.253.248.169 GET 120.24.147.77/static//root/.aws/credentials
[ error ] [8192]preg_match(): Passing null to parameter #2 ($subject) of type string is deprecated
[ error ] [8192]preg_match(): Passing null to parameter #2 ($subject) of type string is deprecated
[ error ] [8192]preg_match(): Passing null to parameter #2 ($subject) of type string is deprecated
[ error ] [8192]preg_match(): Passing null to parameter #2 ($subject) of type string is deprecated
[ error ] [8192]preg_match(): Passing null to parameter #2 ($subject) of type string is deprecated
[ error ] [8192]preg_match(): Passing null to parameter #2 ($subject) of type string is deprecated
---------------------------------------------------------------
[ 2026-04-01T12:52:53+08:00 ] 192.253.248.169 GET 120.24.147.77/static//root/.aws/credentials
[ error ] [8192]preg_match(): Passing null to parameter #2 ($subject) of type string is deprecated
[ error ] [8192]preg_match(): Passing null to parameter #2 ($subject) of type string is deprecated
[ error ] [8192]preg_match(): Passing null to parameter #2 ($subject) of type string is deprecated
[ error ] [8192]preg_match(): Passing null to parameter #2 ($subject) of type string is deprecated
[ error ] [8192]preg_match(): Passing null to parameter #2 ($subject) of type string is deprecated
[ error ] [8192]preg_match(): Passing null to parameter #2 ($subject) of type string is deprecated
---------------------------------------------------------------
[ 2026-04-01T12:52:54+08:00 ] 192.253.248.169 GET 120.24.147.77/static//home/user/.env
[ error ] [8192]preg_match(): Passing null to parameter #2 ($subject) of type string is deprecated
[ error ] [8192]preg_match(): Passing null to parameter #2 ($subject) of type string is deprecated
[ error ] [8192]preg_match(): Passing null to parameter #2 ($subject) of type string is deprecated
[ error ] [8192]preg_match(): Passing null to parameter #2 ($subject) of type string is deprecated
[ error ] [8192]preg_match(): Passing null to parameter #2 ($subject) of type string is deprecated
[ error ] [8192]preg_match(): Passing null to parameter #2 ($subject) of type string is deprecated
---------------------------------------------------------------
[ 2026-04-01T12:52:54+08:00 ] 192.253.248.169 GET 120.24.147.77/static//app/.env
[ error ] [8192]preg_match(): Passing null to parameter #2 ($subject) of type string is deprecated
[ error ] [8192]preg_match(): Passing null to parameter #2 ($subject) of type string is deprecated
[ error ] [8192]preg_match(): Passing null to parameter #2 ($subject) of type string is deprecated
[ error ] [8192]preg_match(): Passing null to parameter #2 ($subject) of type string is deprecated
[ error ] [8192]preg_match(): Passing null to parameter #2 ($subject) of type string is deprecated
[ error ] [8192]preg_match(): Passing null to parameter #2 ($subject) of type string is deprecated
---------------------------------------------------------------
[ 2026-04-01T12:52:55+08:00 ] 192.253.248.169 GET 120.24.147.77/static//.env
[ error ] [8192]preg_match(): Passing null to parameter #2 ($subject) of type string is deprecated
[ error ] [8192]preg_match(): Passing null to parameter #2 ($subject) of type string is deprecated
[ error ] [8192]preg_match(): Passing null to parameter #2 ($subject) of type string is deprecated
[ error ] [8192]preg_match(): Passing null to parameter #2 ($subject) of type string is deprecated
[ error ] [8192]preg_match(): Passing null to parameter #2 ($subject) of type string is deprecated
[ error ] [8192]preg_match(): Passing null to parameter #2 ($subject) of type string is deprecated
---------------------------------------------------------------
[ 2026-04-01T12:52:55+08:00 ] 192.253.248.169 GET 120.24.147.77/static//proc/1/environ
[ error ] [8192]preg_match(): Passing null to parameter #2 ($subject) of type string is deprecated
[ error ] [8192]preg_match(): Passing null to parameter #2 ($subject) of type string is deprecated
[ error ] [8192]preg_match(): Passing null to parameter #2 ($subject) of type string is deprecated
[ error ] [8192]preg_match(): Passing null to parameter #2 ($subject) of type string is deprecated
[ error ] [8192]preg_match(): Passing null to parameter #2 ($subject) of type string is deprecated
[ error ] [8192]preg_match(): Passing null to parameter #2 ($subject) of type string is deprecated
---------------------------------------------------------------
[ 2026-04-01T12:52:55+08:00 ] 192.253.248.169 GET 120.24.147.77/static//proc/1/environ
[ error ] [8192]preg_match(): Passing null to parameter #2 ($subject) of type string is deprecated
[ error ] [8192]preg_match(): Passing null to parameter #2 ($subject) of type string is deprecated
[ error ] [8192]preg_match(): Passing null to parameter #2 ($subject) of type string is deprecated
[ error ] [8192]preg_match(): Passing null to parameter #2 ($subject) of type string is deprecated
[ error ] [8192]preg_match(): Passing null to parameter #2 ($subject) of type string is deprecated
[ error ] [8192]preg_match(): Passing null to parameter #2 ($subject) of type string is deprecated
---------------------------------------------------------------
[ 2026-04-01T12:52:56+08:00 ] 192.253.248.169 GET 120.24.147.77/api/.env
[ error ] [8192]preg_match(): Passing null to parameter #2 ($subject) of type string is deprecated
[ error ] [8192]preg_match(): Passing null to parameter #2 ($subject) of type string is deprecated
[ error ] [8192]preg_match(): Passing null to parameter #2 ($subject) of type string is deprecated
[ error ] [8192]preg_match(): Passing null to parameter #2 ($subject) of type string is deprecated
[ error ] [8192]preg_match(): Passing null to parameter #2 ($subject) of type string is deprecated
[ error ] [8192]preg_match(): Passing null to parameter #2 ($subject) of type string is deprecated
---------------------------------------------------------------
[ 2026-04-01T12:52:56+08:00 ] 192.253.248.169 GET 120.24.147.77/backend/.env
[ error ] [8192]preg_match(): Passing null to parameter #2 ($subject) of type string is deprecated
[ error ] [8192]preg_match(): Passing null to parameter #2 ($subject) of type string is deprecated
[ error ] [8192]preg_match(): Passing null to parameter #2 ($subject) of type string is deprecated
[ error ] [8192]preg_match(): Passing null to parameter #2 ($subject) of type string is deprecated
[ error ] [8192]preg_match(): Passing null to parameter #2 ($subject) of type string is deprecated
[ error ] [8192]preg_match(): Passing null to parameter #2 ($subject) of type string is deprecated
---------------------------------------------------------------
[ 2026-04-01T12:52:57+08:00 ] 192.253.248.169 GET 120.24.147.77/admin/.env
[ error ] [8192]preg_match(): Passing null to parameter #2 ($subject) of type string is deprecated
[ error ] [8192]preg_match(): Passing null to parameter #2 ($subject) of type string is deprecated
[ error ] [8192]preg_match(): Passing null to parameter #2 ($subject) of type string is deprecated
[ error ] [8192]preg_match(): Passing null to parameter #2 ($subject) of type string is deprecated
[ error ] [8192]preg_match(): Passing null to parameter #2 ($subject) of type string is deprecated
[ error ] [8192]preg_match(): Passing null to parameter #2 ($subject) of type string is deprecated
---------------------------------------------------------------
[ 2026-04-01T12:52:57+08:00 ] 192.253.248.169 GET 120.24.147.77/.env.example
[ error ] [8192]preg_match(): Passing null to parameter #2 ($subject) of type string is deprecated
[ error ] [8192]preg_match(): Passing null to parameter #2 ($subject) of type string is deprecated
[ error ] [8192]preg_match(): Passing null to parameter #2 ($subject) of type string is deprecated
[ error ] [8192]preg_match(): Passing null to parameter #2 ($subject) of type string is deprecated
[ error ] [8192]preg_match(): Passing null to parameter #2 ($subject) of type string is deprecated
[ error ] [8192]preg_match(): Passing null to parameter #2 ($subject) of type string is deprecated
---------------------------------------------------------------
[ 2026-04-01T12:52:58+08:00 ] 192.253.248.169 GET 120.24.147.77/app_dev.php/_profiler/phpinfo
[ error ] [8192]preg_match(): Passing null to parameter #2 ($subject) of type string is deprecated
[ error ] [8192]preg_match(): Passing null to parameter #2 ($subject) of type string is deprecated
[ error ] [8192]preg_match(): Passing null to parameter #2 ($subject) of type string is deprecated
[ error ] [8192]preg_match(): Passing null to parameter #2 ($subject) of type string is deprecated
[ error ] [8192]preg_match(): Passing null to parameter #2 ($subject) of type string is deprecated
[ error ] [8192]preg_match(): Passing null to parameter #2 ($subject) of type string is deprecated
---------------------------------------------------------------
[ 2026-04-01T12:52:58+08:00 ] 192.253.248.169 GET 120.24.147.77/?phpinfo=-1
[ error ] [8192]preg_match(): Passing null to parameter #2 ($subject) of type string is deprecated
[ error ] [8192]preg_match(): Passing null to parameter #2 ($subject) of type string is deprecated
[ error ] [8192]preg_match(): Passing null to parameter #2 ($subject) of type string is deprecated
[ error ] [8192]preg_match(): Passing null to parameter #2 ($subject) of type string is deprecated
[ error ] [8192]preg_match(): Passing null to parameter #2 ($subject) of type string is deprecated
[ error ] [8192]preg_match(): Passing null to parameter #2 ($subject) of type string is deprecated
[ error ] [8192]preg_match(): Passing null to parameter #2 ($subject) of type string is deprecated
[ error ] [8192]preg_match(): Passing null to parameter #2 ($subject) of type string is deprecated
[ error ] [8192]Automatic conversion of false to array is deprecated
[ error ] [2]Undefined array key "title"
[ error ] [2]Undefined array key "title"
[ error ] [2]Undefined array key "title"
[ error ] [2]Undefined array key "title"
---------------------------------------------------------------
[ 2026-04-01T12:52:59+08:00 ] 192.253.248.169 GET 120.24.147.77/app_dev.php/_profiler/open?file=app/config/parameters.yml
[ error ] [8192]preg_match(): Passing null to parameter #2 ($subject) of type string is deprecated
[ error ] [8192]preg_match(): Passing null to parameter #2 ($subject) of type string is deprecated
[ error ] [8192]preg_match(): Passing null to parameter #2 ($subject) of type string is deprecated
[ error ] [8192]preg_match(): Passing null to parameter #2 ($subject) of type string is deprecated
[ error ] [8192]preg_match(): Passing null to parameter #2 ($subject) of type string is deprecated
[ error ] [8192]preg_match(): Passing null to parameter #2 ($subject) of type string is deprecated
---------------------------------------------------------------
[ 2026-04-01T12:53:00+08:00 ] 192.253.248.169 GET 120.24.147.77/phpinfo.php
[ error ] [8192]preg_match(): Passing null to parameter #2 ($subject) of type string is deprecated
[ error ] [8192]preg_match(): Passing null to parameter #2 ($subject) of type string is deprecated
[ error ] [8192]preg_match(): Passing null to parameter #2 ($subject) of type string is deprecated
[ error ] [8192]preg_match(): Passing null to parameter #2 ($subject) of type string is deprecated
[ error ] [8192]preg_match(): Passing null to parameter #2 ($subject) of type string is deprecated
[ error ] [8192]preg_match(): Passing null to parameter #2 ($subject) of type string is deprecated
---------------------------------------------------------------
[ 2026-04-01T12:53:01+08:00 ] 192.253.248.169 GET 120.24.147.77/?url=.env
[ error ] [8192]preg_match(): Passing null to parameter #2 ($subject) of type string is deprecated
[ error ] [8192]preg_match(): Passing null to parameter #2 ($subject) of type string is deprecated
[ error ] [8192]preg_match(): Passing null to parameter #2 ($subject) of type string is deprecated
[ error ] [8192]preg_match(): Passing null to parameter #2 ($subject) of type string is deprecated
[ error ] [8192]preg_match(): Passing null to parameter #2 ($subject) of type string is deprecated
[ error ] [8192]preg_match(): Passing null to parameter #2 ($subject) of type string is deprecated
[ error ] [8192]preg_match(): Passing null to parameter #2 ($subject) of type string is deprecated
[ error ] [8192]preg_match(): Passing null to parameter #2 ($subject) of type string is deprecated
[ error ] [8192]Automatic conversion of false to array is deprecated
[ error ] [2]Undefined array key "title"
[ error ] [2]Undefined array key "title"
[ error ] [2]Undefined array key "title"
[ error ] [2]Undefined array key "title"
---------------------------------------------------------------
[ 2026-04-01T12:53:02+08:00 ] 192.253.248.169 GET 120.24.147.77/staging/.env
[ error ] [8192]preg_match(): Passing null to parameter #2 ($subject) of type string is deprecated
[ error ] [8192]preg_match(): Passing null to parameter #2 ($subject) of type string is deprecated
[ error ] [8192]preg_match(): Passing null to parameter #2 ($subject) of type string is deprecated
[ error ] [8192]preg_match(): Passing null to parameter #2 ($subject) of type string is deprecated
[ error ] [8192]preg_match(): Passing null to parameter #2 ($subject) of type string is deprecated
[ error ] [8192]preg_match(): Passing null to parameter #2 ($subject) of type string is deprecated
---------------------------------------------------------------
[ 2026-04-01T12:53:03+08:00 ] 192.253.248.169 GET 120.24.147.77/info/
[ error ] [8192]preg_match(): Passing null to parameter #2 ($subject) of type string is deprecated
[ error ] [8192]preg_match(): Passing null to parameter #2 ($subject) of type string is deprecated
[ error ] [8192]preg_match(): Passing null to parameter #2 ($subject) of type string is deprecated
[ error ] [8192]preg_match(): Passing null to parameter #2 ($subject) of type string is deprecated
[ error ] [8192]preg_match(): Passing null to parameter #2 ($subject) of type string is deprecated
[ error ] [8192]preg_match(): Passing null to parameter #2 ($subject) of type string is deprecated
---------------------------------------------------------------
[ 2026-04-01T12:53:03+08:00 ] 192.253.248.169 GET 120.24.147.77/info/
[ error ] [8192]preg_match(): Passing null to parameter #2 ($subject) of type string is deprecated
[ error ] [8192]preg_match(): Passing null to parameter #2 ($subject) of type string is deprecated
[ error ] [8192]preg_match(): Passing null to parameter #2 ($subject) of type string is deprecated
[ error ] [8192]preg_match(): Passing null to parameter #2 ($subject) of type string is deprecated
[ error ] [8192]preg_match(): Passing null to parameter #2 ($subject) of type string is deprecated
[ error ] [8192]preg_match(): Passing null to parameter #2 ($subject) of type string is deprecated
---------------------------------------------------------------
[ 2026-04-01T12:53:03+08:00 ] 192.253.248.169 GET 120.24.147.77/app/.env
[ error ] [8192]preg_match(): Passing null to parameter #2 ($subject) of type string is deprecated
[ error ] [8192]preg_match(): Passing null to parameter #2 ($subject) of type string is deprecated
[ error ] [8192]preg_match(): Passing null to parameter #2 ($subject) of type string is deprecated
[ error ] [8192]preg_match(): Passing null to parameter #2 ($subject) of type string is deprecated
[ error ] [8192]preg_match(): Passing null to parameter #2 ($subject) of type string is deprecated
[ error ] [8192]preg_match(): Passing null to parameter #2 ($subject) of type string is deprecated
---------------------------------------------------------------
[ 2026-04-01T12:53:04+08:00 ] 192.253.248.169 GET 120.24.147.77/phpinfo/
[ error ] [8192]preg_match(): Passing null to parameter #2 ($subject) of type string is deprecated
[ error ] [8192]preg_match(): Passing null to parameter #2 ($subject) of type string is deprecated
[ error ] [8192]preg_match(): Passing null to parameter #2 ($subject) of type string is deprecated
[ error ] [8192]preg_match(): Passing null to parameter #2 ($subject) of type string is deprecated
[ error ] [8192]preg_match(): Passing null to parameter #2 ($subject) of type string is deprecated
[ error ] [8192]preg_match(): Passing null to parameter #2 ($subject) of type string is deprecated
---------------------------------------------------------------
[ 2026-04-01T12:53:04+08:00 ] 192.253.248.169 GET 120.24.147.77/phpinfo/
[ error ] [8192]preg_match(): Passing null to parameter #2 ($subject) of type string is deprecated
[ error ] [8192]preg_match(): Passing null to parameter #2 ($subject) of type string is deprecated
[ error ] [8192]preg_match(): Passing null to parameter #2 ($subject) of type string is deprecated
[ error ] [8192]preg_match(): Passing null to parameter #2 ($subject) of type string is deprecated
[ error ] [8192]preg_match(): Passing null to parameter #2 ($subject) of type string is deprecated
[ error ] [8192]preg_match(): Passing null to parameter #2 ($subject) of type string is deprecated
---------------------------------------------------------------
[ 2026-04-01T12:53:05+08:00 ] 192.253.248.169 GET 120.24.147.77/.env.production
[ error ] [8192]preg_match(): Passing null to parameter #2 ($subject) of type string is deprecated
[ error ] [8192]preg_match(): Passing null to parameter #2 ($subject) of type string is deprecated
[ error ] [8192]preg_match(): Passing null to parameter #2 ($subject) of type string is deprecated
[ error ] [8192]preg_match(): Passing null to parameter #2 ($subject) of type string is deprecated
[ error ] [8192]preg_match(): Passing null to parameter #2 ($subject) of type string is deprecated
[ error ] [8192]preg_match(): Passing null to parameter #2 ($subject) of type string is deprecated
---------------------------------------------------------------
[ 2026-04-01T12:53:05+08:00 ] 192.253.248.169 GET 120.24.147.77/dev/.env
[ error ] [8192]preg_match(): Passing null to parameter #2 ($subject) of type string is deprecated
[ error ] [8192]preg_match(): Passing null to parameter #2 ($subject) of type string is deprecated
[ error ] [8192]preg_match(): Passing null to parameter #2 ($subject) of type string is deprecated
[ error ] [8192]preg_match(): Passing null to parameter #2 ($subject) of type string is deprecated
[ error ] [8192]preg_match(): Passing null to parameter #2 ($subject) of type string is deprecated
[ error ] [8192]preg_match(): Passing null to parameter #2 ($subject) of type string is deprecated
---------------------------------------------------------------
[ 2026-04-01T12:53:06+08:00 ] 192.253.248.169 GET 120.24.147.77/.env.save
[ error ] [8192]preg_match(): Passing null to parameter #2 ($subject) of type string is deprecated
[ error ] [8192]preg_match(): Passing null to parameter #2 ($subject) of type string is deprecated
[ error ] [8192]preg_match(): Passing null to parameter #2 ($subject) of type string is deprecated
[ error ] [8192]preg_match(): Passing null to parameter #2 ($subject) of type string is deprecated
[ error ] [8192]preg_match(): Passing null to parameter #2 ($subject) of type string is deprecated
[ error ] [8192]preg_match(): Passing null to parameter #2 ($subject) of type string is deprecated
---------------------------------------------------------------
[ 2026-04-01T12:53:06+08:00 ] 192.253.248.169 GET 120.24.147.77/demo/.env
[ error ] [8192]preg_match(): Passing null to parameter #2 ($subject) of type string is deprecated
[ error ] [8192]preg_match(): Passing null to parameter #2 ($subject) of type string is deprecated
[ error ] [8192]preg_match(): Passing null to parameter #2 ($subject) of type string is deprecated
[ error ] [8192]preg_match(): Passing null to parameter #2 ($subject) of type string is deprecated
[ error ] [8192]preg_match(): Passing null to parameter #2 ($subject) of type string is deprecated
[ error ] [8192]preg_match(): Passing null to parameter #2 ($subject) of type string is deprecated
---------------------------------------------------------------
[ 2026-04-01T12:53:08+08:00 ] 192.253.248.169 GET 120.24.147.77/server/.env
[ error ] [8192]preg_match(): Passing null to parameter #2 ($subject) of type string is deprecated
[ error ] [8192]preg_match(): Passing null to parameter #2 ($subject) of type string is deprecated
[ error ] [8192]preg_match(): Passing null to parameter #2 ($subject) of type string is deprecated
[ error ] [8192]preg_match(): Passing null to parameter #2 ($subject) of type string is deprecated
[ error ] [8192]preg_match(): Passing null to parameter #2 ($subject) of type string is deprecated
[ error ] [8192]preg_match(): Passing null to parameter #2 ($subject) of type string is deprecated
---------------------------------------------------------------
[ 2026-04-01T12:53:08+08:00 ] 192.253.248.169 GET 120.24.147.77/core/.env
[ error ] [8192]preg_match(): Passing null to parameter #2 ($subject) of type string is deprecated
[ error ] [8192]preg_match(): Passing null to parameter #2 ($subject) of type string is deprecated
[ error ] [8192]preg_match(): Passing null to parameter #2 ($subject) of type string is deprecated
[ error ] [8192]preg_match(): Passing null to parameter #2 ($subject) of type string is deprecated
[ error ] [8192]preg_match(): Passing null to parameter #2 ($subject) of type string is deprecated
[ error ] [8192]preg_match(): Passing null to parameter #2 ($subject) of type string is deprecated
---------------------------------------------------------------
[ 2026-04-01T12:53:09+08:00 ] 192.253.248.169 GET 120.24.147.77/laravel/.env
[ error ] [8192]preg_match(): Passing null to parameter #2 ($subject) of type string is deprecated
[ error ] [8192]preg_match(): Passing null to parameter #2 ($subject) of type string is deprecated
[ error ] [8192]preg_match(): Passing null to parameter #2 ($subject) of type string is deprecated
[ error ] [8192]preg_match(): Passing null to parameter #2 ($subject) of type string is deprecated
[ error ] [8192]preg_match(): Passing null to parameter #2 ($subject) of type string is deprecated
[ error ] [8192]preg_match(): Passing null to parameter #2 ($subject) of type string is deprecated
---------------------------------------------------------------
[ 2026-04-01T12:53:09+08:00 ] 192.253.248.169 GET 120.24.147.77/info
[ error ] [8192]preg_match(): Passing null to parameter #2 ($subject) of type string is deprecated
[ error ] [8192]preg_match(): Passing null to parameter #2 ($subject) of type string is deprecated
[ error ] [8192]preg_match(): Passing null to parameter #2 ($subject) of type string is deprecated
[ error ] [8192]preg_match(): Passing null to parameter #2 ($subject) of type string is deprecated
[ error ] [8192]preg_match(): Passing null to parameter #2 ($subject) of type string is deprecated
[ error ] [8192]preg_match(): Passing null to parameter #2 ($subject) of type string is deprecated
---------------------------------------------------------------
[ 2026-04-01T12:53:09+08:00 ] 192.253.248.169 GET 120.24.147.77/info
[ error ] [8192]preg_match(): Passing null to parameter #2 ($subject) of type string is deprecated
[ error ] [8192]preg_match(): Passing null to parameter #2 ($subject) of type string is deprecated
[ error ] [8192]preg_match(): Passing null to parameter #2 ($subject) of type string is deprecated
[ error ] [8192]preg_match(): Passing null to parameter #2 ($subject) of type string is deprecated
[ error ] [8192]preg_match(): Passing null to parameter #2 ($subject) of type string is deprecated
[ error ] [8192]preg_match(): Passing null to parameter #2 ($subject) of type string is deprecated
---------------------------------------------------------------
[ 2026-04-01T12:53:10+08:00 ] 192.253.248.169 GET 120.24.147.77/.config.yaml
[ error ] [8192]preg_match(): Passing null to parameter #2 ($subject) of type string is deprecated
[ error ] [8192]preg_match(): Passing null to parameter #2 ($subject) of type string is deprecated
[ error ] [8192]preg_match(): Passing null to parameter #2 ($subject) of type string is deprecated
[ error ] [8192]preg_match(): Passing null to parameter #2 ($subject) of type string is deprecated
[ error ] [8192]preg_match(): Passing null to parameter #2 ($subject) of type string is deprecated
[ error ] [8192]preg_match(): Passing null to parameter #2 ($subject) of type string is deprecated
---------------------------------------------------------------
[ 2026-04-01T12:53:10+08:00 ] 192.253.248.169 GET 120.24.147.77/.config.yaml
[ error ] [8192]preg_match(): Passing null to parameter #2 ($subject) of type string is deprecated
[ error ] [8192]preg_match(): Passing null to parameter #2 ($subject) of type string is deprecated
[ error ] [8192]preg_match(): Passing null to parameter #2 ($subject) of type string is deprecated
[ error ] [8192]preg_match(): Passing null to parameter #2 ($subject) of type string is deprecated
[ error ] [8192]preg_match(): Passing null to parameter #2 ($subject) of type string is deprecated
[ error ] [8192]preg_match(): Passing null to parameter #2 ($subject) of type string is deprecated
---------------------------------------------------------------
[ 2026-04-01T12:53:10+08:00 ] 192.253.248.169 GET 120.24.147.77/test/.env
[ error ] [8192]preg_match(): Passing null to parameter #2 ($subject) of type string is deprecated
[ error ] [8192]preg_match(): Passing null to parameter #2 ($subject) of type string is deprecated
[ error ] [8192]preg_match(): Passing null to parameter #2 ($subject) of type string is deprecated
[ error ] [8192]preg_match(): Passing null to parameter #2 ($subject) of type string is deprecated
[ error ] [8192]preg_match(): Passing null to parameter #2 ($subject) of type string is deprecated
[ error ] [8192]preg_match(): Passing null to parameter #2 ($subject) of type string is deprecated
---------------------------------------------------------------
[ 2026-04-01T12:53:11+08:00 ] 192.253.248.169 GET 120.24.147.77/web/.env
[ error ] [8192]preg_match(): Passing null to parameter #2 ($subject) of type string is deprecated
[ error ] [8192]preg_match(): Passing null to parameter #2 ($subject) of type string is deprecated
[ error ] [8192]preg_match(): Passing null to parameter #2 ($subject) of type string is deprecated
[ error ] [8192]preg_match(): Passing null to parameter #2 ($subject) of type string is deprecated
[ error ] [8192]preg_match(): Passing null to parameter #2 ($subject) of type string is deprecated
[ error ] [8192]preg_match(): Passing null to parameter #2 ($subject) of type string is deprecated
---------------------------------------------------------------
[ 2026-04-01T12:53:11+08:00 ] 192.253.248.169 GET 120.24.147.77/secrets.env
[ error ] [8192]preg_match(): Passing null to parameter #2 ($subject) of type string is deprecated
[ error ] [8192]preg_match(): Passing null to parameter #2 ($subject) of type string is deprecated
[ error ] [8192]preg_match(): Passing null to parameter #2 ($subject) of type string is deprecated
[ error ] [8192]preg_match(): Passing null to parameter #2 ($subject) of type string is deprecated
[ error ] [8192]preg_match(): Passing null to parameter #2 ($subject) of type string is deprecated
[ error ] [8192]preg_match(): Passing null to parameter #2 ($subject) of type string is deprecated
---------------------------------------------------------------
[ 2026-04-01T12:57:12+08:00 ] 106.227.49.113 GET punalei.cn/
[ error ] [8192]preg_match(): Passing null to parameter #2 ($subject) of type string is deprecated
[ error ] [8192]preg_match(): Passing null to parameter #2 ($subject) of type string is deprecated
[ error ] [8192]preg_match(): Passing null to parameter #2 ($subject) of type string is deprecated
[ error ] [8192]preg_match(): Passing null to parameter #2 ($subject) of type string is deprecated
[ error ] [8192]preg_match(): Passing null to parameter #2 ($subject) of type string is deprecated
[ error ] [8192]preg_match(): Passing null to parameter #2 ($subject) of type string is deprecated
[ error ] [8192]preg_match(): Passing null to parameter #2 ($subject) of type string is deprecated
[ error ] [8192]preg_match(): Passing null to parameter #2 ($subject) of type string is deprecated
[ error ] [8192]Automatic conversion of false to array is deprecated
[ error ] [2]Undefined array key "title"
[ error ] [2]Undefined array key "title"
[ error ] [2]Undefined array key "title"
[ error ] [2]Undefined array key "title"
---------------------------------------------------------------
[ 2026-04-01T13:00:17+08:00 ] 162.216.149.157 GET 120.24.147.77/
[ error ] [8192]preg_match(): Passing null to parameter #2 ($subject) of type string is deprecated
[ error ] [8192]preg_match(): Passing null to parameter #2 ($subject) of type string is deprecated
[ error ] [8192]preg_match(): Passing null to parameter #2 ($subject) of type string is deprecated
[ error ] [8192]preg_match(): Passing null to parameter #2 ($subject) of type string is deprecated
[ error ] [8192]preg_match(): Passing null to parameter #2 ($subject) of type string is deprecated
[ error ] [8192]preg_match(): Passing null to parameter #2 ($subject) of type string is deprecated
[ error ] [8192]preg_match(): Passing null to parameter #2 ($subject) of type string is deprecated
[ error ] [8192]preg_match(): Passing null to parameter #2 ($subject) of type string is deprecated
[ error ] [8192]Automatic conversion of false to array is deprecated
[ error ] [2]Undefined array key "title"
[ error ] [2]Undefined array key "title"
[ error ] [2]Undefined array key "title"
[ error ] [2]Undefined array key "title"
---------------------------------------------------------------
[ 2026-04-01T13:02:14+08:00 ] 184.105.139.69 GET 120.24.147.77/
[ error ] [8192]preg_match(): Passing null to parameter #2 ($subject) of type string is deprecated
[ error ] [8192]preg_match(): Passing null to parameter #2 ($subject) of type string is deprecated
[ error ] [8192]preg_match(): Passing null to parameter #2 ($subject) of type string is deprecated
[ error ] [8192]preg_match(): Passing null to parameter #2 ($subject) of type string is deprecated
[ error ] [8192]preg_match(): Passing null to parameter #2 ($subject) of type string is deprecated
[ error ] [8192]preg_match(): Passing null to parameter #2 ($subject) of type string is deprecated
[ error ] [8192]preg_match(): Passing null to parameter #2 ($subject) of type string is deprecated
[ error ] [8192]preg_match(): Passing null to parameter #2 ($subject) of type string is deprecated
[ error ] [8192]Automatic conversion of false to array is deprecated
[ error ] [2]Undefined array key "title"
[ error ] [2]Undefined array key "title"
[ error ] [2]Undefined array key "title"
[ error ] [2]Undefined array key "title"
---------------------------------------------------------------
[ 2026-04-01T13:06:28+08:00 ] 184.105.139.69 GET 120.24.147.77/webui/
[ error ] [8192]preg_match(): Passing null to parameter #2 ($subject) of type string is deprecated
[ error ] [8192]preg_match(): Passing null to parameter #2 ($subject) of type string is deprecated
[ error ] [8192]preg_match(): Passing null to parameter #2 ($subject) of type string is deprecated
[ error ] [8192]preg_match(): Passing null to parameter #2 ($subject) of type string is deprecated
[ error ] [8192]preg_match(): Passing null to parameter #2 ($subject) of type string is deprecated
[ error ] [8192]preg_match(): Passing null to parameter #2 ($subject) of type string is deprecated
---------------------------------------------------------------
[ 2026-04-01T13:06:28+08:00 ] 184.105.139.69 GET 120.24.147.77/webui/
[ error ] [8192]preg_match(): Passing null to parameter #2 ($subject) of type string is deprecated
[ error ] [8192]preg_match(): Passing null to parameter #2 ($subject) of type string is deprecated
[ error ] [8192]preg_match(): Passing null to parameter #2 ($subject) of type string is deprecated
[ error ] [8192]preg_match(): Passing null to parameter #2 ($subject) of type string is deprecated
[ error ] [8192]preg_match(): Passing null to parameter #2 ($subject) of type string is deprecated
[ error ] [8192]preg_match(): Passing null to parameter #2 ($subject) of type string is deprecated
---------------------------------------------------------------
[ 2026-04-01T13:07:58+08:00 ] 209.38.214.212 GET 120.24.147.77/
[ error ] [8192]preg_match(): Passing null to parameter #2 ($subject) of type string is deprecated
[ error ] [8192]preg_match(): Passing null to parameter #2 ($subject) of type string is deprecated
[ error ] [8192]preg_match(): Passing null to parameter #2 ($subject) of type string is deprecated
[ error ] [8192]preg_match(): Passing null to parameter #2 ($subject) of type string is deprecated
[ error ] [8192]preg_match(): Passing null to parameter #2 ($subject) of type string is deprecated
[ error ] [8192]preg_match(): Passing null to parameter #2 ($subject) of type string is deprecated
[ error ] [8192]preg_match(): Passing null to parameter #2 ($subject) of type string is deprecated
[ error ] [8192]preg_match(): Passing null to parameter #2 ($subject) of type string is deprecated
[ error ] [8192]Automatic conversion of false to array is deprecated
[ error ] [2]Undefined array key "title"
[ error ] [2]Undefined array key "title"
[ error ] [2]Undefined array key "title"
[ error ] [2]Undefined array key "title"
---------------------------------------------------------------
[ 2026-04-01T13:08:00+08:00 ] 209.38.214.212 POST 120.24.147.77/sdk
[ error ] [8192]preg_match(): Passing null to parameter #2 ($subject) of type string is deprecated
[ error ] [8192]preg_match(): Passing null to parameter #2 ($subject) of type string is deprecated
[ error ] [8192]preg_match(): Passing null to parameter #2 ($subject) of type string is deprecated
[ error ] [8192]preg_match(): Passing null to parameter #2 ($subject) of type string is deprecated
[ error ] [8192]preg_match(): Passing null to parameter #2 ($subject) of type string is deprecated
[ error ] [8192]preg_match(): Passing null to parameter #2 ($subject) of type string is deprecated
---------------------------------------------------------------
[ 2026-04-01T13:08:00+08:00 ] 209.38.214.212 GET 120.24.147.77/sdk
[ error ] [8192]preg_match(): Passing null to parameter #2 ($subject) of type string is deprecated
[ error ] [8192]preg_match(): Passing null to parameter #2 ($subject) of type string is deprecated
[ error ] [8192]preg_match(): Passing null to parameter #2 ($subject) of type string is deprecated
[ error ] [8192]preg_match(): Passing null to parameter #2 ($subject) of type string is deprecated
[ error ] [8192]preg_match(): Passing null to parameter #2 ($subject) of type string is deprecated
[ error ] [8192]preg_match(): Passing null to parameter #2 ($subject) of type string is deprecated
---------------------------------------------------------------
[ 2026-04-01T13:08:00+08:00 ] 209.38.214.212 GET 120.24.147.77/odinhttpcall1775020079
[ error ] [8192]preg_match(): Passing null to parameter #2 ($subject) of type string is deprecated
[ error ] [8192]preg_match(): Passing null to parameter #2 ($subject) of type string is deprecated
[ error ] [8192]preg_match(): Passing null to parameter #2 ($subject) of type string is deprecated
[ error ] [8192]preg_match(): Passing null to parameter #2 ($subject) of type string is deprecated
[ error ] [8192]preg_match(): Passing null to parameter #2 ($subject) of type string is deprecated
[ error ] [8192]preg_match(): Passing null to parameter #2 ($subject) of type string is deprecated
---------------------------------------------------------------
[ 2026-04-01T13:08:00+08:00 ] 209.38.214.212 GET 120.24.147.77/odinhttpcall1775020079
[ error ] [8192]preg_match(): Passing null to parameter #2 ($subject) of type string is deprecated
[ error ] [8192]preg_match(): Passing null to parameter #2 ($subject) of type string is deprecated
[ error ] [8192]preg_match(): Passing null to parameter #2 ($subject) of type string is deprecated
[ error ] [8192]preg_match(): Passing null to parameter #2 ($subject) of type string is deprecated
[ error ] [8192]preg_match(): Passing null to parameter #2 ($subject) of type string is deprecated
[ error ] [8192]preg_match(): Passing null to parameter #2 ($subject) of type string is deprecated
---------------------------------------------------------------
[ 2026-04-01T13:08:01+08:00 ] 209.38.214.212 GET 120.24.147.77/HNAP1
[ error ] [8192]preg_match(): Passing null to parameter #2 ($subject) of type string is deprecated
[ error ] [8192]preg_match(): Passing null to parameter #2 ($subject) of type string is deprecated
[ error ] [8192]preg_match(): Passing null to parameter #2 ($subject) of type string is deprecated
[ error ] [8192]preg_match(): Passing null to parameter #2 ($subject) of type string is deprecated
[ error ] [8192]preg_match(): Passing null to parameter #2 ($subject) of type string is deprecated
[ error ] [8192]preg_match(): Passing null to parameter #2 ($subject) of type string is deprecated
---------------------------------------------------------------
[ 2026-04-01T13:08:01+08:00 ] 209.38.214.212 GET 120.24.147.77/HNAP1
[ error ] [8192]preg_match(): Passing null to parameter #2 ($subject) of type string is deprecated
[ error ] [8192]preg_match(): Passing null to parameter #2 ($subject) of type string is deprecated
[ error ] [8192]preg_match(): Passing null to parameter #2 ($subject) of type string is deprecated
[ error ] [8192]preg_match(): Passing null to parameter #2 ($subject) of type string is deprecated
[ error ] [8192]preg_match(): Passing null to parameter #2 ($subject) of type string is deprecated
[ error ] [8192]preg_match(): Passing null to parameter #2 ($subject) of type string is deprecated
---------------------------------------------------------------
[ 2026-04-01T13:08:02+08:00 ] 209.38.214.212 GET 120.24.147.77/evox/about
[ error ] [8192]preg_match(): Passing null to parameter #2 ($subject) of type string is deprecated
[ error ] [8192]preg_match(): Passing null to parameter #2 ($subject) of type string is deprecated
[ error ] [8192]preg_match(): Passing null to parameter #2 ($subject) of type string is deprecated
[ error ] [8192]preg_match(): Passing null to parameter #2 ($subject) of type string is deprecated
[ error ] [8192]preg_match(): Passing null to parameter #2 ($subject) of type string is deprecated
[ error ] [8192]preg_match(): Passing null to parameter #2 ($subject) of type string is deprecated
---------------------------------------------------------------
[ 2026-04-01T13:08:02+08:00 ] 209.38.214.212 GET 120.24.147.77/evox/about
[ error ] [8192]preg_match(): Passing null to parameter #2 ($subject) of type string is deprecated
[ error ] [8192]preg_match(): Passing null to parameter #2 ($subject) of type string is deprecated
[ error ] [8192]preg_match(): Passing null to parameter #2 ($subject) of type string is deprecated
[ error ] [8192]preg_match(): Passing null to parameter #2 ($subject) of type string is deprecated
[ error ] [8192]preg_match(): Passing null to parameter #2 ($subject) of type string is deprecated
[ error ] [8192]preg_match(): Passing null to parameter #2 ($subject) of type string is deprecated
---------------------------------------------------------------
[ 2026-04-01T13:08:03+08:00 ] 209.38.214.212 GET 120.24.147.77/
[ error ] [8192]preg_match(): Passing null to parameter #2 ($subject) of type string is deprecated
[ error ] [8192]preg_match(): Passing null to parameter #2 ($subject) of type string is deprecated
[ error ] [8192]preg_match(): Passing null to parameter #2 ($subject) of type string is deprecated
[ error ] [8192]preg_match(): Passing null to parameter #2 ($subject) of type string is deprecated
[ error ] [8192]preg_match(): Passing null to parameter #2 ($subject) of type string is deprecated
[ error ] [8192]preg_match(): Passing null to parameter #2 ($subject) of type string is deprecated
[ error ] [8192]preg_match(): Passing null to parameter #2 ($subject) of type string is deprecated
[ error ] [8192]preg_match(): Passing null to parameter #2 ($subject) of type string is deprecated
[ error ] [8192]Automatic conversion of false to array is deprecated
[ error ] [2]Undefined array key "title"
[ error ] [2]Undefined array key "title"
[ error ] [2]Undefined array key "title"
[ error ] [2]Undefined array key "title"
---------------------------------------------------------------
[ 2026-04-01T13:08:05+08:00 ] 209.38.214.212 GET 120.24.147.77/
[ error ] [8192]preg_match(): Passing null to parameter #2 ($subject) of type string is deprecated
[ error ] [8192]preg_match(): Passing null to parameter #2 ($subject) of type string is deprecated
[ error ] [8192]preg_match(): Passing null to parameter #2 ($subject) of type string is deprecated
[ error ] [8192]preg_match(): Passing null to parameter #2 ($subject) of type string is deprecated
[ error ] [8192]preg_match(): Passing null to parameter #2 ($subject) of type string is deprecated
[ error ] [8192]preg_match(): Passing null to parameter #2 ($subject) of type string is deprecated
[ error ] [8192]preg_match(): Passing null to parameter #2 ($subject) of type string is deprecated
[ error ] [8192]preg_match(): Passing null to parameter #2 ($subject) of type string is deprecated
[ error ] [8192]Automatic conversion of false to array is deprecated
[ error ] [2]Undefined array key "title"
[ error ] [2]Undefined array key "title"
[ error ] [2]Undefined array key "title"
[ error ] [2]Undefined array key "title"
---------------------------------------------------------------
[ 2026-04-01T13:08:07+08:00 ] 207.154.236.153 GET 120.24.147.77/solr/admin/info/system
[ error ] [2]mkdir(): File exists
---------------------------------------------------------------
[ 2026-04-01T13:08:07+08:00 ] 207.154.236.153 GET 120.24.147.77/query?q=SHOW+DIAGNOSTICS
[ error ] [8192]preg_match(): Passing null to parameter #2 ($subject) of type string is deprecated
[ error ] [8192]preg_match(): Passing null to parameter #2 ($subject) of type string is deprecated
[ error ] [8192]preg_match(): Passing null to parameter #2 ($subject) of type string is deprecated
[ error ] [8192]preg_match(): Passing null to parameter #2 ($subject) of type string is deprecated
[ error ] [8192]preg_match(): Passing null to parameter #2 ($subject) of type string is deprecated
[ error ] [8192]preg_match(): Passing null to parameter #2 ($subject) of type string is deprecated
---------------------------------------------------------------
[ 2026-04-01T13:08:07+08:00 ] 64.226.88.238 GET 120.24.147.77/cgi-bin/authLogin.cgi
[ error ] [8192]preg_match(): Passing null to parameter #2 ($subject) of type string is deprecated
[ error ] [8192]preg_match(): Passing null to parameter #2 ($subject) of type string is deprecated
[ error ] [8192]preg_match(): Passing null to parameter #2 ($subject) of type string is deprecated
[ error ] [8192]preg_match(): Passing null to parameter #2 ($subject) of type string is deprecated
[ error ] [8192]preg_match(): Passing null to parameter #2 ($subject) of type string is deprecated
[ error ] [8192]preg_match(): Passing null to parameter #2 ($subject) of type string is deprecated
---------------------------------------------------------------
[ 2026-04-01T13:08:07+08:00 ] 207.154.236.153 GET 120.24.147.77/query?q=SHOW+DIAGNOSTICS
[ error ] [8192]preg_match(): Passing null to parameter #2 ($subject) of type string is deprecated
[ error ] [8192]preg_match(): Passing null to parameter #2 ($subject) of type string is deprecated
[ error ] [8192]preg_match(): Passing null to parameter #2 ($subject) of type string is deprecated
[ error ] [8192]preg_match(): Passing null to parameter #2 ($subject) of type string is deprecated
[ error ] [8192]preg_match(): Passing null to parameter #2 ($subject) of type string is deprecated
[ error ] [8192]preg_match(): Passing null to parameter #2 ($subject) of type string is deprecated
---------------------------------------------------------------
[ 2026-04-01T13:08:07+08:00 ] 64.226.88.238 GET 120.24.147.77/cgi-bin/authLogin.cgi
[ error ] [8192]preg_match(): Passing null to parameter #2 ($subject) of type string is deprecated
[ error ] [8192]preg_match(): Passing null to parameter #2 ($subject) of type string is deprecated
[ error ] [8192]preg_match(): Passing null to parameter #2 ($subject) of type string is deprecated
[ error ] [8192]preg_match(): Passing null to parameter #2 ($subject) of type string is deprecated
[ error ] [8192]preg_match(): Passing null to parameter #2 ($subject) of type string is deprecated
[ error ] [8192]preg_match(): Passing null to parameter #2 ($subject) of type string is deprecated
---------------------------------------------------------------
[ 2026-04-01T13:08:07+08:00 ] 134.209.244.59 GET 120.24.147.77/
[ error ] [8192]preg_match(): Passing null to parameter #2 ($subject) of type string is deprecated
[ error ] [8192]preg_match(): Passing null to parameter #2 ($subject) of type string is deprecated
[ error ] [8192]preg_match(): Passing null to parameter #2 ($subject) of type string is deprecated
[ error ] [8192]preg_match(): Passing null to parameter #2 ($subject) of type string is deprecated
[ error ] [8192]preg_match(): Passing null to parameter #2 ($subject) of type string is deprecated
[ error ] [8192]preg_match(): Passing null to parameter #2 ($subject) of type string is deprecated
[ error ] [8192]preg_match(): Passing null to parameter #2 ($subject) of type string is deprecated
[ error ] [8192]preg_match(): Passing null to parameter #2 ($subject) of type string is deprecated
[ error ] [8192]Automatic conversion of false to array is deprecated
[ error ] [2]Undefined array key "title"
[ error ] [2]Undefined array key "title"
[ error ] [2]Undefined array key "title"
[ error ] [2]Undefined array key "title"
---------------------------------------------------------------
[ 2026-04-01T13:08:07+08:00 ] 64.226.90.53 POST 120.24.147.77/
[ error ] [8192]preg_match(): Passing null to parameter #2 ($subject) of type string is deprecated
[ error ] [8192]preg_match(): Passing null to parameter #2 ($subject) of type string is deprecated
[ error ] [8192]preg_match(): Passing null to parameter #2 ($subject) of type string is deprecated
[ error ] [8192]preg_match(): Passing null to parameter #2 ($subject) of type string is deprecated
[ error ] [8192]preg_match(): Passing null to parameter #2 ($subject) of type string is deprecated
[ error ] [8192]preg_match(): Passing null to parameter #2 ($subject) of type string is deprecated
[ error ] [8192]preg_match(): Passing null to parameter #2 ($subject) of type string is deprecated
[ error ] [8192]preg_match(): Passing null to parameter #2 ($subject) of type string is deprecated
[ error ] [8192]Automatic conversion of false to array is deprecated
[ error ] [2]Undefined array key "title"
[ error ] [2]Undefined array key "title"
[ error ] [2]Undefined array key "title"
[ error ] [2]Undefined array key "title"
---------------------------------------------------------------
[ 2026-04-01T13:08:09+08:00 ] 207.154.236.153 GET 120.24.147.77/solr/admin/cores?action=STATUS&wt=json
[ error ] [8192]preg_match(): Passing null to parameter #2 ($subject) of type string is deprecated
[ error ] [8192]preg_match(): Passing null to parameter #2 ($subject) of type string is deprecated
[ error ] [8192]preg_match(): Passing null to parameter #2 ($subject) of type string is deprecated
[ error ] [8192]preg_match(): Passing null to parameter #2 ($subject) of type string is deprecated
[ error ] [8192]preg_match(): Passing null to parameter #2 ($subject) of type string is deprecated
[ error ] [8192]preg_match(): Passing null to parameter #2 ($subject) of type string is deprecated
---------------------------------------------------------------
[ 2026-04-01T13:08:09+08:00 ] 207.154.236.153 GET 120.24.147.77/solr/admin/cores?action=STATUS&wt=json
[ error ] [8192]preg_match(): Passing null to parameter #2 ($subject) of type string is deprecated
[ error ] [8192]preg_match(): Passing null to parameter #2 ($subject) of type string is deprecated
[ error ] [8192]preg_match(): Passing null to parameter #2 ($subject) of type string is deprecated
[ error ] [8192]preg_match(): Passing null to parameter #2 ($subject) of type string is deprecated
[ error ] [8192]preg_match(): Passing null to parameter #2 ($subject) of type string is deprecated
[ error ] [8192]preg_match(): Passing null to parameter #2 ($subject) of type string is deprecated
---------------------------------------------------------------
[ 2026-04-01T13:08:18+08:00 ] 104.248.23.98 GET 120.24.147.77/v2/_catalog
[ error ] [8192]preg_match(): Passing null to parameter #2 ($subject) of type string is deprecated
[ error ] [8192]preg_match(): Passing null to parameter #2 ($subject) of type string is deprecated
[ error ] [8192]preg_match(): Passing null to parameter #2 ($subject) of type string is deprecated
[ error ] [8192]preg_match(): Passing null to parameter #2 ($subject) of type string is deprecated
[ error ] [8192]preg_match(): Passing null to parameter #2 ($subject) of type string is deprecated
[ error ] [8192]preg_match(): Passing null to parameter #2 ($subject) of type string is deprecated
---------------------------------------------------------------
[ 2026-04-01T13:08:18+08:00 ] 104.248.23.98 GET 120.24.147.77/v2/_catalog
[ error ] [8192]preg_match(): Passing null to parameter #2 ($subject) of type string is deprecated
[ error ] [8192]preg_match(): Passing null to parameter #2 ($subject) of type string is deprecated
[ error ] [8192]preg_match(): Passing null to parameter #2 ($subject) of type string is deprecated
[ error ] [8192]preg_match(): Passing null to parameter #2 ($subject) of type string is deprecated
[ error ] [8192]preg_match(): Passing null to parameter #2 ($subject) of type string is deprecated
[ error ] [8192]preg_match(): Passing null to parameter #2 ($subject) of type string is deprecated
---------------------------------------------------------------
[ 2026-04-01T13:10:37+08:00 ] 184.105.139.69 GET 120.24.147.77/
[ error ] [8192]preg_match(): Passing null to parameter #2 ($subject) of type string is deprecated
[ error ] [8192]preg_match(): Passing null to parameter #2 ($subject) of type string is deprecated
[ error ] [8192]preg_match(): Passing null to parameter #2 ($subject) of type string is deprecated
[ error ] [8192]preg_match(): Passing null to parameter #2 ($subject) of type string is deprecated
[ error ] [8192]preg_match(): Passing null to parameter #2 ($subject) of type string is deprecated
[ error ] [8192]preg_match(): Passing null to parameter #2 ($subject) of type string is deprecated
[ error ] [8192]preg_match(): Passing null to parameter #2 ($subject) of type string is deprecated
[ error ] [8192]preg_match(): Passing null to parameter #2 ($subject) of type string is deprecated
[ error ] [8192]Automatic conversion of false to array is deprecated
[ error ] [2]Undefined array key "title"
[ error ] [2]Undefined array key "title"
[ error ] [2]Undefined array key "title"
[ error ] [2]Undefined array key "title"
---------------------------------------------------------------
[ 2026-04-01T13:13:45+08:00 ] 77.90.185.73 GET 120.24.147.77/.env
[ error ] [8192]preg_match(): Passing null to parameter #2 ($subject) of type string is deprecated
[ error ] [8192]preg_match(): Passing null to parameter #2 ($subject) of type string is deprecated
[ error ] [8192]preg_match(): Passing null to parameter #2 ($subject) of type string is deprecated
[ error ] [8192]preg_match(): Passing null to parameter #2 ($subject) of type string is deprecated
[ error ] [8192]preg_match(): Passing null to parameter #2 ($subject) of type string is deprecated
[ error ] [8192]preg_match(): Passing null to parameter #2 ($subject) of type string is deprecated
---------------------------------------------------------------
[ 2026-04-01T13:13:47+08:00 ] 77.90.185.73 GET 120.24.147.77/.env
[ error ] [8192]preg_match(): Passing null to parameter #2 ($subject) of type string is deprecated
[ error ] [8192]preg_match(): Passing null to parameter #2 ($subject) of type string is deprecated
[ error ] [8192]preg_match(): Passing null to parameter #2 ($subject) of type string is deprecated
[ error ] [8192]preg_match(): Passing null to parameter #2 ($subject) of type string is deprecated
[ error ] [8192]preg_match(): Passing null to parameter #2 ($subject) of type string is deprecated
[ error ] [8192]preg_match(): Passing null to parameter #2 ($subject) of type string is deprecated
---------------------------------------------------------------
[ 2026-04-01T13:13:57+08:00 ] 77.90.185.73 GET 120.24.147.77/backend/.env
[ error ] [8192]preg_match(): Passing null to parameter #2 ($subject) of type string is deprecated
[ error ] [8192]preg_match(): Passing null to parameter #2 ($subject) of type string is deprecated
[ error ] [8192]preg_match(): Passing null to parameter #2 ($subject) of type string is deprecated
[ error ] [8192]preg_match(): Passing null to parameter #2 ($subject) of type string is deprecated
[ error ] [8192]preg_match(): Passing null to parameter #2 ($subject) of type string is deprecated
[ error ] [8192]preg_match(): Passing null to parameter #2 ($subject) of type string is deprecated
---------------------------------------------------------------
[ 2026-04-01T13:15:57+08:00 ] 184.105.139.69 GET 120.24.147.77/favicon.ico
[ error ] [8192]preg_match(): Passing null to parameter #2 ($subject) of type string is deprecated
[ error ] [8192]preg_match(): Passing null to parameter #2 ($subject) of type string is deprecated
[ error ] [8192]preg_match(): Passing null to parameter #2 ($subject) of type string is deprecated
[ error ] [8192]preg_match(): Passing null to parameter #2 ($subject) of type string is deprecated
[ error ] [8192]preg_match(): Passing null to parameter #2 ($subject) of type string is deprecated
[ error ] [8192]preg_match(): Passing null to parameter #2 ($subject) of type string is deprecated
---------------------------------------------------------------
[ 2026-04-01T13:15:57+08:00 ] 184.105.139.69 GET 120.24.147.77/favicon.ico
[ error ] [8192]preg_match(): Passing null to parameter #2 ($subject) of type string is deprecated
[ error ] [8192]preg_match(): Passing null to parameter #2 ($subject) of type string is deprecated
[ error ] [8192]preg_match(): Passing null to parameter #2 ($subject) of type string is deprecated
[ error ] [8192]preg_match(): Passing null to parameter #2 ($subject) of type string is deprecated
[ error ] [8192]preg_match(): Passing null to parameter #2 ($subject) of type string is deprecated
[ error ] [8192]preg_match(): Passing null to parameter #2 ($subject) of type string is deprecated
---------------------------------------------------------------
[ 2026-04-01T13:17:15+08:00 ] 172.236.228.224 GET 120.24.147.77/
[ error ] [8192]preg_match(): Passing null to parameter #2 ($subject) of type string is deprecated
[ error ] [8192]preg_match(): Passing null to parameter #2 ($subject) of type string is deprecated
[ error ] [8192]preg_match(): Passing null to parameter #2 ($subject) of type string is deprecated
[ error ] [8192]preg_match(): Passing null to parameter #2 ($subject) of type string is deprecated
[ error ] [8192]preg_match(): Passing null to parameter #2 ($subject) of type string is deprecated
[ error ] [8192]preg_match(): Passing null to parameter #2 ($subject) of type string is deprecated
[ error ] [8192]preg_match(): Passing null to parameter #2 ($subject) of type string is deprecated
[ error ] [8192]preg_match(): Passing null to parameter #2 ($subject) of type string is deprecated
[ error ] [8192]Automatic conversion of false to array is deprecated
[ error ] [2]Undefined array key "title"
[ error ] [2]Undefined array key "title"
[ error ] [2]Undefined array key "title"
[ error ] [2]Undefined array key "title"
---------------------------------------------------------------
[ 2026-04-01T13:25:59+08:00 ] 184.105.139.69 GET 120.24.147.77/geoserver/web/
[ error ] [8192]preg_match(): Passing null to parameter #2 ($subject) of type string is deprecated
[ error ] [8192]preg_match(): Passing null to parameter #2 ($subject) of type string is deprecated
[ error ] [8192]preg_match(): Passing null to parameter #2 ($subject) of type string is deprecated
[ error ] [8192]preg_match(): Passing null to parameter #2 ($subject) of type string is deprecated
[ error ] [8192]preg_match(): Passing null to parameter #2 ($subject) of type string is deprecated
[ error ] [8192]preg_match(): Passing null to parameter #2 ($subject) of type string is deprecated
---------------------------------------------------------------
[ 2026-04-01T13:25:59+08:00 ] 184.105.139.69 GET 120.24.147.77/geoserver/web/
[ error ] [8192]preg_match(): Passing null to parameter #2 ($subject) of type string is deprecated
[ error ] [8192]preg_match(): Passing null to parameter #2 ($subject) of type string is deprecated
[ error ] [8192]preg_match(): Passing null to parameter #2 ($subject) of type string is deprecated
[ error ] [8192]preg_match(): Passing null to parameter #2 ($subject) of type string is deprecated
[ error ] [8192]preg_match(): Passing null to parameter #2 ($subject) of type string is deprecated
[ error ] [8192]preg_match(): Passing null to parameter #2 ($subject) of type string is deprecated
---------------------------------------------------------------
[ 2026-04-01T13:30:04+08:00 ] 184.105.139.69 GET 120.24.147.77/.git/config
[ error ] [8192]preg_match(): Passing null to parameter #2 ($subject) of type string is deprecated
[ error ] [8192]preg_match(): Passing null to parameter #2 ($subject) of type string is deprecated
[ error ] [8192]preg_match(): Passing null to parameter #2 ($subject) of type string is deprecated
[ error ] [8192]preg_match(): Passing null to parameter #2 ($subject) of type string is deprecated
[ error ] [8192]preg_match(): Passing null to parameter #2 ($subject) of type string is deprecated
[ error ] [8192]preg_match(): Passing null to parameter #2 ($subject) of type string is deprecated
---------------------------------------------------------------
[ 2026-04-01T13:49:12+08:00 ] 124.156.179.141 GET 120.24.147.77/
[ error ] [8192]preg_match(): Passing null to parameter #2 ($subject) of type string is deprecated
[ error ] [8192]preg_match(): Passing null to parameter #2 ($subject) of type string is deprecated
[ error ] [8192]preg_match(): Passing null to parameter #2 ($subject) of type string is deprecated
[ error ] [8192]preg_match(): Passing null to parameter #2 ($subject) of type string is deprecated
[ error ] [8192]preg_match(): Passing null to parameter #2 ($subject) of type string is deprecated
[ error ] [8192]preg_match(): Passing null to parameter #2 ($subject) of type string is deprecated
[ error ] [8192]preg_match(): Passing null to parameter #2 ($subject) of type string is deprecated
[ error ] [8192]preg_match(): Passing null to parameter #2 ($subject) of type string is deprecated
[ error ] [8192]Automatic conversion of false to array is deprecated
[ error ] [2]Undefined array key "title"
[ error ] [2]Undefined array key "title"
[ error ] [2]Undefined array key "title"
[ error ] [2]Undefined array key "title"
---------------------------------------------------------------
[ 2026-04-01T13:49:22+08:00 ] 5.61.209.107 GET 120.24.147.77/SDK/webLanguage
[ error ] [8192]preg_match(): Passing null to parameter #2 ($subject) of type string is deprecated
[ error ] [8192]preg_match(): Passing null to parameter #2 ($subject) of type string is deprecated
[ error ] [8192]preg_match(): Passing null to parameter #2 ($subject) of type string is deprecated
[ error ] [8192]preg_match(): Passing null to parameter #2 ($subject) of type string is deprecated
[ error ] [8192]preg_match(): Passing null to parameter #2 ($subject) of type string is deprecated
[ error ] [8192]preg_match(): Passing null to parameter #2 ($subject) of type string is deprecated
---------------------------------------------------------------
[ 2026-04-01T13:49:22+08:00 ] 5.61.209.107 GET 120.24.147.77/SDK/webLanguage
[ error ] [8192]preg_match(): Passing null to parameter #2 ($subject) of type string is deprecated
[ error ] [8192]preg_match(): Passing null to parameter #2 ($subject) of type string is deprecated
[ error ] [8192]preg_match(): Passing null to parameter #2 ($subject) of type string is deprecated
[ error ] [8192]preg_match(): Passing null to parameter #2 ($subject) of type string is deprecated
[ error ] [8192]preg_match(): Passing null to parameter #2 ($subject) of type string is deprecated
[ error ] [8192]preg_match(): Passing null to parameter #2 ($subject) of type string is deprecated
---------------------------------------------------------------
[ 2026-04-01T13:53:28+08:00 ] 79.124.40.174 GET 120.24.147.77/?XDEBUG_SESSION_START=phpstorm
[ error ] [8192]preg_match(): Passing null to parameter #2 ($subject) of type string is deprecated
[ error ] [8192]preg_match(): Passing null to parameter #2 ($subject) of type string is deprecated
[ error ] [8192]preg_match(): Passing null to parameter #2 ($subject) of type string is deprecated
[ error ] [8192]preg_match(): Passing null to parameter #2 ($subject) of type string is deprecated
[ error ] [8192]preg_match(): Passing null to parameter #2 ($subject) of type string is deprecated
[ error ] [8192]preg_match(): Passing null to parameter #2 ($subject) of type string is deprecated
[ error ] [8192]preg_match(): Passing null to parameter #2 ($subject) of type string is deprecated
[ error ] [8192]preg_match(): Passing null to parameter #2 ($subject) of type string is deprecated
[ error ] [8192]Automatic conversion of false to array is deprecated
[ error ] [2]Undefined array key "title"
[ error ] [2]Undefined array key "title"
[ error ] [2]Undefined array key "title"
[ error ] [2]Undefined array key "title"
---------------------------------------------------------------
[ 2026-04-01T14:04:20+08:00 ] 61.147.98.247 GET www.punalei.cn/
[ error ] [8192]preg_match(): Passing null to parameter #2 ($subject) of type string is deprecated
[ error ] [8192]preg_match(): Passing null to parameter #2 ($subject) of type string is deprecated
[ error ] [8192]preg_match(): Passing null to parameter #2 ($subject) of type string is deprecated
[ error ] [8192]preg_match(): Passing null to parameter #2 ($subject) of type string is deprecated
[ error ] [8192]preg_match(): Passing null to parameter #2 ($subject) of type string is deprecated
[ error ] [8192]preg_match(): Passing null to parameter #2 ($subject) of type string is deprecated
[ error ] [8192]preg_match(): Passing null to parameter #2 ($subject) of type string is deprecated
[ error ] [8192]preg_match(): Passing null to parameter #2 ($subject) of type string is deprecated
[ error ] [8192]Automatic conversion of false to array is deprecated
[ error ] [2]Undefined array key "title"
[ error ] [2]Undefined array key "title"
[ error ] [2]Undefined array key "title"
[ error ] [2]Undefined array key "title"
---------------------------------------------------------------
[ 2026-04-01T14:04:20+08:00 ] 61.147.98.247 GET www.punalei.cn/
[ error ] [2]file_get_contents(/www/wwwroot/punalei/runtime/cache/4e/819c837d54a6ed09abc77a8560a66f.php): Failed to open stream: No such file or directory
---------------------------------------------------------------
[ 2026-04-01T14:04:20+08:00 ] 61.147.98.247 GET www.punalei.cn/
[ error ] [8192]preg_match(): Passing null to parameter #2 ($subject) of type string is deprecated
[ error ] [8192]preg_match(): Passing null to parameter #2 ($subject) of type string is deprecated
[ error ] [8192]preg_match(): Passing null to parameter #2 ($subject) of type string is deprecated
[ error ] [8192]preg_match(): Passing null to parameter #2 ($subject) of type string is deprecated
[ error ] [8192]preg_match(): Passing null to parameter #2 ($subject) of type string is deprecated
[ error ] [8192]preg_match(): Passing null to parameter #2 ($subject) of type string is deprecated
[ error ] [8192]preg_match(): Passing null to parameter #2 ($subject) of type string is deprecated
[ error ] [8192]preg_match(): Passing null to parameter #2 ($subject) of type string is deprecated
[ error ] [8192]Automatic conversion of false to array is deprecated
[ error ] [2]Undefined array key "title"
[ error ] [2]Undefined array key "title"
[ error ] [2]Undefined array key "title"
[ error ] [2]Undefined array key "title"
---------------------------------------------------------------
[ 2026-04-01T14:04:20+08:00 ] 61.147.98.247 GET www.punalei.cn/
[ error ] [2]Undefined array key "title"
[ error ] [2]Undefined array key "title"
[ error ] [2]Undefined array key "title"
[ error ] [2]Undefined array key "title"
---------------------------------------------------------------
[ 2026-04-01T14:04:21+08:00 ] 61.147.98.247 GET www.punalei.cn/
[ error ] [2]Undefined array key "title"
[ error ] [2]Undefined array key "title"
[ error ] [2]Undefined array key "title"
[ error ] [2]Undefined array key "title"
---------------------------------------------------------------
[ 2026-04-01T14:05:40+08:00 ] 168.100.9.75 GET 120.24.147.77/
[ error ] [8192]preg_match(): Passing null to parameter #2 ($subject) of type string is deprecated
[ error ] [8192]preg_match(): Passing null to parameter #2 ($subject) of type string is deprecated
[ error ] [8192]preg_match(): Passing null to parameter #2 ($subject) of type string is deprecated
[ error ] [8192]preg_match(): Passing null to parameter #2 ($subject) of type string is deprecated
[ error ] [8192]preg_match(): Passing null to parameter #2 ($subject) of type string is deprecated
[ error ] [8192]preg_match(): Passing null to parameter #2 ($subject) of type string is deprecated
[ error ] [8192]preg_match(): Passing null to parameter #2 ($subject) of type string is deprecated
[ error ] [8192]preg_match(): Passing null to parameter #2 ($subject) of type string is deprecated
[ error ] [8192]Automatic conversion of false to array is deprecated
[ error ] [2]Undefined array key "title"
[ error ] [2]Undefined array key "title"
[ error ] [2]Undefined array key "title"
[ error ] [2]Undefined array key "title"
---------------------------------------------------------------
[ 2026-04-01T14:05:41+08:00 ] 168.100.9.75 GET 120.24.147.77/.DS_Store
[ error ] [8192]preg_match(): Passing null to parameter #2 ($subject) of type string is deprecated
[ error ] [8192]preg_match(): Passing null to parameter #2 ($subject) of type string is deprecated
[ error ] [8192]preg_match(): Passing null to parameter #2 ($subject) of type string is deprecated
[ error ] [8192]preg_match(): Passing null to parameter #2 ($subject) of type string is deprecated
[ error ] [8192]preg_match(): Passing null to parameter #2 ($subject) of type string is deprecated
[ error ] [8192]preg_match(): Passing null to parameter #2 ($subject) of type string is deprecated
---------------------------------------------------------------
[ 2026-04-01T14:05:48+08:00 ] 168.100.9.75 GET 120.24.147.77/info.php
[ error ] [8192]preg_match(): Passing null to parameter #2 ($subject) of type string is deprecated
[ error ] [8192]preg_match(): Passing null to parameter #2 ($subject) of type string is deprecated
[ error ] [8192]preg_match(): Passing null to parameter #2 ($subject) of type string is deprecated
[ error ] [8192]preg_match(): Passing null to parameter #2 ($subject) of type string is deprecated
[ error ] [8192]preg_match(): Passing null to parameter #2 ($subject) of type string is deprecated
[ error ] [8192]preg_match(): Passing null to parameter #2 ($subject) of type string is deprecated
---------------------------------------------------------------
[ 2026-04-01T14:05:48+08:00 ] 168.100.9.75 GET 120.24.147.77/phpinfo.php
[ error ] [8192]preg_match(): Passing null to parameter #2 ($subject) of type string is deprecated
[ error ] [8192]preg_match(): Passing null to parameter #2 ($subject) of type string is deprecated
[ error ] [8192]preg_match(): Passing null to parameter #2 ($subject) of type string is deprecated
[ error ] [8192]preg_match(): Passing null to parameter #2 ($subject) of type string is deprecated
[ error ] [8192]preg_match(): Passing null to parameter #2 ($subject) of type string is deprecated
[ error ] [8192]preg_match(): Passing null to parameter #2 ($subject) of type string is deprecated
---------------------------------------------------------------
[ 2026-04-01T14:09:11+08:00 ] 104.236.49.168 GET www.punalei.cn/
[ error ] [8192]preg_match(): Passing null to parameter #2 ($subject) of type string is deprecated
[ error ] [8192]preg_match(): Passing null to parameter #2 ($subject) of type string is deprecated
[ error ] [8192]preg_match(): Passing null to parameter #2 ($subject) of type string is deprecated
[ error ] [8192]preg_match(): Passing null to parameter #2 ($subject) of type string is deprecated
[ error ] [8192]preg_match(): Passing null to parameter #2 ($subject) of type string is deprecated
[ error ] [8192]preg_match(): Passing null to parameter #2 ($subject) of type string is deprecated
[ error ] [8192]preg_match(): Passing null to parameter #2 ($subject) of type string is deprecated
[ error ] [8192]preg_match(): Passing null to parameter #2 ($subject) of type string is deprecated
[ error ] [8192]Automatic conversion of false to array is deprecated
[ error ] [2]Undefined array key "title"
[ error ] [2]Undefined array key "title"
[ error ] [2]Undefined array key "title"
[ error ] [2]Undefined array key "title"
