---------------------------------------------------------------
[ 2026-03-16T00:09:47+08:00 ] 123.57.13.121 GET punalei.cn/
[ error ] [8192]preg_match(): Passing null to parameter #2 ($subject) of type string is deprecated
[ error ] [8192]preg_match(): Passing null to parameter #2 ($subject) of type string is deprecated
[ error ] [8192]preg_match(): Passing null to parameter #2 ($subject) of type string is deprecated
[ error ] [8192]preg_match(): Passing null to parameter #2 ($subject) of type string is deprecated
[ error ] [8192]preg_match(): Passing null to parameter #2 ($subject) of type string is deprecated
[ error ] [8192]preg_match(): Passing null to parameter #2 ($subject) of type string is deprecated
[ error ] [8192]preg_match(): Passing null to parameter #2 ($subject) of type string is deprecated
[ error ] [8192]preg_match(): Passing null to parameter #2 ($subject) of type string is deprecated
[ error ] [8192]Automatic conversion of false to array is deprecated
[ error ] [2]Undefined array key "title"
[ error ] [2]Undefined array key "title"
[ error ] [2]Undefined array key "title"
[ error ] [2]Undefined array key "title"
---------------------------------------------------------------
[ 2026-03-16T00:09:47+08:00 ] 123.57.13.121 GET punalei.cn/
[ error ] [8192]preg_match(): Passing null to parameter #2 ($subject) of type string is deprecated
[ error ] [8192]preg_match(): Passing null to parameter #2 ($subject) of type string is deprecated
[ error ] [8192]preg_match(): Passing null to parameter #2 ($subject) of type string is deprecated
[ error ] [8192]preg_match(): Passing null to parameter #2 ($subject) of type string is deprecated
[ error ] [8192]preg_match(): Passing null to parameter #2 ($subject) of type string is deprecated
[ error ] [8192]preg_match(): Passing null to parameter #2 ($subject) of type string is deprecated
[ error ] [8192]preg_match(): Passing null to parameter #2 ($subject) of type string is deprecated
[ error ] [8192]preg_match(): Passing null to parameter #2 ($subject) of type string is deprecated
[ error ] [8192]Automatic conversion of false to array is deprecated
[ error ] [2]Undefined array key "title"
[ error ] [2]Undefined array key "title"
[ error ] [2]Undefined array key "title"
[ error ] [2]Undefined array key "title"
---------------------------------------------------------------
[ 2026-03-16T00:11:30+08:00 ] 3.131.220.121 GET 120.24.147.77/
[ error ] [8192]preg_match(): Passing null to parameter #2 ($subject) of type string is deprecated
[ error ] [8192]preg_match(): Passing null to parameter #2 ($subject) of type string is deprecated
[ error ] [8192]preg_match(): Passing null to parameter #2 ($subject) of type string is deprecated
[ error ] [8192]preg_match(): Passing null to parameter #2 ($subject) of type string is deprecated
[ error ] [8192]preg_match(): Passing null to parameter #2 ($subject) of type string is deprecated
[ error ] [8192]preg_match(): Passing null to parameter #2 ($subject) of type string is deprecated
[ error ] [8192]preg_match(): Passing null to parameter #2 ($subject) of type string is deprecated
[ error ] [8192]preg_match(): Passing null to parameter #2 ($subject) of type string is deprecated
[ error ] [8192]Automatic conversion of false to array is deprecated
[ error ] [2]Undefined array key "title"
[ error ] [2]Undefined array key "title"
[ error ] [2]Undefined array key "title"
[ error ] [2]Undefined array key "title"
---------------------------------------------------------------
[ 2026-03-16T00:11:53+08:00 ] 3.131.220.121 GET 120.24.147.77/
[ error ] [8192]preg_match(): Passing null to parameter #2 ($subject) of type string is deprecated
[ error ] [8192]preg_match(): Passing null to parameter #2 ($subject) of type string is deprecated
[ error ] [8192]preg_match(): Passing null to parameter #2 ($subject) of type string is deprecated
[ error ] [8192]preg_match(): Passing null to parameter #2 ($subject) of type string is deprecated
[ error ] [8192]preg_match(): Passing null to parameter #2 ($subject) of type string is deprecated
[ error ] [8192]preg_match(): Passing null to parameter #2 ($subject) of type string is deprecated
[ error ] [8192]preg_match(): Passing null to parameter #2 ($subject) of type string is deprecated
[ error ] [8192]preg_match(): Passing null to parameter #2 ($subject) of type string is deprecated
[ error ] [8192]Automatic conversion of false to array is deprecated
[ error ] [2]Undefined array key "title"
[ error ] [2]Undefined array key "title"
[ error ] [2]Undefined array key "title"
[ error ] [2]Undefined array key "title"
---------------------------------------------------------------
[ 2026-03-16T00:20:28+08:00 ] 43.135.2.147 POST punalei.cn/upload/image
[ error ] [8192]preg_match(): Passing null to parameter #2 ($subject) of type string is deprecated
[ error ] [8192]preg_match(): Passing null to parameter #2 ($subject) of type string is deprecated
[ error ] [8192]preg_match(): Passing null to parameter #2 ($subject) of type string is deprecated
[ error ] [8192]preg_match(): Passing null to parameter #2 ($subject) of type string is deprecated
[ error ] [8192]preg_match(): Passing null to parameter #2 ($subject) of type string is deprecated
[ error ] [8192]preg_match(): Passing null to parameter #2 ($subject) of type string is deprecated
---------------------------------------------------------------
[ 2026-03-16T00:20:28+08:00 ] 43.135.2.147 GET punalei.cn/upload/image
[ error ] [8192]preg_match(): Passing null to parameter #2 ($subject) of type string is deprecated
[ error ] [8192]preg_match(): Passing null to parameter #2 ($subject) of type string is deprecated
[ error ] [8192]preg_match(): Passing null to parameter #2 ($subject) of type string is deprecated
[ error ] [8192]preg_match(): Passing null to parameter #2 ($subject) of type string is deprecated
[ error ] [8192]preg_match(): Passing null to parameter #2 ($subject) of type string is deprecated
[ error ] [8192]preg_match(): Passing null to parameter #2 ($subject) of type string is deprecated
---------------------------------------------------------------
[ 2026-03-16T00:20:34+08:00 ] 43.135.2.147 POST punalei.cn/upload/image
[ error ] [8192]preg_match(): Passing null to parameter #2 ($subject) of type string is deprecated
[ error ] [8192]preg_match(): Passing null to parameter #2 ($subject) of type string is deprecated
[ error ] [8192]preg_match(): Passing null to parameter #2 ($subject) of type string is deprecated
[ error ] [8192]preg_match(): Passing null to parameter #2 ($subject) of type string is deprecated
[ error ] [8192]preg_match(): Passing null to parameter #2 ($subject) of type string is deprecated
[ error ] [8192]preg_match(): Passing null to parameter #2 ($subject) of type string is deprecated
---------------------------------------------------------------
[ 2026-03-16T00:20:34+08:00 ] 43.135.2.147 GET punalei.cn/upload/image
[ error ] [8192]preg_match(): Passing null to parameter #2 ($subject) of type string is deprecated
[ error ] [8192]preg_match(): Passing null to parameter #2 ($subject) of type string is deprecated
[ error ] [8192]preg_match(): Passing null to parameter #2 ($subject) of type string is deprecated
[ error ] [8192]preg_match(): Passing null to parameter #2 ($subject) of type string is deprecated
[ error ] [8192]preg_match(): Passing null to parameter #2 ($subject) of type string is deprecated
[ error ] [8192]preg_match(): Passing null to parameter #2 ($subject) of type string is deprecated
---------------------------------------------------------------
[ 2026-03-16T00:20:35+08:00 ] 43.135.2.147 POST punalei.cn/upload/image
[ error ] [8192]preg_match(): Passing null to parameter #2 ($subject) of type string is deprecated
[ error ] [8192]preg_match(): Passing null to parameter #2 ($subject) of type string is deprecated
[ error ] [8192]preg_match(): Passing null to parameter #2 ($subject) of type string is deprecated
[ error ] [8192]preg_match(): Passing null to parameter #2 ($subject) of type string is deprecated
[ error ] [8192]preg_match(): Passing null to parameter #2 ($subject) of type string is deprecated
[ error ] [8192]preg_match(): Passing null to parameter #2 ($subject) of type string is deprecated
---------------------------------------------------------------
[ 2026-03-16T00:20:35+08:00 ] 43.135.2.147 GET punalei.cn/upload/image
[ error ] [8192]preg_match(): Passing null to parameter #2 ($subject) of type string is deprecated
[ error ] [8192]preg_match(): Passing null to parameter #2 ($subject) of type string is deprecated
[ error ] [8192]preg_match(): Passing null to parameter #2 ($subject) of type string is deprecated
[ error ] [8192]preg_match(): Passing null to parameter #2 ($subject) of type string is deprecated
[ error ] [8192]preg_match(): Passing null to parameter #2 ($subject) of type string is deprecated
[ error ] [8192]preg_match(): Passing null to parameter #2 ($subject) of type string is deprecated
---------------------------------------------------------------
[ 2026-03-16T00:20:37+08:00 ] 43.135.2.147 POST punalei.cn/upload/image
[ error ] [8192]preg_match(): Passing null to parameter #2 ($subject) of type string is deprecated
[ error ] [8192]preg_match(): Passing null to parameter #2 ($subject) of type string is deprecated
[ error ] [8192]preg_match(): Passing null to parameter #2 ($subject) of type string is deprecated
[ error ] [8192]preg_match(): Passing null to parameter #2 ($subject) of type string is deprecated
[ error ] [8192]preg_match(): Passing null to parameter #2 ($subject) of type string is deprecated
[ error ] [8192]preg_match(): Passing null to parameter #2 ($subject) of type string is deprecated
---------------------------------------------------------------
[ 2026-03-16T00:20:37+08:00 ] 43.135.2.147 GET punalei.cn/upload/image
[ error ] [8192]preg_match(): Passing null to parameter #2 ($subject) of type string is deprecated
[ error ] [8192]preg_match(): Passing null to parameter #2 ($subject) of type string is deprecated
[ error ] [8192]preg_match(): Passing null to parameter #2 ($subject) of type string is deprecated
[ error ] [8192]preg_match(): Passing null to parameter #2 ($subject) of type string is deprecated
[ error ] [8192]preg_match(): Passing null to parameter #2 ($subject) of type string is deprecated
[ error ] [8192]preg_match(): Passing null to parameter #2 ($subject) of type string is deprecated
---------------------------------------------------------------
[ 2026-03-16T00:26:37+08:00 ] 3.129.187.38 GET 120.24.147.77/
[ error ] [8192]preg_match(): Passing null to parameter #2 ($subject) of type string is deprecated
[ error ] [8192]preg_match(): Passing null to parameter #2 ($subject) of type string is deprecated
[ error ] [8192]preg_match(): Passing null to parameter #2 ($subject) of type string is deprecated
[ error ] [8192]preg_match(): Passing null to parameter #2 ($subject) of type string is deprecated
[ error ] [8192]preg_match(): Passing null to parameter #2 ($subject) of type string is deprecated
[ error ] [8192]preg_match(): Passing null to parameter #2 ($subject) of type string is deprecated
[ error ] [8192]preg_match(): Passing null to parameter #2 ($subject) of type string is deprecated
[ error ] [8192]preg_match(): Passing null to parameter #2 ($subject) of type string is deprecated
[ error ] [8192]Automatic conversion of false to array is deprecated
[ error ] [2]Undefined array key "title"
[ error ] [2]Undefined array key "title"
[ error ] [2]Undefined array key "title"
[ error ] [2]Undefined array key "title"
---------------------------------------------------------------
[ 2026-03-16T00:40:22+08:00 ] 43.135.2.147 POST punalei.cn/upload/file
[ error ] [8192]preg_match(): Passing null to parameter #2 ($subject) of type string is deprecated
[ error ] [8192]preg_match(): Passing null to parameter #2 ($subject) of type string is deprecated
[ error ] [8192]preg_match(): Passing null to parameter #2 ($subject) of type string is deprecated
[ error ] [8192]preg_match(): Passing null to parameter #2 ($subject) of type string is deprecated
[ error ] [8192]preg_match(): Passing null to parameter #2 ($subject) of type string is deprecated
[ error ] [8192]preg_match(): Passing null to parameter #2 ($subject) of type string is deprecated
---------------------------------------------------------------
[ 2026-03-16T00:40:22+08:00 ] 43.135.2.147 GET punalei.cn/upload/file
[ error ] [8192]preg_match(): Passing null to parameter #2 ($subject) of type string is deprecated
[ error ] [8192]preg_match(): Passing null to parameter #2 ($subject) of type string is deprecated
[ error ] [8192]preg_match(): Passing null to parameter #2 ($subject) of type string is deprecated
[ error ] [8192]preg_match(): Passing null to parameter #2 ($subject) of type string is deprecated
[ error ] [8192]preg_match(): Passing null to parameter #2 ($subject) of type string is deprecated
[ error ] [8192]preg_match(): Passing null to parameter #2 ($subject) of type string is deprecated
---------------------------------------------------------------
[ 2026-03-16T00:40:22+08:00 ] 43.135.2.147 POST punalei.cn/upload/file
[ error ] [8192]preg_match(): Passing null to parameter #2 ($subject) of type string is deprecated
[ error ] [8192]preg_match(): Passing null to parameter #2 ($subject) of type string is deprecated
[ error ] [8192]preg_match(): Passing null to parameter #2 ($subject) of type string is deprecated
[ error ] [8192]preg_match(): Passing null to parameter #2 ($subject) of type string is deprecated
[ error ] [8192]preg_match(): Passing null to parameter #2 ($subject) of type string is deprecated
[ error ] [8192]preg_match(): Passing null to parameter #2 ($subject) of type string is deprecated
---------------------------------------------------------------
[ 2026-03-16T00:40:22+08:00 ] 43.135.2.147 GET punalei.cn/upload/file
[ error ] [8192]preg_match(): Passing null to parameter #2 ($subject) of type string is deprecated
[ error ] [8192]preg_match(): Passing null to parameter #2 ($subject) of type string is deprecated
[ error ] [8192]preg_match(): Passing null to parameter #2 ($subject) of type string is deprecated
[ error ] [8192]preg_match(): Passing null to parameter #2 ($subject) of type string is deprecated
[ error ] [8192]preg_match(): Passing null to parameter #2 ($subject) of type string is deprecated
[ error ] [8192]preg_match(): Passing null to parameter #2 ($subject) of type string is deprecated
---------------------------------------------------------------
[ 2026-03-16T00:42:26+08:00 ] 79.124.40.174 GET 120.24.147.77/actuator/gateway/routes
[ error ] [8192]preg_match(): Passing null to parameter #2 ($subject) of type string is deprecated
[ error ] [8192]preg_match(): Passing null to parameter #2 ($subject) of type string is deprecated
[ error ] [8192]preg_match(): Passing null to parameter #2 ($subject) of type string is deprecated
[ error ] [8192]preg_match(): Passing null to parameter #2 ($subject) of type string is deprecated
[ error ] [8192]preg_match(): Passing null to parameter #2 ($subject) of type string is deprecated
[ error ] [8192]preg_match(): Passing null to parameter #2 ($subject) of type string is deprecated
---------------------------------------------------------------
[ 2026-03-16T00:42:26+08:00 ] 79.124.40.174 GET 120.24.147.77/actuator/gateway/routes
[ error ] [8192]preg_match(): Passing null to parameter #2 ($subject) of type string is deprecated
[ error ] [8192]preg_match(): Passing null to parameter #2 ($subject) of type string is deprecated
[ error ] [8192]preg_match(): Passing null to parameter #2 ($subject) of type string is deprecated
[ error ] [8192]preg_match(): Passing null to parameter #2 ($subject) of type string is deprecated
[ error ] [8192]preg_match(): Passing null to parameter #2 ($subject) of type string is deprecated
[ error ] [8192]preg_match(): Passing null to parameter #2 ($subject) of type string is deprecated
---------------------------------------------------------------
[ 2026-03-16T00:50:11+08:00 ] 34.29.253.230 GET punalei.cn/
[ error ] [8192]preg_match(): Passing null to parameter #2 ($subject) of type string is deprecated
[ error ] [8192]preg_match(): Passing null to parameter #2 ($subject) of type string is deprecated
[ error ] [8192]preg_match(): Passing null to parameter #2 ($subject) of type string is deprecated
[ error ] [8192]preg_match(): Passing null to parameter #2 ($subject) of type string is deprecated
[ error ] [8192]preg_match(): Passing null to parameter #2 ($subject) of type string is deprecated
[ error ] [8192]preg_match(): Passing null to parameter #2 ($subject) of type string is deprecated
[ error ] [8192]preg_match(): Passing null to parameter #2 ($subject) of type string is deprecated
[ error ] [8192]preg_match(): Passing null to parameter #2 ($subject) of type string is deprecated
[ error ] [8192]Automatic conversion of false to array is deprecated
[ error ] [2]Undefined array key "title"
[ error ] [2]Undefined array key "title"
[ error ] [2]Undefined array key "title"
[ error ] [2]Undefined array key "title"
---------------------------------------------------------------
[ 2026-03-16T01:00:38+08:00 ] 172.94.9.253 GET 120.24.147.77/.git/config
[ error ] [8192]preg_match(): Passing null to parameter #2 ($subject) of type string is deprecated
[ error ] [8192]preg_match(): Passing null to parameter #2 ($subject) of type string is deprecated
[ error ] [8192]preg_match(): Passing null to parameter #2 ($subject) of type string is deprecated
[ error ] [8192]preg_match(): Passing null to parameter #2 ($subject) of type string is deprecated
[ error ] [8192]preg_match(): Passing null to parameter #2 ($subject) of type string is deprecated
[ error ] [8192]preg_match(): Passing null to parameter #2 ($subject) of type string is deprecated
---------------------------------------------------------------
[ 2026-03-16T01:00:53+08:00 ] 43.135.2.147 POST punalei.cn/admin/file/upload
[ error ] [8192]preg_match(): Passing null to parameter #2 ($subject) of type string is deprecated
[ error ] [8192]preg_match(): Passing null to parameter #2 ($subject) of type string is deprecated
[ error ] [8192]preg_match(): Passing null to parameter #2 ($subject) of type string is deprecated
[ error ] [8192]preg_match(): Passing null to parameter #2 ($subject) of type string is deprecated
[ error ] [8192]preg_match(): Passing null to parameter #2 ($subject) of type string is deprecated
[ error ] [8192]preg_match(): Passing null to parameter #2 ($subject) of type string is deprecated
---------------------------------------------------------------
[ 2026-03-16T01:00:53+08:00 ] 43.135.2.147 GET punalei.cn/admin/file/upload
[ error ] [8192]preg_match(): Passing null to parameter #2 ($subject) of type string is deprecated
[ error ] [8192]preg_match(): Passing null to parameter #2 ($subject) of type string is deprecated
[ error ] [8192]preg_match(): Passing null to parameter #2 ($subject) of type string is deprecated
[ error ] [8192]preg_match(): Passing null to parameter #2 ($subject) of type string is deprecated
[ error ] [8192]preg_match(): Passing null to parameter #2 ($subject) of type string is deprecated
[ error ] [8192]preg_match(): Passing null to parameter #2 ($subject) of type string is deprecated
---------------------------------------------------------------
[ 2026-03-16T01:00:54+08:00 ] 43.135.2.147 POST punalei.cn/admin/file/upload
[ error ] [8192]preg_match(): Passing null to parameter #2 ($subject) of type string is deprecated
[ error ] [8192]preg_match(): Passing null to parameter #2 ($subject) of type string is deprecated
[ error ] [8192]preg_match(): Passing null to parameter #2 ($subject) of type string is deprecated
[ error ] [8192]preg_match(): Passing null to parameter #2 ($subject) of type string is deprecated
[ error ] [8192]preg_match(): Passing null to parameter #2 ($subject) of type string is deprecated
[ error ] [8192]preg_match(): Passing null to parameter #2 ($subject) of type string is deprecated
---------------------------------------------------------------
[ 2026-03-16T01:00:55+08:00 ] 43.135.2.147 GET punalei.cn/admin/file/upload
[ error ] [8192]preg_match(): Passing null to parameter #2 ($subject) of type string is deprecated
[ error ] [8192]preg_match(): Passing null to parameter #2 ($subject) of type string is deprecated
[ error ] [8192]preg_match(): Passing null to parameter #2 ($subject) of type string is deprecated
[ error ] [8192]preg_match(): Passing null to parameter #2 ($subject) of type string is deprecated
[ error ] [8192]preg_match(): Passing null to parameter #2 ($subject) of type string is deprecated
[ error ] [8192]preg_match(): Passing null to parameter #2 ($subject) of type string is deprecated
---------------------------------------------------------------
[ 2026-03-16T01:00:55+08:00 ] 43.135.2.147 POST punalei.cn/admin/file/upload
[ error ] [8192]preg_match(): Passing null to parameter #2 ($subject) of type string is deprecated
[ error ] [8192]preg_match(): Passing null to parameter #2 ($subject) of type string is deprecated
[ error ] [8192]preg_match(): Passing null to parameter #2 ($subject) of type string is deprecated
[ error ] [8192]preg_match(): Passing null to parameter #2 ($subject) of type string is deprecated
[ error ] [8192]preg_match(): Passing null to parameter #2 ($subject) of type string is deprecated
[ error ] [8192]preg_match(): Passing null to parameter #2 ($subject) of type string is deprecated
---------------------------------------------------------------
[ 2026-03-16T01:00:55+08:00 ] 43.135.2.147 GET punalei.cn/admin/file/upload
[ error ] [8192]preg_match(): Passing null to parameter #2 ($subject) of type string is deprecated
[ error ] [8192]preg_match(): Passing null to parameter #2 ($subject) of type string is deprecated
[ error ] [8192]preg_match(): Passing null to parameter #2 ($subject) of type string is deprecated
[ error ] [8192]preg_match(): Passing null to parameter #2 ($subject) of type string is deprecated
[ error ] [8192]preg_match(): Passing null to parameter #2 ($subject) of type string is deprecated
[ error ] [8192]preg_match(): Passing null to parameter #2 ($subject) of type string is deprecated
---------------------------------------------------------------
[ 2026-03-16T01:00:55+08:00 ] 43.135.2.147 POST punalei.cn/admin/file/upload
[ error ] [8192]preg_match(): Passing null to parameter #2 ($subject) of type string is deprecated
[ error ] [8192]preg_match(): Passing null to parameter #2 ($subject) of type string is deprecated
[ error ] [8192]preg_match(): Passing null to parameter #2 ($subject) of type string is deprecated
[ error ] [8192]preg_match(): Passing null to parameter #2 ($subject) of type string is deprecated
[ error ] [8192]preg_match(): Passing null to parameter #2 ($subject) of type string is deprecated
[ error ] [8192]preg_match(): Passing null to parameter #2 ($subject) of type string is deprecated
---------------------------------------------------------------
[ 2026-03-16T01:00:55+08:00 ] 43.135.2.147 GET punalei.cn/admin/file/upload
[ error ] [8192]preg_match(): Passing null to parameter #2 ($subject) of type string is deprecated
[ error ] [8192]preg_match(): Passing null to parameter #2 ($subject) of type string is deprecated
[ error ] [8192]preg_match(): Passing null to parameter #2 ($subject) of type string is deprecated
[ error ] [8192]preg_match(): Passing null to parameter #2 ($subject) of type string is deprecated
[ error ] [8192]preg_match(): Passing null to parameter #2 ($subject) of type string is deprecated
[ error ] [8192]preg_match(): Passing null to parameter #2 ($subject) of type string is deprecated
---------------------------------------------------------------
[ 2026-03-16T01:06:01+08:00 ] 180.153.236.103 GET punalei.cn/
[ error ] [8192]preg_match(): Passing null to parameter #2 ($subject) of type string is deprecated
[ error ] [8192]preg_match(): Passing null to parameter #2 ($subject) of type string is deprecated
[ error ] [8192]preg_match(): Passing null to parameter #2 ($subject) of type string is deprecated
[ error ] [8192]preg_match(): Passing null to parameter #2 ($subject) of type string is deprecated
[ error ] [8192]preg_match(): Passing null to parameter #2 ($subject) of type string is deprecated
[ error ] [8192]preg_match(): Passing null to parameter #2 ($subject) of type string is deprecated
[ error ] [8192]preg_match(): Passing null to parameter #2 ($subject) of type string is deprecated
[ error ] [8192]preg_match(): Passing null to parameter #2 ($subject) of type string is deprecated
[ error ] [8192]Automatic conversion of false to array is deprecated
[ error ] [2]Undefined array key "title"
[ error ] [2]Undefined array key "title"
[ error ] [2]Undefined array key "title"
[ error ] [2]Undefined array key "title"
---------------------------------------------------------------
[ 2026-03-16T01:06:05+08:00 ] 180.153.236.24 GET punalei.cn/
[ error ] [8192]preg_match(): Passing null to parameter #2 ($subject) of type string is deprecated
[ error ] [8192]preg_match(): Passing null to parameter #2 ($subject) of type string is deprecated
[ error ] [8192]preg_match(): Passing null to parameter #2 ($subject) of type string is deprecated
[ error ] [8192]preg_match(): Passing null to parameter #2 ($subject) of type string is deprecated
[ error ] [8192]preg_match(): Passing null to parameter #2 ($subject) of type string is deprecated
[ error ] [8192]preg_match(): Passing null to parameter #2 ($subject) of type string is deprecated
[ error ] [8192]preg_match(): Passing null to parameter #2 ($subject) of type string is deprecated
[ error ] [8192]preg_match(): Passing null to parameter #2 ($subject) of type string is deprecated
[ error ] [8192]Automatic conversion of false to array is deprecated
[ error ] [2]Undefined array key "title"
[ error ] [2]Undefined array key "title"
[ error ] [2]Undefined array key "title"
[ error ] [2]Undefined array key "title"
---------------------------------------------------------------
[ 2026-03-16T01:17:58+08:00 ] 87.121.84.76 GET 120.24.147.77/
[ error ] [8192]preg_match(): Passing null to parameter #2 ($subject) of type string is deprecated
[ error ] [8192]preg_match(): Passing null to parameter #2 ($subject) of type string is deprecated
[ error ] [8192]preg_match(): Passing null to parameter #2 ($subject) of type string is deprecated
[ error ] [8192]preg_match(): Passing null to parameter #2 ($subject) of type string is deprecated
[ error ] [8192]preg_match(): Passing null to parameter #2 ($subject) of type string is deprecated
[ error ] [8192]preg_match(): Passing null to parameter #2 ($subject) of type string is deprecated
[ error ] [8192]preg_match(): Passing null to parameter #2 ($subject) of type string is deprecated
[ error ] [8192]preg_match(): Passing null to parameter #2 ($subject) of type string is deprecated
[ error ] [8192]Automatic conversion of false to array is deprecated
[ error ] [2]Undefined array key "title"
[ error ] [2]Undefined array key "title"
[ error ] [2]Undefined array key "title"
[ error ] [2]Undefined array key "title"
---------------------------------------------------------------
[ 2026-03-16T01:28:38+08:00 ] 185.12.59.118 GET 120.24.147.77/
[ error ] [8192]preg_match(): Passing null to parameter #2 ($subject) of type string is deprecated
[ error ] [8192]preg_match(): Passing null to parameter #2 ($subject) of type string is deprecated
[ error ] [8192]preg_match(): Passing null to parameter #2 ($subject) of type string is deprecated
[ error ] [8192]preg_match(): Passing null to parameter #2 ($subject) of type string is deprecated
[ error ] [8192]preg_match(): Passing null to parameter #2 ($subject) of type string is deprecated
[ error ] [8192]preg_match(): Passing null to parameter #2 ($subject) of type string is deprecated
[ error ] [8192]preg_match(): Passing null to parameter #2 ($subject) of type string is deprecated
[ error ] [8192]preg_match(): Passing null to parameter #2 ($subject) of type string is deprecated
[ error ] [8192]Automatic conversion of false to array is deprecated
[ error ] [2]Undefined array key "title"
[ error ] [2]Undefined array key "title"
[ error ] [2]Undefined array key "title"
[ error ] [2]Undefined array key "title"
---------------------------------------------------------------
[ 2026-03-16T01:41:11+08:00 ] 43.135.2.147 POST punalei.cn/upload/index
[ error ] [8192]preg_match(): Passing null to parameter #2 ($subject) of type string is deprecated
[ error ] [8192]preg_match(): Passing null to parameter #2 ($subject) of type string is deprecated
[ error ] [8192]preg_match(): Passing null to parameter #2 ($subject) of type string is deprecated
[ error ] [8192]preg_match(): Passing null to parameter #2 ($subject) of type string is deprecated
[ error ] [8192]preg_match(): Passing null to parameter #2 ($subject) of type string is deprecated
[ error ] [8192]preg_match(): Passing null to parameter #2 ($subject) of type string is deprecated
---------------------------------------------------------------
[ 2026-03-16T01:41:11+08:00 ] 43.135.2.147 GET punalei.cn/upload/index
[ error ] [8192]preg_match(): Passing null to parameter #2 ($subject) of type string is deprecated
[ error ] [8192]preg_match(): Passing null to parameter #2 ($subject) of type string is deprecated
[ error ] [8192]preg_match(): Passing null to parameter #2 ($subject) of type string is deprecated
[ error ] [8192]preg_match(): Passing null to parameter #2 ($subject) of type string is deprecated
[ error ] [8192]preg_match(): Passing null to parameter #2 ($subject) of type string is deprecated
[ error ] [8192]preg_match(): Passing null to parameter #2 ($subject) of type string is deprecated
---------------------------------------------------------------
[ 2026-03-16T01:41:21+08:00 ] 43.135.2.147 POST punalei.cn/upload/index
[ error ] [8192]preg_match(): Passing null to parameter #2 ($subject) of type string is deprecated
[ error ] [8192]preg_match(): Passing null to parameter #2 ($subject) of type string is deprecated
[ error ] [8192]preg_match(): Passing null to parameter #2 ($subject) of type string is deprecated
[ error ] [8192]preg_match(): Passing null to parameter #2 ($subject) of type string is deprecated
[ error ] [8192]preg_match(): Passing null to parameter #2 ($subject) of type string is deprecated
[ error ] [8192]preg_match(): Passing null to parameter #2 ($subject) of type string is deprecated
---------------------------------------------------------------
[ 2026-03-16T01:41:21+08:00 ] 43.135.2.147 GET punalei.cn/upload/index
[ error ] [8192]preg_match(): Passing null to parameter #2 ($subject) of type string is deprecated
[ error ] [8192]preg_match(): Passing null to parameter #2 ($subject) of type string is deprecated
[ error ] [8192]preg_match(): Passing null to parameter #2 ($subject) of type string is deprecated
[ error ] [8192]preg_match(): Passing null to parameter #2 ($subject) of type string is deprecated
[ error ] [8192]preg_match(): Passing null to parameter #2 ($subject) of type string is deprecated
[ error ] [8192]preg_match(): Passing null to parameter #2 ($subject) of type string is deprecated
---------------------------------------------------------------
[ 2026-03-16T01:41:27+08:00 ] 43.135.2.147 POST punalei.cn/upload/index
[ error ] [8192]preg_match(): Passing null to parameter #2 ($subject) of type string is deprecated
[ error ] [8192]preg_match(): Passing null to parameter #2 ($subject) of type string is deprecated
[ error ] [8192]preg_match(): Passing null to parameter #2 ($subject) of type string is deprecated
[ error ] [8192]preg_match(): Passing null to parameter #2 ($subject) of type string is deprecated
[ error ] [8192]preg_match(): Passing null to parameter #2 ($subject) of type string is deprecated
[ error ] [8192]preg_match(): Passing null to parameter #2 ($subject) of type string is deprecated
---------------------------------------------------------------
[ 2026-03-16T01:41:27+08:00 ] 43.135.2.147 GET punalei.cn/upload/index
[ error ] [8192]preg_match(): Passing null to parameter #2 ($subject) of type string is deprecated
[ error ] [8192]preg_match(): Passing null to parameter #2 ($subject) of type string is deprecated
[ error ] [8192]preg_match(): Passing null to parameter #2 ($subject) of type string is deprecated
[ error ] [8192]preg_match(): Passing null to parameter #2 ($subject) of type string is deprecated
[ error ] [8192]preg_match(): Passing null to parameter #2 ($subject) of type string is deprecated
[ error ] [8192]preg_match(): Passing null to parameter #2 ($subject) of type string is deprecated
---------------------------------------------------------------
[ 2026-03-16T01:41:27+08:00 ] 43.135.2.147 POST punalei.cn/upload/index
[ error ] [8192]preg_match(): Passing null to parameter #2 ($subject) of type string is deprecated
[ error ] [8192]preg_match(): Passing null to parameter #2 ($subject) of type string is deprecated
[ error ] [8192]preg_match(): Passing null to parameter #2 ($subject) of type string is deprecated
[ error ] [8192]preg_match(): Passing null to parameter #2 ($subject) of type string is deprecated
[ error ] [8192]preg_match(): Passing null to parameter #2 ($subject) of type string is deprecated
[ error ] [8192]preg_match(): Passing null to parameter #2 ($subject) of type string is deprecated
---------------------------------------------------------------
[ 2026-03-16T01:41:27+08:00 ] 43.135.2.147 GET punalei.cn/upload/index
[ error ] [8192]preg_match(): Passing null to parameter #2 ($subject) of type string is deprecated
[ error ] [8192]preg_match(): Passing null to parameter #2 ($subject) of type string is deprecated
[ error ] [8192]preg_match(): Passing null to parameter #2 ($subject) of type string is deprecated
[ error ] [8192]preg_match(): Passing null to parameter #2 ($subject) of type string is deprecated
[ error ] [8192]preg_match(): Passing null to parameter #2 ($subject) of type string is deprecated
[ error ] [8192]preg_match(): Passing null to parameter #2 ($subject) of type string is deprecated
---------------------------------------------------------------
[ 2026-03-16T01:41:27+08:00 ] 43.135.2.147 POST punalei.cn/upload/index
[ error ] [8192]preg_match(): Passing null to parameter #2 ($subject) of type string is deprecated
[ error ] [8192]preg_match(): Passing null to parameter #2 ($subject) of type string is deprecated
[ error ] [8192]preg_match(): Passing null to parameter #2 ($subject) of type string is deprecated
[ error ] [8192]preg_match(): Passing null to parameter #2 ($subject) of type string is deprecated
[ error ] [8192]preg_match(): Passing null to parameter #2 ($subject) of type string is deprecated
[ error ] [8192]preg_match(): Passing null to parameter #2 ($subject) of type string is deprecated
---------------------------------------------------------------
[ 2026-03-16T01:41:27+08:00 ] 43.135.2.147 GET punalei.cn/upload/index
[ error ] [8192]preg_match(): Passing null to parameter #2 ($subject) of type string is deprecated
[ error ] [8192]preg_match(): Passing null to parameter #2 ($subject) of type string is deprecated
[ error ] [8192]preg_match(): Passing null to parameter #2 ($subject) of type string is deprecated
[ error ] [8192]preg_match(): Passing null to parameter #2 ($subject) of type string is deprecated
[ error ] [8192]preg_match(): Passing null to parameter #2 ($subject) of type string is deprecated
[ error ] [8192]preg_match(): Passing null to parameter #2 ($subject) of type string is deprecated
---------------------------------------------------------------
[ 2026-03-16T01:45:58+08:00 ] 162.142.125.209 GET 120.24.147.77/favicon.ico
[ error ] [8192]preg_match(): Passing null to parameter #2 ($subject) of type string is deprecated
[ error ] [8192]preg_match(): Passing null to parameter #2 ($subject) of type string is deprecated
[ error ] [8192]preg_match(): Passing null to parameter #2 ($subject) of type string is deprecated
[ error ] [8192]preg_match(): Passing null to parameter #2 ($subject) of type string is deprecated
[ error ] [8192]preg_match(): Passing null to parameter #2 ($subject) of type string is deprecated
[ error ] [8192]preg_match(): Passing null to parameter #2 ($subject) of type string is deprecated
---------------------------------------------------------------
[ 2026-03-16T01:45:58+08:00 ] 162.142.125.209 GET 120.24.147.77/favicon.ico
[ error ] [8192]preg_match(): Passing null to parameter #2 ($subject) of type string is deprecated
[ error ] [8192]preg_match(): Passing null to parameter #2 ($subject) of type string is deprecated
[ error ] [8192]preg_match(): Passing null to parameter #2 ($subject) of type string is deprecated
[ error ] [8192]preg_match(): Passing null to parameter #2 ($subject) of type string is deprecated
[ error ] [8192]preg_match(): Passing null to parameter #2 ($subject) of type string is deprecated
[ error ] [8192]preg_match(): Passing null to parameter #2 ($subject) of type string is deprecated
---------------------------------------------------------------
[ 2026-03-16T01:45:59+08:00 ] 162.142.125.209 GET 120.24.147.77/1tokn5wl39
[ error ] [8192]preg_match(): Passing null to parameter #2 ($subject) of type string is deprecated
[ error ] [8192]preg_match(): Passing null to parameter #2 ($subject) of type string is deprecated
[ error ] [8192]preg_match(): Passing null to parameter #2 ($subject) of type string is deprecated
[ error ] [8192]preg_match(): Passing null to parameter #2 ($subject) of type string is deprecated
[ error ] [8192]preg_match(): Passing null to parameter #2 ($subject) of type string is deprecated
[ error ] [8192]preg_match(): Passing null to parameter #2 ($subject) of type string is deprecated
---------------------------------------------------------------
[ 2026-03-16T01:45:59+08:00 ] 162.142.125.209 GET 120.24.147.77/1tokn5wl39
[ error ] [8192]preg_match(): Passing null to parameter #2 ($subject) of type string is deprecated
[ error ] [8192]preg_match(): Passing null to parameter #2 ($subject) of type string is deprecated
[ error ] [8192]preg_match(): Passing null to parameter #2 ($subject) of type string is deprecated
[ error ] [8192]preg_match(): Passing null to parameter #2 ($subject) of type string is deprecated
[ error ] [8192]preg_match(): Passing null to parameter #2 ($subject) of type string is deprecated
[ error ] [8192]preg_match(): Passing null to parameter #2 ($subject) of type string is deprecated
---------------------------------------------------------------
[ 2026-03-16T01:47:39+08:00 ] 66.132.153.133 GET 120.24.147.77/
[ error ] [8192]preg_match(): Passing null to parameter #2 ($subject) of type string is deprecated
[ error ] [8192]preg_match(): Passing null to parameter #2 ($subject) of type string is deprecated
[ error ] [8192]preg_match(): Passing null to parameter #2 ($subject) of type string is deprecated
[ error ] [8192]preg_match(): Passing null to parameter #2 ($subject) of type string is deprecated
[ error ] [8192]preg_match(): Passing null to parameter #2 ($subject) of type string is deprecated
[ error ] [8192]preg_match(): Passing null to parameter #2 ($subject) of type string is deprecated
[ error ] [8192]preg_match(): Passing null to parameter #2 ($subject) of type string is deprecated
[ error ] [8192]preg_match(): Passing null to parameter #2 ($subject) of type string is deprecated
[ error ] [8192]Automatic conversion of false to array is deprecated
[ error ] [2]Undefined array key "title"
[ error ] [2]Undefined array key "title"
[ error ] [2]Undefined array key "title"
[ error ] [2]Undefined array key "title"
---------------------------------------------------------------
[ 2026-03-16T01:47:43+08:00 ] 66.132.153.133 GET 120.24.147.77/favicon.ico
[ error ] [8192]preg_match(): Passing null to parameter #2 ($subject) of type string is deprecated
[ error ] [8192]preg_match(): Passing null to parameter #2 ($subject) of type string is deprecated
[ error ] [8192]preg_match(): Passing null to parameter #2 ($subject) of type string is deprecated
[ error ] [8192]preg_match(): Passing null to parameter #2 ($subject) of type string is deprecated
[ error ] [8192]preg_match(): Passing null to parameter #2 ($subject) of type string is deprecated
[ error ] [8192]preg_match(): Passing null to parameter #2 ($subject) of type string is deprecated
---------------------------------------------------------------
[ 2026-03-16T01:47:43+08:00 ] 66.132.153.133 GET 120.24.147.77/favicon.ico
[ error ] [8192]preg_match(): Passing null to parameter #2 ($subject) of type string is deprecated
[ error ] [8192]preg_match(): Passing null to parameter #2 ($subject) of type string is deprecated
[ error ] [8192]preg_match(): Passing null to parameter #2 ($subject) of type string is deprecated
[ error ] [8192]preg_match(): Passing null to parameter #2 ($subject) of type string is deprecated
[ error ] [8192]preg_match(): Passing null to parameter #2 ($subject) of type string is deprecated
[ error ] [8192]preg_match(): Passing null to parameter #2 ($subject) of type string is deprecated
---------------------------------------------------------------
[ 2026-03-16T01:47:49+08:00 ] 66.132.153.133 GET 120.24.147.77/wiki
[ error ] [8192]preg_match(): Passing null to parameter #2 ($subject) of type string is deprecated
[ error ] [8192]preg_match(): Passing null to parameter #2 ($subject) of type string is deprecated
[ error ] [8192]preg_match(): Passing null to parameter #2 ($subject) of type string is deprecated
[ error ] [8192]preg_match(): Passing null to parameter #2 ($subject) of type string is deprecated
[ error ] [8192]preg_match(): Passing null to parameter #2 ($subject) of type string is deprecated
[ error ] [8192]preg_match(): Passing null to parameter #2 ($subject) of type string is deprecated
---------------------------------------------------------------
[ 2026-03-16T01:47:49+08:00 ] 66.132.153.133 GET 120.24.147.77/wiki
[ error ] [8192]preg_match(): Passing null to parameter #2 ($subject) of type string is deprecated
[ error ] [8192]preg_match(): Passing null to parameter #2 ($subject) of type string is deprecated
[ error ] [8192]preg_match(): Passing null to parameter #2 ($subject) of type string is deprecated
[ error ] [8192]preg_match(): Passing null to parameter #2 ($subject) of type string is deprecated
[ error ] [8192]preg_match(): Passing null to parameter #2 ($subject) of type string is deprecated
[ error ] [8192]preg_match(): Passing null to parameter #2 ($subject) of type string is deprecated
---------------------------------------------------------------
[ 2026-03-16T02:00:55+08:00 ] 43.135.2.147 POST punalei.cn/upload/upload
[ error ] [8192]preg_match(): Passing null to parameter #2 ($subject) of type string is deprecated
[ error ] [8192]preg_match(): Passing null to parameter #2 ($subject) of type string is deprecated
[ error ] [8192]preg_match(): Passing null to parameter #2 ($subject) of type string is deprecated
[ error ] [8192]preg_match(): Passing null to parameter #2 ($subject) of type string is deprecated
[ error ] [8192]preg_match(): Passing null to parameter #2 ($subject) of type string is deprecated
[ error ] [8192]preg_match(): Passing null to parameter #2 ($subject) of type string is deprecated
---------------------------------------------------------------
[ 2026-03-16T02:00:55+08:00 ] 43.135.2.147 GET punalei.cn/upload/upload
[ error ] [8192]preg_match(): Passing null to parameter #2 ($subject) of type string is deprecated
[ error ] [8192]preg_match(): Passing null to parameter #2 ($subject) of type string is deprecated
[ error ] [8192]preg_match(): Passing null to parameter #2 ($subject) of type string is deprecated
[ error ] [8192]preg_match(): Passing null to parameter #2 ($subject) of type string is deprecated
[ error ] [8192]preg_match(): Passing null to parameter #2 ($subject) of type string is deprecated
[ error ] [8192]preg_match(): Passing null to parameter #2 ($subject) of type string is deprecated
---------------------------------------------------------------
[ 2026-03-16T02:00:55+08:00 ] 43.135.2.147 POST punalei.cn/upload/upload
[ error ] [8192]preg_match(): Passing null to parameter #2 ($subject) of type string is deprecated
[ error ] [8192]preg_match(): Passing null to parameter #2 ($subject) of type string is deprecated
[ error ] [8192]preg_match(): Passing null to parameter #2 ($subject) of type string is deprecated
[ error ] [8192]preg_match(): Passing null to parameter #2 ($subject) of type string is deprecated
[ error ] [8192]preg_match(): Passing null to parameter #2 ($subject) of type string is deprecated
[ error ] [8192]preg_match(): Passing null to parameter #2 ($subject) of type string is deprecated
---------------------------------------------------------------
[ 2026-03-16T02:00:56+08:00 ] 43.135.2.147 GET punalei.cn/upload/upload
[ error ] [8192]preg_match(): Passing null to parameter #2 ($subject) of type string is deprecated
[ error ] [8192]preg_match(): Passing null to parameter #2 ($subject) of type string is deprecated
[ error ] [8192]preg_match(): Passing null to parameter #2 ($subject) of type string is deprecated
[ error ] [8192]preg_match(): Passing null to parameter #2 ($subject) of type string is deprecated
[ error ] [8192]preg_match(): Passing null to parameter #2 ($subject) of type string is deprecated
[ error ] [8192]preg_match(): Passing null to parameter #2 ($subject) of type string is deprecated
---------------------------------------------------------------
[ 2026-03-16T02:00:59+08:00 ] 43.135.2.147 POST punalei.cn/upload/upload
[ error ] [8192]preg_match(): Passing null to parameter #2 ($subject) of type string is deprecated
[ error ] [8192]preg_match(): Passing null to parameter #2 ($subject) of type string is deprecated
[ error ] [8192]preg_match(): Passing null to parameter #2 ($subject) of type string is deprecated
[ error ] [8192]preg_match(): Passing null to parameter #2 ($subject) of type string is deprecated
[ error ] [8192]preg_match(): Passing null to parameter #2 ($subject) of type string is deprecated
[ error ] [8192]preg_match(): Passing null to parameter #2 ($subject) of type string is deprecated
---------------------------------------------------------------
[ 2026-03-16T02:00:59+08:00 ] 43.135.2.147 GET punalei.cn/upload/upload
[ error ] [8192]preg_match(): Passing null to parameter #2 ($subject) of type string is deprecated
[ error ] [8192]preg_match(): Passing null to parameter #2 ($subject) of type string is deprecated
[ error ] [8192]preg_match(): Passing null to parameter #2 ($subject) of type string is deprecated
[ error ] [8192]preg_match(): Passing null to parameter #2 ($subject) of type string is deprecated
[ error ] [8192]preg_match(): Passing null to parameter #2 ($subject) of type string is deprecated
[ error ] [8192]preg_match(): Passing null to parameter #2 ($subject) of type string is deprecated
---------------------------------------------------------------
[ 2026-03-16T02:01:00+08:00 ] 43.135.2.147 POST punalei.cn/upload/upload
[ error ] [8192]preg_match(): Passing null to parameter #2 ($subject) of type string is deprecated
[ error ] [8192]preg_match(): Passing null to parameter #2 ($subject) of type string is deprecated
[ error ] [8192]preg_match(): Passing null to parameter #2 ($subject) of type string is deprecated
[ error ] [8192]preg_match(): Passing null to parameter #2 ($subject) of type string is deprecated
[ error ] [8192]preg_match(): Passing null to parameter #2 ($subject) of type string is deprecated
[ error ] [8192]preg_match(): Passing null to parameter #2 ($subject) of type string is deprecated
---------------------------------------------------------------
[ 2026-03-16T02:01:00+08:00 ] 43.135.2.147 GET punalei.cn/upload/upload
[ error ] [8192]preg_match(): Passing null to parameter #2 ($subject) of type string is deprecated
[ error ] [8192]preg_match(): Passing null to parameter #2 ($subject) of type string is deprecated
[ error ] [8192]preg_match(): Passing null to parameter #2 ($subject) of type string is deprecated
[ error ] [8192]preg_match(): Passing null to parameter #2 ($subject) of type string is deprecated
[ error ] [8192]preg_match(): Passing null to parameter #2 ($subject) of type string is deprecated
[ error ] [8192]preg_match(): Passing null to parameter #2 ($subject) of type string is deprecated
---------------------------------------------------------------
[ 2026-03-16T02:20:55+08:00 ] 43.135.2.147 POST punalei.cn/api/upload/upload
[ error ] [8192]preg_match(): Passing null to parameter #2 ($subject) of type string is deprecated
[ error ] [8192]preg_match(): Passing null to parameter #2 ($subject) of type string is deprecated
[ error ] [8192]preg_match(): Passing null to parameter #2 ($subject) of type string is deprecated
[ error ] [8192]preg_match(): Passing null to parameter #2 ($subject) of type string is deprecated
[ error ] [8192]preg_match(): Passing null to parameter #2 ($subject) of type string is deprecated
[ error ] [8192]preg_match(): Passing null to parameter #2 ($subject) of type string is deprecated
---------------------------------------------------------------
[ 2026-03-16T02:20:56+08:00 ] 43.135.2.147 GET punalei.cn/api/upload/upload
[ error ] [8192]preg_match(): Passing null to parameter #2 ($subject) of type string is deprecated
[ error ] [8192]preg_match(): Passing null to parameter #2 ($subject) of type string is deprecated
[ error ] [8192]preg_match(): Passing null to parameter #2 ($subject) of type string is deprecated
[ error ] [8192]preg_match(): Passing null to parameter #2 ($subject) of type string is deprecated
[ error ] [8192]preg_match(): Passing null to parameter #2 ($subject) of type string is deprecated
[ error ] [8192]preg_match(): Passing null to parameter #2 ($subject) of type string is deprecated
---------------------------------------------------------------
[ 2026-03-16T02:21:00+08:00 ] 43.135.2.147 POST punalei.cn/api/upload/upload
[ error ] [8192]preg_match(): Passing null to parameter #2 ($subject) of type string is deprecated
[ error ] [8192]preg_match(): Passing null to parameter #2 ($subject) of type string is deprecated
[ error ] [8192]preg_match(): Passing null to parameter #2 ($subject) of type string is deprecated
[ error ] [8192]preg_match(): Passing null to parameter #2 ($subject) of type string is deprecated
[ error ] [8192]preg_match(): Passing null to parameter #2 ($subject) of type string is deprecated
[ error ] [8192]preg_match(): Passing null to parameter #2 ($subject) of type string is deprecated
---------------------------------------------------------------
[ 2026-03-16T02:21:00+08:00 ] 43.135.2.147 GET punalei.cn/api/upload/upload
[ error ] [8192]preg_match(): Passing null to parameter #2 ($subject) of type string is deprecated
[ error ] [8192]preg_match(): Passing null to parameter #2 ($subject) of type string is deprecated
[ error ] [8192]preg_match(): Passing null to parameter #2 ($subject) of type string is deprecated
[ error ] [8192]preg_match(): Passing null to parameter #2 ($subject) of type string is deprecated
[ error ] [8192]preg_match(): Passing null to parameter #2 ($subject) of type string is deprecated
[ error ] [8192]preg_match(): Passing null to parameter #2 ($subject) of type string is deprecated
---------------------------------------------------------------
[ 2026-03-16T02:21:01+08:00 ] 43.135.2.147 POST punalei.cn/api/upload/upload
[ error ] [8192]preg_match(): Passing null to parameter #2 ($subject) of type string is deprecated
[ error ] [8192]preg_match(): Passing null to parameter #2 ($subject) of type string is deprecated
[ error ] [8192]preg_match(): Passing null to parameter #2 ($subject) of type string is deprecated
[ error ] [8192]preg_match(): Passing null to parameter #2 ($subject) of type string is deprecated
[ error ] [8192]preg_match(): Passing null to parameter #2 ($subject) of type string is deprecated
[ error ] [8192]preg_match(): Passing null to parameter #2 ($subject) of type string is deprecated
---------------------------------------------------------------
[ 2026-03-16T02:21:01+08:00 ] 43.135.2.147 GET punalei.cn/api/upload/upload
[ error ] [8192]preg_match(): Passing null to parameter #2 ($subject) of type string is deprecated
[ error ] [8192]preg_match(): Passing null to parameter #2 ($subject) of type string is deprecated
[ error ] [8192]preg_match(): Passing null to parameter #2 ($subject) of type string is deprecated
[ error ] [8192]preg_match(): Passing null to parameter #2 ($subject) of type string is deprecated
[ error ] [8192]preg_match(): Passing null to parameter #2 ($subject) of type string is deprecated
[ error ] [8192]preg_match(): Passing null to parameter #2 ($subject) of type string is deprecated
---------------------------------------------------------------
[ 2026-03-16T02:21:01+08:00 ] 43.135.2.147 POST punalei.cn/api/upload/upload
[ error ] [8192]preg_match(): Passing null to parameter #2 ($subject) of type string is deprecated
[ error ] [8192]preg_match(): Passing null to parameter #2 ($subject) of type string is deprecated
[ error ] [8192]preg_match(): Passing null to parameter #2 ($subject) of type string is deprecated
[ error ] [8192]preg_match(): Passing null to parameter #2 ($subject) of type string is deprecated
[ error ] [8192]preg_match(): Passing null to parameter #2 ($subject) of type string is deprecated
[ error ] [8192]preg_match(): Passing null to parameter #2 ($subject) of type string is deprecated
---------------------------------------------------------------
[ 2026-03-16T02:21:01+08:00 ] 43.135.2.147 GET punalei.cn/api/upload/upload
[ error ] [8192]preg_match(): Passing null to parameter #2 ($subject) of type string is deprecated
[ error ] [8192]preg_match(): Passing null to parameter #2 ($subject) of type string is deprecated
[ error ] [8192]preg_match(): Passing null to parameter #2 ($subject) of type string is deprecated
[ error ] [8192]preg_match(): Passing null to parameter #2 ($subject) of type string is deprecated
[ error ] [8192]preg_match(): Passing null to parameter #2 ($subject) of type string is deprecated
[ error ] [8192]preg_match(): Passing null to parameter #2 ($subject) of type string is deprecated
---------------------------------------------------------------
[ 2026-03-16T02:28:10+08:00 ] 149.86.227.60 GET 120.24.147.77/
[ error ] [8192]preg_match(): Passing null to parameter #2 ($subject) of type string is deprecated
[ error ] [8192]preg_match(): Passing null to parameter #2 ($subject) of type string is deprecated
[ error ] [8192]preg_match(): Passing null to parameter #2 ($subject) of type string is deprecated
[ error ] [8192]preg_match(): Passing null to parameter #2 ($subject) of type string is deprecated
[ error ] [8192]preg_match(): Passing null to parameter #2 ($subject) of type string is deprecated
[ error ] [8192]preg_match(): Passing null to parameter #2 ($subject) of type string is deprecated
[ error ] [8192]preg_match(): Passing null to parameter #2 ($subject) of type string is deprecated
[ error ] [8192]preg_match(): Passing null to parameter #2 ($subject) of type string is deprecated
[ error ] [8192]Automatic conversion of false to array is deprecated
[ error ] [2]Undefined array key "title"
[ error ] [2]Undefined array key "title"
[ error ] [2]Undefined array key "title"
[ error ] [2]Undefined array key "title"
---------------------------------------------------------------
[ 2026-03-16T02:39:55+08:00 ] 113.25.113.181 GET 120.24.147.77/
[ error ] [8192]preg_match(): Passing null to parameter #2 ($subject) of type string is deprecated
[ error ] [8192]preg_match(): Passing null to parameter #2 ($subject) of type string is deprecated
[ error ] [8192]preg_match(): Passing null to parameter #2 ($subject) of type string is deprecated
[ error ] [8192]preg_match(): Passing null to parameter #2 ($subject) of type string is deprecated
[ error ] [8192]preg_match(): Passing null to parameter #2 ($subject) of type string is deprecated
[ error ] [8192]preg_match(): Passing null to parameter #2 ($subject) of type string is deprecated
[ error ] [8192]preg_match(): Passing null to parameter #2 ($subject) of type string is deprecated
[ error ] [8192]preg_match(): Passing null to parameter #2 ($subject) of type string is deprecated
[ error ] [8192]Automatic conversion of false to array is deprecated
[ error ] [2]Undefined array key "title"
[ error ] [2]Undefined array key "title"
[ error ] [2]Undefined array key "title"
[ error ] [2]Undefined array key "title"
---------------------------------------------------------------
[ 2026-03-16T02:41:18+08:00 ] 43.135.2.147 GET punalei.cn/upload.php
[ error ] [8192]preg_match(): Passing null to parameter #2 ($subject) of type string is deprecated
[ error ] [8192]preg_match(): Passing null to parameter #2 ($subject) of type string is deprecated
[ error ] [8192]preg_match(): Passing null to parameter #2 ($subject) of type string is deprecated
[ error ] [8192]preg_match(): Passing null to parameter #2 ($subject) of type string is deprecated
[ error ] [8192]preg_match(): Passing null to parameter #2 ($subject) of type string is deprecated
[ error ] [8192]preg_match(): Passing null to parameter #2 ($subject) of type string is deprecated
---------------------------------------------------------------
[ 2026-03-16T02:41:18+08:00 ] 43.135.2.147 GET punalei.cn/upload.php
[ error ] [8192]preg_match(): Passing null to parameter #2 ($subject) of type string is deprecated
[ error ] [8192]preg_match(): Passing null to parameter #2 ($subject) of type string is deprecated
[ error ] [8192]preg_match(): Passing null to parameter #2 ($subject) of type string is deprecated
[ error ] [8192]preg_match(): Passing null to parameter #2 ($subject) of type string is deprecated
[ error ] [8192]preg_match(): Passing null to parameter #2 ($subject) of type string is deprecated
[ error ] [8192]preg_match(): Passing null to parameter #2 ($subject) of type string is deprecated
---------------------------------------------------------------
[ 2026-03-16T02:41:18+08:00 ] 43.135.2.147 GET punalei.cn/upload.php
[ error ] [8192]preg_match(): Passing null to parameter #2 ($subject) of type string is deprecated
[ error ] [8192]preg_match(): Passing null to parameter #2 ($subject) of type string is deprecated
[ error ] [8192]preg_match(): Passing null to parameter #2 ($subject) of type string is deprecated
[ error ] [8192]preg_match(): Passing null to parameter #2 ($subject) of type string is deprecated
[ error ] [8192]preg_match(): Passing null to parameter #2 ($subject) of type string is deprecated
[ error ] [8192]preg_match(): Passing null to parameter #2 ($subject) of type string is deprecated
---------------------------------------------------------------
[ 2026-03-16T02:41:18+08:00 ] 43.135.2.147 GET punalei.cn/upload.php
[ error ] [8192]preg_match(): Passing null to parameter #2 ($subject) of type string is deprecated
[ error ] [8192]preg_match(): Passing null to parameter #2 ($subject) of type string is deprecated
[ error ] [8192]preg_match(): Passing null to parameter #2 ($subject) of type string is deprecated
[ error ] [8192]preg_match(): Passing null to parameter #2 ($subject) of type string is deprecated
[ error ] [8192]preg_match(): Passing null to parameter #2 ($subject) of type string is deprecated
[ error ] [8192]preg_match(): Passing null to parameter #2 ($subject) of type string is deprecated
---------------------------------------------------------------
[ 2026-03-16T02:44:26+08:00 ] 14.19.56.188 GET 120.24.147.77/
[ error ] [8192]preg_match(): Passing null to parameter #2 ($subject) of type string is deprecated
[ error ] [8192]preg_match(): Passing null to parameter #2 ($subject) of type string is deprecated
[ error ] [8192]preg_match(): Passing null to parameter #2 ($subject) of type string is deprecated
[ error ] [8192]preg_match(): Passing null to parameter #2 ($subject) of type string is deprecated
[ error ] [8192]preg_match(): Passing null to parameter #2 ($subject) of type string is deprecated
[ error ] [8192]preg_match(): Passing null to parameter #2 ($subject) of type string is deprecated
[ error ] [8192]preg_match(): Passing null to parameter #2 ($subject) of type string is deprecated
[ error ] [8192]preg_match(): Passing null to parameter #2 ($subject) of type string is deprecated
[ error ] [8192]Automatic conversion of false to array is deprecated
[ error ] [2]Undefined array key "title"
[ error ] [2]Undefined array key "title"
[ error ] [2]Undefined array key "title"
[ error ] [2]Undefined array key "title"
---------------------------------------------------------------
[ 2026-03-16T02:59:09+08:00 ] 113.215.188.78 GET 120.24.147.77/
[ error ] [8192]preg_match(): Passing null to parameter #2 ($subject) of type string is deprecated
[ error ] [8192]preg_match(): Passing null to parameter #2 ($subject) of type string is deprecated
[ error ] [8192]preg_match(): Passing null to parameter #2 ($subject) of type string is deprecated
[ error ] [8192]preg_match(): Passing null to parameter #2 ($subject) of type string is deprecated
[ error ] [8192]preg_match(): Passing null to parameter #2 ($subject) of type string is deprecated
[ error ] [8192]preg_match(): Passing null to parameter #2 ($subject) of type string is deprecated
[ error ] [8192]preg_match(): Passing null to parameter #2 ($subject) of type string is deprecated
[ error ] [8192]preg_match(): Passing null to parameter #2 ($subject) of type string is deprecated
[ error ] [8192]Automatic conversion of false to array is deprecated
[ error ] [2]Undefined array key "title"
[ error ] [2]Undefined array key "title"
[ error ] [2]Undefined array key "title"
[ error ] [2]Undefined array key "title"
---------------------------------------------------------------
[ 2026-03-16T02:59:09+08:00 ] 113.215.188.78 GET 120.24.147.77/
[ error ] [2]Undefined array key "title"
[ error ] [2]Undefined array key "title"
[ error ] [2]Undefined array key "title"
[ error ] [2]Undefined array key "title"
---------------------------------------------------------------
[ 2026-03-16T02:59:26+08:00 ] 113.215.188.78 GET 120.24.147.77/
[ error ] [2]Undefined array key "title"
[ error ] [2]Undefined array key "title"
[ error ] [2]Undefined array key "title"
[ error ] [2]Undefined array key "title"
---------------------------------------------------------------
[ 2026-03-16T02:59:27+08:00 ] 113.215.188.78 GET 120.24.147.77/
[ error ] [2]Undefined array key "title"
[ error ] [2]Undefined array key "title"
[ error ] [2]Undefined array key "title"
[ error ] [2]Undefined array key "title"
---------------------------------------------------------------
[ 2026-03-16T02:59:28+08:00 ] 113.215.188.78 GET 120.24.147.77/
[ error ] [2]Undefined array key "title"
[ error ] [2]Undefined array key "title"
[ error ] [2]Undefined array key "title"
[ error ] [2]Undefined array key "title"
---------------------------------------------------------------
[ 2026-03-16T02:59:28+08:00 ] 113.215.188.78 GET 120.24.147.77/
[ error ] [2]Undefined array key "title"
[ error ] [2]Undefined array key "title"
[ error ] [2]Undefined array key "title"
[ error ] [2]Undefined array key "title"
---------------------------------------------------------------
[ 2026-03-16T02:59:28+08:00 ] 113.215.188.78 GET 120.24.147.77/
[ error ] [2]Undefined array key "title"
[ error ] [2]Undefined array key "title"
[ error ] [2]Undefined array key "title"
[ error ] [2]Undefined array key "title"
---------------------------------------------------------------
[ 2026-03-16T03:00:24+08:00 ] 43.135.2.147 GET punalei.cn/uploadify.php
[ error ] [8192]preg_match(): Passing null to parameter #2 ($subject) of type string is deprecated
[ error ] [8192]preg_match(): Passing null to parameter #2 ($subject) of type string is deprecated
[ error ] [8192]preg_match(): Passing null to parameter #2 ($subject) of type string is deprecated
[ error ] [8192]preg_match(): Passing null to parameter #2 ($subject) of type string is deprecated
[ error ] [8192]preg_match(): Passing null to parameter #2 ($subject) of type string is deprecated
[ error ] [8192]preg_match(): Passing null to parameter #2 ($subject) of type string is deprecated
---------------------------------------------------------------
[ 2026-03-16T03:00:26+08:00 ] 43.135.2.147 GET punalei.cn/uploadify.php
[ error ] [8192]preg_match(): Passing null to parameter #2 ($subject) of type string is deprecated
[ error ] [8192]preg_match(): Passing null to parameter #2 ($subject) of type string is deprecated
[ error ] [8192]preg_match(): Passing null to parameter #2 ($subject) of type string is deprecated
[ error ] [8192]preg_match(): Passing null to parameter #2 ($subject) of type string is deprecated
[ error ] [8192]preg_match(): Passing null to parameter #2 ($subject) of type string is deprecated
[ error ] [8192]preg_match(): Passing null to parameter #2 ($subject) of type string is deprecated
---------------------------------------------------------------
[ 2026-03-16T03:00:27+08:00 ] 43.135.2.147 GET punalei.cn/uploadify.php
[ error ] [8192]preg_match(): Passing null to parameter #2 ($subject) of type string is deprecated
[ error ] [8192]preg_match(): Passing null to parameter #2 ($subject) of type string is deprecated
[ error ] [8192]preg_match(): Passing null to parameter #2 ($subject) of type string is deprecated
[ error ] [8192]preg_match(): Passing null to parameter #2 ($subject) of type string is deprecated
[ error ] [8192]preg_match(): Passing null to parameter #2 ($subject) of type string is deprecated
[ error ] [8192]preg_match(): Passing null to parameter #2 ($subject) of type string is deprecated
---------------------------------------------------------------
[ 2026-03-16T03:00:29+08:00 ] 43.135.2.147 GET punalei.cn/uploadify.php
[ error ] [8192]preg_match(): Passing null to parameter #2 ($subject) of type string is deprecated
[ error ] [8192]preg_match(): Passing null to parameter #2 ($subject) of type string is deprecated
[ error ] [8192]preg_match(): Passing null to parameter #2 ($subject) of type string is deprecated
[ error ] [8192]preg_match(): Passing null to parameter #2 ($subject) of type string is deprecated
[ error ] [8192]preg_match(): Passing null to parameter #2 ($subject) of type string is deprecated
[ error ] [8192]preg_match(): Passing null to parameter #2 ($subject) of type string is deprecated
---------------------------------------------------------------
[ 2026-03-16T03:07:30+08:00 ] 176.65.149.234 GET 120.24.147.77/
[ error ] [8192]preg_match(): Passing null to parameter #2 ($subject) of type string is deprecated
[ error ] [8192]preg_match(): Passing null to parameter #2 ($subject) of type string is deprecated
[ error ] [8192]preg_match(): Passing null to parameter #2 ($subject) of type string is deprecated
[ error ] [8192]preg_match(): Passing null to parameter #2 ($subject) of type string is deprecated
[ error ] [8192]preg_match(): Passing null to parameter #2 ($subject) of type string is deprecated
[ error ] [8192]preg_match(): Passing null to parameter #2 ($subject) of type string is deprecated
[ error ] [8192]preg_match(): Passing null to parameter #2 ($subject) of type string is deprecated
[ error ] [8192]preg_match(): Passing null to parameter #2 ($subject) of type string is deprecated
[ error ] [8192]Automatic conversion of false to array is deprecated
[ error ] [2]Undefined array key "title"
[ error ] [2]Undefined array key "title"
[ error ] [2]Undefined array key "title"
[ error ] [2]Undefined array key "title"
---------------------------------------------------------------
[ 2026-03-16T03:18:32+08:00 ] 43.135.2.147 GET punalei.cn/admin/upload.php
[ error ] [8192]preg_match(): Passing null to parameter #2 ($subject) of type string is deprecated
[ error ] [8192]preg_match(): Passing null to parameter #2 ($subject) of type string is deprecated
[ error ] [8192]preg_match(): Passing null to parameter #2 ($subject) of type string is deprecated
[ error ] [8192]preg_match(): Passing null to parameter #2 ($subject) of type string is deprecated
[ error ] [8192]preg_match(): Passing null to parameter #2 ($subject) of type string is deprecated
[ error ] [8192]preg_match(): Passing null to parameter #2 ($subject) of type string is deprecated
---------------------------------------------------------------
[ 2026-03-16T03:18:36+08:00 ] 43.135.2.147 GET punalei.cn/admin/upload.php
[ error ] [8192]preg_match(): Passing null to parameter #2 ($subject) of type string is deprecated
[ error ] [8192]preg_match(): Passing null to parameter #2 ($subject) of type string is deprecated
[ error ] [8192]preg_match(): Passing null to parameter #2 ($subject) of type string is deprecated
[ error ] [8192]preg_match(): Passing null to parameter #2 ($subject) of type string is deprecated
[ error ] [8192]preg_match(): Passing null to parameter #2 ($subject) of type string is deprecated
[ error ] [8192]preg_match(): Passing null to parameter #2 ($subject) of type string is deprecated
---------------------------------------------------------------
[ 2026-03-16T03:18:37+08:00 ] 43.135.2.147 GET punalei.cn/admin/upload.php
[ error ] [8192]preg_match(): Passing null to parameter #2 ($subject) of type string is deprecated
[ error ] [8192]preg_match(): Passing null to parameter #2 ($subject) of type string is deprecated
[ error ] [8192]preg_match(): Passing null to parameter #2 ($subject) of type string is deprecated
[ error ] [8192]preg_match(): Passing null to parameter #2 ($subject) of type string is deprecated
[ error ] [8192]preg_match(): Passing null to parameter #2 ($subject) of type string is deprecated
[ error ] [8192]preg_match(): Passing null to parameter #2 ($subject) of type string is deprecated
---------------------------------------------------------------
[ 2026-03-16T03:18:42+08:00 ] 43.135.2.147 GET punalei.cn/admin/upload.php
[ error ] [8192]preg_match(): Passing null to parameter #2 ($subject) of type string is deprecated
[ error ] [8192]preg_match(): Passing null to parameter #2 ($subject) of type string is deprecated
[ error ] [8192]preg_match(): Passing null to parameter #2 ($subject) of type string is deprecated
[ error ] [8192]preg_match(): Passing null to parameter #2 ($subject) of type string is deprecated
[ error ] [8192]preg_match(): Passing null to parameter #2 ($subject) of type string is deprecated
[ error ] [8192]preg_match(): Passing null to parameter #2 ($subject) of type string is deprecated
---------------------------------------------------------------
[ 2026-03-16T03:34:34+08:00 ] 43.135.2.147 GET punalei.cn/admin/uploadify.php
[ error ] [8192]preg_match(): Passing null to parameter #2 ($subject) of type string is deprecated
[ error ] [8192]preg_match(): Passing null to parameter #2 ($subject) of type string is deprecated
[ error ] [8192]preg_match(): Passing null to parameter #2 ($subject) of type string is deprecated
[ error ] [8192]preg_match(): Passing null to parameter #2 ($subject) of type string is deprecated
[ error ] [8192]preg_match(): Passing null to parameter #2 ($subject) of type string is deprecated
[ error ] [8192]preg_match(): Passing null to parameter #2 ($subject) of type string is deprecated
---------------------------------------------------------------
[ 2026-03-16T03:34:34+08:00 ] 43.135.2.147 GET punalei.cn/admin/uploadify.php
[ error ] [8192]preg_match(): Passing null to parameter #2 ($subject) of type string is deprecated
[ error ] [8192]preg_match(): Passing null to parameter #2 ($subject) of type string is deprecated
[ error ] [8192]preg_match(): Passing null to parameter #2 ($subject) of type string is deprecated
[ error ] [8192]preg_match(): Passing null to parameter #2 ($subject) of type string is deprecated
[ error ] [8192]preg_match(): Passing null to parameter #2 ($subject) of type string is deprecated
[ error ] [8192]preg_match(): Passing null to parameter #2 ($subject) of type string is deprecated
---------------------------------------------------------------
[ 2026-03-16T03:34:34+08:00 ] 43.135.2.147 GET punalei.cn/admin/uploadify.php
[ error ] [8192]preg_match(): Passing null to parameter #2 ($subject) of type string is deprecated
[ error ] [8192]preg_match(): Passing null to parameter #2 ($subject) of type string is deprecated
[ error ] [8192]preg_match(): Passing null to parameter #2 ($subject) of type string is deprecated
[ error ] [8192]preg_match(): Passing null to parameter #2 ($subject) of type string is deprecated
[ error ] [8192]preg_match(): Passing null to parameter #2 ($subject) of type string is deprecated
[ error ] [8192]preg_match(): Passing null to parameter #2 ($subject) of type string is deprecated
---------------------------------------------------------------
[ 2026-03-16T03:34:34+08:00 ] 43.135.2.147 GET punalei.cn/admin/uploadify.php
[ error ] [8192]preg_match(): Passing null to parameter #2 ($subject) of type string is deprecated
[ error ] [8192]preg_match(): Passing null to parameter #2 ($subject) of type string is deprecated
[ error ] [8192]preg_match(): Passing null to parameter #2 ($subject) of type string is deprecated
[ error ] [8192]preg_match(): Passing null to parameter #2 ($subject) of type string is deprecated
[ error ] [8192]preg_match(): Passing null to parameter #2 ($subject) of type string is deprecated
[ error ] [8192]preg_match(): Passing null to parameter #2 ($subject) of type string is deprecated
---------------------------------------------------------------
[ 2026-03-16T03:40:44+08:00 ] 113.215.189.42 GET punalei.cn/
[ error ] [8192]preg_match(): Passing null to parameter #2 ($subject) of type string is deprecated
[ error ] [8192]preg_match(): Passing null to parameter #2 ($subject) of type string is deprecated
[ error ] [8192]preg_match(): Passing null to parameter #2 ($subject) of type string is deprecated
[ error ] [8192]preg_match(): Passing null to parameter #2 ($subject) of type string is deprecated
[ error ] [8192]preg_match(): Passing null to parameter #2 ($subject) of type string is deprecated
[ error ] [8192]preg_match(): Passing null to parameter #2 ($subject) of type string is deprecated
[ error ] [8192]preg_match(): Passing null to parameter #2 ($subject) of type string is deprecated
[ error ] [8192]preg_match(): Passing null to parameter #2 ($subject) of type string is deprecated
[ error ] [8192]Automatic conversion of false to array is deprecated
[ error ] [2]Undefined array key "title"
[ error ] [2]Undefined array key "title"
[ error ] [2]Undefined array key "title"
[ error ] [2]Undefined array key "title"
---------------------------------------------------------------
[ 2026-03-16T03:40:44+08:00 ] 113.215.189.42 GET punalei.cn/
[ error ] [2]Undefined array key "title"
[ error ] [2]Undefined array key "title"
[ error ] [2]Undefined array key "title"
[ error ] [2]Undefined array key "title"
---------------------------------------------------------------
[ 2026-03-16T03:44:01+08:00 ] 113.215.189.36 GET www.punalei.cn/
[ error ] [8192]preg_match(): Passing null to parameter #2 ($subject) of type string is deprecated
[ error ] [8192]preg_match(): Passing null to parameter #2 ($subject) of type string is deprecated
[ error ] [8192]preg_match(): Passing null to parameter #2 ($subject) of type string is deprecated
[ error ] [8192]preg_match(): Passing null to parameter #2 ($subject) of type string is deprecated
[ error ] [8192]preg_match(): Passing null to parameter #2 ($subject) of type string is deprecated
[ error ] [8192]preg_match(): Passing null to parameter #2 ($subject) of type string is deprecated
[ error ] [8192]preg_match(): Passing null to parameter #2 ($subject) of type string is deprecated
[ error ] [8192]preg_match(): Passing null to parameter #2 ($subject) of type string is deprecated
[ error ] [8192]Automatic conversion of false to array is deprecated
[ error ] [2]Undefined array key "title"
[ error ] [2]Undefined array key "title"
[ error ] [2]Undefined array key "title"
[ error ] [2]Undefined array key "title"
---------------------------------------------------------------
[ 2026-03-16T03:44:01+08:00 ] 113.215.189.36 GET www.punalei.cn/
[ error ] [2]Undefined array key "title"
[ error ] [2]Undefined array key "title"
[ error ] [2]Undefined array key "title"
[ error ] [2]Undefined array key "title"
---------------------------------------------------------------
[ 2026-03-16T03:52:35+08:00 ] 43.135.2.147 GET punalei.cn/tool/upload.php
[ error ] [8192]preg_match(): Passing null to parameter #2 ($subject) of type string is deprecated
[ error ] [8192]preg_match(): Passing null to parameter #2 ($subject) of type string is deprecated
[ error ] [8192]preg_match(): Passing null to parameter #2 ($subject) of type string is deprecated
[ error ] [8192]preg_match(): Passing null to parameter #2 ($subject) of type string is deprecated
[ error ] [8192]preg_match(): Passing null to parameter #2 ($subject) of type string is deprecated
[ error ] [8192]preg_match(): Passing null to parameter #2 ($subject) of type string is deprecated
---------------------------------------------------------------
[ 2026-03-16T03:52:36+08:00 ] 43.135.2.147 GET punalei.cn/tool/upload.php
[ error ] [8192]preg_match(): Passing null to parameter #2 ($subject) of type string is deprecated
[ error ] [8192]preg_match(): Passing null to parameter #2 ($subject) of type string is deprecated
[ error ] [8192]preg_match(): Passing null to parameter #2 ($subject) of type string is deprecated
[ error ] [8192]preg_match(): Passing null to parameter #2 ($subject) of type string is deprecated
[ error ] [8192]preg_match(): Passing null to parameter #2 ($subject) of type string is deprecated
[ error ] [8192]preg_match(): Passing null to parameter #2 ($subject) of type string is deprecated
---------------------------------------------------------------
[ 2026-03-16T03:52:36+08:00 ] 43.135.2.147 GET punalei.cn/tool/upload.php
[ error ] [8192]preg_match(): Passing null to parameter #2 ($subject) of type string is deprecated
[ error ] [8192]preg_match(): Passing null to parameter #2 ($subject) of type string is deprecated
[ error ] [8192]preg_match(): Passing null to parameter #2 ($subject) of type string is deprecated
[ error ] [8192]preg_match(): Passing null to parameter #2 ($subject) of type string is deprecated
[ error ] [8192]preg_match(): Passing null to parameter #2 ($subject) of type string is deprecated
[ error ] [8192]preg_match(): Passing null to parameter #2 ($subject) of type string is deprecated
---------------------------------------------------------------
[ 2026-03-16T03:52:36+08:00 ] 43.135.2.147 GET punalei.cn/tool/upload.php
[ error ] [8192]preg_match(): Passing null to parameter #2 ($subject) of type string is deprecated
[ error ] [8192]preg_match(): Passing null to parameter #2 ($subject) of type string is deprecated
[ error ] [8192]preg_match(): Passing null to parameter #2 ($subject) of type string is deprecated
[ error ] [8192]preg_match(): Passing null to parameter #2 ($subject) of type string is deprecated
[ error ] [8192]preg_match(): Passing null to parameter #2 ($subject) of type string is deprecated
[ error ] [8192]preg_match(): Passing null to parameter #2 ($subject) of type string is deprecated
---------------------------------------------------------------
[ 2026-03-16T04:01:37+08:00 ] 178.62.52.51 GET 120.24.147.77/
[ error ] [8192]preg_match(): Passing null to parameter #2 ($subject) of type string is deprecated
[ error ] [8192]preg_match(): Passing null to parameter #2 ($subject) of type string is deprecated
[ error ] [8192]preg_match(): Passing null to parameter #2 ($subject) of type string is deprecated
[ error ] [8192]preg_match(): Passing null to parameter #2 ($subject) of type string is deprecated
[ error ] [8192]preg_match(): Passing null to parameter #2 ($subject) of type string is deprecated
[ error ] [8192]preg_match(): Passing null to parameter #2 ($subject) of type string is deprecated
[ error ] [8192]preg_match(): Passing null to parameter #2 ($subject) of type string is deprecated
[ error ] [8192]preg_match(): Passing null to parameter #2 ($subject) of type string is deprecated
[ error ] [8192]Automatic conversion of false to array is deprecated
[ error ] [2]Undefined array key "title"
[ error ] [2]Undefined array key "title"
[ error ] [2]Undefined array key "title"
[ error ] [2]Undefined array key "title"
---------------------------------------------------------------
[ 2026-03-16T04:12:01+08:00 ] 59.82.83.88 GET 120.24.147.77/
[ error ] [8192]preg_match(): Passing null to parameter #2 ($subject) of type string is deprecated
[ error ] [8192]preg_match(): Passing null to parameter #2 ($subject) of type string is deprecated
[ error ] [8192]preg_match(): Passing null to parameter #2 ($subject) of type string is deprecated
[ error ] [8192]preg_match(): Passing null to parameter #2 ($subject) of type string is deprecated
[ error ] [8192]preg_match(): Passing null to parameter #2 ($subject) of type string is deprecated
[ error ] [8192]preg_match(): Passing null to parameter #2 ($subject) of type string is deprecated
[ error ] [8192]preg_match(): Passing null to parameter #2 ($subject) of type string is deprecated
[ error ] [8192]preg_match(): Passing null to parameter #2 ($subject) of type string is deprecated
[ error ] [8192]Automatic conversion of false to array is deprecated
[ error ] [2]Undefined array key "title"
[ error ] [2]Undefined array key "title"
[ error ] [2]Undefined array key "title"
[ error ] [2]Undefined array key "title"
---------------------------------------------------------------
[ 2026-03-16T04:12:01+08:00 ] 59.82.83.88 GET 120.24.147.77/
[ error ] [2]Undefined array key "title"
[ error ] [2]Undefined array key "title"
[ error ] [2]Undefined array key "title"
[ error ] [2]Undefined array key "title"
---------------------------------------------------------------
[ 2026-03-16T04:12:03+08:00 ] 59.82.83.88 GET 120.24.147.77/
[ error ] [2]Undefined array key "title"
[ error ] [2]Undefined array key "title"
[ error ] [2]Undefined array key "title"
[ error ] [2]Undefined array key "title"
---------------------------------------------------------------
[ 2026-03-16T04:12:03+08:00 ] 59.82.83.14 GET 120.24.147.77/
[ error ] [2]Undefined array key "title"
[ error ] [2]Undefined array key "title"
[ error ] [2]Undefined array key "title"
[ error ] [2]Undefined array key "title"
---------------------------------------------------------------
[ 2026-03-16T04:12:04+08:00 ] 59.82.83.88 GET 120.24.147.77/
[ error ] [2]Undefined array key "title"
[ error ] [2]Undefined array key "title"
[ error ] [2]Undefined array key "title"
[ error ] [2]Undefined array key "title"
---------------------------------------------------------------
[ 2026-03-16T04:12:04+08:00 ] 59.82.83.14 GET 120.24.147.77/
[ error ] [2]Undefined array key "title"
[ error ] [2]Undefined array key "title"
[ error ] [2]Undefined array key "title"
[ error ] [2]Undefined array key "title"
---------------------------------------------------------------
[ 2026-03-16T04:12:04+08:00 ] 59.82.83.88 GET 120.24.147.77/
[ error ] [2]Undefined array key "title"
[ error ] [2]Undefined array key "title"
[ error ] [2]Undefined array key "title"
[ error ] [2]Undefined array key "title"
---------------------------------------------------------------
[ 2026-03-16T04:14:44+08:00 ] 113.215.188.79 GET www.punalei.cn/
[ error ] [8192]preg_match(): Passing null to parameter #2 ($subject) of type string is deprecated
[ error ] [8192]preg_match(): Passing null to parameter #2 ($subject) of type string is deprecated
[ error ] [8192]preg_match(): Passing null to parameter #2 ($subject) of type string is deprecated
[ error ] [8192]preg_match(): Passing null to parameter #2 ($subject) of type string is deprecated
[ error ] [8192]preg_match(): Passing null to parameter #2 ($subject) of type string is deprecated
[ error ] [8192]preg_match(): Passing null to parameter #2 ($subject) of type string is deprecated
[ error ] [8192]preg_match(): Passing null to parameter #2 ($subject) of type string is deprecated
[ error ] [8192]preg_match(): Passing null to parameter #2 ($subject) of type string is deprecated
[ error ] [8192]Automatic conversion of false to array is deprecated
[ error ] [2]Undefined array key "title"
[ error ] [2]Undefined array key "title"
[ error ] [2]Undefined array key "title"
[ error ] [2]Undefined array key "title"
---------------------------------------------------------------
[ 2026-03-16T04:14:45+08:00 ] 113.215.188.79 GET www.punalei.cn/
[ error ] [2]Undefined array key "title"
[ error ] [2]Undefined array key "title"
[ error ] [2]Undefined array key "title"
[ error ] [2]Undefined array key "title"
---------------------------------------------------------------
[ 2026-03-16T04:16:44+08:00 ] 35.203.211.57 GET 120.24.147.77/
[ error ] [8192]preg_match(): Passing null to parameter #2 ($subject) of type string is deprecated
[ error ] [8192]preg_match(): Passing null to parameter #2 ($subject) of type string is deprecated
[ error ] [8192]preg_match(): Passing null to parameter #2 ($subject) of type string is deprecated
[ error ] [8192]preg_match(): Passing null to parameter #2 ($subject) of type string is deprecated
[ error ] [8192]preg_match(): Passing null to parameter #2 ($subject) of type string is deprecated
[ error ] [8192]preg_match(): Passing null to parameter #2 ($subject) of type string is deprecated
[ error ] [8192]preg_match(): Passing null to parameter #2 ($subject) of type string is deprecated
[ error ] [8192]preg_match(): Passing null to parameter #2 ($subject) of type string is deprecated
[ error ] [8192]Automatic conversion of false to array is deprecated
[ error ] [2]Undefined array key "title"
[ error ] [2]Undefined array key "title"
[ error ] [2]Undefined array key "title"
[ error ] [2]Undefined array key "title"
---------------------------------------------------------------
[ 2026-03-16T04:30:23+08:00 ] 222.169.171.203 GET www.punalei.cn/ldcms/guanyupunalei.html
[ error ] [8192]preg_match(): Passing null to parameter #2 ($subject) of type string is deprecated
[ error ] [8192]preg_match(): Passing null to parameter #2 ($subject) of type string is deprecated
[ error ] [8192]preg_match(): Passing null to parameter #2 ($subject) of type string is deprecated
[ error ] [8192]preg_match(): Passing null to parameter #2 ($subject) of type string is deprecated
[ error ] [8192]preg_match(): Passing null to parameter #2 ($subject) of type string is deprecated
[ error ] [8192]preg_match(): Passing null to parameter #2 ($subject) of type string is deprecated
[ error ] [8192]preg_match(): Passing null to parameter #2 ($subject) of type string is deprecated
[ error ] [8192]preg_match(): Passing null to parameter #2 ($subject) of type string is deprecated
[ error ] [8192]Automatic conversion of false to array is deprecated
---------------------------------------------------------------
[ 2026-03-16T04:30:36+08:00 ] 117.181.79.185 GET www.punalei.cn/ldcms/guanyupunalei.html
[ error ] [8192]preg_match(): Passing null to parameter #2 ($subject) of type string is deprecated
[ error ] [8192]preg_match(): Passing null to parameter #2 ($subject) of type string is deprecated
[ error ] [8192]preg_match(): Passing null to parameter #2 ($subject) of type string is deprecated
[ error ] [8192]preg_match(): Passing null to parameter #2 ($subject) of type string is deprecated
[ error ] [8192]preg_match(): Passing null to parameter #2 ($subject) of type string is deprecated
[ error ] [8192]preg_match(): Passing null to parameter #2 ($subject) of type string is deprecated
[ error ] [8192]preg_match(): Passing null to parameter #2 ($subject) of type string is deprecated
[ error ] [8192]preg_match(): Passing null to parameter #2 ($subject) of type string is deprecated
[ error ] [8192]Automatic conversion of false to array is deprecated
---------------------------------------------------------------
[ 2026-03-16T04:30:51+08:00 ] 183.162.119.185 GET www.punalei.cn/ldcms/guanyupunalei.html
[ error ] [8192]preg_match(): Passing null to parameter #2 ($subject) of type string is deprecated
[ error ] [8192]preg_match(): Passing null to parameter #2 ($subject) of type string is deprecated
[ error ] [8192]preg_match(): Passing null to parameter #2 ($subject) of type string is deprecated
[ error ] [8192]preg_match(): Passing null to parameter #2 ($subject) of type string is deprecated
[ error ] [8192]preg_match(): Passing null to parameter #2 ($subject) of type string is deprecated
[ error ] [8192]preg_match(): Passing null to parameter #2 ($subject) of type string is deprecated
[ error ] [8192]preg_match(): Passing null to parameter #2 ($subject) of type string is deprecated
[ error ] [8192]preg_match(): Passing null to parameter #2 ($subject) of type string is deprecated
[ error ] [8192]Automatic conversion of false to array is deprecated
---------------------------------------------------------------
[ 2026-03-16T04:45:12+08:00 ] 164.52.24.189 GET 120.24.147.77/
[ error ] [8192]preg_match(): Passing null to parameter #2 ($subject) of type string is deprecated
[ error ] [8192]preg_match(): Passing null to parameter #2 ($subject) of type string is deprecated
[ error ] [8192]preg_match(): Passing null to parameter #2 ($subject) of type string is deprecated
[ error ] [8192]preg_match(): Passing null to parameter #2 ($subject) of type string is deprecated
[ error ] [8192]preg_match(): Passing null to parameter #2 ($subject) of type string is deprecated
[ error ] [8192]preg_match(): Passing null to parameter #2 ($subject) of type string is deprecated
[ error ] [8192]preg_match(): Passing null to parameter #2 ($subject) of type string is deprecated
[ error ] [8192]preg_match(): Passing null to parameter #2 ($subject) of type string is deprecated
[ error ] [8192]Automatic conversion of false to array is deprecated
[ error ] [2]Undefined array key "title"
[ error ] [2]Undefined array key "title"
[ error ] [2]Undefined array key "title"
[ error ] [2]Undefined array key "title"
---------------------------------------------------------------
[ 2026-03-16T04:47:57+08:00 ] 167.94.138.187 GET 120.24.147.77/
[ error ] [8192]preg_match(): Passing null to parameter #2 ($subject) of type string is deprecated
[ error ] [8192]preg_match(): Passing null to parameter #2 ($subject) of type string is deprecated
[ error ] [8192]preg_match(): Passing null to parameter #2 ($subject) of type string is deprecated
[ error ] [8192]preg_match(): Passing null to parameter #2 ($subject) of type string is deprecated
[ error ] [8192]preg_match(): Passing null to parameter #2 ($subject) of type string is deprecated
[ error ] [8192]preg_match(): Passing null to parameter #2 ($subject) of type string is deprecated
[ error ] [8192]preg_match(): Passing null to parameter #2 ($subject) of type string is deprecated
[ error ] [8192]preg_match(): Passing null to parameter #2 ($subject) of type string is deprecated
[ error ] [8192]Automatic conversion of false to array is deprecated
[ error ] [2]Undefined array key "title"
[ error ] [2]Undefined array key "title"
[ error ] [2]Undefined array key "title"
[ error ] [2]Undefined array key "title"
---------------------------------------------------------------
[ 2026-03-16T04:48:03+08:00 ] 167.94.138.187 GET 120.24.147.77/favicon.ico
[ error ] [8192]preg_match(): Passing null to parameter #2 ($subject) of type string is deprecated
[ error ] [8192]preg_match(): Passing null to parameter #2 ($subject) of type string is deprecated
[ error ] [8192]preg_match(): Passing null to parameter #2 ($subject) of type string is deprecated
[ error ] [8192]preg_match(): Passing null to parameter #2 ($subject) of type string is deprecated
[ error ] [8192]preg_match(): Passing null to parameter #2 ($subject) of type string is deprecated
[ error ] [8192]preg_match(): Passing null to parameter #2 ($subject) of type string is deprecated
---------------------------------------------------------------
[ 2026-03-16T04:48:03+08:00 ] 167.94.138.187 GET 120.24.147.77/favicon.ico
[ error ] [8192]preg_match(): Passing null to parameter #2 ($subject) of type string is deprecated
[ error ] [8192]preg_match(): Passing null to parameter #2 ($subject) of type string is deprecated
[ error ] [8192]preg_match(): Passing null to parameter #2 ($subject) of type string is deprecated
[ error ] [8192]preg_match(): Passing null to parameter #2 ($subject) of type string is deprecated
[ error ] [8192]preg_match(): Passing null to parameter #2 ($subject) of type string is deprecated
[ error ] [8192]preg_match(): Passing null to parameter #2 ($subject) of type string is deprecated
---------------------------------------------------------------
[ 2026-03-16T04:48:25+08:00 ] 167.94.138.187 GET 120.24.147.77/.well-known/security.txt
[ error ] [8192]preg_match(): Passing null to parameter #2 ($subject) of type string is deprecated
[ error ] [8192]preg_match(): Passing null to parameter #2 ($subject) of type string is deprecated
[ error ] [8192]preg_match(): Passing null to parameter #2 ($subject) of type string is deprecated
[ error ] [8192]preg_match(): Passing null to parameter #2 ($subject) of type string is deprecated
[ error ] [8192]preg_match(): Passing null to parameter #2 ($subject) of type string is deprecated
[ error ] [8192]preg_match(): Passing null to parameter #2 ($subject) of type string is deprecated
---------------------------------------------------------------
[ 2026-03-16T04:57:11+08:00 ] 113.215.188.78 GET www.punalei.cn/
[ error ] [8192]preg_match(): Passing null to parameter #2 ($subject) of type string is deprecated
[ error ] [8192]preg_match(): Passing null to parameter #2 ($subject) of type string is deprecated
[ error ] [8192]preg_match(): Passing null to parameter #2 ($subject) of type string is deprecated
[ error ] [8192]preg_match(): Passing null to parameter #2 ($subject) of type string is deprecated
[ error ] [8192]preg_match(): Passing null to parameter #2 ($subject) of type string is deprecated
[ error ] [8192]preg_match(): Passing null to parameter #2 ($subject) of type string is deprecated
[ error ] [8192]preg_match(): Passing null to parameter #2 ($subject) of type string is deprecated
[ error ] [8192]preg_match(): Passing null to parameter #2 ($subject) of type string is deprecated
[ error ] [8192]Automatic conversion of false to array is deprecated
[ error ] [2]Undefined array key "title"
[ error ] [2]Undefined array key "title"
[ error ] [2]Undefined array key "title"
[ error ] [2]Undefined array key "title"
---------------------------------------------------------------
[ 2026-03-16T05:00:56+08:00 ] 54.82.40.232 GET 120.24.147.77/
[ error ] [8192]preg_match(): Passing null to parameter #2 ($subject) of type string is deprecated
[ error ] [8192]preg_match(): Passing null to parameter #2 ($subject) of type string is deprecated
[ error ] [8192]preg_match(): Passing null to parameter #2 ($subject) of type string is deprecated
[ error ] [8192]preg_match(): Passing null to parameter #2 ($subject) of type string is deprecated
[ error ] [8192]preg_match(): Passing null to parameter #2 ($subject) of type string is deprecated
[ error ] [8192]preg_match(): Passing null to parameter #2 ($subject) of type string is deprecated
[ error ] [8192]preg_match(): Passing null to parameter #2 ($subject) of type string is deprecated
[ error ] [8192]preg_match(): Passing null to parameter #2 ($subject) of type string is deprecated
[ error ] [8192]Automatic conversion of false to array is deprecated
[ error ] [2]Undefined array key "title"
[ error ] [2]Undefined array key "title"
[ error ] [2]Undefined array key "title"
[ error ] [2]Undefined array key "title"
---------------------------------------------------------------
[ 2026-03-16T05:09:45+08:00 ] 87.121.84.76 GET 120.24.147.77/
[ error ] [8192]preg_match(): Passing null to parameter #2 ($subject) of type string is deprecated
[ error ] [8192]preg_match(): Passing null to parameter #2 ($subject) of type string is deprecated
[ error ] [8192]preg_match(): Passing null to parameter #2 ($subject) of type string is deprecated
[ error ] [8192]preg_match(): Passing null to parameter #2 ($subject) of type string is deprecated
[ error ] [8192]preg_match(): Passing null to parameter #2 ($subject) of type string is deprecated
[ error ] [8192]preg_match(): Passing null to parameter #2 ($subject) of type string is deprecated
[ error ] [8192]preg_match(): Passing null to parameter #2 ($subject) of type string is deprecated
[ error ] [8192]preg_match(): Passing null to parameter #2 ($subject) of type string is deprecated
[ error ] [8192]Automatic conversion of false to array is deprecated
[ error ] [2]Undefined array key "title"
[ error ] [2]Undefined array key "title"
[ error ] [2]Undefined array key "title"
[ error ] [2]Undefined array key "title"
---------------------------------------------------------------
[ 2026-03-16T05:09:53+08:00 ] 205.210.31.142 GET 120.24.147.77/
[ error ] [8192]preg_match(): Passing null to parameter #2 ($subject) of type string is deprecated
[ error ] [8192]preg_match(): Passing null to parameter #2 ($subject) of type string is deprecated
[ error ] [8192]preg_match(): Passing null to parameter #2 ($subject) of type string is deprecated
[ error ] [8192]preg_match(): Passing null to parameter #2 ($subject) of type string is deprecated
[ error ] [8192]preg_match(): Passing null to parameter #2 ($subject) of type string is deprecated
[ error ] [8192]preg_match(): Passing null to parameter #2 ($subject) of type string is deprecated
[ error ] [8192]preg_match(): Passing null to parameter #2 ($subject) of type string is deprecated
[ error ] [8192]preg_match(): Passing null to parameter #2 ($subject) of type string is deprecated
[ error ] [8192]Automatic conversion of false to array is deprecated
[ error ] [2]Undefined array key "title"
[ error ] [2]Undefined array key "title"
[ error ] [2]Undefined array key "title"
[ error ] [2]Undefined array key "title"
---------------------------------------------------------------
[ 2026-03-16T05:12:15+08:00 ] 34.14.33.150 GET 120.24.147.77/
[ error ] [8192]preg_match(): Passing null to parameter #2 ($subject) of type string is deprecated
[ error ] [8192]preg_match(): Passing null to parameter #2 ($subject) of type string is deprecated
[ error ] [8192]preg_match(): Passing null to parameter #2 ($subject) of type string is deprecated
[ error ] [8192]preg_match(): Passing null to parameter #2 ($subject) of type string is deprecated
[ error ] [8192]preg_match(): Passing null to parameter #2 ($subject) of type string is deprecated
[ error ] [8192]preg_match(): Passing null to parameter #2 ($subject) of type string is deprecated
[ error ] [8192]preg_match(): Passing null to parameter #2 ($subject) of type string is deprecated
[ error ] [8192]preg_match(): Passing null to parameter #2 ($subject) of type string is deprecated
[ error ] [8192]Automatic conversion of false to array is deprecated
[ error ] [2]Undefined array key "title"
[ error ] [2]Undefined array key "title"
[ error ] [2]Undefined array key "title"
[ error ] [2]Undefined array key "title"
---------------------------------------------------------------
[ 2026-03-16T05:15:20+08:00 ] 204.76.203.18 GET 120.24.147.77/bins/
[ error ] [8192]preg_match(): Passing null to parameter #2 ($subject) of type string is deprecated
[ error ] [8192]preg_match(): Passing null to parameter #2 ($subject) of type string is deprecated
[ error ] [8192]preg_match(): Passing null to parameter #2 ($subject) of type string is deprecated
[ error ] [8192]preg_match(): Passing null to parameter #2 ($subject) of type string is deprecated
[ error ] [8192]preg_match(): Passing null to parameter #2 ($subject) of type string is deprecated
[ error ] [8192]preg_match(): Passing null to parameter #2 ($subject) of type string is deprecated
---------------------------------------------------------------
[ 2026-03-16T05:15:20+08:00 ] 204.76.203.18 GET 120.24.147.77/bins/
[ error ] [8192]preg_match(): Passing null to parameter #2 ($subject) of type string is deprecated
[ error ] [8192]preg_match(): Passing null to parameter #2 ($subject) of type string is deprecated
[ error ] [8192]preg_match(): Passing null to parameter #2 ($subject) of type string is deprecated
[ error ] [8192]preg_match(): Passing null to parameter #2 ($subject) of type string is deprecated
[ error ] [8192]preg_match(): Passing null to parameter #2 ($subject) of type string is deprecated
[ error ] [8192]preg_match(): Passing null to parameter #2 ($subject) of type string is deprecated
---------------------------------------------------------------
[ 2026-03-16T05:28:28+08:00 ] 149.86.227.60 GET 120.24.147.77/
[ error ] [8192]preg_match(): Passing null to parameter #2 ($subject) of type string is deprecated
[ error ] [8192]preg_match(): Passing null to parameter #2 ($subject) of type string is deprecated
[ error ] [8192]preg_match(): Passing null to parameter #2 ($subject) of type string is deprecated
[ error ] [8192]preg_match(): Passing null to parameter #2 ($subject) of type string is deprecated
[ error ] [8192]preg_match(): Passing null to parameter #2 ($subject) of type string is deprecated
[ error ] [8192]preg_match(): Passing null to parameter #2 ($subject) of type string is deprecated
[ error ] [8192]preg_match(): Passing null to parameter #2 ($subject) of type string is deprecated
[ error ] [8192]preg_match(): Passing null to parameter #2 ($subject) of type string is deprecated
[ error ] [8192]Automatic conversion of false to array is deprecated
[ error ] [2]Undefined array key "title"
[ error ] [2]Undefined array key "title"
[ error ] [2]Undefined array key "title"
[ error ] [2]Undefined array key "title"
---------------------------------------------------------------
[ 2026-03-16T05:31:21+08:00 ] 40.77.167.67 GET www.punalei.cn/ldcms/zhiliudianzifuzai/333.html
[ error ] [8192]preg_match(): Passing null to parameter #2 ($subject) of type string is deprecated
[ error ] [8192]preg_match(): Passing null to parameter #2 ($subject) of type string is deprecated
[ error ] [8192]preg_match(): Passing null to parameter #2 ($subject) of type string is deprecated
[ error ] [8192]preg_match(): Passing null to parameter #2 ($subject) of type string is deprecated
[ error ] [8192]preg_match(): Passing null to parameter #2 ($subject) of type string is deprecated
[ error ] [8192]preg_match(): Passing null to parameter #2 ($subject) of type string is deprecated
[ error ] [8192]preg_match(): Passing null to parameter #2 ($subject) of type string is deprecated
[ error ] [8192]preg_match(): Passing null to parameter #2 ($subject) of type string is deprecated
[ error ] [8192]Automatic conversion of false to array is deprecated
---------------------------------------------------------------
[ 2026-03-16T05:36:34+08:00 ] 5.61.209.96 GET 120.24.147.77/SDK/webLanguage
[ error ] [8192]preg_match(): Passing null to parameter #2 ($subject) of type string is deprecated
[ error ] [8192]preg_match(): Passing null to parameter #2 ($subject) of type string is deprecated
[ error ] [8192]preg_match(): Passing null to parameter #2 ($subject) of type string is deprecated
[ error ] [8192]preg_match(): Passing null to parameter #2 ($subject) of type string is deprecated
[ error ] [8192]preg_match(): Passing null to parameter #2 ($subject) of type string is deprecated
[ error ] [8192]preg_match(): Passing null to parameter #2 ($subject) of type string is deprecated
---------------------------------------------------------------
[ 2026-03-16T05:36:34+08:00 ] 5.61.209.96 GET 120.24.147.77/SDK/webLanguage
[ error ] [8192]preg_match(): Passing null to parameter #2 ($subject) of type string is deprecated
[ error ] [8192]preg_match(): Passing null to parameter #2 ($subject) of type string is deprecated
[ error ] [8192]preg_match(): Passing null to parameter #2 ($subject) of type string is deprecated
[ error ] [8192]preg_match(): Passing null to parameter #2 ($subject) of type string is deprecated
[ error ] [8192]preg_match(): Passing null to parameter #2 ($subject) of type string is deprecated
[ error ] [8192]preg_match(): Passing null to parameter #2 ($subject) of type string is deprecated
---------------------------------------------------------------
[ 2026-03-16T05:40:27+08:00 ] 172.203.245.156 GET 120.24.147.77/
[ error ] [8192]preg_match(): Passing null to parameter #2 ($subject) of type string is deprecated
[ error ] [8192]preg_match(): Passing null to parameter #2 ($subject) of type string is deprecated
[ error ] [8192]preg_match(): Passing null to parameter #2 ($subject) of type string is deprecated
[ error ] [8192]preg_match(): Passing null to parameter #2 ($subject) of type string is deprecated
[ error ] [8192]preg_match(): Passing null to parameter #2 ($subject) of type string is deprecated
[ error ] [8192]preg_match(): Passing null to parameter #2 ($subject) of type string is deprecated
[ error ] [8192]preg_match(): Passing null to parameter #2 ($subject) of type string is deprecated
[ error ] [8192]preg_match(): Passing null to parameter #2 ($subject) of type string is deprecated
[ error ] [8192]Automatic conversion of false to array is deprecated
[ error ] [2]Undefined array key "title"
[ error ] [2]Undefined array key "title"
[ error ] [2]Undefined array key "title"
[ error ] [2]Undefined array key "title"
---------------------------------------------------------------
[ 2026-03-16T05:41:58+08:00 ] 20.163.33.23 GET 120.24.147.77/developmentserver/metadatauploader
[ error ] [8192]preg_match(): Passing null to parameter #2 ($subject) of type string is deprecated
[ error ] [8192]preg_match(): Passing null to parameter #2 ($subject) of type string is deprecated
[ error ] [8192]preg_match(): Passing null to parameter #2 ($subject) of type string is deprecated
[ error ] [8192]preg_match(): Passing null to parameter #2 ($subject) of type string is deprecated
[ error ] [8192]preg_match(): Passing null to parameter #2 ($subject) of type string is deprecated
[ error ] [8192]preg_match(): Passing null to parameter #2 ($subject) of type string is deprecated
---------------------------------------------------------------
[ 2026-03-16T05:41:58+08:00 ] 20.163.33.23 GET 120.24.147.77/developmentserver/metadatauploader
[ error ] [8192]preg_match(): Passing null to parameter #2 ($subject) of type string is deprecated
[ error ] [8192]preg_match(): Passing null to parameter #2 ($subject) of type string is deprecated
[ error ] [8192]preg_match(): Passing null to parameter #2 ($subject) of type string is deprecated
[ error ] [8192]preg_match(): Passing null to parameter #2 ($subject) of type string is deprecated
[ error ] [8192]preg_match(): Passing null to parameter #2 ($subject) of type string is deprecated
[ error ] [8192]preg_match(): Passing null to parameter #2 ($subject) of type string is deprecated
---------------------------------------------------------------
[ 2026-03-16T05:49:13+08:00 ] 40.77.167.158 GET www.punalei.cn/ldcms/sanxiangjiaoliubianpindianyuan.html
[ error ] [8192]preg_match(): Passing null to parameter #2 ($subject) of type string is deprecated
[ error ] [8192]preg_match(): Passing null to parameter #2 ($subject) of type string is deprecated
[ error ] [8192]preg_match(): Passing null to parameter #2 ($subject) of type string is deprecated
[ error ] [8192]preg_match(): Passing null to parameter #2 ($subject) of type string is deprecated
[ error ] [8192]preg_match(): Passing null to parameter #2 ($subject) of type string is deprecated
[ error ] [8192]preg_match(): Passing null to parameter #2 ($subject) of type string is deprecated
[ error ] [8192]preg_match(): Passing null to parameter #2 ($subject) of type string is deprecated
[ error ] [8192]preg_match(): Passing null to parameter #2 ($subject) of type string is deprecated
[ error ] [8192]Automatic conversion of false to array is deprecated
---------------------------------------------------------------
[ 2026-03-16T05:52:44+08:00 ] 40.77.167.241 GET www.punalei.cn/ldcms/xiazaizhongxin.html?type=5&name=%E5%BA%94%E7%94%A8%E4%BA%A7%E5%93%81%E8%B5%84%E6%96%99
[ error ] [8192]preg_match(): Passing null to parameter #2 ($subject) of type string is deprecated
[ error ] [8192]preg_match(): Passing null to parameter #2 ($subject) of type string is deprecated
[ error ] [8192]preg_match(): Passing null to parameter #2 ($subject) of type string is deprecated
[ error ] [8192]preg_match(): Passing null to parameter #2 ($subject) of type string is deprecated
[ error ] [8192]preg_match(): Passing null to parameter #2 ($subject) of type string is deprecated
[ error ] [8192]preg_match(): Passing null to parameter #2 ($subject) of type string is deprecated
[ error ] [8192]preg_match(): Passing null to parameter #2 ($subject) of type string is deprecated
[ error ] [8192]preg_match(): Passing null to parameter #2 ($subject) of type string is deprecated
[ error ] [8192]Automatic conversion of false to array is deprecated
[ download ] 5
---------------------------------------------------------------
[ 2026-03-16T05:52:44+08:00 ] 40.77.167.241 GET www.punalei.cn/ldcms/xiazaizhongxin.html?type=5&name=%E5%BA%94%E7%94%A8%E4%BA%A7%E5%93%81%E8%B5%84%E6%96%99
[ download ] [{"id":242,"title":"1-300V\/45-400Hz \u4ea4\u6d41\u53d8\u9891\u7535\u6e90 P9510\\15\\20\\30\\45\\60-\\TSS\u7cfb\u5217","catalog":"https:\/\/qiniu.punalei.cn\/uploads\/20250630\/9f6157e1177e99e4fe3674e8d06014a8.pdf","handbook":"https:\/\/qiniu.punalei.cn\/uploads\/20250630\/9f6157e1177e99e4fe3674e8d06014a8.pdf","agreement":"","drive":"","resource":""},{"id":244,"title":"1-300V\/45-400Hz \u4ea4\u6d41\u53d8\u9891\u7535\u6e90 P9530\\60-\\GSD\\GSS\u7cfb\u5217","catalog":"https:\/\/qiniu.punalei.cn\/uploads\/20250630\/9f6157e1177e99e4fe3674e8d06014a8.pdf","handbook":"https:\/\/qiniu.punalei.cn\/uploads\/20250630\/9f6157e1177e99e4fe3674e8d06014a8.pdf","agreement":"","drive":"","resource":""},{"id":260,"title":"1-300V\/45-400Hz \u4ea4\u6d41\u53d8\u9891\u7535\u6e90 P9505\\10-\\D\u7cfb\u5217","catalog":"https:\/\/qiniu.punalei.cn\/uploads\/20250630\/9f6157e1177e99e4fe3674e8d06014a8.pdf","handbook":"https:\/\/qiniu.punalei.cn\/uploads\/20250630\/9f6157e1177e99e4fe3674e8d06014a8.pdf","agreement":"","drive":"","resource":""},{"id":262,"title":"\u5355\u76f8\u578bPNL300-A\u4ea4\u6d41\u7cfb\u52170.2\u7ea7","catalog":"https:\/\/qiniu.punalei.cn\/uploads\/20250630\/9f6157e1177e99e4fe3674e8d06014a8.pdf","handbook":"https:\/\/qiniu.punalei.cn\/uploads\/20260309\/ed50ce8156e54152582ff3356228093d.pdf","agreement":"","drive":"","resource":"https:\/\/qiniu.punalei.cn\/uploads\/20250811\/ed50ce8156e54152582ff3356228093d.pdf"},{"id":263,"title":"\u6cc4\u6f0f\u7535\u6d41\u6d4b\u8bd5\u4eeaPNL2675\u7cfb\u5217","catalog":"https:\/\/qiniu.punalei.cn\/uploads\/20250630\/9f6157e1177e99e4fe3674e8d06014a8.pdf","handbook":"https:\/\/qiniu.punalei.cn\/uploads\/20250630\/9f6157e1177e99e4fe3674e8d06014a8.pdf","agreement":"","drive":"","resource":""},{"id":264,"title":" \u63a5\u5730\u7535\u963b\u6d4b\u8bd5\u4eeaPNL2678XM\u7cfb\u5217","catalog":"https:\/\/qiniu.punalei.cn\/uploads\/20250630\/9f6157e1177e99e4fe3674e8d06014a8.pdf","handbook":"https:\/\/qiniu.punalei.cn\/uploads\/20250630\/9f6157e1177e99e4fe3674e8d06014a8.pdf","agreement":"","drive":"","resource":""},{"id":268,"title":"\u591a\u901a\u9053\u76f4\u6d41\u7535\u963b\u6d4b\u8bd5\u4eeaPNL2818-X\u7cfb\u5217","catalog":"https:\/\/qiniu.punalei.cn\/uploads\/20250630\/9f6157e1177e99e4fe3674e8d06014a8.pdf","handbook":"https:\/\/qiniu.punalei.cn\/uploads\/20250630\/9f6157e1177e99e4fe3674e8d06014a8.pdf","agreement":"","drive":"","resource":""},{"id":270,"title":"\u76f4\u6d41\u7535\u963b\u6d4b\u8bd5\u4eeaPNL2511\u6570\u7801\u7cfb\u5217","catalog":"https:\/\/qiniu.punalei.cn\/uploads\/20250630\/9f6157e1177e99e4fe3674e8d06014a8.pdf","handbook":"https:\/\/qiniu.punalei.cn\/uploads\/20250811\/405841dc3a1790083cdfb28d392a51b6.pdf","agreement":"","drive":"","resource":""},{"id":271,"title":"\u591a\u8def\u6e29\u5ea6\u5de1\u68c0\u6d4b\u8bd5\u4eeaP2000-X PLUS\u7cfb\u5217","catalog":"https:\/\/qiniu.punalei.cn\/uploads\/20250630\/9f6157e1177e99e4fe3674e8d06014a8.pdf","handbook":"https:\/\/qiniu.punalei.cn\/uploads\/20250811\/88bebf25cc9f75277abfb9945aa00ebc.pdf","agreement":"","drive":"","resource":""},{"id":272,"title":"\u624b\u6301\u591a\u8def\u6e29\u5ea6\u6d4b\u8bd5\u4eeaP300-S\u7cfb\u5217","catalog":"https:\/\/qiniu.punalei.cn\/uploads\/20250630\/9f6157e1177e99e4fe3674e8d06014a8.pdf","handbook":"https:\/\/qiniu.punalei.cn\/uploads\/20250811\/4eeb7970b89981df90d0560b8dbe2ff8.pdf","agreement":"","drive":"","resource":""},{"id":290,"title":"\u4ea4\u6d41\u6052\u6d41\u6e90","catalog":"","handbook":"","agreement":"","drive":"","resource":""},{"id":291,"title":"\u4e09\u76f8\u578bPNL300-S\u7cfb\u52170.2\u7ea7","catalog":"","handbook":"https:\/\/qiniu.punalei.cn\/uploads\/20250811\/5f7e3f318e22f4a79790e06a66ac2625.pdf","agreement":"","drive":"","resource":"https:\/\/qiniu.punalei.cn\/uploads\/20250811\/5f7e3f318e22f4a79790e06a66ac2625.pdf"},{"id":295,"title":"\u5c0f\u529f\u7387\u76f4\u6d41\u7535\u5b50\u8d1f\u8f7d","catalog":"","handbook":"https:\/\/qiniu.punalei.cn\/uploads\/20250811\/3c0024e1494ae6a3a5ee57c6e55308d8.pdf","agreement":"","drive":"","resource":""},{"id":298,"title":"\u533b\u7528\u6cc4\u6f0f\u7535\u6d41\u6d4b\u8bd5\u4eea","catalog":"","handbook":"","agreement":"","drive":"","resource":""},{"id":299,"title":"\u5927\u529f\u7387\u76f4\u6d41\u7535\u6e90\u6db2\u66763U\u7cfb\u5217","catalog":"","handbook":"","agreement":"","drive":"","resource":""},{"id":300,"title":"\u5927\u529f\u7387\u76f4\u6d41\u7535\u6e90\u6570\u7801PNL-Y 10kw-15kw\u7cfb\u5217","catalog":"","handbook":"https:\/\/qiniu.punalei.cn\/uploads\/20250811\/6991e7a5b3190aa67ef71fc5ef74964e.pdf","agreement":"","drive":"","resource":""},{"id":303,"title":"\u5b89\u89c4\u7efc\u5408\u6821\u51c6\u70b9\u68c0\u5de5\u88c5","catalog":"","handbook":"","agreement":"","drive":"","resource":""},{"id":304,"title":"\u8010\u538b\u6d4b\u8bd5\u4eea5KV\u7cfb\u5217","catalog":"","handbook":"","agreement":"","drive":"","resource":""},{"id":306,"title":"\u8010\u538b\u6d4b\u8bd5\u4eea10KV\u7cfb\u5217","catalog":"https:\/\/qiniu.punalei.cn\/uploads\/20250630\/9f6157e1177e99e4fe3674e8d06014a8.pdf","handbook":"https:\/\/qiniu.punalei.cn\/uploads\/20250630\/9f6157e1177e99e4fe3674e8d06014a8.pdf","agreement":"","drive":"","resource":""},{"id":307,"title":"\u8010\u538b\u6d4b\u8bd5\u4eea20KV\u7cfb\u5217","catalog":"https:\/\/qiniu.punalei.cn\/uploads\/20250630\/9f6157e1177e99e4fe3674e8d06014a8.pdf","handbook":"https:\/\/qiniu.punalei.cn\/uploads\/20250630\/9f6157e1177e99e4fe3674e8d06014a8.pdf","agreement":"","drive":"","resource":""},{"id":308,"title":"\u7a0b\u63a7\u8010\u538b\u7edd\u7f18PNL7110\\PNL7122\u7cfb\u5217","catalog":"https:\/\/qiniu.punalei.cn\/uploads\/20250630\/9f6157e1177e99e4fe3674e8d06014a8.pdf","handbook":"https:\/\/qiniu.punalei.cn\/uploads\/20250630\/9f6157e1177e99e4fe3674e8d06014a8.pdf","agreement":"","drive":"","resource":""},{"id":309,"title":"\u5b89\u5168\u7efc\u5408\u6027\u80fd\u5206\u6790\u4eeaPNL9950\u7cfb\u5217","catalog":"https:\/\/qiniu.punalei.cn\/uploads\/20250630\/9f6157e1177e99e4fe3674e8d06014a8.pdf","handbook":"https:\/\/qiniu.punalei.cn\/uploads\/20250630\/9f6157e1177e99e4fe3674e8d06014a8.pdf","agreement":"","drive":"","resource":""},{"id":311,"title":"\u5355\u4e09\u76f8 - \u5b89\u5168\u7efc\u5408\u6027\u80fd\u5206\u6790\u4eeaPNL9950-C\u7cfb\u5217","catalog":"https:\/\/qiniu.punalei.cn\/uploads\/20250630\/9f6157e1177e99e4fe3674e8d06014a8.pdf","handbook":"https:\/\/qiniu.punalei.cn\/uploads\/20250630\/9f6157e1177e99e4fe3674e8d06014a8.pdf","agreement":"","drive":"","resource":""},{"id":312,"title":"1-300V\/45-400Hz \u4ea4\u6d41\u53d8\u9891\u7535\u6e90 P9515\\20\\30\\45\\60-\\TSD\u7cfb\u5217","catalog":"https:\/\/qiniu.punalei.cn\/uploads\/20250630\/9f6157e1177e99e4fe3674e8d06014a8.pdf","handbook":"https:\/\/qiniu.punalei.cn\/uploads\/20250630\/9f6157e1177e99e4fe3674e8d06014a8.pdf","agreement":"","drive":"","resource":""},{"id":314,"title":"1-300V\/45-400Hz \u4ea4\u6d41\u53d8\u9891\u7535\u6e90 P9520\\30-\\D\u7cfb\u5217","catalog":"https:\/\/qiniu.punalei.cn\/uploads\/20250630\/9f6157e1177e99e4fe3674e8d06014a8.pdf","handbook":"https:\/\/qiniu.punalei.cn\/uploads\/20250630\/9f6157e1177e99e4fe3674e8d06014a8.pdf","agreement":"","drive":"","resource":""},{"id":315,"title":"\u7edd\u7f18\u7535\u963b\u6d4b\u8bd5\u4eeaPNL2682N\u7cfb\u5217","catalog":"https:\/\/qiniu.punalei.cn\/uploads\/20250630\/9f6157e1177e99e4fe3674e8d06014a8.pdf","handbook":"https:\/\/qiniu.punalei.cn\/uploads\/20250811\/7c63757a23e5e98e594bf1b4bf50445a.pdf","agreement":"","drive":"","resource":""},{"id":316,"title":"1-300V\/45-400Hz \u4ea4\u6d41\u53d8\u9891\u7535\u6e90 P9510\\15\\20-\\TD\u7cfb\u5217","catalog":"https:\/\/qiniu.punalei.cn\/uploads\/20250630\/9f6157e1177e99e4fe3674e8d06014a8.pdf","handbook":"https:\/\/qiniu.punalei.cn\/uploads\/20250630\/9f6157e1177e99e4fe3674e8d06014a8.pdf","agreement":"","drive":"","resource":""},{"id":317,"title":"1-300V\/45-400Hz \u4ea4\u6d41\u53d8\u9891\u7535\u6e90 P9530\\50-\\G\\D\u7cfb\u5217","catalog":"https:\/\/qiniu.punalei.cn\/uploads\/20250630\/9f6157e1177e99e4fe3674e8d06014a8.pdf","handbook":"https:\/\/qiniu.punalei.cn\/uploads\/20250630\/9f6157e1177e99e4fe3674e8d06014a8.pdf","agreement":"","drive":"","resource":""},{"id":318,"title":"\u4e09\u76f8\u578b\u8c10\u6ce2PNL300-SX\u7cfb\u52170.2\u7ea7","catalog":"","handbook":"https:\/\/qiniu.punalei.cn\/uploads\/20250811\/c3915be2288c668d42fab75c77d557b6.pdf","agreement":"","drive":"","resource":"https:\/\/qiniu.punalei.cn\/uploads\/20250811\/c3915be2288c668d42fab75c77d557b6.pdf"},{"id":319,"title":"\u7edd\u7f18\u7535\u963b\u6d4b\u8bd5\u4eeaPNL2683AL\u7cfb\u5217","catalog":"https:\/\/qiniu.punalei.cn\/uploads\/20250630\/9f6157e1177e99e4fe3674e8d06014a8.pdf","handbook":"https:\/\/qiniu.punalei.cn\/uploads\/20250811\/29f9570871ea60e153dce0b05698a13e.pdf","agreement":"","drive":"","resource":""},{"id":320,"title":"\u5bbd\u8303\u56f4\u76f4\u6d41\u7535\u963b\u6d4b\u8bd5\u4eeaPNL2513\/15\u7cfb\u5217","catalog":"https:\/\/qiniu.punalei.cn\/uploads\/20250630\/9f6157e1177e99e4fe3674e8d06014a8.pdf","handbook":"https:\/\/qiniu.punalei.cn\/uploads\/20250811\/d94e60f7d79a2b3b6d9b106bf787c6db.pdf","agreement":"","drive":"","resource":""},{"id":321,"title":"\u5927\u529f\u7387\u76f4\u6d41\u7535\u6e90\u6db2\u66764U\u7cfb\u5217","catalog":"","handbook":"","agreement":"","drive":"","resource":""},{"id":322,"title":"\u5927\u529f\u7387\u76f4\u6d41\u7535\u6e90\u6db2\u66765U\u7cfb\u5217","catalog":"","handbook":"","agreement":"","drive":"","resource":""},{"id":323,"title":"\u5927\u529f\u7387\u76f4\u6d41\u7535\u6e90\u6db2\u667620K\u7cfb\u5217","catalog":"","handbook":"","agreement":"","drive":"","resource":""},{"id":324,"title":"\u5927\u529f\u7387\u76f4\u6d41\u7535\u6e90\u6db2\u667640K\u7cfb\u5217","catalog":"","handbook":"","agreement":"","drive":"","resource":""},{"id":325,"title":"\u5927\u529f\u7387\u76f4\u6d41\u7535\u6e90\u6db2\u667660K\u7cfb\u5217","catalog":"","handbook":"","agreement":"","drive":"","resource":""},{"id":326,"title":"\u5927\u529f\u7387\u76f4\u6d41\u7535\u6e90\u6570\u7801PNL-Y 20kw-30kw\u7cfb\u5217","catalog":"","handbook":"https:\/\/qiniu.punalei.cn\/uploads\/20250811\/6991e7a5b3190aa67ef71fc5ef74964e.pdf","agreement":"","drive":"","resource":""},{"id":327,"title":"\u5927\u529f\u7387\u76f4\u6d41\u7535\u6e90\u6570\u7801PNL-Y 40kw-60kw\u7cfb\u5217","catalog":"","handbook":"https:\/\/qiniu.punalei.cn\/uploads\/20250811\/6991e7a5b3190aa67ef71fc5ef74964e.pdf","agreement":"","drive":"","resource":""},{"id":328,"title":"\u5927\u529f\u7387\u76f4\u6d41\u7535\u6e90\u6570\u7801PNL-Y 75kw-90kw\u7cfb\u5217","catalog":"","handbook":"https:\/\/qiniu.punalei.cn\/uploads\/20250811\/6991e7a5b3190aa67ef71fc5ef74964e.pdf","agreement":"","drive":"","resource":""},{"id":329,"title":"\u5927\u529f\u7387\u76f4\u6d41\u7535\u6e90\u6570\u7801PNL-U \u9ad8\u538b\u7cfb\u5217","catalog":"","handbook":"https:\/\/qiniu.punalei.cn\/uploads\/20250811\/6991e7a5b3190aa67ef71fc5ef74964e.pdf","agreement":"","drive":"","resource":""},{"id":330,"title":"\u4ea4\u6d41\u7535\u5b50\u8d1f\u8f7d","catalog":"","handbook":"https:\/\/qiniu.punalei.cn\/uploads\/20250811\/18ff267d1dc26e503128741d78be61d7.pdf","agreement":"","drive":"","resource":""},{"id":331,"title":"\u4ea4\u76f4\u6d41\u7535\u5b50\u8d1f\u8f7d","catalog":"","handbook":"https:\/\/qiniu.punalei.cn\/uploads\/20250811\/04725819a3c60dff3e1af918dc2ccaf2.pdf","agreement":"","drive":"","resource":""},{"id":332,"title":"\u5927\u529f\u7387\u76f4\u6d41\u7535\u5b50\u8d1f\u8f7d","catalog":"","handbook":"https:\/\/qiniu.punalei.cn\/uploads\/20250811\/639e5850541f700cdc64053f1d7a18a7.pdf","agreement":"","drive":"","resource":""},{"id":333,"title":"\u5927\u529f\u7387\u76f4\u6d41\u7535\u5b50\u8d1f\u8f7d","catalog":"","handbook":"https:\/\/qiniu.punalei.cn\/uploads\/20250811\/3c0024e1494ae6a3a5ee57c6e55308d8.pdf","agreement":"","drive":"","resource":""},{"id":337,"title":"\u5355\u76f8\u578bPNL300-C\u4ea4\u76f4\u6d41\u7cfb\u52170.2\u7ea7","catalog":"https:\/\/qiniu.punalei.cn\/uploads\/20250630\/9f6157e1177e99e4fe3674e8d06014a8.pdf","handbook":"https:\/\/qiniu.punalei.cn\/uploads\/20250811\/ed50ce8156e54152582ff3356228093d.pdf","agreement":"","drive":"","resource":"https:\/\/qiniu.punalei.cn\/uploads\/20250811\/ed50ce8156e54152582ff3356228093d.pdf"},{"id":338,"title":"\u80fd\u6548\u578bPNL300-E\u4ea4\u76f4\u6d41\u7cfb\u52170.2\u7ea7","catalog":"https:\/\/qiniu.punalei.cn\/uploads\/20250630\/9f6157e1177e99e4fe3674e8d06014a8.pdf","handbook":"https:\/\/qiniu.punalei.cn\/uploads\/20250811\/ed50ce8156e54152582ff3356228093d.pdf","agreement":"","drive":"","resource":"https:\/\/qiniu.punalei.cn\/uploads\/20250811\/ed50ce8156e54152582ff3356228093d.pdf"}]
---------------------------------------------------------------
[ 2026-03-16T05:52:44+08:00 ] 40.77.167.241 GET www.punalei.cn/ldcms/xiazaizhongxin.html?type=5&name=%E5%BA%94%E7%94%A8%E4%BA%A7%E5%93%81%E8%B5%84%E6%96%99
[ download ] [{"id":262,"name":"\u5355\u76f8\u578bPNL300-A\u4ea4\u6d41\u7cfb\u52170.2\u7ea7-\u5e94\u7528\u4ea7\u54c1\u8d44\u6599","url":"https:\/\/qiniu.punalei.cn\/uploads\/20250811\/ed50ce8156e54152582ff3356228093d.pdf"},{"id":291,"name":"\u4e09\u76f8\u578bPNL300-S\u7cfb\u52170.2\u7ea7-\u5e94\u7528\u4ea7\u54c1\u8d44\u6599","url":"https:\/\/qiniu.punalei.cn\/uploads\/20250811\/5f7e3f318e22f4a79790e06a66ac2625.pdf"},{"id":318,"name":"\u4e09\u76f8\u578b\u8c10\u6ce2PNL300-SX\u7cfb\u52170.2\u7ea7-\u5e94\u7528\u4ea7\u54c1\u8d44\u6599","url":"https:\/\/qiniu.punalei.cn\/uploads\/20250811\/c3915be2288c668d42fab75c77d557b6.pdf"},{"id":337,"name":"\u5355\u76f8\u578bPNL300-C\u4ea4\u76f4\u6d41\u7cfb\u52170.2\u7ea7-\u5e94\u7528\u4ea7\u54c1\u8d44\u6599","url":"https:\/\/qiniu.punalei.cn\/uploads\/20250811\/ed50ce8156e54152582ff3356228093d.pdf"},{"id":338,"name":"\u80fd\u6548\u578bPNL300-E\u4ea4\u76f4\u6d41\u7cfb\u52170.2\u7ea7-\u5e94\u7528\u4ea7\u54c1\u8d44\u6599","url":"https:\/\/qiniu.punalei.cn\/uploads\/20250811\/ed50ce8156e54152582ff3356228093d.pdf"}]
---------------------------------------------------------------
[ 2026-03-16T05:55:48+08:00 ] 40.77.167.54 GET www.punalei.cn/ldcms/sanxiangjiaoliubianpindianyuan/312.html
[ error ] [8192]preg_match(): Passing null to parameter #2 ($subject) of type string is deprecated
[ error ] [8192]preg_match(): Passing null to parameter #2 ($subject) of type string is deprecated
[ error ] [8192]preg_match(): Passing null to parameter #2 ($subject) of type string is deprecated
[ error ] [8192]preg_match(): Passing null to parameter #2 ($subject) of type string is deprecated
[ error ] [8192]preg_match(): Passing null to parameter #2 ($subject) of type string is deprecated
[ error ] [8192]preg_match(): Passing null to parameter #2 ($subject) of type string is deprecated
[ error ] [8192]preg_match(): Passing null to parameter #2 ($subject) of type string is deprecated
[ error ] [8192]preg_match(): Passing null to parameter #2 ($subject) of type string is deprecated
[ error ] [8192]Automatic conversion of false to array is deprecated
---------------------------------------------------------------
[ 2026-03-16T06:03:55+08:00 ] 113.58.215.100 GET 120.24.147.77/
[ error ] [8192]preg_match(): Passing null to parameter #2 ($subject) of type string is deprecated
[ error ] [8192]preg_match(): Passing null to parameter #2 ($subject) of type string is deprecated
[ error ] [8192]preg_match(): Passing null to parameter #2 ($subject) of type string is deprecated
[ error ] [8192]preg_match(): Passing null to parameter #2 ($subject) of type string is deprecated
[ error ] [8192]preg_match(): Passing null to parameter #2 ($subject) of type string is deprecated
[ error ] [8192]preg_match(): Passing null to parameter #2 ($subject) of type string is deprecated
[ error ] [8192]preg_match(): Passing null to parameter #2 ($subject) of type string is deprecated
[ error ] [8192]preg_match(): Passing null to parameter #2 ($subject) of type string is deprecated
[ error ] [8192]Automatic conversion of false to array is deprecated
[ error ] [2]Undefined array key "title"
[ error ] [2]Undefined array key "title"
[ error ] [2]Undefined array key "title"
[ error ] [2]Undefined array key "title"
---------------------------------------------------------------
[ 2026-03-16T06:06:51+08:00 ] 176.65.149.235 GET 120.24.147.77/
[ error ] [8192]preg_match(): Passing null to parameter #2 ($subject) of type string is deprecated
[ error ] [8192]preg_match(): Passing null to parameter #2 ($subject) of type string is deprecated
[ error ] [8192]preg_match(): Passing null to parameter #2 ($subject) of type string is deprecated
[ error ] [8192]preg_match(): Passing null to parameter #2 ($subject) of type string is deprecated
[ error ] [8192]preg_match(): Passing null to parameter #2 ($subject) of type string is deprecated
[ error ] [8192]preg_match(): Passing null to parameter #2 ($subject) of type string is deprecated
[ error ] [8192]preg_match(): Passing null to parameter #2 ($subject) of type string is deprecated
[ error ] [8192]preg_match(): Passing null to parameter #2 ($subject) of type string is deprecated
[ error ] [8192]Automatic conversion of false to array is deprecated
[ error ] [2]Undefined array key "title"
[ error ] [2]Undefined array key "title"
[ error ] [2]Undefined array key "title"
[ error ] [2]Undefined array key "title"
---------------------------------------------------------------
[ 2026-03-16T06:17:53+08:00 ] 133.167.75.19 GET 120.24.147.77/
[ error ] [8192]preg_match(): Passing null to parameter #2 ($subject) of type string is deprecated
[ error ] [8192]preg_match(): Passing null to parameter #2 ($subject) of type string is deprecated
[ error ] [8192]preg_match(): Passing null to parameter #2 ($subject) of type string is deprecated
[ error ] [8192]preg_match(): Passing null to parameter #2 ($subject) of type string is deprecated
[ error ] [8192]preg_match(): Passing null to parameter #2 ($subject) of type string is deprecated
[ error ] [8192]preg_match(): Passing null to parameter #2 ($subject) of type string is deprecated
[ error ] [8192]preg_match(): Passing null to parameter #2 ($subject) of type string is deprecated
[ error ] [8192]preg_match(): Passing null to parameter #2 ($subject) of type string is deprecated
[ error ] [8192]Automatic conversion of false to array is deprecated
[ error ] [2]Undefined array key "title"
[ error ] [2]Undefined array key "title"
[ error ] [2]Undefined array key "title"
[ error ] [2]Undefined array key "title"
---------------------------------------------------------------
[ 2026-03-16T06:33:56+08:00 ] 222.91.184.176 GET 120.24.147.77/
[ error ] [8192]preg_match(): Passing null to parameter #2 ($subject) of type string is deprecated
[ error ] [8192]preg_match(): Passing null to parameter #2 ($subject) of type string is deprecated
[ error ] [8192]preg_match(): Passing null to parameter #2 ($subject) of type string is deprecated
[ error ] [8192]preg_match(): Passing null to parameter #2 ($subject) of type string is deprecated
[ error ] [8192]preg_match(): Passing null to parameter #2 ($subject) of type string is deprecated
[ error ] [8192]preg_match(): Passing null to parameter #2 ($subject) of type string is deprecated
[ error ] [8192]preg_match(): Passing null to parameter #2 ($subject) of type string is deprecated
[ error ] [8192]preg_match(): Passing null to parameter #2 ($subject) of type string is deprecated
[ error ] [8192]Automatic conversion of false to array is deprecated
[ error ] [2]Undefined array key "title"
[ error ] [2]Undefined array key "title"
[ error ] [2]Undefined array key "title"
[ error ] [2]Undefined array key "title"
---------------------------------------------------------------
[ 2026-03-16T06:54:34+08:00 ] 85.217.149.45 GET 120.24.147.77/
[ error ] [8192]preg_match(): Passing null to parameter #2 ($subject) of type string is deprecated
[ error ] [8192]preg_match(): Passing null to parameter #2 ($subject) of type string is deprecated
[ error ] [8192]preg_match(): Passing null to parameter #2 ($subject) of type string is deprecated
[ error ] [8192]preg_match(): Passing null to parameter #2 ($subject) of type string is deprecated
[ error ] [8192]preg_match(): Passing null to parameter #2 ($subject) of type string is deprecated
[ error ] [8192]preg_match(): Passing null to parameter #2 ($subject) of type string is deprecated
[ error ] [8192]preg_match(): Passing null to parameter #2 ($subject) of type string is deprecated
[ error ] [8192]preg_match(): Passing null to parameter #2 ($subject) of type string is deprecated
[ error ] [8192]Automatic conversion of false to array is deprecated
[ error ] [2]Undefined array key "title"
[ error ] [2]Undefined array key "title"
[ error ] [2]Undefined array key "title"
[ error ] [2]Undefined array key "title"
---------------------------------------------------------------
[ 2026-03-16T06:57:47+08:00 ] 176.65.149.234 GET 120.24.147.77/
[ error ] [8192]preg_match(): Passing null to parameter #2 ($subject) of type string is deprecated
[ error ] [8192]preg_match(): Passing null to parameter #2 ($subject) of type string is deprecated
[ error ] [8192]preg_match(): Passing null to parameter #2 ($subject) of type string is deprecated
[ error ] [8192]preg_match(): Passing null to parameter #2 ($subject) of type string is deprecated
[ error ] [8192]preg_match(): Passing null to parameter #2 ($subject) of type string is deprecated
[ error ] [8192]preg_match(): Passing null to parameter #2 ($subject) of type string is deprecated
[ error ] [8192]preg_match(): Passing null to parameter #2 ($subject) of type string is deprecated
[ error ] [8192]preg_match(): Passing null to parameter #2 ($subject) of type string is deprecated
[ error ] [8192]Automatic conversion of false to array is deprecated
[ error ] [2]Undefined array key "title"
[ error ] [2]Undefined array key "title"
[ error ] [2]Undefined array key "title"
[ error ] [2]Undefined array key "title"
---------------------------------------------------------------
[ 2026-03-16T07:28:48+08:00 ] 219.82.2.10 GET punalei.cn/
[ error ] [8192]preg_match(): Passing null to parameter #2 ($subject) of type string is deprecated
[ error ] [8192]preg_match(): Passing null to parameter #2 ($subject) of type string is deprecated
[ error ] [8192]preg_match(): Passing null to parameter #2 ($subject) of type string is deprecated
[ error ] [8192]preg_match(): Passing null to parameter #2 ($subject) of type string is deprecated
[ error ] [8192]preg_match(): Passing null to parameter #2 ($subject) of type string is deprecated
[ error ] [8192]preg_match(): Passing null to parameter #2 ($subject) of type string is deprecated
[ error ] [8192]preg_match(): Passing null to parameter #2 ($subject) of type string is deprecated
[ error ] [8192]preg_match(): Passing null to parameter #2 ($subject) of type string is deprecated
[ error ] [8192]Automatic conversion of false to array is deprecated
[ error ] [2]Undefined array key "title"
[ error ] [2]Undefined array key "title"
[ error ] [2]Undefined array key "title"
[ error ] [2]Undefined array key "title"
---------------------------------------------------------------
[ 2026-03-16T07:28:49+08:00 ] 219.82.2.10 GET punalei.cn/
[ error ] [2]Undefined array key "title"
[ error ] [2]Undefined array key "title"
[ error ] [2]Undefined array key "title"
[ error ] [2]Undefined array key "title"
---------------------------------------------------------------
[ 2026-03-16T07:29:43+08:00 ] 52.167.144.203 GET www.punalei.cn/ldcms/punaleiPNAIdangongnenganguixilie.html
[ error ] [8192]preg_match(): Passing null to parameter #2 ($subject) of type string is deprecated
[ error ] [8192]preg_match(): Passing null to parameter #2 ($subject) of type string is deprecated
[ error ] [8192]preg_match(): Passing null to parameter #2 ($subject) of type string is deprecated
[ error ] [8192]preg_match(): Passing null to parameter #2 ($subject) of type string is deprecated
[ error ] [8192]preg_match(): Passing null to parameter #2 ($subject) of type string is deprecated
[ error ] [8192]preg_match(): Passing null to parameter #2 ($subject) of type string is deprecated
[ error ] [8192]preg_match(): Passing null to parameter #2 ($subject) of type string is deprecated
[ error ] [8192]preg_match(): Passing null to parameter #2 ($subject) of type string is deprecated
[ error ] [8192]Automatic conversion of false to array is deprecated
---------------------------------------------------------------
[ 2026-03-16T07:45:32+08:00 ] 15.188.52.184 GET 120.24.147.77/
[ error ] [8192]preg_match(): Passing null to parameter #2 ($subject) of type string is deprecated
[ error ] [8192]preg_match(): Passing null to parameter #2 ($subject) of type string is deprecated
[ error ] [8192]preg_match(): Passing null to parameter #2 ($subject) of type string is deprecated
[ error ] [8192]preg_match(): Passing null to parameter #2 ($subject) of type string is deprecated
[ error ] [8192]preg_match(): Passing null to parameter #2 ($subject) of type string is deprecated
[ error ] [8192]preg_match(): Passing null to parameter #2 ($subject) of type string is deprecated
[ error ] [8192]preg_match(): Passing null to parameter #2 ($subject) of type string is deprecated
[ error ] [8192]preg_match(): Passing null to parameter #2 ($subject) of type string is deprecated
[ error ] [8192]Automatic conversion of false to array is deprecated
[ error ] [2]Undefined array key "title"
[ error ] [2]Undefined array key "title"
[ error ] [2]Undefined array key "title"
[ error ] [2]Undefined array key "title"
---------------------------------------------------------------
[ 2026-03-16T07:45:33+08:00 ] 15.188.52.184 POST 120.24.147.77/
[ error ] [2]Undefined array key "title"
[ error ] [2]Undefined array key "title"
[ error ] [2]Undefined array key "title"
[ error ] [2]Undefined array key "title"
---------------------------------------------------------------
[ 2026-03-16T07:47:07+08:00 ] 113.215.188.78 GET punalei.cn/
[ error ] [8192]preg_match(): Passing null to parameter #2 ($subject) of type string is deprecated
[ error ] [8192]preg_match(): Passing null to parameter #2 ($subject) of type string is deprecated
[ error ] [8192]preg_match(): Passing null to parameter #2 ($subject) of type string is deprecated
[ error ] [8192]preg_match(): Passing null to parameter #2 ($subject) of type string is deprecated
[ error ] [8192]preg_match(): Passing null to parameter #2 ($subject) of type string is deprecated
[ error ] [8192]preg_match(): Passing null to parameter #2 ($subject) of type string is deprecated
[ error ] [8192]preg_match(): Passing null to parameter #2 ($subject) of type string is deprecated
[ error ] [8192]preg_match(): Passing null to parameter #2 ($subject) of type string is deprecated
[ error ] [8192]Automatic conversion of false to array is deprecated
[ error ] [2]Undefined array key "title"
[ error ] [2]Undefined array key "title"
[ error ] [2]Undefined array key "title"
[ error ] [2]Undefined array key "title"
---------------------------------------------------------------
[ 2026-03-16T07:47:24+08:00 ] 113.215.188.78 GET punalei.cn/
[ error ] [8192]preg_match(): Passing null to parameter #2 ($subject) of type string is deprecated
[ error ] [8192]preg_match(): Passing null to parameter #2 ($subject) of type string is deprecated
[ error ] [8192]preg_match(): Passing null to parameter #2 ($subject) of type string is deprecated
[ error ] [8192]preg_match(): Passing null to parameter #2 ($subject) of type string is deprecated
[ error ] [8192]preg_match(): Passing null to parameter #2 ($subject) of type string is deprecated
[ error ] [8192]preg_match(): Passing null to parameter #2 ($subject) of type string is deprecated
[ error ] [8192]preg_match(): Passing null to parameter #2 ($subject) of type string is deprecated
[ error ] [8192]preg_match(): Passing null to parameter #2 ($subject) of type string is deprecated
[ error ] [8192]Automatic conversion of false to array is deprecated
[ error ] [2]Undefined array key "title"
[ error ] [2]Undefined array key "title"
[ error ] [2]Undefined array key "title"
[ error ] [2]Undefined array key "title"
---------------------------------------------------------------
[ 2026-03-16T07:49:39+08:00 ] 162.142.125.193 GET 120.24.147.77/favicon.ico
[ error ] [8192]preg_match(): Passing null to parameter #2 ($subject) of type string is deprecated
[ error ] [8192]preg_match(): Passing null to parameter #2 ($subject) of type string is deprecated
[ error ] [8192]preg_match(): Passing null to parameter #2 ($subject) of type string is deprecated
[ error ] [8192]preg_match(): Passing null to parameter #2 ($subject) of type string is deprecated
[ error ] [8192]preg_match(): Passing null to parameter #2 ($subject) of type string is deprecated
[ error ] [8192]preg_match(): Passing null to parameter #2 ($subject) of type string is deprecated
---------------------------------------------------------------
[ 2026-03-16T07:49:39+08:00 ] 162.142.125.193 GET 120.24.147.77/favicon.ico
[ error ] [8192]preg_match(): Passing null to parameter #2 ($subject) of type string is deprecated
[ error ] [8192]preg_match(): Passing null to parameter #2 ($subject) of type string is deprecated
[ error ] [8192]preg_match(): Passing null to parameter #2 ($subject) of type string is deprecated
[ error ] [8192]preg_match(): Passing null to parameter #2 ($subject) of type string is deprecated
[ error ] [8192]preg_match(): Passing null to parameter #2 ($subject) of type string is deprecated
[ error ] [8192]preg_match(): Passing null to parameter #2 ($subject) of type string is deprecated
---------------------------------------------------------------
[ 2026-03-16T07:49:40+08:00 ] 162.142.125.193 GET 120.24.147.77/60rezcrur0rounyccb
[ error ] [8192]preg_match(): Passing null to parameter #2 ($subject) of type string is deprecated
[ error ] [8192]preg_match(): Passing null to parameter #2 ($subject) of type string is deprecated
[ error ] [8192]preg_match(): Passing null to parameter #2 ($subject) of type string is deprecated
[ error ] [8192]preg_match(): Passing null to parameter #2 ($subject) of type string is deprecated
[ error ] [8192]preg_match(): Passing null to parameter #2 ($subject) of type string is deprecated
[ error ] [8192]preg_match(): Passing null to parameter #2 ($subject) of type string is deprecated
---------------------------------------------------------------
[ 2026-03-16T07:49:40+08:00 ] 162.142.125.193 GET 120.24.147.77/60rezcrur0rounyccb
[ error ] [8192]preg_match(): Passing null to parameter #2 ($subject) of type string is deprecated
[ error ] [8192]preg_match(): Passing null to parameter #2 ($subject) of type string is deprecated
[ error ] [8192]preg_match(): Passing null to parameter #2 ($subject) of type string is deprecated
[ error ] [8192]preg_match(): Passing null to parameter #2 ($subject) of type string is deprecated
[ error ] [8192]preg_match(): Passing null to parameter #2 ($subject) of type string is deprecated
[ error ] [8192]preg_match(): Passing null to parameter #2 ($subject) of type string is deprecated
---------------------------------------------------------------
[ 2026-03-16T07:58:54+08:00 ] 114.55.232.213 GET 120.24.147.77/
[ error ] [8192]preg_match(): Passing null to parameter #2 ($subject) of type string is deprecated
[ error ] [8192]preg_match(): Passing null to parameter #2 ($subject) of type string is deprecated
[ error ] [8192]preg_match(): Passing null to parameter #2 ($subject) of type string is deprecated
[ error ] [8192]preg_match(): Passing null to parameter #2 ($subject) of type string is deprecated
[ error ] [8192]preg_match(): Passing null to parameter #2 ($subject) of type string is deprecated
[ error ] [8192]preg_match(): Passing null to parameter #2 ($subject) of type string is deprecated
[ error ] [8192]preg_match(): Passing null to parameter #2 ($subject) of type string is deprecated
[ error ] [8192]preg_match(): Passing null to parameter #2 ($subject) of type string is deprecated
[ error ] [8192]Automatic conversion of false to array is deprecated
[ error ] [2]Undefined array key "title"
[ error ] [2]Undefined array key "title"
[ error ] [2]Undefined array key "title"
[ error ] [2]Undefined array key "title"
---------------------------------------------------------------
[ 2026-03-16T07:59:16+08:00 ] 114.55.232.213 POST 120.24.147.77/sdk
[ error ] [8192]preg_match(): Passing null to parameter #2 ($subject) of type string is deprecated
[ error ] [8192]preg_match(): Passing null to parameter #2 ($subject) of type string is deprecated
[ error ] [8192]preg_match(): Passing null to parameter #2 ($subject) of type string is deprecated
[ error ] [8192]preg_match(): Passing null to parameter #2 ($subject) of type string is deprecated
[ error ] [8192]preg_match(): Passing null to parameter #2 ($subject) of type string is deprecated
[ error ] [8192]preg_match(): Passing null to parameter #2 ($subject) of type string is deprecated
---------------------------------------------------------------
[ 2026-03-16T07:59:16+08:00 ] 114.55.232.213 GET 120.24.147.77/nmaplowercheck1773619156
[ error ] [8192]preg_match(): Passing null to parameter #2 ($subject) of type string is deprecated
[ error ] [8192]preg_match(): Passing null to parameter #2 ($subject) of type string is deprecated
[ error ] [8192]preg_match(): Passing null to parameter #2 ($subject) of type string is deprecated
[ error ] [8192]preg_match(): Passing null to parameter #2 ($subject) of type string is deprecated
[ error ] [8192]preg_match(): Passing null to parameter #2 ($subject) of type string is deprecated
[ error ] [8192]preg_match(): Passing null to parameter #2 ($subject) of type string is deprecated
---------------------------------------------------------------
[ 2026-03-16T07:59:16+08:00 ] 114.55.232.213 POST 120.24.147.77/sdk
[ error ] [8192]preg_match(): Passing null to parameter #2 ($subject) of type string is deprecated
[ error ] [8192]preg_match(): Passing null to parameter #2 ($subject) of type string is deprecated
[ error ] [8192]preg_match(): Passing null to parameter #2 ($subject) of type string is deprecated
[ error ] [8192]preg_match(): Passing null to parameter #2 ($subject) of type string is deprecated
[ error ] [8192]preg_match(): Passing null to parameter #2 ($subject) of type string is deprecated
[ error ] [8192]preg_match(): Passing null to parameter #2 ($subject) of type string is deprecated
---------------------------------------------------------------
[ 2026-03-16T07:59:16+08:00 ] 114.55.232.213 GET 120.24.147.77/nmaplowercheck1773619156
[ error ] [8192]preg_match(): Passing null to parameter #2 ($subject) of type string is deprecated
[ error ] [8192]preg_match(): Passing null to parameter #2 ($subject) of type string is deprecated
[ error ] [8192]preg_match(): Passing null to parameter #2 ($subject) of type string is deprecated
[ error ] [8192]preg_match(): Passing null to parameter #2 ($subject) of type string is deprecated
[ error ] [8192]preg_match(): Passing null to parameter #2 ($subject) of type string is deprecated
[ error ] [8192]preg_match(): Passing null to parameter #2 ($subject) of type string is deprecated
---------------------------------------------------------------
[ 2026-03-16T07:59:16+08:00 ] 114.55.232.213 GET 120.24.147.77/sdk
[ error ] [8192]preg_match(): Passing null to parameter #2 ($subject) of type string is deprecated
[ error ] [8192]preg_match(): Passing null to parameter #2 ($subject) of type string is deprecated
[ error ] [8192]preg_match(): Passing null to parameter #2 ($subject) of type string is deprecated
[ error ] [8192]preg_match(): Passing null to parameter #2 ($subject) of type string is deprecated
[ error ] [8192]preg_match(): Passing null to parameter #2 ($subject) of type string is deprecated
[ error ] [8192]preg_match(): Passing null to parameter #2 ($subject) of type string is deprecated
---------------------------------------------------------------
[ 2026-03-16T07:59:16+08:00 ] 114.55.232.213 GET 120.24.147.77/sdk
[ error ] [8192]preg_match(): Passing null to parameter #2 ($subject) of type string is deprecated
[ error ] [8192]preg_match(): Passing null to parameter #2 ($subject) of type string is deprecated
[ error ] [8192]preg_match(): Passing null to parameter #2 ($subject) of type string is deprecated
[ error ] [8192]preg_match(): Passing null to parameter #2 ($subject) of type string is deprecated
[ error ] [8192]preg_match(): Passing null to parameter #2 ($subject) of type string is deprecated
[ error ] [8192]preg_match(): Passing null to parameter #2 ($subject) of type string is deprecated
---------------------------------------------------------------
[ 2026-03-16T07:59:16+08:00 ] 114.55.232.213 GET 120.24.147.77/nmaplowercheck1773619156
[ error ] [8192]preg_match(): Passing null to parameter #2 ($subject) of type string is deprecated
[ error ] [8192]preg_match(): Passing null to parameter #2 ($subject) of type string is deprecated
[ error ] [8192]preg_match(): Passing null to parameter #2 ($subject) of type string is deprecated
[ error ] [8192]preg_match(): Passing null to parameter #2 ($subject) of type string is deprecated
[ error ] [8192]preg_match(): Passing null to parameter #2 ($subject) of type string is deprecated
[ error ] [8192]preg_match(): Passing null to parameter #2 ($subject) of type string is deprecated
---------------------------------------------------------------
[ 2026-03-16T07:59:16+08:00 ] 114.55.232.213 GET 120.24.147.77/nmaplowercheck1773619156
[ error ] [8192]preg_match(): Passing null to parameter #2 ($subject) of type string is deprecated
[ error ] [8192]preg_match(): Passing null to parameter #2 ($subject) of type string is deprecated
[ error ] [8192]preg_match(): Passing null to parameter #2 ($subject) of type string is deprecated
[ error ] [8192]preg_match(): Passing null to parameter #2 ($subject) of type string is deprecated
[ error ] [8192]preg_match(): Passing null to parameter #2 ($subject) of type string is deprecated
[ error ] [8192]preg_match(): Passing null to parameter #2 ($subject) of type string is deprecated
---------------------------------------------------------------
[ 2026-03-16T07:59:17+08:00 ] 114.55.232.213 GET 120.24.147.77/evox/about
[ error ] [8192]preg_match(): Passing null to parameter #2 ($subject) of type string is deprecated
[ error ] [8192]preg_match(): Passing null to parameter #2 ($subject) of type string is deprecated
[ error ] [8192]preg_match(): Passing null to parameter #2 ($subject) of type string is deprecated
[ error ] [8192]preg_match(): Passing null to parameter #2 ($subject) of type string is deprecated
[ error ] [8192]preg_match(): Passing null to parameter #2 ($subject) of type string is deprecated
[ error ] [8192]preg_match(): Passing null to parameter #2 ($subject) of type string is deprecated
---------------------------------------------------------------
[ 2026-03-16T07:59:17+08:00 ] 114.55.232.213 GET 120.24.147.77/evox/about
[ error ] [8192]preg_match(): Passing null to parameter #2 ($subject) of type string is deprecated
[ error ] [8192]preg_match(): Passing null to parameter #2 ($subject) of type string is deprecated
[ error ] [8192]preg_match(): Passing null to parameter #2 ($subject) of type string is deprecated
[ error ] [8192]preg_match(): Passing null to parameter #2 ($subject) of type string is deprecated
[ error ] [8192]preg_match(): Passing null to parameter #2 ($subject) of type string is deprecated
[ error ] [8192]preg_match(): Passing null to parameter #2 ($subject) of type string is deprecated
---------------------------------------------------------------
[ 2026-03-16T07:59:17+08:00 ] 114.55.232.213 GET 120.24.147.77/evox/about
[ error ] [8192]preg_match(): Passing null to parameter #2 ($subject) of type string is deprecated
[ error ] [8192]preg_match(): Passing null to parameter #2 ($subject) of type string is deprecated
[ error ] [8192]preg_match(): Passing null to parameter #2 ($subject) of type string is deprecated
[ error ] [8192]preg_match(): Passing null to parameter #2 ($subject) of type string is deprecated
[ error ] [8192]preg_match(): Passing null to parameter #2 ($subject) of type string is deprecated
[ error ] [8192]preg_match(): Passing null to parameter #2 ($subject) of type string is deprecated
---------------------------------------------------------------
[ 2026-03-16T07:59:17+08:00 ] 114.55.232.213 GET 120.24.147.77/evox/about
[ error ] [8192]preg_match(): Passing null to parameter #2 ($subject) of type string is deprecated
[ error ] [8192]preg_match(): Passing null to parameter #2 ($subject) of type string is deprecated
[ error ] [8192]preg_match(): Passing null to parameter #2 ($subject) of type string is deprecated
[ error ] [8192]preg_match(): Passing null to parameter #2 ($subject) of type string is deprecated
[ error ] [8192]preg_match(): Passing null to parameter #2 ($subject) of type string is deprecated
[ error ] [8192]preg_match(): Passing null to parameter #2 ($subject) of type string is deprecated
---------------------------------------------------------------
[ 2026-03-16T07:59:17+08:00 ] 114.55.232.213 GET 120.24.147.77/HNAP1
[ error ] [8192]preg_match(): Passing null to parameter #2 ($subject) of type string is deprecated
[ error ] [8192]preg_match(): Passing null to parameter #2 ($subject) of type string is deprecated
[ error ] [8192]preg_match(): Passing null to parameter #2 ($subject) of type string is deprecated
[ error ] [8192]preg_match(): Passing null to parameter #2 ($subject) of type string is deprecated
[ error ] [8192]preg_match(): Passing null to parameter #2 ($subject) of type string is deprecated
[ error ] [8192]preg_match(): Passing null to parameter #2 ($subject) of type string is deprecated
---------------------------------------------------------------
[ 2026-03-16T07:59:17+08:00 ] 114.55.232.213 GET 120.24.147.77/HNAP1
[ error ] [8192]preg_match(): Passing null to parameter #2 ($subject) of type string is deprecated
[ error ] [8192]preg_match(): Passing null to parameter #2 ($subject) of type string is deprecated
[ error ] [8192]preg_match(): Passing null to parameter #2 ($subject) of type string is deprecated
[ error ] [8192]preg_match(): Passing null to parameter #2 ($subject) of type string is deprecated
[ error ] [8192]preg_match(): Passing null to parameter #2 ($subject) of type string is deprecated
[ error ] [8192]preg_match(): Passing null to parameter #2 ($subject) of type string is deprecated
---------------------------------------------------------------
[ 2026-03-16T07:59:17+08:00 ] 114.55.232.213 GET 120.24.147.77/HNAP1
[ error ] [8192]preg_match(): Passing null to parameter #2 ($subject) of type string is deprecated
[ error ] [8192]preg_match(): Passing null to parameter #2 ($subject) of type string is deprecated
[ error ] [8192]preg_match(): Passing null to parameter #2 ($subject) of type string is deprecated
[ error ] [8192]preg_match(): Passing null to parameter #2 ($subject) of type string is deprecated
[ error ] [8192]preg_match(): Passing null to parameter #2 ($subject) of type string is deprecated
[ error ] [8192]preg_match(): Passing null to parameter #2 ($subject) of type string is deprecated
---------------------------------------------------------------
[ 2026-03-16T07:59:17+08:00 ] 114.55.232.213 GET 120.24.147.77/HNAP1
[ error ] [8192]preg_match(): Passing null to parameter #2 ($subject) of type string is deprecated
[ error ] [8192]preg_match(): Passing null to parameter #2 ($subject) of type string is deprecated
[ error ] [8192]preg_match(): Passing null to parameter #2 ($subject) of type string is deprecated
[ error ] [8192]preg_match(): Passing null to parameter #2 ($subject) of type string is deprecated
[ error ] [8192]preg_match(): Passing null to parameter #2 ($subject) of type string is deprecated
[ error ] [8192]preg_match(): Passing null to parameter #2 ($subject) of type string is deprecated
---------------------------------------------------------------
[ 2026-03-16T07:59:37+08:00 ] 114.55.232.213 GET 120.24.147.77/
[ error ] [8192]preg_match(): Passing null to parameter #2 ($subject) of type string is deprecated
[ error ] [8192]preg_match(): Passing null to parameter #2 ($subject) of type string is deprecated
[ error ] [8192]preg_match(): Passing null to parameter #2 ($subject) of type string is deprecated
[ error ] [8192]preg_match(): Passing null to parameter #2 ($subject) of type string is deprecated
[ error ] [8192]preg_match(): Passing null to parameter #2 ($subject) of type string is deprecated
[ error ] [8192]preg_match(): Passing null to parameter #2 ($subject) of type string is deprecated
[ error ] [8192]preg_match(): Passing null to parameter #2 ($subject) of type string is deprecated
[ error ] [8192]preg_match(): Passing null to parameter #2 ($subject) of type string is deprecated
[ error ] [8192]Automatic conversion of false to array is deprecated
[ error ] [8192]Automatic conversion of false to array is deprecated
[ error ] [2]Undefined array key "title"
[ error ] [2]Undefined array key "title"
[ error ] [2]Undefined array key "title"
[ error ] [2]Undefined array key "title"
---------------------------------------------------------------
[ 2026-03-16T07:59:37+08:00 ] 114.55.232.213 GET 120.24.147.77/
[ error ] [8192]preg_match(): Passing null to parameter #2 ($subject) of type string is deprecated
[ error ] [8192]preg_match(): Passing null to parameter #2 ($subject) of type string is deprecated
[ error ] [8192]preg_match(): Passing null to parameter #2 ($subject) of type string is deprecated
[ error ] [8192]preg_match(): Passing null to parameter #2 ($subject) of type string is deprecated
[ error ] [8192]preg_match(): Passing null to parameter #2 ($subject) of type string is deprecated
[ error ] [8192]preg_match(): Passing null to parameter #2 ($subject) of type string is deprecated
[ error ] [8192]preg_match(): Passing null to parameter #2 ($subject) of type string is deprecated
[ error ] [8192]preg_match(): Passing null to parameter #2 ($subject) of type string is deprecated
[ error ] [2]Undefined array key "title"
[ error ] [2]Undefined array key "title"
[ error ] [2]Undefined array key "title"
[ error ] [2]Undefined array key "title"
---------------------------------------------------------------
[ 2026-03-16T07:59:37+08:00 ] 114.55.232.213 GET 120.24.147.77/
[ error ] [8192]preg_match(): Passing null to parameter #2 ($subject) of type string is deprecated
[ error ] [8192]preg_match(): Passing null to parameter #2 ($subject) of type string is deprecated
[ error ] [8192]preg_match(): Passing null to parameter #2 ($subject) of type string is deprecated
[ error ] [8192]preg_match(): Passing null to parameter #2 ($subject) of type string is deprecated
[ error ] [8192]preg_match(): Passing null to parameter #2 ($subject) of type string is deprecated
[ error ] [8192]preg_match(): Passing null to parameter #2 ($subject) of type string is deprecated
[ error ] [8192]preg_match(): Passing null to parameter #2 ($subject) of type string is deprecated
[ error ] [8192]preg_match(): Passing null to parameter #2 ($subject) of type string is deprecated
[ error ] [8192]Automatic conversion of false to array is deprecated
[ error ] [2]Undefined array key "title"
[ error ] [2]Undefined array key "title"
[ error ] [2]Undefined array key "title"
[ error ] [2]Undefined array key "title"
---------------------------------------------------------------
[ 2026-03-16T08:00:40+08:00 ] 121.199.160.57 GET 120.24.147.77/
[ error ] [8192]preg_match(): Passing null to parameter #2 ($subject) of type string is deprecated
[ error ] [8192]preg_match(): Passing null to parameter #2 ($subject) of type string is deprecated
[ error ] [8192]preg_match(): Passing null to parameter #2 ($subject) of type string is deprecated
[ error ] [8192]preg_match(): Passing null to parameter #2 ($subject) of type string is deprecated
[ error ] [8192]preg_match(): Passing null to parameter #2 ($subject) of type string is deprecated
[ error ] [8192]preg_match(): Passing null to parameter #2 ($subject) of type string is deprecated
[ error ] [8192]preg_match(): Passing null to parameter #2 ($subject) of type string is deprecated
[ error ] [8192]preg_match(): Passing null to parameter #2 ($subject) of type string is deprecated
[ error ] [8192]Automatic conversion of false to array is deprecated
[ error ] [2]Undefined array key "title"
[ error ] [2]Undefined array key "title"
[ error ] [2]Undefined array key "title"
[ error ] [2]Undefined array key "title"
---------------------------------------------------------------
[ 2026-03-16T08:01:04+08:00 ] 47.99.109.105 GET 120.24.147.77/
[ error ] [8192]preg_match(): Passing null to parameter #2 ($subject) of type string is deprecated
[ error ] [8192]preg_match(): Passing null to parameter #2 ($subject) of type string is deprecated
[ error ] [8192]preg_match(): Passing null to parameter #2 ($subject) of type string is deprecated
[ error ] [8192]preg_match(): Passing null to parameter #2 ($subject) of type string is deprecated
[ error ] [8192]preg_match(): Passing null to parameter #2 ($subject) of type string is deprecated
[ error ] [8192]preg_match(): Passing null to parameter #2 ($subject) of type string is deprecated
[ error ] [8192]preg_match(): Passing null to parameter #2 ($subject) of type string is deprecated
[ error ] [8192]preg_match(): Passing null to parameter #2 ($subject) of type string is deprecated
[ error ] [8192]Automatic conversion of false to array is deprecated
[ error ] [2]Undefined array key "title"
[ error ] [2]Undefined array key "title"
[ error ] [2]Undefined array key "title"
[ error ] [2]Undefined array key "title"
---------------------------------------------------------------
[ 2026-03-16T08:12:07+08:00 ] 176.65.149.235 GET 120.24.147.77/
[ error ] [8192]preg_match(): Passing null to parameter #2 ($subject) of type string is deprecated
[ error ] [8192]preg_match(): Passing null to parameter #2 ($subject) of type string is deprecated
[ error ] [8192]preg_match(): Passing null to parameter #2 ($subject) of type string is deprecated
[ error ] [8192]preg_match(): Passing null to parameter #2 ($subject) of type string is deprecated
[ error ] [8192]preg_match(): Passing null to parameter #2 ($subject) of type string is deprecated
[ error ] [8192]preg_match(): Passing null to parameter #2 ($subject) of type string is deprecated
[ error ] [8192]preg_match(): Passing null to parameter #2 ($subject) of type string is deprecated
[ error ] [8192]preg_match(): Passing null to parameter #2 ($subject) of type string is deprecated
[ error ] [8192]Automatic conversion of false to array is deprecated
[ error ] [2]Undefined array key "title"
[ error ] [2]Undefined array key "title"
[ error ] [2]Undefined array key "title"
[ error ] [2]Undefined array key "title"
---------------------------------------------------------------
[ 2026-03-16T09:05:17+08:00 ] 111.7.96.151 GET 120.24.147.77/
[ error ] [8192]preg_match(): Passing null to parameter #2 ($subject) of type string is deprecated
[ error ] [8192]preg_match(): Passing null to parameter #2 ($subject) of type string is deprecated
[ error ] [8192]preg_match(): Passing null to parameter #2 ($subject) of type string is deprecated
[ error ] [8192]preg_match(): Passing null to parameter #2 ($subject) of type string is deprecated
[ error ] [8192]preg_match(): Passing null to parameter #2 ($subject) of type string is deprecated
[ error ] [8192]preg_match(): Passing null to parameter #2 ($subject) of type string is deprecated
[ error ] [8192]preg_match(): Passing null to parameter #2 ($subject) of type string is deprecated
[ error ] [8192]preg_match(): Passing null to parameter #2 ($subject) of type string is deprecated
[ error ] [8192]Automatic conversion of false to array is deprecated
[ error ] [2]Undefined array key "title"
[ error ] [2]Undefined array key "title"
[ error ] [2]Undefined array key "title"
[ error ] [2]Undefined array key "title"
---------------------------------------------------------------
[ 2026-03-16T09:09:10+08:00 ] 167.250.224.25 GET 0.0.0.0/admin/config.php
[ error ] [8192]preg_match(): Passing null to parameter #2 ($subject) of type string is deprecated
[ error ] [8192]preg_match(): Passing null to parameter #2 ($subject) of type string is deprecated
[ error ] [8192]preg_match(): Passing null to parameter #2 ($subject) of type string is deprecated
[ error ] [8192]preg_match(): Passing null to parameter #2 ($subject) of type string is deprecated
[ error ] [8192]preg_match(): Passing null to parameter #2 ($subject) of type string is deprecated
[ error ] [8192]preg_match(): Passing null to parameter #2 ($subject) of type string is deprecated
---------------------------------------------------------------
[ 2026-03-16T09:09:17+08:00 ] 93.123.109.214 GET punalei.cn/
[ error ] [8192]preg_match(): Passing null to parameter #2 ($subject) of type string is deprecated
[ error ] [8192]preg_match(): Passing null to parameter #2 ($subject) of type string is deprecated
[ error ] [8192]preg_match(): Passing null to parameter #2 ($subject) of type string is deprecated
[ error ] [8192]preg_match(): Passing null to parameter #2 ($subject) of type string is deprecated
[ error ] [8192]preg_match(): Passing null to parameter #2 ($subject) of type string is deprecated
[ error ] [8192]preg_match(): Passing null to parameter #2 ($subject) of type string is deprecated
[ error ] [8192]preg_match(): Passing null to parameter #2 ($subject) of type string is deprecated
[ error ] [8192]preg_match(): Passing null to parameter #2 ($subject) of type string is deprecated
[ error ] [8192]Automatic conversion of false to array is deprecated
[ error ] [2]Undefined array key "title"
[ error ] [2]Undefined array key "title"
[ error ] [2]Undefined array key "title"
[ error ] [2]Undefined array key "title"
---------------------------------------------------------------
[ 2026-03-16T09:09:17+08:00 ] 93.123.109.214 GET punalei.cn/.env
[ error ] [8192]preg_match(): Passing null to parameter #2 ($subject) of type string is deprecated
[ error ] [8192]preg_match(): Passing null to parameter #2 ($subject) of type string is deprecated
[ error ] [8192]preg_match(): Passing null to parameter #2 ($subject) of type string is deprecated
[ error ] [8192]preg_match(): Passing null to parameter #2 ($subject) of type string is deprecated
[ error ] [8192]preg_match(): Passing null to parameter #2 ($subject) of type string is deprecated
[ error ] [8192]preg_match(): Passing null to parameter #2 ($subject) of type string is deprecated
---------------------------------------------------------------
[ 2026-03-16T09:09:18+08:00 ] 93.123.109.214 GET punalei.cn/.env
[ error ] [8192]preg_match(): Passing null to parameter #2 ($subject) of type string is deprecated
[ error ] [8192]preg_match(): Passing null to parameter #2 ($subject) of type string is deprecated
[ error ] [8192]preg_match(): Passing null to parameter #2 ($subject) of type string is deprecated
[ error ] [8192]preg_match(): Passing null to parameter #2 ($subject) of type string is deprecated
[ error ] [8192]preg_match(): Passing null to parameter #2 ($subject) of type string is deprecated
[ error ] [8192]preg_match(): Passing null to parameter #2 ($subject) of type string is deprecated
---------------------------------------------------------------
[ 2026-03-16T09:09:18+08:00 ] 93.123.109.214 GET punalei.cn/%22/assets/addons/ldcms/default/js/city.js?v=1.0.13"
[ error ] [8192]preg_match(): Passing null to parameter #2 ($subject) of type string is deprecated
[ error ] [8192]preg_match(): Passing null to parameter #2 ($subject) of type string is deprecated
[ error ] [8192]preg_match(): Passing null to parameter #2 ($subject) of type string is deprecated
[ error ] [8192]preg_match(): Passing null to parameter #2 ($subject) of type string is deprecated
[ error ] [8192]preg_match(): Passing null to parameter #2 ($subject) of type string is deprecated
[ error ] [8192]preg_match(): Passing null to parameter #2 ($subject) of type string is deprecated
---------------------------------------------------------------
[ 2026-03-16T09:09:18+08:00 ] 93.123.109.214 GET punalei.cn/%22/assets/addons/ldcms/default/js/bootstrap.min.js?v=1.0.13"
[ error ] [8192]preg_match(): Passing null to parameter #2 ($subject) of type string is deprecated
[ error ] [8192]preg_match(): Passing null to parameter #2 ($subject) of type string is deprecated
[ error ] [8192]preg_match(): Passing null to parameter #2 ($subject) of type string is deprecated
[ error ] [8192]preg_match(): Passing null to parameter #2 ($subject) of type string is deprecated
[ error ] [8192]preg_match(): Passing null to parameter #2 ($subject) of type string is deprecated
[ error ] [8192]preg_match(): Passing null to parameter #2 ($subject) of type string is deprecated
---------------------------------------------------------------
[ 2026-03-16T09:09:18+08:00 ] 93.123.109.214 GET punalei.cn/%22/assets/addons/ldcms/default/js/base.js?v=1.0.13"
[ error ] [8192]preg_match(): Passing null to parameter #2 ($subject) of type string is deprecated
[ error ] [8192]preg_match(): Passing null to parameter #2 ($subject) of type string is deprecated
[ error ] [8192]preg_match(): Passing null to parameter #2 ($subject) of type string is deprecated
[ error ] [8192]preg_match(): Passing null to parameter #2 ($subject) of type string is deprecated
[ error ] [8192]preg_match(): Passing null to parameter #2 ($subject) of type string is deprecated
[ error ] [8192]preg_match(): Passing null to parameter #2 ($subject) of type string is deprecated
---------------------------------------------------------------
[ 2026-03-16T09:09:18+08:00 ] 93.123.109.214 GET punalei.cn/%22/assets/addons/ldcms/default/js/ellipsis.js?v=1.0.13"
[ error ] [8192]preg_match(): Passing null to parameter #2 ($subject) of type string is deprecated
[ error ] [8192]preg_match(): Passing null to parameter #2 ($subject) of type string is deprecated
[ error ] [8192]preg_match(): Passing null to parameter #2 ($subject) of type string is deprecated
[ error ] [8192]preg_match(): Passing null to parameter #2 ($subject) of type string is deprecated
[ error ] [8192]preg_match(): Passing null to parameter #2 ($subject) of type string is deprecated
[ error ] [8192]preg_match(): Passing null to parameter #2 ($subject) of type string is deprecated
---------------------------------------------------------------
[ 2026-03-16T09:09:18+08:00 ] 93.123.109.214 GET punalei.cn/%22/assets/addons/ldcms/default/js/axios.min.js?v=1.0.13"
[ error ] [8192]preg_match(): Passing null to parameter #2 ($subject) of type string is deprecated
[ error ] [8192]preg_match(): Passing null to parameter #2 ($subject) of type string is deprecated
[ error ] [8192]preg_match(): Passing null to parameter #2 ($subject) of type string is deprecated
[ error ] [8192]preg_match(): Passing null to parameter #2 ($subject) of type string is deprecated
[ error ] [8192]preg_match(): Passing null to parameter #2 ($subject) of type string is deprecated
[ error ] [8192]preg_match(): Passing null to parameter #2 ($subject) of type string is deprecated
---------------------------------------------------------------
[ 2026-03-16T09:09:18+08:00 ] 93.123.109.214 GET punalei.cn/%22/assets/addons/ldcms/default/js/scrollreveal.js?v=1.0.13"
[ error ] [8192]preg_match(): Passing null to parameter #2 ($subject) of type string is deprecated
[ error ] [8192]preg_match(): Passing null to parameter #2 ($subject) of type string is deprecated
[ error ] [8192]preg_match(): Passing null to parameter #2 ($subject) of type string is deprecated
[ error ] [8192]preg_match(): Passing null to parameter #2 ($subject) of type string is deprecated
[ error ] [8192]preg_match(): Passing null to parameter #2 ($subject) of type string is deprecated
[ error ] [8192]preg_match(): Passing null to parameter #2 ($subject) of type string is deprecated
---------------------------------------------------------------
[ 2026-03-16T09:09:18+08:00 ] 93.123.109.214 GET punalei.cn/%22/assets/addons/ldcms/default/js/no.js?v=1.0.13"
[ error ] [8192]preg_match(): Passing null to parameter #2 ($subject) of type string is deprecated
[ error ] [8192]preg_match(): Passing null to parameter #2 ($subject) of type string is deprecated
[ error ] [8192]preg_match(): Passing null to parameter #2 ($subject) of type string is deprecated
[ error ] [8192]preg_match(): Passing null to parameter #2 ($subject) of type string is deprecated
[ error ] [8192]preg_match(): Passing null to parameter #2 ($subject) of type string is deprecated
[ error ] [8192]preg_match(): Passing null to parameter #2 ($subject) of type string is deprecated
---------------------------------------------------------------
[ 2026-03-16T09:09:18+08:00 ] 93.123.109.214 GET punalei.cn/%22/assets/addons/ldcms/default/js/swiper-bundle.min.js?v=1.0.13"
[ error ] [8192]preg_match(): Passing null to parameter #2 ($subject) of type string is deprecated
[ error ] [8192]preg_match(): Passing null to parameter #2 ($subject) of type string is deprecated
[ error ] [8192]preg_match(): Passing null to parameter #2 ($subject) of type string is deprecated
[ error ] [8192]preg_match(): Passing null to parameter #2 ($subject) of type string is deprecated
[ error ] [8192]preg_match(): Passing null to parameter #2 ($subject) of type string is deprecated
[ error ] [8192]preg_match(): Passing null to parameter #2 ($subject) of type string is deprecated
---------------------------------------------------------------
[ 2026-03-16T09:09:18+08:00 ] 93.123.109.214 GET punalei.cn/%22/assets/addons/ldcms/default/js/jquery-1.12.4.min.js?v=1.0.13"
[ error ] [8192]preg_match(): Passing null to parameter #2 ($subject) of type string is deprecated
[ error ] [8192]preg_match(): Passing null to parameter #2 ($subject) of type string is deprecated
[ error ] [8192]preg_match(): Passing null to parameter #2 ($subject) of type string is deprecated
[ error ] [8192]preg_match(): Passing null to parameter #2 ($subject) of type string is deprecated
[ error ] [8192]preg_match(): Passing null to parameter #2 ($subject) of type string is deprecated
[ error ] [8192]preg_match(): Passing null to parameter #2 ($subject) of type string is deprecated
---------------------------------------------------------------
[ 2026-03-16T09:09:18+08:00 ] 93.123.109.214 GET punalei.cn/%22/assets/addons/ldcms/default/js/countUp.js?v=1.0.13"
[ error ] [8192]preg_match(): Passing null to parameter #2 ($subject) of type string is deprecated
[ error ] [8192]preg_match(): Passing null to parameter #2 ($subject) of type string is deprecated
[ error ] [8192]preg_match(): Passing null to parameter #2 ($subject) of type string is deprecated
[ error ] [8192]preg_match(): Passing null to parameter #2 ($subject) of type string is deprecated
[ error ] [8192]preg_match(): Passing null to parameter #2 ($subject) of type string is deprecated
[ error ] [8192]preg_match(): Passing null to parameter #2 ($subject) of type string is deprecated
---------------------------------------------------------------
[ 2026-03-16T09:09:18+08:00 ] 93.123.109.214 GET punalei.cn/%22/assets/addons/ldcms/default/js/vue.js?v=1.0.13"
[ error ] [8192]preg_match(): Passing null to parameter #2 ($subject) of type string is deprecated
[ error ] [8192]preg_match(): Passing null to parameter #2 ($subject) of type string is deprecated
[ error ] [8192]preg_match(): Passing null to parameter #2 ($subject) of type string is deprecated
[ error ] [8192]preg_match(): Passing null to parameter #2 ($subject) of type string is deprecated
[ error ] [8192]preg_match(): Passing null to parameter #2 ($subject) of type string is deprecated
[ error ] [8192]preg_match(): Passing null to parameter #2 ($subject) of type string is deprecated
---------------------------------------------------------------
[ 2026-03-16T09:09:18+08:00 ] 93.123.109.214 GET punalei.cn/%22/assets/addons/ldcms/default/js/common.js?v=1.0.13"
[ error ] [8192]preg_match(): Passing null to parameter #2 ($subject) of type string is deprecated
[ error ] [8192]preg_match(): Passing null to parameter #2 ($subject) of type string is deprecated
[ error ] [8192]preg_match(): Passing null to parameter #2 ($subject) of type string is deprecated
[ error ] [8192]preg_match(): Passing null to parameter #2 ($subject) of type string is deprecated
[ error ] [8192]preg_match(): Passing null to parameter #2 ($subject) of type string is deprecated
[ error ] [8192]preg_match(): Passing null to parameter #2 ($subject) of type string is deprecated
---------------------------------------------------------------
[ 2026-03-16T09:09:18+08:00 ] 93.123.109.214 GET punalei.cn/%22/assets/addons/ldcms/default/js/omit.js?v=1.0.13"
[ error ] [8192]preg_match(): Passing null to parameter #2 ($subject) of type string is deprecated
[ error ] [8192]preg_match(): Passing null to parameter #2 ($subject) of type string is deprecated
[ error ] [8192]preg_match(): Passing null to parameter #2 ($subject) of type string is deprecated
[ error ] [8192]preg_match(): Passing null to parameter #2 ($subject) of type string is deprecated
[ error ] [8192]preg_match(): Passing null to parameter #2 ($subject) of type string is deprecated
[ error ] [8192]preg_match(): Passing null to parameter #2 ($subject) of type string is deprecated
---------------------------------------------------------------
[ 2026-03-16T09:09:18+08:00 ] 93.123.109.214 GET punalei.cn/%22/assets/addons/ldcms/default/js/jquery.fullpage.min.js?v=1.0.13"
[ error ] [8192]preg_match(): Passing null to parameter #2 ($subject) of type string is deprecated
[ error ] [8192]preg_match(): Passing null to parameter #2 ($subject) of type string is deprecated
[ error ] [8192]preg_match(): Passing null to parameter #2 ($subject) of type string is deprecated
[ error ] [8192]preg_match(): Passing null to parameter #2 ($subject) of type string is deprecated
[ error ] [8192]preg_match(): Passing null to parameter #2 ($subject) of type string is deprecated
[ error ] [8192]preg_match(): Passing null to parameter #2 ($subject) of type string is deprecated
---------------------------------------------------------------
[ 2026-03-16T09:09:18+08:00 ] 93.123.109.214 GET punalei.cn/%22/assets/addons/ldcms/default/js/element.js?v=1.0.13"
[ error ] [8192]preg_match(): Passing null to parameter #2 ($subject) of type string is deprecated
[ error ] [8192]preg_match(): Passing null to parameter #2 ($subject) of type string is deprecated
[ error ] [8192]preg_match(): Passing null to parameter #2 ($subject) of type string is deprecated
[ error ] [8192]preg_match(): Passing null to parameter #2 ($subject) of type string is deprecated
[ error ] [8192]preg_match(): Passing null to parameter #2 ($subject) of type string is deprecated
[ error ] [8192]preg_match(): Passing null to parameter #2 ($subject) of type string is deprecated
---------------------------------------------------------------
[ 2026-03-16T09:09:18+08:00 ] 93.123.109.214 GET punalei.cn/.env.bak
[ error ] [8192]preg_match(): Passing null to parameter #2 ($subject) of type string is deprecated
[ error ] [8192]preg_match(): Passing null to parameter #2 ($subject) of type string is deprecated
[ error ] [8192]preg_match(): Passing null to parameter #2 ($subject) of type string is deprecated
[ error ] [8192]preg_match(): Passing null to parameter #2 ($subject) of type string is deprecated
[ error ] [8192]preg_match(): Passing null to parameter #2 ($subject) of type string is deprecated
[ error ] [8192]preg_match(): Passing null to parameter #2 ($subject) of type string is deprecated
---------------------------------------------------------------
[ 2026-03-16T09:09:19+08:00 ] 93.123.109.214 GET punalei.cn/.env.save
[ error ] [8192]preg_match(): Passing null to parameter #2 ($subject) of type string is deprecated
[ error ] [8192]preg_match(): Passing null to parameter #2 ($subject) of type string is deprecated
[ error ] [8192]preg_match(): Passing null to parameter #2 ($subject) of type string is deprecated
[ error ] [8192]preg_match(): Passing null to parameter #2 ($subject) of type string is deprecated
[ error ] [8192]preg_match(): Passing null to parameter #2 ($subject) of type string is deprecated
[ error ] [8192]preg_match(): Passing null to parameter #2 ($subject) of type string is deprecated
---------------------------------------------------------------
[ 2026-03-16T09:09:19+08:00 ] 93.123.109.214 GET punalei.cn/backend/.env
[ error ] [8192]preg_match(): Passing null to parameter #2 ($subject) of type string is deprecated
[ error ] [8192]preg_match(): Passing null to parameter #2 ($subject) of type string is deprecated
[ error ] [8192]preg_match(): Passing null to parameter #2 ($subject) of type string is deprecated
[ error ] [8192]preg_match(): Passing null to parameter #2 ($subject) of type string is deprecated
[ error ] [8192]preg_match(): Passing null to parameter #2 ($subject) of type string is deprecated
[ error ] [8192]preg_match(): Passing null to parameter #2 ($subject) of type string is deprecated
---------------------------------------------------------------
[ 2026-03-16T09:09:19+08:00 ] 93.123.109.214 GET punalei.cn/admin/.env
[ error ] [8192]preg_match(): Passing null to parameter #2 ($subject) of type string is deprecated
[ error ] [8192]preg_match(): Passing null to parameter #2 ($subject) of type string is deprecated
[ error ] [8192]preg_match(): Passing null to parameter #2 ($subject) of type string is deprecated
[ error ] [8192]preg_match(): Passing null to parameter #2 ($subject) of type string is deprecated
[ error ] [8192]preg_match(): Passing null to parameter #2 ($subject) of type string is deprecated
[ error ] [8192]preg_match(): Passing null to parameter #2 ($subject) of type string is deprecated
---------------------------------------------------------------
[ 2026-03-16T09:09:19+08:00 ] 93.123.109.214 GET punalei.cn/.git/config
[ error ] [8192]preg_match(): Passing null to parameter #2 ($subject) of type string is deprecated
[ error ] [8192]preg_match(): Passing null to parameter #2 ($subject) of type string is deprecated
[ error ] [8192]preg_match(): Passing null to parameter #2 ($subject) of type string is deprecated
[ error ] [8192]preg_match(): Passing null to parameter #2 ($subject) of type string is deprecated
[ error ] [8192]preg_match(): Passing null to parameter #2 ($subject) of type string is deprecated
[ error ] [8192]preg_match(): Passing null to parameter #2 ($subject) of type string is deprecated
---------------------------------------------------------------
[ 2026-03-16T09:09:19+08:00 ] 93.123.109.214 GET punalei.cn/wp-config.php
[ error ] [8192]preg_match(): Passing null to parameter #2 ($subject) of type string is deprecated
[ error ] [8192]preg_match(): Passing null to parameter #2 ($subject) of type string is deprecated
[ error ] [8192]preg_match(): Passing null to parameter #2 ($subject) of type string is deprecated
[ error ] [8192]preg_match(): Passing null to parameter #2 ($subject) of type string is deprecated
[ error ] [8192]preg_match(): Passing null to parameter #2 ($subject) of type string is deprecated
[ error ] [8192]preg_match(): Passing null to parameter #2 ($subject) of type string is deprecated
---------------------------------------------------------------
[ 2026-03-16T09:09:20+08:00 ] 93.123.109.214 GET punalei.cn/wp-config.php.old
[ error ] [8192]preg_match(): Passing null to parameter #2 ($subject) of type string is deprecated
[ error ] [8192]preg_match(): Passing null to parameter #2 ($subject) of type string is deprecated
[ error ] [8192]preg_match(): Passing null to parameter #2 ($subject) of type string is deprecated
[ error ] [8192]preg_match(): Passing null to parameter #2 ($subject) of type string is deprecated
[ error ] [8192]preg_match(): Passing null to parameter #2 ($subject) of type string is deprecated
[ error ] [8192]preg_match(): Passing null to parameter #2 ($subject) of type string is deprecated
---------------------------------------------------------------
[ 2026-03-16T09:09:20+08:00 ] 93.123.109.214 GET punalei.cn/config.php
[ error ] [8192]preg_match(): Passing null to parameter #2 ($subject) of type string is deprecated
[ error ] [8192]preg_match(): Passing null to parameter #2 ($subject) of type string is deprecated
[ error ] [8192]preg_match(): Passing null to parameter #2 ($subject) of type string is deprecated
[ error ] [8192]preg_match(): Passing null to parameter #2 ($subject) of type string is deprecated
[ error ] [8192]preg_match(): Passing null to parameter #2 ($subject) of type string is deprecated
[ error ] [8192]preg_match(): Passing null to parameter #2 ($subject) of type string is deprecated
---------------------------------------------------------------
[ 2026-03-16T09:09:20+08:00 ] 93.123.109.214 GET punalei.cn/config.php.bak
[ error ] [8192]preg_match(): Passing null to parameter #2 ($subject) of type string is deprecated
[ error ] [8192]preg_match(): Passing null to parameter #2 ($subject) of type string is deprecated
[ error ] [8192]preg_match(): Passing null to parameter #2 ($subject) of type string is deprecated
[ error ] [8192]preg_match(): Passing null to parameter #2 ($subject) of type string is deprecated
[ error ] [8192]preg_match(): Passing null to parameter #2 ($subject) of type string is deprecated
[ error ] [8192]preg_match(): Passing null to parameter #2 ($subject) of type string is deprecated
---------------------------------------------------------------
[ 2026-03-16T09:09:20+08:00 ] 93.123.109.214 GET punalei.cn/config.js
[ error ] [8192]preg_match(): Passing null to parameter #2 ($subject) of type string is deprecated
[ error ] [8192]preg_match(): Passing null to parameter #2 ($subject) of type string is deprecated
[ error ] [8192]preg_match(): Passing null to parameter #2 ($subject) of type string is deprecated
[ error ] [8192]preg_match(): Passing null to parameter #2 ($subject) of type string is deprecated
[ error ] [8192]preg_match(): Passing null to parameter #2 ($subject) of type string is deprecated
[ error ] [8192]preg_match(): Passing null to parameter #2 ($subject) of type string is deprecated
---------------------------------------------------------------
[ 2026-03-16T09:09:21+08:00 ] 93.123.109.214 GET punalei.cn/aws-config.js
[ error ] [8192]preg_match(): Passing null to parameter #2 ($subject) of type string is deprecated
[ error ] [8192]preg_match(): Passing null to parameter #2 ($subject) of type string is deprecated
[ error ] [8192]preg_match(): Passing null to parameter #2 ($subject) of type string is deprecated
[ error ] [8192]preg_match(): Passing null to parameter #2 ($subject) of type string is deprecated
[ error ] [8192]preg_match(): Passing null to parameter #2 ($subject) of type string is deprecated
[ error ] [8192]preg_match(): Passing null to parameter #2 ($subject) of type string is deprecated
---------------------------------------------------------------
[ 2026-03-16T09:09:21+08:00 ] 93.123.109.214 GET punalei.cn/aws.config.js
[ error ] [8192]preg_match(): Passing null to parameter #2 ($subject) of type string is deprecated
[ error ] [8192]preg_match(): Passing null to parameter #2 ($subject) of type string is deprecated
[ error ] [8192]preg_match(): Passing null to parameter #2 ($subject) of type string is deprecated
[ error ] [8192]preg_match(): Passing null to parameter #2 ($subject) of type string is deprecated
[ error ] [8192]preg_match(): Passing null to parameter #2 ($subject) of type string is deprecated
[ error ] [8192]preg_match(): Passing null to parameter #2 ($subject) of type string is deprecated
---------------------------------------------------------------
[ 2026-03-16T09:09:21+08:00 ] 93.123.109.214 GET punalei.cn/.git/HEAD
[ error ] [8192]preg_match(): Passing null to parameter #2 ($subject) of type string is deprecated
[ error ] [8192]preg_match(): Passing null to parameter #2 ($subject) of type string is deprecated
[ error ] [8192]preg_match(): Passing null to parameter #2 ($subject) of type string is deprecated
[ error ] [8192]preg_match(): Passing null to parameter #2 ($subject) of type string is deprecated
[ error ] [8192]preg_match(): Passing null to parameter #2 ($subject) of type string is deprecated
[ error ] [8192]preg_match(): Passing null to parameter #2 ($subject) of type string is deprecated
---------------------------------------------------------------
[ 2026-03-16T09:09:21+08:00 ] 93.123.109.214 GET punalei.cn/.git/config
[ error ] [8192]preg_match(): Passing null to parameter #2 ($subject) of type string is deprecated
[ error ] [8192]preg_match(): Passing null to parameter #2 ($subject) of type string is deprecated
[ error ] [8192]preg_match(): Passing null to parameter #2 ($subject) of type string is deprecated
[ error ] [8192]preg_match(): Passing null to parameter #2 ($subject) of type string is deprecated
[ error ] [8192]preg_match(): Passing null to parameter #2 ($subject) of type string is deprecated
[ error ] [8192]preg_match(): Passing null to parameter #2 ($subject) of type string is deprecated
---------------------------------------------------------------
[ 2026-03-16T09:24:52+08:00 ] 27.187.187.162 GET 120.24.147.77/
[ error ] [8192]preg_match(): Passing null to parameter #2 ($subject) of type string is deprecated
[ error ] [8192]preg_match(): Passing null to parameter #2 ($subject) of type string is deprecated
[ error ] [8192]preg_match(): Passing null to parameter #2 ($subject) of type string is deprecated
[ error ] [8192]preg_match(): Passing null to parameter #2 ($subject) of type string is deprecated
[ error ] [8192]preg_match(): Passing null to parameter #2 ($subject) of type string is deprecated
[ error ] [8192]preg_match(): Passing null to parameter #2 ($subject) of type string is deprecated
[ error ] [8192]preg_match(): Passing null to parameter #2 ($subject) of type string is deprecated
[ error ] [8192]preg_match(): Passing null to parameter #2 ($subject) of type string is deprecated
[ error ] [8192]Automatic conversion of false to array is deprecated
[ error ] [2]Undefined array key "title"
[ error ] [2]Undefined array key "title"
[ error ] [2]Undefined array key "title"
[ error ] [2]Undefined array key "title"
---------------------------------------------------------------
[ 2026-03-16T09:31:25+08:00 ] 45.148.10.174 GET punalei.cn/
[ error ] [8192]preg_match(): Passing null to parameter #2 ($subject) of type string is deprecated
[ error ] [8192]preg_match(): Passing null to parameter #2 ($subject) of type string is deprecated
[ error ] [8192]preg_match(): Passing null to parameter #2 ($subject) of type string is deprecated
[ error ] [8192]preg_match(): Passing null to parameter #2 ($subject) of type string is deprecated
[ error ] [8192]preg_match(): Passing null to parameter #2 ($subject) of type string is deprecated
[ error ] [8192]preg_match(): Passing null to parameter #2 ($subject) of type string is deprecated
[ error ] [8192]preg_match(): Passing null to parameter #2 ($subject) of type string is deprecated
[ error ] [8192]preg_match(): Passing null to parameter #2 ($subject) of type string is deprecated
[ error ] [8192]Automatic conversion of false to array is deprecated
[ error ] [2]Undefined array key "title"
[ error ] [2]Undefined array key "title"
[ error ] [2]Undefined array key "title"
[ error ] [2]Undefined array key "title"
---------------------------------------------------------------
[ 2026-03-16T09:31:25+08:00 ] 45.148.10.174 GET punalei.cn/.env
[ error ] [8192]preg_match(): Passing null to parameter #2 ($subject) of type string is deprecated
[ error ] [8192]preg_match(): Passing null to parameter #2 ($subject) of type string is deprecated
[ error ] [8192]preg_match(): Passing null to parameter #2 ($subject) of type string is deprecated
[ error ] [8192]preg_match(): Passing null to parameter #2 ($subject) of type string is deprecated
[ error ] [8192]preg_match(): Passing null to parameter #2 ($subject) of type string is deprecated
[ error ] [8192]preg_match(): Passing null to parameter #2 ($subject) of type string is deprecated
---------------------------------------------------------------
[ 2026-03-16T09:31:26+08:00 ] 45.148.10.174 GET punalei.cn/.env.bak
[ error ] [8192]preg_match(): Passing null to parameter #2 ($subject) of type string is deprecated
[ error ] [8192]preg_match(): Passing null to parameter #2 ($subject) of type string is deprecated
[ error ] [8192]preg_match(): Passing null to parameter #2 ($subject) of type string is deprecated
[ error ] [8192]preg_match(): Passing null to parameter #2 ($subject) of type string is deprecated
[ error ] [8192]preg_match(): Passing null to parameter #2 ($subject) of type string is deprecated
[ error ] [8192]preg_match(): Passing null to parameter #2 ($subject) of type string is deprecated
---------------------------------------------------------------
[ 2026-03-16T09:31:26+08:00 ] 45.148.10.174 GET punalei.cn/%22/assets/addons/ldcms/default/js/jquery.fullpage.min.js?v=1.0.13"
[ error ] [8192]preg_match(): Passing null to parameter #2 ($subject) of type string is deprecated
[ error ] [8192]preg_match(): Passing null to parameter #2 ($subject) of type string is deprecated
[ error ] [8192]preg_match(): Passing null to parameter #2 ($subject) of type string is deprecated
[ error ] [8192]preg_match(): Passing null to parameter #2 ($subject) of type string is deprecated
[ error ] [8192]preg_match(): Passing null to parameter #2 ($subject) of type string is deprecated
[ error ] [8192]preg_match(): Passing null to parameter #2 ($subject) of type string is deprecated
---------------------------------------------------------------
[ 2026-03-16T09:31:26+08:00 ] 45.148.10.174 GET punalei.cn/%22/assets/addons/ldcms/default/js/countUp.js?v=1.0.13"
[ error ] [8192]preg_match(): Passing null to parameter #2 ($subject) of type string is deprecated
[ error ] [8192]preg_match(): Passing null to parameter #2 ($subject) of type string is deprecated
[ error ] [8192]preg_match(): Passing null to parameter #2 ($subject) of type string is deprecated
[ error ] [8192]preg_match(): Passing null to parameter #2 ($subject) of type string is deprecated
[ error ] [8192]preg_match(): Passing null to parameter #2 ($subject) of type string is deprecated
[ error ] [8192]preg_match(): Passing null to parameter #2 ($subject) of type string is deprecated
---------------------------------------------------------------
[ 2026-03-16T09:31:26+08:00 ] 45.148.10.174 GET punalei.cn/%22/assets/addons/ldcms/default/js/jquery-1.12.4.min.js?v=1.0.13"
[ error ] [8192]preg_match(): Passing null to parameter #2 ($subject) of type string is deprecated
[ error ] [8192]preg_match(): Passing null to parameter #2 ($subject) of type string is deprecated
[ error ] [8192]preg_match(): Passing null to parameter #2 ($subject) of type string is deprecated
[ error ] [8192]preg_match(): Passing null to parameter #2 ($subject) of type string is deprecated
[ error ] [8192]preg_match(): Passing null to parameter #2 ($subject) of type string is deprecated
[ error ] [8192]preg_match(): Passing null to parameter #2 ($subject) of type string is deprecated
---------------------------------------------------------------
[ 2026-03-16T09:31:26+08:00 ] 45.148.10.174 GET punalei.cn/%22/assets/addons/ldcms/default/js/omit.js?v=1.0.13"
[ error ] [8192]preg_match(): Passing null to parameter #2 ($subject) of type string is deprecated
[ error ] [8192]preg_match(): Passing null to parameter #2 ($subject) of type string is deprecated
[ error ] [8192]preg_match(): Passing null to parameter #2 ($subject) of type string is deprecated
[ error ] [8192]preg_match(): Passing null to parameter #2 ($subject) of type string is deprecated
[ error ] [8192]preg_match(): Passing null to parameter #2 ($subject) of type string is deprecated
[ error ] [8192]preg_match(): Passing null to parameter #2 ($subject) of type string is deprecated
---------------------------------------------------------------
[ 2026-03-16T09:31:26+08:00 ] 45.148.10.174 GET punalei.cn/%22/assets/addons/ldcms/default/js/bootstrap.min.js?v=1.0.13"
[ error ] [8192]preg_match(): Passing null to parameter #2 ($subject) of type string is deprecated
[ error ] [8192]preg_match(): Passing null to parameter #2 ($subject) of type string is deprecated
[ error ] [8192]preg_match(): Passing null to parameter #2 ($subject) of type string is deprecated
[ error ] [8192]preg_match(): Passing null to parameter #2 ($subject) of type string is deprecated
[ error ] [8192]preg_match(): Passing null to parameter #2 ($subject) of type string is deprecated
[ error ] [8192]preg_match(): Passing null to parameter #2 ($subject) of type string is deprecated
---------------------------------------------------------------
[ 2026-03-16T09:31:26+08:00 ] 45.148.10.174 GET punalei.cn/%22/assets/addons/ldcms/default/js/axios.min.js?v=1.0.13"
[ error ] [8192]preg_match(): Passing null to parameter #2 ($subject) of type string is deprecated
[ error ] [8192]preg_match(): Passing null to parameter #2 ($subject) of type string is deprecated
[ error ] [8192]preg_match(): Passing null to parameter #2 ($subject) of type string is deprecated
[ error ] [8192]preg_match(): Passing null to parameter #2 ($subject) of type string is deprecated
[ error ] [8192]preg_match(): Passing null to parameter #2 ($subject) of type string is deprecated
[ error ] [8192]preg_match(): Passing null to parameter #2 ($subject) of type string is deprecated
---------------------------------------------------------------
[ 2026-03-16T09:31:26+08:00 ] 45.148.10.174 GET punalei.cn/%22/assets/addons/ldcms/default/js/scrollreveal.js?v=1.0.13"
[ error ] [8192]preg_match(): Passing null to parameter #2 ($subject) of type string is deprecated
[ error ] [8192]preg_match(): Passing null to parameter #2 ($subject) of type string is deprecated
[ error ] [8192]preg_match(): Passing null to parameter #2 ($subject) of type string is deprecated
[ error ] [8192]preg_match(): Passing null to parameter #2 ($subject) of type string is deprecated
[ error ] [8192]preg_match(): Passing null to parameter #2 ($subject) of type string is deprecated
[ error ] [8192]preg_match(): Passing null to parameter #2 ($subject) of type string is deprecated
---------------------------------------------------------------
[ 2026-03-16T09:31:26+08:00 ] 45.148.10.174 GET punalei.cn/%22/assets/addons/ldcms/default/js/no.js?v=1.0.13"
[ error ] [8192]preg_match(): Passing null to parameter #2 ($subject) of type string is deprecated
[ error ] [8192]preg_match(): Passing null to parameter #2 ($subject) of type string is deprecated
[ error ] [8192]preg_match(): Passing null to parameter #2 ($subject) of type string is deprecated
[ error ] [8192]preg_match(): Passing null to parameter #2 ($subject) of type string is deprecated
[ error ] [8192]preg_match(): Passing null to parameter #2 ($subject) of type string is deprecated
[ error ] [8192]preg_match(): Passing null to parameter #2 ($subject) of type string is deprecated
---------------------------------------------------------------
[ 2026-03-16T09:31:26+08:00 ] 45.148.10.174 GET punalei.cn/%22/assets/addons/ldcms/default/js/swiper-bundle.min.js?v=1.0.13"
[ error ] [8192]preg_match(): Passing null to parameter #2 ($subject) of type string is deprecated
[ error ] [8192]preg_match(): Passing null to parameter #2 ($subject) of type string is deprecated
[ error ] [8192]preg_match(): Passing null to parameter #2 ($subject) of type string is deprecated
[ error ] [8192]preg_match(): Passing null to parameter #2 ($subject) of type string is deprecated
[ error ] [8192]preg_match(): Passing null to parameter #2 ($subject) of type string is deprecated
[ error ] [8192]preg_match(): Passing null to parameter #2 ($subject) of type string is deprecated
---------------------------------------------------------------
[ 2026-03-16T09:31:26+08:00 ] 45.148.10.174 GET punalei.cn/%22/assets/addons/ldcms/default/js/base.js?v=1.0.13"
[ error ] [8192]preg_match(): Passing null to parameter #2 ($subject) of type string is deprecated
[ error ] [8192]preg_match(): Passing null to parameter #2 ($subject) of type string is deprecated
[ error ] [8192]preg_match(): Passing null to parameter #2 ($subject) of type string is deprecated
[ error ] [8192]preg_match(): Passing null to parameter #2 ($subject) of type string is deprecated
[ error ] [8192]preg_match(): Passing null to parameter #2 ($subject) of type string is deprecated
[ error ] [8192]preg_match(): Passing null to parameter #2 ($subject) of type string is deprecated
---------------------------------------------------------------
[ 2026-03-16T09:31:26+08:00 ] 45.148.10.174 GET punalei.cn/%22/assets/addons/ldcms/default/js/common.js?v=1.0.13"
[ error ] [8192]preg_match(): Passing null to parameter #2 ($subject) of type string is deprecated
[ error ] [8192]preg_match(): Passing null to parameter #2 ($subject) of type string is deprecated
[ error ] [8192]preg_match(): Passing null to parameter #2 ($subject) of type string is deprecated
[ error ] [8192]preg_match(): Passing null to parameter #2 ($subject) of type string is deprecated
[ error ] [8192]preg_match(): Passing null to parameter #2 ($subject) of type string is deprecated
[ error ] [8192]preg_match(): Passing null to parameter #2 ($subject) of type string is deprecated
---------------------------------------------------------------
[ 2026-03-16T09:31:26+08:00 ] 45.148.10.174 GET punalei.cn/%22/assets/addons/ldcms/default/js/element.js?v=1.0.13"
[ error ] [8192]preg_match(): Passing null to parameter #2 ($subject) of type string is deprecated
[ error ] [8192]preg_match(): Passing null to parameter #2 ($subject) of type string is deprecated
[ error ] [8192]preg_match(): Passing null to parameter #2 ($subject) of type string is deprecated
[ error ] [8192]preg_match(): Passing null to parameter #2 ($subject) of type string is deprecated
[ error ] [8192]preg_match(): Passing null to parameter #2 ($subject) of type string is deprecated
[ error ] [8192]preg_match(): Passing null to parameter #2 ($subject) of type string is deprecated
---------------------------------------------------------------
[ 2026-03-16T09:31:26+08:00 ] 45.148.10.174 GET punalei.cn/%22/assets/addons/ldcms/default/js/city.js?v=1.0.13"
[ error ] [8192]preg_match(): Passing null to parameter #2 ($subject) of type string is deprecated
[ error ] [8192]preg_match(): Passing null to parameter #2 ($subject) of type string is deprecated
[ error ] [8192]preg_match(): Passing null to parameter #2 ($subject) of type string is deprecated
[ error ] [8192]preg_match(): Passing null to parameter #2 ($subject) of type string is deprecated
[ error ] [8192]preg_match(): Passing null to parameter #2 ($subject) of type string is deprecated
[ error ] [8192]preg_match(): Passing null to parameter #2 ($subject) of type string is deprecated
---------------------------------------------------------------
[ 2026-03-16T09:31:26+08:00 ] 45.148.10.174 GET punalei.cn/%22/assets/addons/ldcms/default/js/ellipsis.js?v=1.0.13"
[ error ] [8192]preg_match(): Passing null to parameter #2 ($subject) of type string is deprecated
[ error ] [8192]preg_match(): Passing null to parameter #2 ($subject) of type string is deprecated
[ error ] [8192]preg_match(): Passing null to parameter #2 ($subject) of type string is deprecated
[ error ] [8192]preg_match(): Passing null to parameter #2 ($subject) of type string is deprecated
[ error ] [8192]preg_match(): Passing null to parameter #2 ($subject) of type string is deprecated
[ error ] [8192]preg_match(): Passing null to parameter #2 ($subject) of type string is deprecated
---------------------------------------------------------------
[ 2026-03-16T09:31:26+08:00 ] 45.148.10.174 GET punalei.cn/.env.save
[ error ] [8192]preg_match(): Passing null to parameter #2 ($subject) of type string is deprecated
[ error ] [8192]preg_match(): Passing null to parameter #2 ($subject) of type string is deprecated
[ error ] [8192]preg_match(): Passing null to parameter #2 ($subject) of type string is deprecated
[ error ] [8192]preg_match(): Passing null to parameter #2 ($subject) of type string is deprecated
[ error ] [8192]preg_match(): Passing null to parameter #2 ($subject) of type string is deprecated
[ error ] [8192]preg_match(): Passing null to parameter #2 ($subject) of type string is deprecated
---------------------------------------------------------------
[ 2026-03-16T09:31:26+08:00 ] 45.148.10.174 GET punalei.cn/%22/assets/addons/ldcms/default/js/vue.js?v=1.0.13"
[ error ] [8192]preg_match(): Passing null to parameter #2 ($subject) of type string is deprecated
[ error ] [8192]preg_match(): Passing null to parameter #2 ($subject) of type string is deprecated
[ error ] [8192]preg_match(): Passing null to parameter #2 ($subject) of type string is deprecated
[ error ] [8192]preg_match(): Passing null to parameter #2 ($subject) of type string is deprecated
[ error ] [8192]preg_match(): Passing null to parameter #2 ($subject) of type string is deprecated
[ error ] [8192]preg_match(): Passing null to parameter #2 ($subject) of type string is deprecated
---------------------------------------------------------------
[ 2026-03-16T09:31:27+08:00 ] 45.148.10.174 GET punalei.cn/.env.backup
[ error ] [8192]preg_match(): Passing null to parameter #2 ($subject) of type string is deprecated
[ error ] [8192]preg_match(): Passing null to parameter #2 ($subject) of type string is deprecated
[ error ] [8192]preg_match(): Passing null to parameter #2 ($subject) of type string is deprecated
[ error ] [8192]preg_match(): Passing null to parameter #2 ($subject) of type string is deprecated
[ error ] [8192]preg_match(): Passing null to parameter #2 ($subject) of type string is deprecated
[ error ] [8192]preg_match(): Passing null to parameter #2 ($subject) of type string is deprecated
---------------------------------------------------------------
[ 2026-03-16T09:31:27+08:00 ] 45.148.10.174 GET punalei.cn/backend/.env
[ error ] [8192]preg_match(): Passing null to parameter #2 ($subject) of type string is deprecated
[ error ] [8192]preg_match(): Passing null to parameter #2 ($subject) of type string is deprecated
[ error ] [8192]preg_match(): Passing null to parameter #2 ($subject) of type string is deprecated
[ error ] [8192]preg_match(): Passing null to parameter #2 ($subject) of type string is deprecated
[ error ] [8192]preg_match(): Passing null to parameter #2 ($subject) of type string is deprecated
[ error ] [8192]preg_match(): Passing null to parameter #2 ($subject) of type string is deprecated
---------------------------------------------------------------
[ 2026-03-16T09:31:27+08:00 ] 45.148.10.174 GET punalei.cn/admin/.env
[ error ] [8192]preg_match(): Passing null to parameter #2 ($subject) of type string is deprecated
[ error ] [8192]preg_match(): Passing null to parameter #2 ($subject) of type string is deprecated
[ error ] [8192]preg_match(): Passing null to parameter #2 ($subject) of type string is deprecated
[ error ] [8192]preg_match(): Passing null to parameter #2 ($subject) of type string is deprecated
[ error ] [8192]preg_match(): Passing null to parameter #2 ($subject) of type string is deprecated
[ error ] [8192]preg_match(): Passing null to parameter #2 ($subject) of type string is deprecated
---------------------------------------------------------------
[ 2026-03-16T09:31:29+08:00 ] 45.148.10.174 GET punalei.cn/.git/config
[ error ] [8192]preg_match(): Passing null to parameter #2 ($subject) of type string is deprecated
[ error ] [8192]preg_match(): Passing null to parameter #2 ($subject) of type string is deprecated
[ error ] [8192]preg_match(): Passing null to parameter #2 ($subject) of type string is deprecated
[ error ] [8192]preg_match(): Passing null to parameter #2 ($subject) of type string is deprecated
[ error ] [8192]preg_match(): Passing null to parameter #2 ($subject) of type string is deprecated
[ error ] [8192]preg_match(): Passing null to parameter #2 ($subject) of type string is deprecated
---------------------------------------------------------------
[ 2026-03-16T09:31:29+08:00 ] 45.148.10.174 GET punalei.cn/wp-config.php
[ error ] [8192]preg_match(): Passing null to parameter #2 ($subject) of type string is deprecated
[ error ] [8192]preg_match(): Passing null to parameter #2 ($subject) of type string is deprecated
[ error ] [8192]preg_match(): Passing null to parameter #2 ($subject) of type string is deprecated
[ error ] [8192]preg_match(): Passing null to parameter #2 ($subject) of type string is deprecated
[ error ] [8192]preg_match(): Passing null to parameter #2 ($subject) of type string is deprecated
[ error ] [8192]preg_match(): Passing null to parameter #2 ($subject) of type string is deprecated
---------------------------------------------------------------
[ 2026-03-16T09:31:29+08:00 ] 45.148.10.174 GET punalei.cn/config.js
[ error ] [8192]preg_match(): Passing null to parameter #2 ($subject) of type string is deprecated
[ error ] [8192]preg_match(): Passing null to parameter #2 ($subject) of type string is deprecated
[ error ] [8192]preg_match(): Passing null to parameter #2 ($subject) of type string is deprecated
[ error ] [8192]preg_match(): Passing null to parameter #2 ($subject) of type string is deprecated
[ error ] [8192]preg_match(): Passing null to parameter #2 ($subject) of type string is deprecated
[ error ] [8192]preg_match(): Passing null to parameter #2 ($subject) of type string is deprecated
---------------------------------------------------------------
[ 2026-03-16T09:31:30+08:00 ] 45.148.10.174 GET punalei.cn/aws-config.js
[ error ] [8192]preg_match(): Passing null to parameter #2 ($subject) of type string is deprecated
[ error ] [8192]preg_match(): Passing null to parameter #2 ($subject) of type string is deprecated
[ error ] [8192]preg_match(): Passing null to parameter #2 ($subject) of type string is deprecated
[ error ] [8192]preg_match(): Passing null to parameter #2 ($subject) of type string is deprecated
[ error ] [8192]preg_match(): Passing null to parameter #2 ($subject) of type string is deprecated
[ error ] [8192]preg_match(): Passing null to parameter #2 ($subject) of type string is deprecated
---------------------------------------------------------------
[ 2026-03-16T09:31:30+08:00 ] 45.148.10.174 GET punalei.cn/aws.config.js
[ error ] [8192]preg_match(): Passing null to parameter #2 ($subject) of type string is deprecated
[ error ] [8192]preg_match(): Passing null to parameter #2 ($subject) of type string is deprecated
[ error ] [8192]preg_match(): Passing null to parameter #2 ($subject) of type string is deprecated
[ error ] [8192]preg_match(): Passing null to parameter #2 ($subject) of type string is deprecated
[ error ] [8192]preg_match(): Passing null to parameter #2 ($subject) of type string is deprecated
[ error ] [8192]preg_match(): Passing null to parameter #2 ($subject) of type string is deprecated
---------------------------------------------------------------
[ 2026-03-16T09:31:30+08:00 ] 45.148.10.174 GET punalei.cn/_debugbar/
[ error ] [8192]preg_match(): Passing null to parameter #2 ($subject) of type string is deprecated
[ error ] [8192]preg_match(): Passing null to parameter #2 ($subject) of type string is deprecated
[ error ] [8192]preg_match(): Passing null to parameter #2 ($subject) of type string is deprecated
[ error ] [8192]preg_match(): Passing null to parameter #2 ($subject) of type string is deprecated
[ error ] [8192]preg_match(): Passing null to parameter #2 ($subject) of type string is deprecated
[ error ] [8192]preg_match(): Passing null to parameter #2 ($subject) of type string is deprecated
---------------------------------------------------------------
[ 2026-03-16T09:31:30+08:00 ] 45.148.10.174 GET punalei.cn/_debugbar/
[ error ] [8192]preg_match(): Passing null to parameter #2 ($subject) of type string is deprecated
[ error ] [8192]preg_match(): Passing null to parameter #2 ($subject) of type string is deprecated
[ error ] [8192]preg_match(): Passing null to parameter #2 ($subject) of type string is deprecated
[ error ] [8192]preg_match(): Passing null to parameter #2 ($subject) of type string is deprecated
[ error ] [8192]preg_match(): Passing null to parameter #2 ($subject) of type string is deprecated
[ error ] [8192]preg_match(): Passing null to parameter #2 ($subject) of type string is deprecated
---------------------------------------------------------------
[ 2026-03-16T09:31:31+08:00 ] 45.148.10.174 GET punalei.cn/debugbar/
[ error ] [8192]preg_match(): Passing null to parameter #2 ($subject) of type string is deprecated
[ error ] [8192]preg_match(): Passing null to parameter #2 ($subject) of type string is deprecated
[ error ] [8192]preg_match(): Passing null to parameter #2 ($subject) of type string is deprecated
[ error ] [8192]preg_match(): Passing null to parameter #2 ($subject) of type string is deprecated
[ error ] [8192]preg_match(): Passing null to parameter #2 ($subject) of type string is deprecated
[ error ] [8192]preg_match(): Passing null to parameter #2 ($subject) of type string is deprecated
---------------------------------------------------------------
[ 2026-03-16T09:31:31+08:00 ] 45.148.10.174 GET punalei.cn/debugbar/
[ error ] [8192]preg_match(): Passing null to parameter #2 ($subject) of type string is deprecated
[ error ] [8192]preg_match(): Passing null to parameter #2 ($subject) of type string is deprecated
[ error ] [8192]preg_match(): Passing null to parameter #2 ($subject) of type string is deprecated
[ error ] [8192]preg_match(): Passing null to parameter #2 ($subject) of type string is deprecated
[ error ] [8192]preg_match(): Passing null to parameter #2 ($subject) of type string is deprecated
[ error ] [8192]preg_match(): Passing null to parameter #2 ($subject) of type string is deprecated
---------------------------------------------------------------
[ 2026-03-16T09:31:31+08:00 ] 45.148.10.174 GET punalei.cn/debug/
[ error ] [8192]preg_match(): Passing null to parameter #2 ($subject) of type string is deprecated
[ error ] [8192]preg_match(): Passing null to parameter #2 ($subject) of type string is deprecated
[ error ] [8192]preg_match(): Passing null to parameter #2 ($subject) of type string is deprecated
[ error ] [8192]preg_match(): Passing null to parameter #2 ($subject) of type string is deprecated
[ error ] [8192]preg_match(): Passing null to parameter #2 ($subject) of type string is deprecated
[ error ] [8192]preg_match(): Passing null to parameter #2 ($subject) of type string is deprecated
---------------------------------------------------------------
[ 2026-03-16T09:31:31+08:00 ] 45.148.10.174 GET punalei.cn/debug/
[ error ] [8192]preg_match(): Passing null to parameter #2 ($subject) of type string is deprecated
[ error ] [8192]preg_match(): Passing null to parameter #2 ($subject) of type string is deprecated
[ error ] [8192]preg_match(): Passing null to parameter #2 ($subject) of type string is deprecated
[ error ] [8192]preg_match(): Passing null to parameter #2 ($subject) of type string is deprecated
[ error ] [8192]preg_match(): Passing null to parameter #2 ($subject) of type string is deprecated
[ error ] [8192]preg_match(): Passing null to parameter #2 ($subject) of type string is deprecated
---------------------------------------------------------------
[ 2026-03-16T09:31:32+08:00 ] 45.148.10.174 GET punalei.cn/phpinfo.php
[ error ] [8192]preg_match(): Passing null to parameter #2 ($subject) of type string is deprecated
[ error ] [8192]preg_match(): Passing null to parameter #2 ($subject) of type string is deprecated
[ error ] [8192]preg_match(): Passing null to parameter #2 ($subject) of type string is deprecated
[ error ] [8192]preg_match(): Passing null to parameter #2 ($subject) of type string is deprecated
[ error ] [8192]preg_match(): Passing null to parameter #2 ($subject) of type string is deprecated
[ error ] [8192]preg_match(): Passing null to parameter #2 ($subject) of type string is deprecated
---------------------------------------------------------------
[ 2026-03-16T09:31:32+08:00 ] 45.148.10.174 GET punalei.cn/info.php
[ error ] [8192]preg_match(): Passing null to parameter #2 ($subject) of type string is deprecated
[ error ] [8192]preg_match(): Passing null to parameter #2 ($subject) of type string is deprecated
[ error ] [8192]preg_match(): Passing null to parameter #2 ($subject) of type string is deprecated
[ error ] [8192]preg_match(): Passing null to parameter #2 ($subject) of type string is deprecated
[ error ] [8192]preg_match(): Passing null to parameter #2 ($subject) of type string is deprecated
[ error ] [8192]preg_match(): Passing null to parameter #2 ($subject) of type string is deprecated
---------------------------------------------------------------
[ 2026-03-16T09:31:33+08:00 ] 45.148.10.174 GET punalei.cn/test.php
[ error ] [8192]preg_match(): Passing null to parameter #2 ($subject) of type string is deprecated
[ error ] [8192]preg_match(): Passing null to parameter #2 ($subject) of type string is deprecated
[ error ] [8192]preg_match(): Passing null to parameter #2 ($subject) of type string is deprecated
[ error ] [8192]preg_match(): Passing null to parameter #2 ($subject) of type string is deprecated
[ error ] [8192]preg_match(): Passing null to parameter #2 ($subject) of type string is deprecated
[ error ] [8192]preg_match(): Passing null to parameter #2 ($subject) of type string is deprecated
---------------------------------------------------------------
[ 2026-03-16T09:31:33+08:00 ] 45.148.10.174 GET punalei.cn/.aws/credentials
[ error ] [8192]preg_match(): Passing null to parameter #2 ($subject) of type string is deprecated
[ error ] [8192]preg_match(): Passing null to parameter #2 ($subject) of type string is deprecated
[ error ] [8192]preg_match(): Passing null to parameter #2 ($subject) of type string is deprecated
[ error ] [8192]preg_match(): Passing null to parameter #2 ($subject) of type string is deprecated
[ error ] [8192]preg_match(): Passing null to parameter #2 ($subject) of type string is deprecated
[ error ] [8192]preg_match(): Passing null to parameter #2 ($subject) of type string is deprecated
---------------------------------------------------------------
[ 2026-03-16T09:31:33+08:00 ] 45.148.10.174 GET punalei.cn/.aws/credentials
[ error ] [8192]preg_match(): Passing null to parameter #2 ($subject) of type string is deprecated
[ error ] [8192]preg_match(): Passing null to parameter #2 ($subject) of type string is deprecated
[ error ] [8192]preg_match(): Passing null to parameter #2 ($subject) of type string is deprecated
[ error ] [8192]preg_match(): Passing null to parameter #2 ($subject) of type string is deprecated
[ error ] [8192]preg_match(): Passing null to parameter #2 ($subject) of type string is deprecated
[ error ] [8192]preg_match(): Passing null to parameter #2 ($subject) of type string is deprecated
---------------------------------------------------------------
[ 2026-03-16T09:31:33+08:00 ] 45.148.10.174 GET punalei.cn/.aws/config
[ error ] [8192]preg_match(): Passing null to parameter #2 ($subject) of type string is deprecated
[ error ] [8192]preg_match(): Passing null to parameter #2 ($subject) of type string is deprecated
[ error ] [8192]preg_match(): Passing null to parameter #2 ($subject) of type string is deprecated
[ error ] [8192]preg_match(): Passing null to parameter #2 ($subject) of type string is deprecated
[ error ] [8192]preg_match(): Passing null to parameter #2 ($subject) of type string is deprecated
[ error ] [8192]preg_match(): Passing null to parameter #2 ($subject) of type string is deprecated
---------------------------------------------------------------
[ 2026-03-16T09:31:33+08:00 ] 45.148.10.174 GET punalei.cn/.aws/config
[ error ] [8192]preg_match(): Passing null to parameter #2 ($subject) of type string is deprecated
[ error ] [8192]preg_match(): Passing null to parameter #2 ($subject) of type string is deprecated
[ error ] [8192]preg_match(): Passing null to parameter #2 ($subject) of type string is deprecated
[ error ] [8192]preg_match(): Passing null to parameter #2 ($subject) of type string is deprecated
[ error ] [8192]preg_match(): Passing null to parameter #2 ($subject) of type string is deprecated
[ error ] [8192]preg_match(): Passing null to parameter #2 ($subject) of type string is deprecated
---------------------------------------------------------------
[ 2026-03-16T09:31:34+08:00 ] 45.148.10.174 GET punalei.cn/aws-credentials
[ error ] [8192]preg_match(): Passing null to parameter #2 ($subject) of type string is deprecated
[ error ] [8192]preg_match(): Passing null to parameter #2 ($subject) of type string is deprecated
[ error ] [8192]preg_match(): Passing null to parameter #2 ($subject) of type string is deprecated
[ error ] [8192]preg_match(): Passing null to parameter #2 ($subject) of type string is deprecated
[ error ] [8192]preg_match(): Passing null to parameter #2 ($subject) of type string is deprecated
[ error ] [8192]preg_match(): Passing null to parameter #2 ($subject) of type string is deprecated
---------------------------------------------------------------
[ 2026-03-16T09:31:34+08:00 ] 45.148.10.174 GET punalei.cn/aws-credentials
[ error ] [8192]preg_match(): Passing null to parameter #2 ($subject) of type string is deprecated
[ error ] [8192]preg_match(): Passing null to parameter #2 ($subject) of type string is deprecated
[ error ] [8192]preg_match(): Passing null to parameter #2 ($subject) of type string is deprecated
[ error ] [8192]preg_match(): Passing null to parameter #2 ($subject) of type string is deprecated
[ error ] [8192]preg_match(): Passing null to parameter #2 ($subject) of type string is deprecated
[ error ] [8192]preg_match(): Passing null to parameter #2 ($subject) of type string is deprecated
---------------------------------------------------------------
[ 2026-03-16T09:31:34+08:00 ] 45.148.10.174 GET punalei.cn/aws.json
[ error ] [8192]preg_match(): Passing null to parameter #2 ($subject) of type string is deprecated
[ error ] [8192]preg_match(): Passing null to parameter #2 ($subject) of type string is deprecated
[ error ] [8192]preg_match(): Passing null to parameter #2 ($subject) of type string is deprecated
[ error ] [8192]preg_match(): Passing null to parameter #2 ($subject) of type string is deprecated
[ error ] [8192]preg_match(): Passing null to parameter #2 ($subject) of type string is deprecated
[ error ] [8192]preg_match(): Passing null to parameter #2 ($subject) of type string is deprecated
---------------------------------------------------------------
[ 2026-03-16T09:31:34+08:00 ] 45.148.10.174 GET punalei.cn/aws.json
[ error ] [8192]preg_match(): Passing null to parameter #2 ($subject) of type string is deprecated
[ error ] [8192]preg_match(): Passing null to parameter #2 ($subject) of type string is deprecated
[ error ] [8192]preg_match(): Passing null to parameter #2 ($subject) of type string is deprecated
[ error ] [8192]preg_match(): Passing null to parameter #2 ($subject) of type string is deprecated
[ error ] [8192]preg_match(): Passing null to parameter #2 ($subject) of type string is deprecated
[ error ] [8192]preg_match(): Passing null to parameter #2 ($subject) of type string is deprecated
---------------------------------------------------------------
[ 2026-03-16T09:31:34+08:00 ] 45.148.10.174 GET punalei.cn/.s3cfg
[ error ] [8192]preg_match(): Passing null to parameter #2 ($subject) of type string is deprecated
[ error ] [8192]preg_match(): Passing null to parameter #2 ($subject) of type string is deprecated
[ error ] [8192]preg_match(): Passing null to parameter #2 ($subject) of type string is deprecated
[ error ] [8192]preg_match(): Passing null to parameter #2 ($subject) of type string is deprecated
[ error ] [8192]preg_match(): Passing null to parameter #2 ($subject) of type string is deprecated
[ error ] [8192]preg_match(): Passing null to parameter #2 ($subject) of type string is deprecated
---------------------------------------------------------------
[ 2026-03-16T09:31:34+08:00 ] 45.148.10.174 GET punalei.cn/.s3cfg
[ error ] [8192]preg_match(): Passing null to parameter #2 ($subject) of type string is deprecated
[ error ] [8192]preg_match(): Passing null to parameter #2 ($subject) of type string is deprecated
[ error ] [8192]preg_match(): Passing null to parameter #2 ($subject) of type string is deprecated
[ error ] [8192]preg_match(): Passing null to parameter #2 ($subject) of type string is deprecated
[ error ] [8192]preg_match(): Passing null to parameter #2 ($subject) of type string is deprecated
[ error ] [8192]preg_match(): Passing null to parameter #2 ($subject) of type string is deprecated
---------------------------------------------------------------
[ 2026-03-16T09:42:09+08:00 ] 40.77.167.132 GET www.punalei.cn/ldcms/chanpinjieshao.html
[ error ] [8192]preg_match(): Passing null to parameter #2 ($subject) of type string is deprecated
[ error ] [8192]preg_match(): Passing null to parameter #2 ($subject) of type string is deprecated
[ error ] [8192]preg_match(): Passing null to parameter #2 ($subject) of type string is deprecated
[ error ] [8192]preg_match(): Passing null to parameter #2 ($subject) of type string is deprecated
[ error ] [8192]preg_match(): Passing null to parameter #2 ($subject) of type string is deprecated
[ error ] [8192]preg_match(): Passing null to parameter #2 ($subject) of type string is deprecated
[ error ] [8192]preg_match(): Passing null to parameter #2 ($subject) of type string is deprecated
[ error ] [8192]preg_match(): Passing null to parameter #2 ($subject) of type string is deprecated
[ error ] [8192]Automatic conversion of false to array is deprecated
---------------------------------------------------------------
[ 2026-03-16T09:46:28+08:00 ] 176.65.149.253 GET 120.24.147.77/config.json
[ error ] [8192]preg_match(): Passing null to parameter #2 ($subject) of type string is deprecated
[ error ] [8192]preg_match(): Passing null to parameter #2 ($subject) of type string is deprecated
[ error ] [8192]preg_match(): Passing null to parameter #2 ($subject) of type string is deprecated
[ error ] [8192]preg_match(): Passing null to parameter #2 ($subject) of type string is deprecated
[ error ] [8192]preg_match(): Passing null to parameter #2 ($subject) of type string is deprecated
[ error ] [8192]preg_match(): Passing null to parameter #2 ($subject) of type string is deprecated
---------------------------------------------------------------
[ 2026-03-16T09:46:29+08:00 ] 176.65.149.253 GET 120.24.147.77/config.json
[ error ] [8192]preg_match(): Passing null to parameter #2 ($subject) of type string is deprecated
[ error ] [8192]preg_match(): Passing null to parameter #2 ($subject) of type string is deprecated
[ error ] [8192]preg_match(): Passing null to parameter #2 ($subject) of type string is deprecated
[ error ] [8192]preg_match(): Passing null to parameter #2 ($subject) of type string is deprecated
[ error ] [8192]preg_match(): Passing null to parameter #2 ($subject) of type string is deprecated
[ error ] [8192]preg_match(): Passing null to parameter #2 ($subject) of type string is deprecated
---------------------------------------------------------------
[ 2026-03-16T09:47:14+08:00 ] 125.122.12.205 GET www.punalei.cn/
[ error ] [8192]preg_match(): Passing null to parameter #2 ($subject) of type string is deprecated
[ error ] [8192]preg_match(): Passing null to parameter #2 ($subject) of type string is deprecated
[ error ] [8192]preg_match(): Passing null to parameter #2 ($subject) of type string is deprecated
[ error ] [8192]preg_match(): Passing null to parameter #2 ($subject) of type string is deprecated
[ error ] [8192]preg_match(): Passing null to parameter #2 ($subject) of type string is deprecated
[ error ] [8192]preg_match(): Passing null to parameter #2 ($subject) of type string is deprecated
[ error ] [8192]preg_match(): Passing null to parameter #2 ($subject) of type string is deprecated
[ error ] [8192]preg_match(): Passing null to parameter #2 ($subject) of type string is deprecated
[ error ] [8192]Automatic conversion of false to array is deprecated
[ error ] [2]Undefined array key "title"
[ error ] [2]Undefined array key "title"
[ error ] [2]Undefined array key "title"
[ error ] [2]Undefined array key "title"
---------------------------------------------------------------
[ 2026-03-16T09:47:15+08:00 ] 125.122.12.205 GET www.punalei.cn/
[ error ] [8192]preg_match(): Passing null to parameter #2 ($subject) of type string is deprecated
[ error ] [8192]preg_match(): Passing null to parameter #2 ($subject) of type string is deprecated
[ error ] [8192]preg_match(): Passing null to parameter #2 ($subject) of type string is deprecated
[ error ] [8192]preg_match(): Passing null to parameter #2 ($subject) of type string is deprecated
[ error ] [8192]preg_match(): Passing null to parameter #2 ($subject) of type string is deprecated
[ error ] [8192]preg_match(): Passing null to parameter #2 ($subject) of type string is deprecated
[ error ] [8192]preg_match(): Passing null to parameter #2 ($subject) of type string is deprecated
[ error ] [8192]preg_match(): Passing null to parameter #2 ($subject) of type string is deprecated
[ error ] [8192]Automatic conversion of false to array is deprecated
[ error ] [2]Undefined array key "title"
[ error ] [2]Undefined array key "title"
[ error ] [2]Undefined array key "title"
[ error ] [2]Undefined array key "title"
---------------------------------------------------------------
[ 2026-03-16T09:49:03+08:00 ] 98.87.188.21 GET www.punalei.cn/
[ error ] [8192]preg_match(): Passing null to parameter #2 ($subject) of type string is deprecated
[ error ] [8192]preg_match(): Passing null to parameter #2 ($subject) of type string is deprecated
[ error ] [8192]preg_match(): Passing null to parameter #2 ($subject) of type string is deprecated
[ error ] [8192]preg_match(): Passing null to parameter #2 ($subject) of type string is deprecated
[ error ] [8192]preg_match(): Passing null to parameter #2 ($subject) of type string is deprecated
[ error ] [8192]preg_match(): Passing null to parameter #2 ($subject) of type string is deprecated
[ error ] [8192]preg_match(): Passing null to parameter #2 ($subject) of type string is deprecated
[ error ] [8192]preg_match(): Passing null to parameter #2 ($subject) of type string is deprecated
[ error ] [8192]Automatic conversion of false to array is deprecated
[ error ] [2]Undefined array key "title"
[ error ] [2]Undefined array key "title"
[ error ] [2]Undefined array key "title"
[ error ] [2]Undefined array key "title"
---------------------------------------------------------------
[ 2026-03-16T09:49:30+08:00 ] 164.52.24.178 GET 120.24.147.77/
[ error ] [8192]preg_match(): Passing null to parameter #2 ($subject) of type string is deprecated
[ error ] [8192]preg_match(): Passing null to parameter #2 ($subject) of type string is deprecated
[ error ] [8192]preg_match(): Passing null to parameter #2 ($subject) of type string is deprecated
[ error ] [8192]preg_match(): Passing null to parameter #2 ($subject) of type string is deprecated
[ error ] [8192]preg_match(): Passing null to parameter #2 ($subject) of type string is deprecated
[ error ] [8192]preg_match(): Passing null to parameter #2 ($subject) of type string is deprecated
[ error ] [8192]preg_match(): Passing null to parameter #2 ($subject) of type string is deprecated
[ error ] [8192]preg_match(): Passing null to parameter #2 ($subject) of type string is deprecated
[ error ] [8192]Automatic conversion of false to array is deprecated
[ error ] [2]Undefined array key "title"
[ error ] [2]Undefined array key "title"
[ error ] [2]Undefined array key "title"
[ error ] [2]Undefined array key "title"
---------------------------------------------------------------
[ 2026-03-16T09:50:20+08:00 ] 164.52.24.178 GET 120.24.147.77/favicon.ico
[ error ] [8192]preg_match(): Passing null to parameter #2 ($subject) of type string is deprecated
[ error ] [8192]preg_match(): Passing null to parameter #2 ($subject) of type string is deprecated
[ error ] [8192]preg_match(): Passing null to parameter #2 ($subject) of type string is deprecated
[ error ] [8192]preg_match(): Passing null to parameter #2 ($subject) of type string is deprecated
[ error ] [8192]preg_match(): Passing null to parameter #2 ($subject) of type string is deprecated
[ error ] [8192]preg_match(): Passing null to parameter #2 ($subject) of type string is deprecated
---------------------------------------------------------------
[ 2026-03-16T09:50:20+08:00 ] 164.52.24.178 GET 120.24.147.77/favicon.ico
[ error ] [8192]preg_match(): Passing null to parameter #2 ($subject) of type string is deprecated
[ error ] [8192]preg_match(): Passing null to parameter #2 ($subject) of type string is deprecated
[ error ] [8192]preg_match(): Passing null to parameter #2 ($subject) of type string is deprecated
[ error ] [8192]preg_match(): Passing null to parameter #2 ($subject) of type string is deprecated
[ error ] [8192]preg_match(): Passing null to parameter #2 ($subject) of type string is deprecated
[ error ] [8192]preg_match(): Passing null to parameter #2 ($subject) of type string is deprecated
---------------------------------------------------------------
[ 2026-03-16T09:51:44+08:00 ] 167.250.224.25 GET 120.24.147.77/admin/config.php
[ error ] [8192]preg_match(): Passing null to parameter #2 ($subject) of type string is deprecated
[ error ] [8192]preg_match(): Passing null to parameter #2 ($subject) of type string is deprecated
[ error ] [8192]preg_match(): Passing null to parameter #2 ($subject) of type string is deprecated
[ error ] [8192]preg_match(): Passing null to parameter #2 ($subject) of type string is deprecated
[ error ] [8192]preg_match(): Passing null to parameter #2 ($subject) of type string is deprecated
[ error ] [8192]preg_match(): Passing null to parameter #2 ($subject) of type string is deprecated
---------------------------------------------------------------
[ 2026-03-16T09:59:32+08:00 ] 149.86.227.60 GET 120.24.147.77/
[ error ] [8192]preg_match(): Passing null to parameter #2 ($subject) of type string is deprecated
[ error ] [8192]preg_match(): Passing null to parameter #2 ($subject) of type string is deprecated
[ error ] [8192]preg_match(): Passing null to parameter #2 ($subject) of type string is deprecated
[ error ] [8192]preg_match(): Passing null to parameter #2 ($subject) of type string is deprecated
[ error ] [8192]preg_match(): Passing null to parameter #2 ($subject) of type string is deprecated
[ error ] [8192]preg_match(): Passing null to parameter #2 ($subject) of type string is deprecated
[ error ] [8192]preg_match(): Passing null to parameter #2 ($subject) of type string is deprecated
[ error ] [8192]preg_match(): Passing null to parameter #2 ($subject) of type string is deprecated
[ error ] [8192]Automatic conversion of false to array is deprecated
[ error ] [2]Undefined array key "title"
[ error ] [2]Undefined array key "title"
[ error ] [2]Undefined array key "title"
[ error ] [2]Undefined array key "title"
---------------------------------------------------------------
[ 2026-03-16T10:17:08+08:00 ] 71.6.232.30 GET 120.24.147.77/
[ error ] [8192]preg_match(): Passing null to parameter #2 ($subject) of type string is deprecated
[ error ] [8192]preg_match(): Passing null to parameter #2 ($subject) of type string is deprecated
[ error ] [8192]preg_match(): Passing null to parameter #2 ($subject) of type string is deprecated
[ error ] [8192]preg_match(): Passing null to parameter #2 ($subject) of type string is deprecated
[ error ] [8192]preg_match(): Passing null to parameter #2 ($subject) of type string is deprecated
[ error ] [8192]preg_match(): Passing null to parameter #2 ($subject) of type string is deprecated
[ error ] [8192]preg_match(): Passing null to parameter #2 ($subject) of type string is deprecated
[ error ] [8192]preg_match(): Passing null to parameter #2 ($subject) of type string is deprecated
[ error ] [8192]Automatic conversion of false to array is deprecated
[ error ] [2]Undefined array key "title"
[ error ] [2]Undefined array key "title"
[ error ] [2]Undefined array key "title"
[ error ] [2]Undefined array key "title"
---------------------------------------------------------------
[ 2026-03-16T10:20:13+08:00 ] 113.215.188.89 GET punalei.cn/
[ error ] [8192]preg_match(): Passing null to parameter #2 ($subject) of type string is deprecated
[ error ] [8192]preg_match(): Passing null to parameter #2 ($subject) of type string is deprecated
[ error ] [8192]preg_match(): Passing null to parameter #2 ($subject) of type string is deprecated
[ error ] [8192]preg_match(): Passing null to parameter #2 ($subject) of type string is deprecated
[ error ] [8192]preg_match(): Passing null to parameter #2 ($subject) of type string is deprecated
[ error ] [8192]preg_match(): Passing null to parameter #2 ($subject) of type string is deprecated
[ error ] [8192]preg_match(): Passing null to parameter #2 ($subject) of type string is deprecated
[ error ] [8192]preg_match(): Passing null to parameter #2 ($subject) of type string is deprecated
[ error ] [8192]Automatic conversion of false to array is deprecated
[ error ] [2]Undefined array key "title"
[ error ] [2]Undefined array key "title"
[ error ] [2]Undefined array key "title"
[ error ] [2]Undefined array key "title"
---------------------------------------------------------------
[ 2026-03-16T10:20:13+08:00 ] 113.215.188.89 GET punalei.cn/
[ error ] [2]Undefined array key "title"
[ error ] [2]Undefined array key "title"
[ error ] [2]Undefined array key "title"
[ error ] [2]Undefined array key "title"
---------------------------------------------------------------
[ 2026-03-16T10:22:20+08:00 ] 27.21.28.16 GET www.punalei.cn/
[ error ] [8192]preg_match(): Passing null to parameter #2 ($subject) of type string is deprecated
[ error ] [8192]preg_match(): Passing null to parameter #2 ($subject) of type string is deprecated
[ error ] [8192]preg_match(): Passing null to parameter #2 ($subject) of type string is deprecated
[ error ] [8192]preg_match(): Passing null to parameter #2 ($subject) of type string is deprecated
[ error ] [8192]preg_match(): Passing null to parameter #2 ($subject) of type string is deprecated
[ error ] [8192]preg_match(): Passing null to parameter #2 ($subject) of type string is deprecated
[ error ] [8192]preg_match(): Passing null to parameter #2 ($subject) of type string is deprecated
[ error ] [8192]preg_match(): Passing null to parameter #2 ($subject) of type string is deprecated
[ error ] [8192]Automatic conversion of false to array is deprecated
[ error ] [2]Undefined array key "title"
[ error ] [2]Undefined array key "title"
[ error ] [2]Undefined array key "title"
[ error ] [2]Undefined array key "title"
---------------------------------------------------------------
[ 2026-03-16T10:22:21+08:00 ] 27.21.28.16 GET www.punalei.cn/ldcms/lianxiwomen.html
[ error ] [8192]preg_match(): Passing null to parameter #2 ($subject) of type string is deprecated
[ error ] [8192]preg_match(): Passing null to parameter #2 ($subject) of type string is deprecated
[ error ] [8192]preg_match(): Passing null to parameter #2 ($subject) of type string is deprecated
[ error ] [8192]preg_match(): Passing null to parameter #2 ($subject) of type string is deprecated
[ error ] [8192]preg_match(): Passing null to parameter #2 ($subject) of type string is deprecated
[ error ] [8192]preg_match(): Passing null to parameter #2 ($subject) of type string is deprecated
[ error ] [8192]preg_match(): Passing null to parameter #2 ($subject) of type string is deprecated
[ error ] [8192]preg_match(): Passing null to parameter #2 ($subject) of type string is deprecated
[ error ] [8192]Automatic conversion of false to array is deprecated
---------------------------------------------------------------
[ 2026-03-16T10:22:21+08:00 ] 27.21.28.16 GET www.punalei.cn/lianxiwomen.html
[ error ] [8192]preg_match(): Passing null to parameter #2 ($subject) of type string is deprecated
[ error ] [8192]preg_match(): Passing null to parameter #2 ($subject) of type string is deprecated
[ error ] [8192]preg_match(): Passing null to parameter #2 ($subject) of type string is deprecated
[ error ] [8192]preg_match(): Passing null to parameter #2 ($subject) of type string is deprecated
[ error ] [8192]preg_match(): Passing null to parameter #2 ($subject) of type string is deprecated
[ error ] [8192]preg_match(): Passing null to parameter #2 ($subject) of type string is deprecated
---------------------------------------------------------------
[ 2026-03-16T10:22:21+08:00 ] 27.21.28.16 GET www.punalei.cn/lianxiwomen.html
[ error ] [8192]preg_match(): Passing null to parameter #2 ($subject) of type string is deprecated
[ error ] [8192]preg_match(): Passing null to parameter #2 ($subject) of type string is deprecated
[ error ] [8192]preg_match(): Passing null to parameter #2 ($subject) of type string is deprecated
[ error ] [8192]preg_match(): Passing null to parameter #2 ($subject) of type string is deprecated
[ error ] [8192]preg_match(): Passing null to parameter #2 ($subject) of type string is deprecated
[ error ] [8192]preg_match(): Passing null to parameter #2 ($subject) of type string is deprecated
---------------------------------------------------------------
[ 2026-03-16T10:25:39+08:00 ] 171.214.45.4 GET 120.24.147.77/
[ error ] [8192]preg_match(): Passing null to parameter #2 ($subject) of type string is deprecated
[ error ] [8192]preg_match(): Passing null to parameter #2 ($subject) of type string is deprecated
[ error ] [8192]preg_match(): Passing null to parameter #2 ($subject) of type string is deprecated
[ error ] [8192]preg_match(): Passing null to parameter #2 ($subject) of type string is deprecated
[ error ] [8192]preg_match(): Passing null to parameter #2 ($subject) of type string is deprecated
[ error ] [8192]preg_match(): Passing null to parameter #2 ($subject) of type string is deprecated
[ error ] [8192]preg_match(): Passing null to parameter #2 ($subject) of type string is deprecated
[ error ] [8192]preg_match(): Passing null to parameter #2 ($subject) of type string is deprecated
[ error ] [8192]Automatic conversion of false to array is deprecated
[ error ] [2]Undefined array key "title"
[ error ] [2]Undefined array key "title"
[ error ] [2]Undefined array key "title"
[ error ] [2]Undefined array key "title"
---------------------------------------------------------------
[ 2026-03-16T10:26:00+08:00 ] 171.214.45.4 GET 120.24.147.77/nmaplowercheck1773627960
[ error ] [8192]preg_match(): Passing null to parameter #2 ($subject) of type string is deprecated
[ error ] [8192]preg_match(): Passing null to parameter #2 ($subject) of type string is deprecated
[ error ] [8192]preg_match(): Passing null to parameter #2 ($subject) of type string is deprecated
[ error ] [8192]preg_match(): Passing null to parameter #2 ($subject) of type string is deprecated
[ error ] [8192]preg_match(): Passing null to parameter #2 ($subject) of type string is deprecated
[ error ] [8192]preg_match(): Passing null to parameter #2 ($subject) of type string is deprecated
---------------------------------------------------------------
[ 2026-03-16T10:26:00+08:00 ] 171.214.45.4 POST 120.24.147.77/sdk
[ error ] [8192]preg_match(): Passing null to parameter #2 ($subject) of type string is deprecated
[ error ] [8192]preg_match(): Passing null to parameter #2 ($subject) of type string is deprecated
[ error ] [8192]preg_match(): Passing null to parameter #2 ($subject) of type string is deprecated
[ error ] [8192]preg_match(): Passing null to parameter #2 ($subject) of type string is deprecated
[ error ] [8192]preg_match(): Passing null to parameter #2 ($subject) of type string is deprecated
[ error ] [8192]preg_match(): Passing null to parameter #2 ($subject) of type string is deprecated
---------------------------------------------------------------
[ 2026-03-16T10:26:00+08:00 ] 171.214.45.4 GET 120.24.147.77/sdk
[ error ] [8192]preg_match(): Passing null to parameter #2 ($subject) of type string is deprecated
[ error ] [8192]preg_match(): Passing null to parameter #2 ($subject) of type string is deprecated
[ error ] [8192]preg_match(): Passing null to parameter #2 ($subject) of type string is deprecated
[ error ] [8192]preg_match(): Passing null to parameter #2 ($subject) of type string is deprecated
[ error ] [8192]preg_match(): Passing null to parameter #2 ($subject) of type string is deprecated
[ error ] [8192]preg_match(): Passing null to parameter #2 ($subject) of type string is deprecated
---------------------------------------------------------------
[ 2026-03-16T10:26:00+08:00 ] 171.214.45.4 GET 120.24.147.77/nmaplowercheck1773627960
[ error ] [8192]preg_match(): Passing null to parameter #2 ($subject) of type string is deprecated
[ error ] [8192]preg_match(): Passing null to parameter #2 ($subject) of type string is deprecated
[ error ] [8192]preg_match(): Passing null to parameter #2 ($subject) of type string is deprecated
[ error ] [8192]preg_match(): Passing null to parameter #2 ($subject) of type string is deprecated
[ error ] [8192]preg_match(): Passing null to parameter #2 ($subject) of type string is deprecated
[ error ] [8192]preg_match(): Passing null to parameter #2 ($subject) of type string is deprecated
---------------------------------------------------------------
[ 2026-03-16T10:26:00+08:00 ] 171.214.45.4 POST 120.24.147.77/sdk
[ error ] [8192]preg_match(): Passing null to parameter #2 ($subject) of type string is deprecated
[ error ] [8192]preg_match(): Passing null to parameter #2 ($subject) of type string is deprecated
[ error ] [8192]preg_match(): Passing null to parameter #2 ($subject) of type string is deprecated
[ error ] [8192]preg_match(): Passing null to parameter #2 ($subject) of type string is deprecated
[ error ] [8192]preg_match(): Passing null to parameter #2 ($subject) of type string is deprecated
[ error ] [8192]preg_match(): Passing null to parameter #2 ($subject) of type string is deprecated
---------------------------------------------------------------
[ 2026-03-16T10:26:00+08:00 ] 171.214.45.4 GET 120.24.147.77/nmaplowercheck1773627960
[ error ] [8192]preg_match(): Passing null to parameter #2 ($subject) of type string is deprecated
[ error ] [8192]preg_match(): Passing null to parameter #2 ($subject) of type string is deprecated
[ error ] [8192]preg_match(): Passing null to parameter #2 ($subject) of type string is deprecated
[ error ] [8192]preg_match(): Passing null to parameter #2 ($subject) of type string is deprecated
[ error ] [8192]preg_match(): Passing null to parameter #2 ($subject) of type string is deprecated
[ error ] [8192]preg_match(): Passing null to parameter #2 ($subject) of type string is deprecated
---------------------------------------------------------------
[ 2026-03-16T10:26:00+08:00 ] 171.214.45.4 GET 120.24.147.77/nmaplowercheck1773627960
[ error ] [8192]preg_match(): Passing null to parameter #2 ($subject) of type string is deprecated
[ error ] [8192]preg_match(): Passing null to parameter #2 ($subject) of type string is deprecated
[ error ] [8192]preg_match(): Passing null to parameter #2 ($subject) of type string is deprecated
[ error ] [8192]preg_match(): Passing null to parameter #2 ($subject) of type string is deprecated
[ error ] [8192]preg_match(): Passing null to parameter #2 ($subject) of type string is deprecated
[ error ] [8192]preg_match(): Passing null to parameter #2 ($subject) of type string is deprecated
---------------------------------------------------------------
[ 2026-03-16T10:26:00+08:00 ] 171.214.45.4 GET 120.24.147.77/sdk
[ error ] [8192]preg_match(): Passing null to parameter #2 ($subject) of type string is deprecated
[ error ] [8192]preg_match(): Passing null to parameter #2 ($subject) of type string is deprecated
[ error ] [8192]preg_match(): Passing null to parameter #2 ($subject) of type string is deprecated
[ error ] [8192]preg_match(): Passing null to parameter #2 ($subject) of type string is deprecated
[ error ] [8192]preg_match(): Passing null to parameter #2 ($subject) of type string is deprecated
[ error ] [8192]preg_match(): Passing null to parameter #2 ($subject) of type string is deprecated
---------------------------------------------------------------
[ 2026-03-16T10:26:00+08:00 ] 171.214.45.4 HEAD 120.24.147.77/
[ error ] [8192]preg_match(): Passing null to parameter #2 ($subject) of type string is deprecated
[ error ] [8192]preg_match(): Passing null to parameter #2 ($subject) of type string is deprecated
[ error ] [8192]preg_match(): Passing null to parameter #2 ($subject) of type string is deprecated
[ error ] [8192]preg_match(): Passing null to parameter #2 ($subject) of type string is deprecated
[ error ] [8192]preg_match(): Passing null to parameter #2 ($subject) of type string is deprecated
[ error ] [8192]preg_match(): Passing null to parameter #2 ($subject) of type string is deprecated
[ error ] [8192]preg_match(): Passing null to parameter #2 ($subject) of type string is deprecated
[ error ] [8192]preg_match(): Passing null to parameter #2 ($subject) of type string is deprecated
[ error ] [8192]Automatic conversion of false to array is deprecated
[ error ] [2]Undefined array key "title"
[ error ] [2]Undefined array key "title"
[ error ] [2]Undefined array key "title"
[ error ] [2]Undefined array key "title"
---------------------------------------------------------------
[ 2026-03-16T10:26:00+08:00 ] 171.214.45.4 GET 120.24.147.77/evox/about
[ error ] [8192]preg_match(): Passing null to parameter #2 ($subject) of type string is deprecated
[ error ] [8192]preg_match(): Passing null to parameter #2 ($subject) of type string is deprecated
[ error ] [8192]preg_match(): Passing null to parameter #2 ($subject) of type string is deprecated
[ error ] [8192]preg_match(): Passing null to parameter #2 ($subject) of type string is deprecated
[ error ] [8192]preg_match(): Passing null to parameter #2 ($subject) of type string is deprecated
[ error ] [8192]preg_match(): Passing null to parameter #2 ($subject) of type string is deprecated
---------------------------------------------------------------
[ 2026-03-16T10:26:00+08:00 ] 171.214.45.4 HEAD 120.24.147.77/
[ error ] [8192]preg_match(): Passing null to parameter #2 ($subject) of type string is deprecated
[ error ] [8192]preg_match(): Passing null to parameter #2 ($subject) of type string is deprecated
[ error ] [8192]preg_match(): Passing null to parameter #2 ($subject) of type string is deprecated
[ error ] [8192]preg_match(): Passing null to parameter #2 ($subject) of type string is deprecated
[ error ] [8192]preg_match(): Passing null to parameter #2 ($subject) of type string is deprecated
[ error ] [8192]preg_match(): Passing null to parameter #2 ($subject) of type string is deprecated
[ error ] [8192]preg_match(): Passing null to parameter #2 ($subject) of type string is deprecated
[ error ] [8192]preg_match(): Passing null to parameter #2 ($subject) of type string is deprecated
[ error ] [2]Undefined array key "title"
[ error ] [2]Undefined array key "title"
[ error ] [2]Undefined array key "title"
[ error ] [2]Undefined array key "title"
---------------------------------------------------------------
[ 2026-03-16T10:26:00+08:00 ] 171.214.45.4 GET 120.24.147.77/HNAP1
[ error ] [8192]preg_match(): Passing null to parameter #2 ($subject) of type string is deprecated
[ error ] [8192]preg_match(): Passing null to parameter #2 ($subject) of type string is deprecated
[ error ] [8192]preg_match(): Passing null to parameter #2 ($subject) of type string is deprecated
[ error ] [8192]preg_match(): Passing null to parameter #2 ($subject) of type string is deprecated
[ error ] [8192]preg_match(): Passing null to parameter #2 ($subject) of type string is deprecated
[ error ] [8192]preg_match(): Passing null to parameter #2 ($subject) of type string is deprecated
---------------------------------------------------------------
[ 2026-03-16T10:26:00+08:00 ] 171.214.45.4 GET 120.24.147.77/evox/about
[ error ] [8192]preg_match(): Passing null to parameter #2 ($subject) of type string is deprecated
[ error ] [8192]preg_match(): Passing null to parameter #2 ($subject) of type string is deprecated
[ error ] [8192]preg_match(): Passing null to parameter #2 ($subject) of type string is deprecated
[ error ] [8192]preg_match(): Passing null to parameter #2 ($subject) of type string is deprecated
[ error ] [8192]preg_match(): Passing null to parameter #2 ($subject) of type string is deprecated
[ error ] [8192]preg_match(): Passing null to parameter #2 ($subject) of type string is deprecated
---------------------------------------------------------------
[ 2026-03-16T10:26:00+08:00 ] 171.214.45.4 GET 120.24.147.77/HNAP1
[ error ] [8192]preg_match(): Passing null to parameter #2 ($subject) of type string is deprecated
[ error ] [8192]preg_match(): Passing null to parameter #2 ($subject) of type string is deprecated
[ error ] [8192]preg_match(): Passing null to parameter #2 ($subject) of type string is deprecated
[ error ] [8192]preg_match(): Passing null to parameter #2 ($subject) of type string is deprecated
[ error ] [8192]preg_match(): Passing null to parameter #2 ($subject) of type string is deprecated
[ error ] [8192]preg_match(): Passing null to parameter #2 ($subject) of type string is deprecated
---------------------------------------------------------------
[ 2026-03-16T10:26:00+08:00 ] 171.214.45.4 GET 120.24.147.77/HNAP1
[ error ] [8192]preg_match(): Passing null to parameter #2 ($subject) of type string is deprecated
[ error ] [8192]preg_match(): Passing null to parameter #2 ($subject) of type string is deprecated
[ error ] [8192]preg_match(): Passing null to parameter #2 ($subject) of type string is deprecated
[ error ] [8192]preg_match(): Passing null to parameter #2 ($subject) of type string is deprecated
[ error ] [8192]preg_match(): Passing null to parameter #2 ($subject) of type string is deprecated
[ error ] [8192]preg_match(): Passing null to parameter #2 ($subject) of type string is deprecated
---------------------------------------------------------------
[ 2026-03-16T10:26:00+08:00 ] 171.214.45.4 GET 120.24.147.77/HNAP1
[ error ] [8192]preg_match(): Passing null to parameter #2 ($subject) of type string is deprecated
[ error ] [8192]preg_match(): Passing null to parameter #2 ($subject) of type string is deprecated
[ error ] [8192]preg_match(): Passing null to parameter #2 ($subject) of type string is deprecated
[ error ] [8192]preg_match(): Passing null to parameter #2 ($subject) of type string is deprecated
[ error ] [8192]preg_match(): Passing null to parameter #2 ($subject) of type string is deprecated
[ error ] [8192]preg_match(): Passing null to parameter #2 ($subject) of type string is deprecated
---------------------------------------------------------------
[ 2026-03-16T10:26:00+08:00 ] 171.214.45.4 GET 120.24.147.77/evox/about
[ error ] [8192]preg_match(): Passing null to parameter #2 ($subject) of type string is deprecated
[ error ] [8192]preg_match(): Passing null to parameter #2 ($subject) of type string is deprecated
[ error ] [8192]preg_match(): Passing null to parameter #2 ($subject) of type string is deprecated
[ error ] [8192]preg_match(): Passing null to parameter #2 ($subject) of type string is deprecated
[ error ] [8192]preg_match(): Passing null to parameter #2 ($subject) of type string is deprecated
[ error ] [8192]preg_match(): Passing null to parameter #2 ($subject) of type string is deprecated
---------------------------------------------------------------
[ 2026-03-16T10:26:00+08:00 ] 171.214.45.4 GET 120.24.147.77/evox/about
[ error ] [8192]preg_match(): Passing null to parameter #2 ($subject) of type string is deprecated
[ error ] [8192]preg_match(): Passing null to parameter #2 ($subject) of type string is deprecated
[ error ] [8192]preg_match(): Passing null to parameter #2 ($subject) of type string is deprecated
[ error ] [8192]preg_match(): Passing null to parameter #2 ($subject) of type string is deprecated
[ error ] [8192]preg_match(): Passing null to parameter #2 ($subject) of type string is deprecated
[ error ] [8192]preg_match(): Passing null to parameter #2 ($subject) of type string is deprecated
---------------------------------------------------------------
[ 2026-03-16T10:26:13+08:00 ] 52.167.144.203 GET www.punalei.cn/ldcms/ceshi/324.html
[ error ] [8192]preg_match(): Passing null to parameter #2 ($subject) of type string is deprecated
[ error ] [8192]preg_match(): Passing null to parameter #2 ($subject) of type string is deprecated
[ error ] [8192]preg_match(): Passing null to parameter #2 ($subject) of type string is deprecated
[ error ] [8192]preg_match(): Passing null to parameter #2 ($subject) of type string is deprecated
[ error ] [8192]preg_match(): Passing null to parameter #2 ($subject) of type string is deprecated
[ error ] [8192]preg_match(): Passing null to parameter #2 ($subject) of type string is deprecated
[ error ] [8192]preg_match(): Passing null to parameter #2 ($subject) of type string is deprecated
[ error ] [8192]preg_match(): Passing null to parameter #2 ($subject) of type string is deprecated
[ error ] [8192]Automatic conversion of false to array is deprecated
---------------------------------------------------------------
[ 2026-03-16T10:26:20+08:00 ] 171.214.45.4 GET 120.24.147.77/
[ error ] [8192]preg_match(): Passing null to parameter #2 ($subject) of type string is deprecated
[ error ] [8192]preg_match(): Passing null to parameter #2 ($subject) of type string is deprecated
[ error ] [8192]preg_match(): Passing null to parameter #2 ($subject) of type string is deprecated
[ error ] [8192]preg_match(): Passing null to parameter #2 ($subject) of type string is deprecated
[ error ] [8192]preg_match(): Passing null to parameter #2 ($subject) of type string is deprecated
[ error ] [8192]preg_match(): Passing null to parameter #2 ($subject) of type string is deprecated
[ error ] [8192]preg_match(): Passing null to parameter #2 ($subject) of type string is deprecated
[ error ] [8192]preg_match(): Passing null to parameter #2 ($subject) of type string is deprecated
[ error ] [8192]Automatic conversion of false to array is deprecated
[ error ] [2]file_get_contents(/www/wwwroot/punalei/runtime/cache/bb/4d2c7c184a0a1ab2d29f7029af4079.php): Failed to open stream: No such file or directory
[ error ] [8192]Automatic conversion of false to array is deprecated
[ error ] [2]Undefined array key "title"
[ error ] [2]Undefined array key "title"
[ error ] [2]Undefined array key "title"
[ error ] [2]Undefined array key "title"
---------------------------------------------------------------
[ 2026-03-16T10:26:20+08:00 ] 171.214.45.4 GET 120.24.147.77/
[ error ] [8192]preg_match(): Passing null to parameter #2 ($subject) of type string is deprecated
[ error ] [8192]preg_match(): Passing null to parameter #2 ($subject) of type string is deprecated
[ error ] [8192]preg_match(): Passing null to parameter #2 ($subject) of type string is deprecated
[ error ] [8192]preg_match(): Passing null to parameter #2 ($subject) of type string is deprecated
[ error ] [8192]preg_match(): Passing null to parameter #2 ($subject) of type string is deprecated
[ error ] [8192]preg_match(): Passing null to parameter #2 ($subject) of type string is deprecated
[ error ] [8192]preg_match(): Passing null to parameter #2 ($subject) of type string is deprecated
[ error ] [8192]preg_match(): Passing null to parameter #2 ($subject) of type string is deprecated
[ error ] [2]Undefined array key "title"
[ error ] [2]Undefined array key "title"
[ error ] [2]Undefined array key "title"
[ error ] [2]Undefined array key "title"
---------------------------------------------------------------
[ 2026-03-16T10:26:21+08:00 ] 171.214.45.4 GET 120.24.147.77/
[ error ] [8192]preg_match(): Passing null to parameter #2 ($subject) of type string is deprecated
[ error ] [8192]preg_match(): Passing null to parameter #2 ($subject) of type string is deprecated
[ error ] [8192]preg_match(): Passing null to parameter #2 ($subject) of type string is deprecated
[ error ] [8192]preg_match(): Passing null to parameter #2 ($subject) of type string is deprecated
[ error ] [8192]preg_match(): Passing null to parameter #2 ($subject) of type string is deprecated
[ error ] [8192]preg_match(): Passing null to parameter #2 ($subject) of type string is deprecated
[ error ] [8192]preg_match(): Passing null to parameter #2 ($subject) of type string is deprecated
[ error ] [8192]preg_match(): Passing null to parameter #2 ($subject) of type string is deprecated
[ error ] [8192]Automatic conversion of false to array is deprecated
[ error ] [2]Undefined array key "title"
[ error ] [2]Undefined array key "title"
[ error ] [2]Undefined array key "title"
[ error ] [2]Undefined array key "title"
---------------------------------------------------------------
[ 2026-03-16T10:36:22+08:00 ] 205.210.31.142 GET 120.24.147.77/
[ error ] [8192]preg_match(): Passing null to parameter #2 ($subject) of type string is deprecated
[ error ] [8192]preg_match(): Passing null to parameter #2 ($subject) of type string is deprecated
[ error ] [8192]preg_match(): Passing null to parameter #2 ($subject) of type string is deprecated
[ error ] [8192]preg_match(): Passing null to parameter #2 ($subject) of type string is deprecated
[ error ] [8192]preg_match(): Passing null to parameter #2 ($subject) of type string is deprecated
[ error ] [8192]preg_match(): Passing null to parameter #2 ($subject) of type string is deprecated
[ error ] [8192]preg_match(): Passing null to parameter #2 ($subject) of type string is deprecated
[ error ] [8192]preg_match(): Passing null to parameter #2 ($subject) of type string is deprecated
[ error ] [8192]Automatic conversion of false to array is deprecated
[ error ] [2]Undefined array key "title"
[ error ] [2]Undefined array key "title"
[ error ] [2]Undefined array key "title"
[ error ] [2]Undefined array key "title"
---------------------------------------------------------------
[ 2026-03-16T10:39:03+08:00 ] 205.169.39.173 GET punalei.cn/
[ error ] [8192]preg_match(): Passing null to parameter #2 ($subject) of type string is deprecated
[ error ] [8192]preg_match(): Passing null to parameter #2 ($subject) of type string is deprecated
[ error ] [8192]preg_match(): Passing null to parameter #2 ($subject) of type string is deprecated
[ error ] [8192]preg_match(): Passing null to parameter #2 ($subject) of type string is deprecated
[ error ] [8192]preg_match(): Passing null to parameter #2 ($subject) of type string is deprecated
[ error ] [8192]preg_match(): Passing null to parameter #2 ($subject) of type string is deprecated
[ error ] [8192]preg_match(): Passing null to parameter #2 ($subject) of type string is deprecated
[ error ] [8192]preg_match(): Passing null to parameter #2 ($subject) of type string is deprecated
[ error ] [8192]Automatic conversion of false to array is deprecated
[ error ] [2]Undefined array key "title"
[ error ] [2]Undefined array key "title"
[ error ] [2]Undefined array key "title"
[ error ] [2]Undefined array key "title"
---------------------------------------------------------------
[ 2026-03-16T10:39:56+08:00 ] 205.169.39.173 GET punalei.cn/
[ error ] [8192]preg_match(): Passing null to parameter #2 ($subject) of type string is deprecated
[ error ] [8192]preg_match(): Passing null to parameter #2 ($subject) of type string is deprecated
[ error ] [8192]preg_match(): Passing null to parameter #2 ($subject) of type string is deprecated
[ error ] [8192]preg_match(): Passing null to parameter #2 ($subject) of type string is deprecated
[ error ] [8192]preg_match(): Passing null to parameter #2 ($subject) of type string is deprecated
[ error ] [8192]preg_match(): Passing null to parameter #2 ($subject) of type string is deprecated
[ error ] [8192]preg_match(): Passing null to parameter #2 ($subject) of type string is deprecated
[ error ] [8192]preg_match(): Passing null to parameter #2 ($subject) of type string is deprecated
[ error ] [8192]Automatic conversion of false to array is deprecated
[ error ] [2]Undefined array key "title"
[ error ] [2]Undefined array key "title"
[ error ] [2]Undefined array key "title"
[ error ] [2]Undefined array key "title"
---------------------------------------------------------------
[ 2026-03-16T10:43:40+08:00 ] 204.76.203.18 GET 120.24.147.77/backup/
[ error ] [8192]preg_match(): Passing null to parameter #2 ($subject) of type string is deprecated
[ error ] [8192]preg_match(): Passing null to parameter #2 ($subject) of type string is deprecated
[ error ] [8192]preg_match(): Passing null to parameter #2 ($subject) of type string is deprecated
[ error ] [8192]preg_match(): Passing null to parameter #2 ($subject) of type string is deprecated
[ error ] [8192]preg_match(): Passing null to parameter #2 ($subject) of type string is deprecated
[ error ] [8192]preg_match(): Passing null to parameter #2 ($subject) of type string is deprecated
---------------------------------------------------------------
[ 2026-03-16T10:43:40+08:00 ] 204.76.203.18 GET 120.24.147.77/backup/
[ error ] [8192]preg_match(): Passing null to parameter #2 ($subject) of type string is deprecated
[ error ] [8192]preg_match(): Passing null to parameter #2 ($subject) of type string is deprecated
[ error ] [8192]preg_match(): Passing null to parameter #2 ($subject) of type string is deprecated
[ error ] [8192]preg_match(): Passing null to parameter #2 ($subject) of type string is deprecated
[ error ] [8192]preg_match(): Passing null to parameter #2 ($subject) of type string is deprecated
[ error ] [8192]preg_match(): Passing null to parameter #2 ($subject) of type string is deprecated
---------------------------------------------------------------
[ 2026-03-16T10:53:18+08:00 ] 113.215.189.69 GET punalei.cn/
[ error ] [8192]preg_match(): Passing null to parameter #2 ($subject) of type string is deprecated
[ error ] [8192]preg_match(): Passing null to parameter #2 ($subject) of type string is deprecated
[ error ] [8192]preg_match(): Passing null to parameter #2 ($subject) of type string is deprecated
[ error ] [8192]preg_match(): Passing null to parameter #2 ($subject) of type string is deprecated
[ error ] [8192]preg_match(): Passing null to parameter #2 ($subject) of type string is deprecated
[ error ] [8192]preg_match(): Passing null to parameter #2 ($subject) of type string is deprecated
[ error ] [8192]preg_match(): Passing null to parameter #2 ($subject) of type string is deprecated
[ error ] [8192]preg_match(): Passing null to parameter #2 ($subject) of type string is deprecated
[ error ] [8192]Automatic conversion of false to array is deprecated
[ error ] [2]Undefined array key "title"
[ error ] [2]Undefined array key "title"
[ error ] [2]Undefined array key "title"
[ error ] [2]Undefined array key "title"
---------------------------------------------------------------
[ 2026-03-16T10:58:15+08:00 ] 176.65.149.235 GET 120.24.147.77/
[ error ] [8192]preg_match(): Passing null to parameter #2 ($subject) of type string is deprecated
[ error ] [8192]preg_match(): Passing null to parameter #2 ($subject) of type string is deprecated
[ error ] [8192]preg_match(): Passing null to parameter #2 ($subject) of type string is deprecated
[ error ] [8192]preg_match(): Passing null to parameter #2 ($subject) of type string is deprecated
[ error ] [8192]preg_match(): Passing null to parameter #2 ($subject) of type string is deprecated
[ error ] [8192]preg_match(): Passing null to parameter #2 ($subject) of type string is deprecated
[ error ] [8192]preg_match(): Passing null to parameter #2 ($subject) of type string is deprecated
[ error ] [8192]preg_match(): Passing null to parameter #2 ($subject) of type string is deprecated
[ error ] [8192]Automatic conversion of false to array is deprecated
[ error ] [2]Undefined array key "title"
[ error ] [2]Undefined array key "title"
[ error ] [2]Undefined array key "title"
[ error ] [2]Undefined array key "title"
---------------------------------------------------------------
[ 2026-03-16T11:11:36+08:00 ] 147.185.133.157 GET 120.24.147.77/
[ error ] [8192]preg_match(): Passing null to parameter #2 ($subject) of type string is deprecated
[ error ] [8192]preg_match(): Passing null to parameter #2 ($subject) of type string is deprecated
[ error ] [8192]preg_match(): Passing null to parameter #2 ($subject) of type string is deprecated
[ error ] [8192]preg_match(): Passing null to parameter #2 ($subject) of type string is deprecated
[ error ] [8192]preg_match(): Passing null to parameter #2 ($subject) of type string is deprecated
[ error ] [8192]preg_match(): Passing null to parameter #2 ($subject) of type string is deprecated
[ error ] [8192]preg_match(): Passing null to parameter #2 ($subject) of type string is deprecated
[ error ] [8192]preg_match(): Passing null to parameter #2 ($subject) of type string is deprecated
[ error ] [8192]Automatic conversion of false to array is deprecated
[ error ] [2]Undefined array key "title"
[ error ] [2]Undefined array key "title"
[ error ] [2]Undefined array key "title"
[ error ] [2]Undefined array key "title"
---------------------------------------------------------------
[ 2026-03-16T11:25:13+08:00 ] 34.121.187.130 GET punalei.cn/.env
[ error ] [8192]preg_match(): Passing null to parameter #2 ($subject) of type string is deprecated
[ error ] [8192]preg_match(): Passing null to parameter #2 ($subject) of type string is deprecated
[ error ] [8192]preg_match(): Passing null to parameter #2 ($subject) of type string is deprecated
[ error ] [8192]preg_match(): Passing null to parameter #2 ($subject) of type string is deprecated
[ error ] [8192]preg_match(): Passing null to parameter #2 ($subject) of type string is deprecated
[ error ] [8192]preg_match(): Passing null to parameter #2 ($subject) of type string is deprecated
---------------------------------------------------------------
[ 2026-03-16T11:25:36+08:00 ] 89.42.231.241 GET 120.24.147.77/
[ error ] [8192]preg_match(): Passing null to parameter #2 ($subject) of type string is deprecated
[ error ] [8192]preg_match(): Passing null to parameter #2 ($subject) of type string is deprecated
[ error ] [8192]preg_match(): Passing null to parameter #2 ($subject) of type string is deprecated
[ error ] [8192]preg_match(): Passing null to parameter #2 ($subject) of type string is deprecated
[ error ] [8192]preg_match(): Passing null to parameter #2 ($subject) of type string is deprecated
[ error ] [8192]preg_match(): Passing null to parameter #2 ($subject) of type string is deprecated
[ error ] [8192]preg_match(): Passing null to parameter #2 ($subject) of type string is deprecated
[ error ] [8192]preg_match(): Passing null to parameter #2 ($subject) of type string is deprecated
[ error ] [8192]Automatic conversion of false to array is deprecated
[ error ] [2]Undefined array key "title"
[ error ] [2]Undefined array key "title"
[ error ] [2]Undefined array key "title"
[ error ] [2]Undefined array key "title"
---------------------------------------------------------------
[ 2026-03-16T11:28:30+08:00 ] 123.133.115.140 GET 120.24.147.77/
[ error ] [8192]preg_match(): Passing null to parameter #2 ($subject) of type string is deprecated
[ error ] [8192]preg_match(): Passing null to parameter #2 ($subject) of type string is deprecated
[ error ] [8192]preg_match(): Passing null to parameter #2 ($subject) of type string is deprecated
[ error ] [8192]preg_match(): Passing null to parameter #2 ($subject) of type string is deprecated
[ error ] [8192]preg_match(): Passing null to parameter #2 ($subject) of type string is deprecated
[ error ] [8192]preg_match(): Passing null to parameter #2 ($subject) of type string is deprecated
[ error ] [8192]preg_match(): Passing null to parameter #2 ($subject) of type string is deprecated
[ error ] [8192]preg_match(): Passing null to parameter #2 ($subject) of type string is deprecated
[ error ] [8192]Automatic conversion of false to array is deprecated
[ error ] [2]Undefined array key "title"
[ error ] [2]Undefined array key "title"
[ error ] [2]Undefined array key "title"
[ error ] [2]Undefined array key "title"
---------------------------------------------------------------
[ 2026-03-16T11:41:14+08:00 ] 148.153.56.58 GET 120.24.147.77/chHI
[ error ] [8192]preg_match(): Passing null to parameter #2 ($subject) of type string is deprecated
[ error ] [8192]preg_match(): Passing null to parameter #2 ($subject) of type string is deprecated
[ error ] [8192]preg_match(): Passing null to parameter #2 ($subject) of type string is deprecated
[ error ] [8192]preg_match(): Passing null to parameter #2 ($subject) of type string is deprecated
[ error ] [8192]preg_match(): Passing null to parameter #2 ($subject) of type string is deprecated
[ error ] [8192]preg_match(): Passing null to parameter #2 ($subject) of type string is deprecated
---------------------------------------------------------------
[ 2026-03-16T11:41:14+08:00 ] 148.153.56.58 GET 120.24.147.77/chHI
[ error ] [8192]preg_match(): Passing null to parameter #2 ($subject) of type string is deprecated
[ error ] [8192]preg_match(): Passing null to parameter #2 ($subject) of type string is deprecated
[ error ] [8192]preg_match(): Passing null to parameter #2 ($subject) of type string is deprecated
[ error ] [8192]preg_match(): Passing null to parameter #2 ($subject) of type string is deprecated
[ error ] [8192]preg_match(): Passing null to parameter #2 ($subject) of type string is deprecated
[ error ] [8192]preg_match(): Passing null to parameter #2 ($subject) of type string is deprecated
---------------------------------------------------------------
[ 2026-03-16T11:41:15+08:00 ] 148.153.56.58 GET 120.24.147.77/9UvY
[ error ] [8192]preg_match(): Passing null to parameter #2 ($subject) of type string is deprecated
[ error ] [8192]preg_match(): Passing null to parameter #2 ($subject) of type string is deprecated
[ error ] [8192]preg_match(): Passing null to parameter #2 ($subject) of type string is deprecated
[ error ] [8192]preg_match(): Passing null to parameter #2 ($subject) of type string is deprecated
[ error ] [8192]preg_match(): Passing null to parameter #2 ($subject) of type string is deprecated
[ error ] [8192]preg_match(): Passing null to parameter #2 ($subject) of type string is deprecated
---------------------------------------------------------------
[ 2026-03-16T11:41:15+08:00 ] 148.153.56.58 GET 120.24.147.77/9UvY
[ error ] [8192]preg_match(): Passing null to parameter #2 ($subject) of type string is deprecated
[ error ] [8192]preg_match(): Passing null to parameter #2 ($subject) of type string is deprecated
[ error ] [8192]preg_match(): Passing null to parameter #2 ($subject) of type string is deprecated
[ error ] [8192]preg_match(): Passing null to parameter #2 ($subject) of type string is deprecated
[ error ] [8192]preg_match(): Passing null to parameter #2 ($subject) of type string is deprecated
[ error ] [8192]preg_match(): Passing null to parameter #2 ($subject) of type string is deprecated
---------------------------------------------------------------
[ 2026-03-16T11:41:23+08:00 ] 148.153.56.58 GET 120.24.147.77/aab8
[ error ] [8192]preg_match(): Passing null to parameter #2 ($subject) of type string is deprecated
[ error ] [8192]preg_match(): Passing null to parameter #2 ($subject) of type string is deprecated
[ error ] [8192]preg_match(): Passing null to parameter #2 ($subject) of type string is deprecated
[ error ] [8192]preg_match(): Passing null to parameter #2 ($subject) of type string is deprecated
[ error ] [8192]preg_match(): Passing null to parameter #2 ($subject) of type string is deprecated
[ error ] [8192]preg_match(): Passing null to parameter #2 ($subject) of type string is deprecated
---------------------------------------------------------------
[ 2026-03-16T11:41:23+08:00 ] 148.153.56.58 GET 120.24.147.77/aab8
[ error ] [8192]preg_match(): Passing null to parameter #2 ($subject) of type string is deprecated
[ error ] [8192]preg_match(): Passing null to parameter #2 ($subject) of type string is deprecated
[ error ] [8192]preg_match(): Passing null to parameter #2 ($subject) of type string is deprecated
[ error ] [8192]preg_match(): Passing null to parameter #2 ($subject) of type string is deprecated
[ error ] [8192]preg_match(): Passing null to parameter #2 ($subject) of type string is deprecated
[ error ] [8192]preg_match(): Passing null to parameter #2 ($subject) of type string is deprecated
---------------------------------------------------------------
[ 2026-03-16T11:41:26+08:00 ] 148.153.56.58 GET 120.24.147.77/jquery-3.3.1.slim.min.js
[ error ] [8192]preg_match(): Passing null to parameter #2 ($subject) of type string is deprecated
[ error ] [8192]preg_match(): Passing null to parameter #2 ($subject) of type string is deprecated
[ error ] [8192]preg_match(): Passing null to parameter #2 ($subject) of type string is deprecated
[ error ] [8192]preg_match(): Passing null to parameter #2 ($subject) of type string is deprecated
[ error ] [8192]preg_match(): Passing null to parameter #2 ($subject) of type string is deprecated
[ error ] [8192]preg_match(): Passing null to parameter #2 ($subject) of type string is deprecated
---------------------------------------------------------------
[ 2026-03-16T11:41:29+08:00 ] 148.153.56.58 GET 120.24.147.77/aab9
[ error ] [8192]preg_match(): Passing null to parameter #2 ($subject) of type string is deprecated
[ error ] [8192]preg_match(): Passing null to parameter #2 ($subject) of type string is deprecated
[ error ] [8192]preg_match(): Passing null to parameter #2 ($subject) of type string is deprecated
[ error ] [8192]preg_match(): Passing null to parameter #2 ($subject) of type string is deprecated
[ error ] [8192]preg_match(): Passing null to parameter #2 ($subject) of type string is deprecated
[ error ] [8192]preg_match(): Passing null to parameter #2 ($subject) of type string is deprecated
---------------------------------------------------------------
[ 2026-03-16T11:41:29+08:00 ] 148.153.56.58 GET 120.24.147.77/aab9
[ error ] [8192]preg_match(): Passing null to parameter #2 ($subject) of type string is deprecated
[ error ] [8192]preg_match(): Passing null to parameter #2 ($subject) of type string is deprecated
[ error ] [8192]preg_match(): Passing null to parameter #2 ($subject) of type string is deprecated
[ error ] [8192]preg_match(): Passing null to parameter #2 ($subject) of type string is deprecated
[ error ] [8192]preg_match(): Passing null to parameter #2 ($subject) of type string is deprecated
[ error ] [8192]preg_match(): Passing null to parameter #2 ($subject) of type string is deprecated
---------------------------------------------------------------
[ 2026-03-16T11:41:30+08:00 ] 148.153.56.58 GET 120.24.147.77/jquery-3.3.2.slim.min.js
[ error ] [8192]preg_match(): Passing null to parameter #2 ($subject) of type string is deprecated
[ error ] [8192]preg_match(): Passing null to parameter #2 ($subject) of type string is deprecated
[ error ] [8192]preg_match(): Passing null to parameter #2 ($subject) of type string is deprecated
[ error ] [8192]preg_match(): Passing null to parameter #2 ($subject) of type string is deprecated
[ error ] [8192]preg_match(): Passing null to parameter #2 ($subject) of type string is deprecated
[ error ] [8192]preg_match(): Passing null to parameter #2 ($subject) of type string is deprecated
---------------------------------------------------------------
[ 2026-03-16T11:45:42+08:00 ] 185.91.69.5 GET 120.24.147.77/
[ error ] [8192]preg_match(): Passing null to parameter #2 ($subject) of type string is deprecated
[ error ] [8192]preg_match(): Passing null to parameter #2 ($subject) of type string is deprecated
[ error ] [8192]preg_match(): Passing null to parameter #2 ($subject) of type string is deprecated
[ error ] [8192]preg_match(): Passing null to parameter #2 ($subject) of type string is deprecated
[ error ] [8192]preg_match(): Passing null to parameter #2 ($subject) of type string is deprecated
[ error ] [8192]preg_match(): Passing null to parameter #2 ($subject) of type string is deprecated
[ error ] [8192]preg_match(): Passing null to parameter #2 ($subject) of type string is deprecated
[ error ] [8192]preg_match(): Passing null to parameter #2 ($subject) of type string is deprecated
[ error ] [8192]Automatic conversion of false to array is deprecated
[ error ] [2]Undefined array key "title"
[ error ] [2]Undefined array key "title"
[ error ] [2]Undefined array key "title"
[ error ] [2]Undefined array key "title"
---------------------------------------------------------------
[ 2026-03-16T11:46:01+08:00 ] 185.91.69.5 POST 120.24.147.77/
[ error ] [8192]preg_match(): Passing null to parameter #2 ($subject) of type string is deprecated
[ error ] [8192]preg_match(): Passing null to parameter #2 ($subject) of type string is deprecated
[ error ] [8192]preg_match(): Passing null to parameter #2 ($subject) of type string is deprecated
[ error ] [8192]preg_match(): Passing null to parameter #2 ($subject) of type string is deprecated
[ error ] [8192]preg_match(): Passing null to parameter #2 ($subject) of type string is deprecated
[ error ] [8192]preg_match(): Passing null to parameter #2 ($subject) of type string is deprecated
[ error ] [8192]preg_match(): Passing null to parameter #2 ($subject) of type string is deprecated
[ error ] [8192]preg_match(): Passing null to parameter #2 ($subject) of type string is deprecated
[ error ] [8192]Automatic conversion of false to array is deprecated
[ error ] [2]Undefined array key "title"
[ error ] [2]Undefined array key "title"
[ error ] [2]Undefined array key "title"
[ error ] [2]Undefined array key "title"
---------------------------------------------------------------
[ 2026-03-16T11:46:28+08:00 ] 185.91.69.5 POST 120.24.147.77/
[ error ] [8192]preg_match(): Passing null to parameter #2 ($subject) of type string is deprecated
[ error ] [8192]preg_match(): Passing null to parameter #2 ($subject) of type string is deprecated
[ error ] [8192]preg_match(): Passing null to parameter #2 ($subject) of type string is deprecated
[ error ] [8192]preg_match(): Passing null to parameter #2 ($subject) of type string is deprecated
[ error ] [8192]preg_match(): Passing null to parameter #2 ($subject) of type string is deprecated
[ error ] [8192]preg_match(): Passing null to parameter #2 ($subject) of type string is deprecated
[ error ] [8192]preg_match(): Passing null to parameter #2 ($subject) of type string is deprecated
[ error ] [8192]preg_match(): Passing null to parameter #2 ($subject) of type string is deprecated
[ error ] [8192]Automatic conversion of false to array is deprecated
[ error ] [2]Undefined array key "title"
[ error ] [2]Undefined array key "title"
[ error ] [2]Undefined array key "title"
[ error ] [2]Undefined array key "title"
---------------------------------------------------------------
[ 2026-03-16T11:48:22+08:00 ] 34.121.187.130 GET www.punalei.cn/.env
[ error ] [8192]preg_match(): Passing null to parameter #2 ($subject) of type string is deprecated
[ error ] [8192]preg_match(): Passing null to parameter #2 ($subject) of type string is deprecated
[ error ] [8192]preg_match(): Passing null to parameter #2 ($subject) of type string is deprecated
[ error ] [8192]preg_match(): Passing null to parameter #2 ($subject) of type string is deprecated
[ error ] [8192]preg_match(): Passing null to parameter #2 ($subject) of type string is deprecated
[ error ] [8192]preg_match(): Passing null to parameter #2 ($subject) of type string is deprecated
---------------------------------------------------------------
[ 2026-03-16T11:48:23+08:00 ] 185.91.69.5 GET 120.24.147.77/WuEL
[ error ] [8192]preg_match(): Passing null to parameter #2 ($subject) of type string is deprecated
[ error ] [8192]preg_match(): Passing null to parameter #2 ($subject) of type string is deprecated
[ error ] [8192]preg_match(): Passing null to parameter #2 ($subject) of type string is deprecated
[ error ] [8192]preg_match(): Passing null to parameter #2 ($subject) of type string is deprecated
[ error ] [8192]preg_match(): Passing null to parameter #2 ($subject) of type string is deprecated
[ error ] [8192]preg_match(): Passing null to parameter #2 ($subject) of type string is deprecated
---------------------------------------------------------------
[ 2026-03-16T11:48:23+08:00 ] 185.91.69.5 GET 120.24.147.77/WuEL
[ error ] [8192]preg_match(): Passing null to parameter #2 ($subject) of type string is deprecated
[ error ] [8192]preg_match(): Passing null to parameter #2 ($subject) of type string is deprecated
[ error ] [8192]preg_match(): Passing null to parameter #2 ($subject) of type string is deprecated
[ error ] [8192]preg_match(): Passing null to parameter #2 ($subject) of type string is deprecated
[ error ] [8192]preg_match(): Passing null to parameter #2 ($subject) of type string is deprecated
[ error ] [8192]preg_match(): Passing null to parameter #2 ($subject) of type string is deprecated
---------------------------------------------------------------
[ 2026-03-16T11:48:25+08:00 ] 185.91.69.5 GET 120.24.147.77/a
[ error ] [8192]preg_match(): Passing null to parameter #2 ($subject) of type string is deprecated
[ error ] [8192]preg_match(): Passing null to parameter #2 ($subject) of type string is deprecated
[ error ] [8192]preg_match(): Passing null to parameter #2 ($subject) of type string is deprecated
[ error ] [8192]preg_match(): Passing null to parameter #2 ($subject) of type string is deprecated
[ error ] [8192]preg_match(): Passing null to parameter #2 ($subject) of type string is deprecated
[ error ] [8192]preg_match(): Passing null to parameter #2 ($subject) of type string is deprecated
---------------------------------------------------------------
[ 2026-03-16T11:48:25+08:00 ] 185.91.69.5 GET 120.24.147.77/a
[ error ] [8192]preg_match(): Passing null to parameter #2 ($subject) of type string is deprecated
[ error ] [8192]preg_match(): Passing null to parameter #2 ($subject) of type string is deprecated
[ error ] [8192]preg_match(): Passing null to parameter #2 ($subject) of type string is deprecated
[ error ] [8192]preg_match(): Passing null to parameter #2 ($subject) of type string is deprecated
[ error ] [8192]preg_match(): Passing null to parameter #2 ($subject) of type string is deprecated
[ error ] [8192]preg_match(): Passing null to parameter #2 ($subject) of type string is deprecated
---------------------------------------------------------------
[ 2026-03-16T11:48:28+08:00 ] 185.91.69.5 GET 120.24.147.77/download/file.ext
[ error ] [8192]preg_match(): Passing null to parameter #2 ($subject) of type string is deprecated
[ error ] [8192]preg_match(): Passing null to parameter #2 ($subject) of type string is deprecated
[ error ] [8192]preg_match(): Passing null to parameter #2 ($subject) of type string is deprecated
[ error ] [8192]preg_match(): Passing null to parameter #2 ($subject) of type string is deprecated
[ error ] [8192]preg_match(): Passing null to parameter #2 ($subject) of type string is deprecated
[ error ] [8192]preg_match(): Passing null to parameter #2 ($subject) of type string is deprecated
---------------------------------------------------------------
[ 2026-03-16T11:48:28+08:00 ] 185.91.69.5 GET 120.24.147.77/download/file.ext
[ error ] [8192]preg_match(): Passing null to parameter #2 ($subject) of type string is deprecated
[ error ] [8192]preg_match(): Passing null to parameter #2 ($subject) of type string is deprecated
[ error ] [8192]preg_match(): Passing null to parameter #2 ($subject) of type string is deprecated
[ error ] [8192]preg_match(): Passing null to parameter #2 ($subject) of type string is deprecated
[ error ] [8192]preg_match(): Passing null to parameter #2 ($subject) of type string is deprecated
[ error ] [8192]preg_match(): Passing null to parameter #2 ($subject) of type string is deprecated
---------------------------------------------------------------
[ 2026-03-16T11:48:28+08:00 ] 185.91.69.5 GET 120.24.147.77/SiteLoader
[ error ] [8192]preg_match(): Passing null to parameter #2 ($subject) of type string is deprecated
[ error ] [8192]preg_match(): Passing null to parameter #2 ($subject) of type string is deprecated
[ error ] [8192]preg_match(): Passing null to parameter #2 ($subject) of type string is deprecated
[ error ] [8192]preg_match(): Passing null to parameter #2 ($subject) of type string is deprecated
[ error ] [8192]preg_match(): Passing null to parameter #2 ($subject) of type string is deprecated
[ error ] [8192]preg_match(): Passing null to parameter #2 ($subject) of type string is deprecated
---------------------------------------------------------------
[ 2026-03-16T11:48:28+08:00 ] 185.91.69.5 GET 120.24.147.77/SiteLoader
[ error ] [8192]preg_match(): Passing null to parameter #2 ($subject) of type string is deprecated
[ error ] [8192]preg_match(): Passing null to parameter #2 ($subject) of type string is deprecated
[ error ] [8192]preg_match(): Passing null to parameter #2 ($subject) of type string is deprecated
[ error ] [8192]preg_match(): Passing null to parameter #2 ($subject) of type string is deprecated
[ error ] [8192]preg_match(): Passing null to parameter #2 ($subject) of type string is deprecated
[ error ] [8192]preg_match(): Passing null to parameter #2 ($subject) of type string is deprecated
---------------------------------------------------------------
[ 2026-03-16T11:48:29+08:00 ] 185.91.69.5 GET 120.24.147.77/mPlayer
[ error ] [8192]preg_match(): Passing null to parameter #2 ($subject) of type string is deprecated
[ error ] [8192]preg_match(): Passing null to parameter #2 ($subject) of type string is deprecated
[ error ] [8192]preg_match(): Passing null to parameter #2 ($subject) of type string is deprecated
[ error ] [8192]preg_match(): Passing null to parameter #2 ($subject) of type string is deprecated
[ error ] [8192]preg_match(): Passing null to parameter #2 ($subject) of type string is deprecated
[ error ] [8192]preg_match(): Passing null to parameter #2 ($subject) of type string is deprecated
---------------------------------------------------------------
[ 2026-03-16T11:48:29+08:00 ] 185.91.69.5 GET 120.24.147.77/mPlayer
[ error ] [8192]preg_match(): Passing null to parameter #2 ($subject) of type string is deprecated
[ error ] [8192]preg_match(): Passing null to parameter #2 ($subject) of type string is deprecated
[ error ] [8192]preg_match(): Passing null to parameter #2 ($subject) of type string is deprecated
[ error ] [8192]preg_match(): Passing null to parameter #2 ($subject) of type string is deprecated
[ error ] [8192]preg_match(): Passing null to parameter #2 ($subject) of type string is deprecated
[ error ] [8192]preg_match(): Passing null to parameter #2 ($subject) of type string is deprecated
---------------------------------------------------------------
[ 2026-03-16T11:48:42+08:00 ] 185.91.69.5 GET 120.24.147.77/
[ error ] [8192]preg_match(): Passing null to parameter #2 ($subject) of type string is deprecated
[ error ] [8192]preg_match(): Passing null to parameter #2 ($subject) of type string is deprecated
[ error ] [8192]preg_match(): Passing null to parameter #2 ($subject) of type string is deprecated
[ error ] [8192]preg_match(): Passing null to parameter #2 ($subject) of type string is deprecated
[ error ] [8192]preg_match(): Passing null to parameter #2 ($subject) of type string is deprecated
[ error ] [8192]preg_match(): Passing null to parameter #2 ($subject) of type string is deprecated
[ error ] [8192]preg_match(): Passing null to parameter #2 ($subject) of type string is deprecated
[ error ] [8192]preg_match(): Passing null to parameter #2 ($subject) of type string is deprecated
[ error ] [8192]Automatic conversion of false to array is deprecated
[ error ] [2]Undefined array key "title"
[ error ] [2]Undefined array key "title"
[ error ] [2]Undefined array key "title"
[ error ] [2]Undefined array key "title"
---------------------------------------------------------------
[ 2026-03-16T12:11:23+08:00 ] 40.77.167.78 GET www.punalei.cn/ldcms/dianzifuzaixilie.html
[ error ] [8192]preg_match(): Passing null to parameter #2 ($subject) of type string is deprecated
[ error ] [8192]preg_match(): Passing null to parameter #2 ($subject) of type string is deprecated
[ error ] [8192]preg_match(): Passing null to parameter #2 ($subject) of type string is deprecated
[ error ] [8192]preg_match(): Passing null to parameter #2 ($subject) of type string is deprecated
[ error ] [8192]preg_match(): Passing null to parameter #2 ($subject) of type string is deprecated
[ error ] [8192]preg_match(): Passing null to parameter #2 ($subject) of type string is deprecated
[ error ] [8192]preg_match(): Passing null to parameter #2 ($subject) of type string is deprecated
[ error ] [8192]preg_match(): Passing null to parameter #2 ($subject) of type string is deprecated
[ error ] [8192]Automatic conversion of false to array is deprecated
---------------------------------------------------------------
[ 2026-03-16T12:19:35+08:00 ] 52.167.144.184 GET www.punalei.cn/ldcms/zhiliudianyuanshumaxilie/329.html
[ error ] [8192]preg_match(): Passing null to parameter #2 ($subject) of type string is deprecated
[ error ] [8192]preg_match(): Passing null to parameter #2 ($subject) of type string is deprecated
[ error ] [8192]preg_match(): Passing null to parameter #2 ($subject) of type string is deprecated
[ error ] [8192]preg_match(): Passing null to parameter #2 ($subject) of type string is deprecated
[ error ] [8192]preg_match(): Passing null to parameter #2 ($subject) of type string is deprecated
[ error ] [8192]preg_match(): Passing null to parameter #2 ($subject) of type string is deprecated
[ error ] [8192]preg_match(): Passing null to parameter #2 ($subject) of type string is deprecated
[ error ] [8192]preg_match(): Passing null to parameter #2 ($subject) of type string is deprecated
[ error ] [8192]Automatic conversion of false to array is deprecated
---------------------------------------------------------------
[ 2026-03-16T12:32:21+08:00 ] 52.167.144.173 GET www.punalei.cn/ldcms/zhiliudianyuanshumaxilie.html
[ error ] [8192]preg_match(): Passing null to parameter #2 ($subject) of type string is deprecated
[ error ] [8192]preg_match(): Passing null to parameter #2 ($subject) of type string is deprecated
[ error ] [8192]preg_match(): Passing null to parameter #2 ($subject) of type string is deprecated
[ error ] [8192]preg_match(): Passing null to parameter #2 ($subject) of type string is deprecated
[ error ] [8192]preg_match(): Passing null to parameter #2 ($subject) of type string is deprecated
[ error ] [8192]preg_match(): Passing null to parameter #2 ($subject) of type string is deprecated
[ error ] [8192]preg_match(): Passing null to parameter #2 ($subject) of type string is deprecated
[ error ] [8192]preg_match(): Passing null to parameter #2 ($subject) of type string is deprecated
[ error ] [8192]Automatic conversion of false to array is deprecated
---------------------------------------------------------------
[ 2026-03-16T12:38:17+08:00 ] 87.121.84.76 GET 120.24.147.77/
[ error ] [8192]preg_match(): Passing null to parameter #2 ($subject) of type string is deprecated
[ error ] [8192]preg_match(): Passing null to parameter #2 ($subject) of type string is deprecated
[ error ] [8192]preg_match(): Passing null to parameter #2 ($subject) of type string is deprecated
[ error ] [8192]preg_match(): Passing null to parameter #2 ($subject) of type string is deprecated
[ error ] [8192]preg_match(): Passing null to parameter #2 ($subject) of type string is deprecated
[ error ] [8192]preg_match(): Passing null to parameter #2 ($subject) of type string is deprecated
[ error ] [8192]preg_match(): Passing null to parameter #2 ($subject) of type string is deprecated
[ error ] [8192]preg_match(): Passing null to parameter #2 ($subject) of type string is deprecated
[ error ] [8192]Automatic conversion of false to array is deprecated
[ error ] [2]Undefined array key "title"
[ error ] [2]Undefined array key "title"
[ error ] [2]Undefined array key "title"
[ error ] [2]Undefined array key "title"
---------------------------------------------------------------
[ 2026-03-16T12:39:54+08:00 ] 193.24.123.41 GET punalei.cn/
[ error ] [8192]preg_match(): Passing null to parameter #2 ($subject) of type string is deprecated
[ error ] [8192]preg_match(): Passing null to parameter #2 ($subject) of type string is deprecated
[ error ] [8192]preg_match(): Passing null to parameter #2 ($subject) of type string is deprecated
[ error ] [8192]preg_match(): Passing null to parameter #2 ($subject) of type string is deprecated
[ error ] [8192]preg_match(): Passing null to parameter #2 ($subject) of type string is deprecated
[ error ] [8192]preg_match(): Passing null to parameter #2 ($subject) of type string is deprecated
[ error ] [8192]preg_match(): Passing null to parameter #2 ($subject) of type string is deprecated
[ error ] [8192]preg_match(): Passing null to parameter #2 ($subject) of type string is deprecated
[ error ] [8192]Automatic conversion of false to array is deprecated
[ error ] [2]Undefined array key "title"
[ error ] [2]Undefined array key "title"
[ error ] [2]Undefined array key "title"
[ error ] [2]Undefined array key "title"
---------------------------------------------------------------
[ 2026-03-16T12:43:07+08:00 ] 40.77.167.20 GET www.punalei.cn/ldcms/guanyupunalei.html
[ error ] [8192]preg_match(): Passing null to parameter #2 ($subject) of type string is deprecated
[ error ] [8192]preg_match(): Passing null to parameter #2 ($subject) of type string is deprecated
[ error ] [8192]preg_match(): Passing null to parameter #2 ($subject) of type string is deprecated
[ error ] [8192]preg_match(): Passing null to parameter #2 ($subject) of type string is deprecated
[ error ] [8192]preg_match(): Passing null to parameter #2 ($subject) of type string is deprecated
[ error ] [8192]preg_match(): Passing null to parameter #2 ($subject) of type string is deprecated
[ error ] [8192]preg_match(): Passing null to parameter #2 ($subject) of type string is deprecated
[ error ] [8192]preg_match(): Passing null to parameter #2 ($subject) of type string is deprecated
[ error ] [8192]Automatic conversion of false to array is deprecated
---------------------------------------------------------------
[ 2026-03-16T13:03:21+08:00 ] 194.187.177.126 GET 120.24.147.77/rest/applinks/1.0/manifest
[ error ] [8192]preg_match(): Passing null to parameter #2 ($subject) of type string is deprecated
[ error ] [8192]preg_match(): Passing null to parameter #2 ($subject) of type string is deprecated
[ error ] [8192]preg_match(): Passing null to parameter #2 ($subject) of type string is deprecated
[ error ] [8192]preg_match(): Passing null to parameter #2 ($subject) of type string is deprecated
[ error ] [8192]preg_match(): Passing null to parameter #2 ($subject) of type string is deprecated
[ error ] [8192]preg_match(): Passing null to parameter #2 ($subject) of type string is deprecated
---------------------------------------------------------------
[ 2026-03-16T13:03:21+08:00 ] 194.187.177.126 GET 120.24.147.77/rest/applinks/1.0/manifest
[ error ] [8192]preg_match(): Passing null to parameter #2 ($subject) of type string is deprecated
[ error ] [8192]preg_match(): Passing null to parameter #2 ($subject) of type string is deprecated
[ error ] [8192]preg_match(): Passing null to parameter #2 ($subject) of type string is deprecated
[ error ] [8192]preg_match(): Passing null to parameter #2 ($subject) of type string is deprecated
[ error ] [8192]preg_match(): Passing null to parameter #2 ($subject) of type string is deprecated
[ error ] [8192]preg_match(): Passing null to parameter #2 ($subject) of type string is deprecated
---------------------------------------------------------------
[ 2026-03-16T13:08:10+08:00 ] 52.167.144.197 GET www.punalei.cn/ldcms/zhiliudianyuanchanpin.html
[ error ] [8192]preg_match(): Passing null to parameter #2 ($subject) of type string is deprecated
[ error ] [8192]preg_match(): Passing null to parameter #2 ($subject) of type string is deprecated
[ error ] [8192]preg_match(): Passing null to parameter #2 ($subject) of type string is deprecated
[ error ] [8192]preg_match(): Passing null to parameter #2 ($subject) of type string is deprecated
[ error ] [8192]preg_match(): Passing null to parameter #2 ($subject) of type string is deprecated
[ error ] [8192]preg_match(): Passing null to parameter #2 ($subject) of type string is deprecated
[ error ] [8192]preg_match(): Passing null to parameter #2 ($subject) of type string is deprecated
[ error ] [8192]preg_match(): Passing null to parameter #2 ($subject) of type string is deprecated
[ error ] [8192]Automatic conversion of false to array is deprecated
---------------------------------------------------------------
[ 2026-03-16T13:09:50+08:00 ] 23.27.145.66 GET punalei.cn/
[ error ] [8192]preg_match(): Passing null to parameter #2 ($subject) of type string is deprecated
[ error ] [8192]preg_match(): Passing null to parameter #2 ($subject) of type string is deprecated
[ error ] [8192]preg_match(): Passing null to parameter #2 ($subject) of type string is deprecated
[ error ] [8192]preg_match(): Passing null to parameter #2 ($subject) of type string is deprecated
[ error ] [8192]preg_match(): Passing null to parameter #2 ($subject) of type string is deprecated
[ error ] [8192]preg_match(): Passing null to parameter #2 ($subject) of type string is deprecated
[ error ] [8192]preg_match(): Passing null to parameter #2 ($subject) of type string is deprecated
[ error ] [8192]preg_match(): Passing null to parameter #2 ($subject) of type string is deprecated
[ error ] [8192]Automatic conversion of false to array is deprecated
[ error ] [2]Undefined array key "title"
[ error ] [2]Undefined array key "title"
[ error ] [2]Undefined array key "title"
[ error ] [2]Undefined array key "title"
---------------------------------------------------------------
[ 2026-03-16T13:12:39+08:00 ] 52.167.144.231 GET www.punalei.cn/ldcms/punaleiPNAIdangongnenganguixilie/263.html
[ error ] [8192]preg_match(): Passing null to parameter #2 ($subject) of type string is deprecated
[ error ] [8192]preg_match(): Passing null to parameter #2 ($subject) of type string is deprecated
[ error ] [8192]preg_match(): Passing null to parameter #2 ($subject) of type string is deprecated
[ error ] [8192]preg_match(): Passing null to parameter #2 ($subject) of type string is deprecated
[ error ] [8192]preg_match(): Passing null to parameter #2 ($subject) of type string is deprecated
[ error ] [8192]preg_match(): Passing null to parameter #2 ($subject) of type string is deprecated
[ error ] [8192]preg_match(): Passing null to parameter #2 ($subject) of type string is deprecated
[ error ] [8192]preg_match(): Passing null to parameter #2 ($subject) of type string is deprecated
[ error ] [8192]Automatic conversion of false to array is deprecated
---------------------------------------------------------------
[ 2026-03-16T13:26:42+08:00 ] 89.42.231.241 GET 120.24.147.77/
[ error ] [8192]preg_match(): Passing null to parameter #2 ($subject) of type string is deprecated
[ error ] [8192]preg_match(): Passing null to parameter #2 ($subject) of type string is deprecated
[ error ] [8192]preg_match(): Passing null to parameter #2 ($subject) of type string is deprecated
[ error ] [8192]preg_match(): Passing null to parameter #2 ($subject) of type string is deprecated
[ error ] [8192]preg_match(): Passing null to parameter #2 ($subject) of type string is deprecated
[ error ] [8192]preg_match(): Passing null to parameter #2 ($subject) of type string is deprecated
[ error ] [8192]preg_match(): Passing null to parameter #2 ($subject) of type string is deprecated
[ error ] [8192]preg_match(): Passing null to parameter #2 ($subject) of type string is deprecated
[ error ] [8192]Automatic conversion of false to array is deprecated
[ error ] [2]Undefined array key "title"
[ error ] [2]Undefined array key "title"
[ error ] [2]Undefined array key "title"
[ error ] [2]Undefined array key "title"
---------------------------------------------------------------
[ 2026-03-16T13:36:02+08:00 ] 34.158.79.105 GET 120.24.147.77/.env
[ error ] [8192]preg_match(): Passing null to parameter #2 ($subject) of type string is deprecated
[ error ] [8192]preg_match(): Passing null to parameter #2 ($subject) of type string is deprecated
[ error ] [8192]preg_match(): Passing null to parameter #2 ($subject) of type string is deprecated
[ error ] [8192]preg_match(): Passing null to parameter #2 ($subject) of type string is deprecated
[ error ] [8192]preg_match(): Passing null to parameter #2 ($subject) of type string is deprecated
[ error ] [8192]preg_match(): Passing null to parameter #2 ($subject) of type string is deprecated
---------------------------------------------------------------
[ 2026-03-16T13:47:49+08:00 ] 34.122.245.253 POST punalei.cn/
[ error ] [8192]preg_match(): Passing null to parameter #2 ($subject) of type string is deprecated
[ error ] [8192]preg_match(): Passing null to parameter #2 ($subject) of type string is deprecated
[ error ] [8192]preg_match(): Passing null to parameter #2 ($subject) of type string is deprecated
[ error ] [8192]preg_match(): Passing null to parameter #2 ($subject) of type string is deprecated
[ error ] [8192]preg_match(): Passing null to parameter #2 ($subject) of type string is deprecated
[ error ] [8192]preg_match(): Passing null to parameter #2 ($subject) of type string is deprecated
[ error ] [8192]preg_match(): Passing null to parameter #2 ($subject) of type string is deprecated
[ error ] [8192]preg_match(): Passing null to parameter #2 ($subject) of type string is deprecated
[ error ] [8192]Automatic conversion of false to array is deprecated
[ error ] [2]Undefined array key "title"
[ error ] [2]Undefined array key "title"
[ error ] [2]Undefined array key "title"
[ error ] [2]Undefined array key "title"
---------------------------------------------------------------
[ 2026-03-16T13:47:58+08:00 ] 34.171.127.28 POST punalei.cn/
[ error ] [8192]preg_match(): Passing null to parameter #2 ($subject) of type string is deprecated
[ error ] [8192]preg_match(): Passing null to parameter #2 ($subject) of type string is deprecated
[ error ] [8192]preg_match(): Passing null to parameter #2 ($subject) of type string is deprecated
[ error ] [8192]preg_match(): Passing null to parameter #2 ($subject) of type string is deprecated
[ error ] [8192]preg_match(): Passing null to parameter #2 ($subject) of type string is deprecated
[ error ] [8192]preg_match(): Passing null to parameter #2 ($subject) of type string is deprecated
[ error ] [8192]preg_match(): Passing null to parameter #2 ($subject) of type string is deprecated
[ error ] [8192]preg_match(): Passing null to parameter #2 ($subject) of type string is deprecated
[ error ] [8192]Automatic conversion of false to array is deprecated
[ error ] [2]Undefined array key "title"
[ error ] [2]Undefined array key "title"
[ error ] [2]Undefined array key "title"
[ error ] [2]Undefined array key "title"
---------------------------------------------------------------
[ 2026-03-16T14:06:18+08:00 ] 149.57.180.73 GET punalei.cn/
[ error ] [8192]preg_match(): Passing null to parameter #2 ($subject) of type string is deprecated
[ error ] [8192]preg_match(): Passing null to parameter #2 ($subject) of type string is deprecated
[ error ] [8192]preg_match(): Passing null to parameter #2 ($subject) of type string is deprecated
[ error ] [8192]preg_match(): Passing null to parameter #2 ($subject) of type string is deprecated
[ error ] [8192]preg_match(): Passing null to parameter #2 ($subject) of type string is deprecated
[ error ] [8192]preg_match(): Passing null to parameter #2 ($subject) of type string is deprecated
[ error ] [8192]preg_match(): Passing null to parameter #2 ($subject) of type string is deprecated
[ error ] [8192]preg_match(): Passing null to parameter #2 ($subject) of type string is deprecated
[ error ] [8192]Automatic conversion of false to array is deprecated
[ error ] [2]Undefined array key "title"
[ error ] [2]Undefined array key "title"
[ error ] [2]Undefined array key "title"
[ error ] [2]Undefined array key "title"
---------------------------------------------------------------
[ 2026-03-16T14:13:04+08:00 ] 93.123.109.214 GET www.punalei.cn/
[ error ] [8192]preg_match(): Passing null to parameter #2 ($subject) of type string is deprecated
[ error ] [8192]preg_match(): Passing null to parameter #2 ($subject) of type string is deprecated
[ error ] [8192]preg_match(): Passing null to parameter #2 ($subject) of type string is deprecated
[ error ] [8192]preg_match(): Passing null to parameter #2 ($subject) of type string is deprecated
[ error ] [8192]preg_match(): Passing null to parameter #2 ($subject) of type string is deprecated
[ error ] [8192]preg_match(): Passing null to parameter #2 ($subject) of type string is deprecated
[ error ] [8192]preg_match(): Passing null to parameter #2 ($subject) of type string is deprecated
[ error ] [8192]preg_match(): Passing null to parameter #2 ($subject) of type string is deprecated
[ error ] [8192]Automatic conversion of false to array is deprecated
[ error ] [2]Undefined array key "title"
[ error ] [2]Undefined array key "title"
[ error ] [2]Undefined array key "title"
[ error ] [2]Undefined array key "title"
---------------------------------------------------------------
[ 2026-03-16T14:13:04+08:00 ] 93.123.109.214 GET www.punalei.cn/%22/assets/addons/ldcms/default/js/bootstrap.min.js?v=1.0.13"
[ error ] [8192]preg_match(): Passing null to parameter #2 ($subject) of type string is deprecated
[ error ] [8192]preg_match(): Passing null to parameter #2 ($subject) of type string is deprecated
[ error ] [8192]preg_match(): Passing null to parameter #2 ($subject) of type string is deprecated
[ error ] [8192]preg_match(): Passing null to parameter #2 ($subject) of type string is deprecated
[ error ] [8192]preg_match(): Passing null to parameter #2 ($subject) of type string is deprecated
[ error ] [8192]preg_match(): Passing null to parameter #2 ($subject) of type string is deprecated
---------------------------------------------------------------
[ 2026-03-16T14:13:05+08:00 ] 93.123.109.214 GET www.punalei.cn/.env
[ error ] [8192]preg_match(): Passing null to parameter #2 ($subject) of type string is deprecated
[ error ] [8192]preg_match(): Passing null to parameter #2 ($subject) of type string is deprecated
[ error ] [8192]preg_match(): Passing null to parameter #2 ($subject) of type string is deprecated
[ error ] [8192]preg_match(): Passing null to parameter #2 ($subject) of type string is deprecated
[ error ] [8192]preg_match(): Passing null to parameter #2 ($subject) of type string is deprecated
[ error ] [8192]preg_match(): Passing null to parameter #2 ($subject) of type string is deprecated
---------------------------------------------------------------
[ 2026-03-16T14:13:05+08:00 ] 93.123.109.214 GET www.punalei.cn/%22/assets/addons/ldcms/default/js/no.js?v=1.0.13"
[ error ] [8192]preg_match(): Passing null to parameter #2 ($subject) of type string is deprecated
[ error ] [8192]preg_match(): Passing null to parameter #2 ($subject) of type string is deprecated
[ error ] [8192]preg_match(): Passing null to parameter #2 ($subject) of type string is deprecated
[ error ] [8192]preg_match(): Passing null to parameter #2 ($subject) of type string is deprecated
[ error ] [8192]preg_match(): Passing null to parameter #2 ($subject) of type string is deprecated
[ error ] [8192]preg_match(): Passing null to parameter #2 ($subject) of type string is deprecated
---------------------------------------------------------------
[ 2026-03-16T14:13:05+08:00 ] 93.123.109.214 GET www.punalei.cn/%22/assets/addons/ldcms/default/js/omit.js?v=1.0.13"
[ error ] [8192]preg_match(): Passing null to parameter #2 ($subject) of type string is deprecated
[ error ] [8192]preg_match(): Passing null to parameter #2 ($subject) of type string is deprecated
[ error ] [8192]preg_match(): Passing null to parameter #2 ($subject) of type string is deprecated
[ error ] [8192]preg_match(): Passing null to parameter #2 ($subject) of type string is deprecated
[ error ] [8192]preg_match(): Passing null to parameter #2 ($subject) of type string is deprecated
[ error ] [8192]preg_match(): Passing null to parameter #2 ($subject) of type string is deprecated
---------------------------------------------------------------
[ 2026-03-16T14:13:05+08:00 ] 93.123.109.214 GET www.punalei.cn/%22/assets/addons/ldcms/default/js/element.js?v=1.0.13"
[ error ] [8192]preg_match(): Passing null to parameter #2 ($subject) of type string is deprecated
[ error ] [8192]preg_match(): Passing null to parameter #2 ($subject) of type string is deprecated
[ error ] [8192]preg_match(): Passing null to parameter #2 ($subject) of type string is deprecated
[ error ] [8192]preg_match(): Passing null to parameter #2 ($subject) of type string is deprecated
[ error ] [8192]preg_match(): Passing null to parameter #2 ($subject) of type string is deprecated
[ error ] [8192]preg_match(): Passing null to parameter #2 ($subject) of type string is deprecated
---------------------------------------------------------------
[ 2026-03-16T14:13:05+08:00 ] 93.123.109.214 GET www.punalei.cn/%22/assets/addons/ldcms/default/js/ellipsis.js?v=1.0.13"
[ error ] [8192]preg_match(): Passing null to parameter #2 ($subject) of type string is deprecated
[ error ] [8192]preg_match(): Passing null to parameter #2 ($subject) of type string is deprecated
[ error ] [8192]preg_match(): Passing null to parameter #2 ($subject) of type string is deprecated
[ error ] [8192]preg_match(): Passing null to parameter #2 ($subject) of type string is deprecated
[ error ] [8192]preg_match(): Passing null to parameter #2 ($subject) of type string is deprecated
[ error ] [8192]preg_match(): Passing null to parameter #2 ($subject) of type string is deprecated
---------------------------------------------------------------
[ 2026-03-16T14:13:05+08:00 ] 93.123.109.214 GET www.punalei.cn/.env
[ error ] [8192]preg_match(): Passing null to parameter #2 ($subject) of type string is deprecated
[ error ] [8192]preg_match(): Passing null to parameter #2 ($subject) of type string is deprecated
[ error ] [8192]preg_match(): Passing null to parameter #2 ($subject) of type string is deprecated
[ error ] [8192]preg_match(): Passing null to parameter #2 ($subject) of type string is deprecated
[ error ] [8192]preg_match(): Passing null to parameter #2 ($subject) of type string is deprecated
[ error ] [8192]preg_match(): Passing null to parameter #2 ($subject) of type string is deprecated
---------------------------------------------------------------
[ 2026-03-16T14:13:05+08:00 ] 93.123.109.214 GET www.punalei.cn/%22/assets/addons/ldcms/default/js/swiper-bundle.min.js?v=1.0.13"
[ error ] [8192]preg_match(): Passing null to parameter #2 ($subject) of type string is deprecated
[ error ] [8192]preg_match(): Passing null to parameter #2 ($subject) of type string is deprecated
[ error ] [8192]preg_match(): Passing null to parameter #2 ($subject) of type string is deprecated
[ error ] [8192]preg_match(): Passing null to parameter #2 ($subject) of type string is deprecated
[ error ] [8192]preg_match(): Passing null to parameter #2 ($subject) of type string is deprecated
[ error ] [8192]preg_match(): Passing null to parameter #2 ($subject) of type string is deprecated
---------------------------------------------------------------
[ 2026-03-16T14:13:05+08:00 ] 93.123.109.214 GET www.punalei.cn/%22/assets/addons/ldcms/default/js/scrollreveal.js?v=1.0.13"
[ error ] [8192]preg_match(): Passing null to parameter #2 ($subject) of type string is deprecated
[ error ] [8192]preg_match(): Passing null to parameter #2 ($subject) of type string is deprecated
[ error ] [8192]preg_match(): Passing null to parameter #2 ($subject) of type string is deprecated
[ error ] [8192]preg_match(): Passing null to parameter #2 ($subject) of type string is deprecated
[ error ] [8192]preg_match(): Passing null to parameter #2 ($subject) of type string is deprecated
[ error ] [8192]preg_match(): Passing null to parameter #2 ($subject) of type string is deprecated
---------------------------------------------------------------
[ 2026-03-16T14:13:05+08:00 ] 93.123.109.214 GET www.punalei.cn/%22/assets/addons/ldcms/default/js/countUp.js?v=1.0.13"
[ error ] [8192]preg_match(): Passing null to parameter #2 ($subject) of type string is deprecated
[ error ] [8192]preg_match(): Passing null to parameter #2 ($subject) of type string is deprecated
[ error ] [8192]preg_match(): Passing null to parameter #2 ($subject) of type string is deprecated
[ error ] [8192]preg_match(): Passing null to parameter #2 ($subject) of type string is deprecated
[ error ] [8192]preg_match(): Passing null to parameter #2 ($subject) of type string is deprecated
[ error ] [8192]preg_match(): Passing null to parameter #2 ($subject) of type string is deprecated
---------------------------------------------------------------
[ 2026-03-16T14:13:05+08:00 ] 93.123.109.214 GET www.punalei.cn/%22/assets/addons/ldcms/default/js/city.js?v=1.0.13"
[ error ] [8192]preg_match(): Passing null to parameter #2 ($subject) of type string is deprecated
[ error ] [8192]preg_match(): Passing null to parameter #2 ($subject) of type string is deprecated
[ error ] [8192]preg_match(): Passing null to parameter #2 ($subject) of type string is deprecated
[ error ] [8192]preg_match(): Passing null to parameter #2 ($subject) of type string is deprecated
[ error ] [8192]preg_match(): Passing null to parameter #2 ($subject) of type string is deprecated
[ error ] [8192]preg_match(): Passing null to parameter #2 ($subject) of type string is deprecated
---------------------------------------------------------------
[ 2026-03-16T14:13:05+08:00 ] 93.123.109.214 GET www.punalei.cn/%22/assets/addons/ldcms/default/js/common.js?v=1.0.13"
[ error ] [8192]preg_match(): Passing null to parameter #2 ($subject) of type string is deprecated
[ error ] [8192]preg_match(): Passing null to parameter #2 ($subject) of type string is deprecated
[ error ] [8192]preg_match(): Passing null to parameter #2 ($subject) of type string is deprecated
[ error ] [8192]preg_match(): Passing null to parameter #2 ($subject) of type string is deprecated
[ error ] [8192]preg_match(): Passing null to parameter #2 ($subject) of type string is deprecated
[ error ] [8192]preg_match(): Passing null to parameter #2 ($subject) of type string is deprecated
---------------------------------------------------------------
[ 2026-03-16T14:13:05+08:00 ] 93.123.109.214 GET www.punalei.cn/%22/assets/addons/ldcms/default/js/jquery.fullpage.min.js?v=1.0.13"
[ error ] [8192]preg_match(): Passing null to parameter #2 ($subject) of type string is deprecated
[ error ] [8192]preg_match(): Passing null to parameter #2 ($subject) of type string is deprecated
[ error ] [8192]preg_match(): Passing null to parameter #2 ($subject) of type string is deprecated
[ error ] [8192]preg_match(): Passing null to parameter #2 ($subject) of type string is deprecated
[ error ] [8192]preg_match(): Passing null to parameter #2 ($subject) of type string is deprecated
[ error ] [8192]preg_match(): Passing null to parameter #2 ($subject) of type string is deprecated
---------------------------------------------------------------
[ 2026-03-16T14:13:05+08:00 ] 93.123.109.214 GET www.punalei.cn/%22/assets/addons/ldcms/default/js/base.js?v=1.0.13"
[ error ] [8192]preg_match(): Passing null to parameter #2 ($subject) of type string is deprecated
[ error ] [8192]preg_match(): Passing null to parameter #2 ($subject) of type string is deprecated
[ error ] [8192]preg_match(): Passing null to parameter #2 ($subject) of type string is deprecated
[ error ] [8192]preg_match(): Passing null to parameter #2 ($subject) of type string is deprecated
[ error ] [8192]preg_match(): Passing null to parameter #2 ($subject) of type string is deprecated
[ error ] [8192]preg_match(): Passing null to parameter #2 ($subject) of type string is deprecated
---------------------------------------------------------------
[ 2026-03-16T14:13:05+08:00 ] 93.123.109.214 GET www.punalei.cn/.env.bak
[ error ] [8192]preg_match(): Passing null to parameter #2 ($subject) of type string is deprecated
[ error ] [8192]preg_match(): Passing null to parameter #2 ($subject) of type string is deprecated
[ error ] [8192]preg_match(): Passing null to parameter #2 ($subject) of type string is deprecated
[ error ] [8192]preg_match(): Passing null to parameter #2 ($subject) of type string is deprecated
[ error ] [8192]preg_match(): Passing null to parameter #2 ($subject) of type string is deprecated
[ error ] [8192]preg_match(): Passing null to parameter #2 ($subject) of type string is deprecated
---------------------------------------------------------------
[ 2026-03-16T14:13:06+08:00 ] 93.123.109.214 GET www.punalei.cn/%22/assets/addons/ldcms/default/js/vue.js?v=1.0.13"
[ error ] [8192]preg_match(): Passing null to parameter #2 ($subject) of type string is deprecated
[ error ] [8192]preg_match(): Passing null to parameter #2 ($subject) of type string is deprecated
[ error ] [8192]preg_match(): Passing null to parameter #2 ($subject) of type string is deprecated
[ error ] [8192]preg_match(): Passing null to parameter #2 ($subject) of type string is deprecated
[ error ] [8192]preg_match(): Passing null to parameter #2 ($subject) of type string is deprecated
[ error ] [8192]preg_match(): Passing null to parameter #2 ($subject) of type string is deprecated
---------------------------------------------------------------
[ 2026-03-16T14:13:06+08:00 ] 93.123.109.214 GET www.punalei.cn/%22/assets/addons/ldcms/default/js/jquery-1.12.4.min.js?v=1.0.13"
[ error ] [8192]preg_match(): Passing null to parameter #2 ($subject) of type string is deprecated
[ error ] [8192]preg_match(): Passing null to parameter #2 ($subject) of type string is deprecated
[ error ] [8192]preg_match(): Passing null to parameter #2 ($subject) of type string is deprecated
[ error ] [8192]preg_match(): Passing null to parameter #2 ($subject) of type string is deprecated
[ error ] [8192]preg_match(): Passing null to parameter #2 ($subject) of type string is deprecated
[ error ] [8192]preg_match(): Passing null to parameter #2 ($subject) of type string is deprecated
---------------------------------------------------------------
[ 2026-03-16T14:13:06+08:00 ] 93.123.109.214 GET www.punalei.cn/.env.save
[ error ] [8192]preg_match(): Passing null to parameter #2 ($subject) of type string is deprecated
[ error ] [8192]preg_match(): Passing null to parameter #2 ($subject) of type string is deprecated
[ error ] [8192]preg_match(): Passing null to parameter #2 ($subject) of type string is deprecated
[ error ] [8192]preg_match(): Passing null to parameter #2 ($subject) of type string is deprecated
[ error ] [8192]preg_match(): Passing null to parameter #2 ($subject) of type string is deprecated
[ error ] [8192]preg_match(): Passing null to parameter #2 ($subject) of type string is deprecated
---------------------------------------------------------------
[ 2026-03-16T14:13:06+08:00 ] 93.123.109.214 GET www.punalei.cn/%22/assets/addons/ldcms/default/js/axios.min.js?v=1.0.13"
[ error ] [8192]preg_match(): Passing null to parameter #2 ($subject) of type string is deprecated
[ error ] [8192]preg_match(): Passing null to parameter #2 ($subject) of type string is deprecated
[ error ] [8192]preg_match(): Passing null to parameter #2 ($subject) of type string is deprecated
[ error ] [8192]preg_match(): Passing null to parameter #2 ($subject) of type string is deprecated
[ error ] [8192]preg_match(): Passing null to parameter #2 ($subject) of type string is deprecated
[ error ] [8192]preg_match(): Passing null to parameter #2 ($subject) of type string is deprecated
---------------------------------------------------------------
[ 2026-03-16T14:13:06+08:00 ] 93.123.109.214 GET www.punalei.cn/backend/.env
[ error ] [8192]preg_match(): Passing null to parameter #2 ($subject) of type string is deprecated
[ error ] [8192]preg_match(): Passing null to parameter #2 ($subject) of type string is deprecated
[ error ] [8192]preg_match(): Passing null to parameter #2 ($subject) of type string is deprecated
[ error ] [8192]preg_match(): Passing null to parameter #2 ($subject) of type string is deprecated
[ error ] [8192]preg_match(): Passing null to parameter #2 ($subject) of type string is deprecated
[ error ] [8192]preg_match(): Passing null to parameter #2 ($subject) of type string is deprecated
---------------------------------------------------------------
[ 2026-03-16T14:13:07+08:00 ] 93.123.109.214 GET www.punalei.cn/admin/.env
[ error ] [8192]preg_match(): Passing null to parameter #2 ($subject) of type string is deprecated
[ error ] [8192]preg_match(): Passing null to parameter #2 ($subject) of type string is deprecated
[ error ] [8192]preg_match(): Passing null to parameter #2 ($subject) of type string is deprecated
[ error ] [8192]preg_match(): Passing null to parameter #2 ($subject) of type string is deprecated
[ error ] [8192]preg_match(): Passing null to parameter #2 ($subject) of type string is deprecated
[ error ] [8192]preg_match(): Passing null to parameter #2 ($subject) of type string is deprecated
---------------------------------------------------------------
[ 2026-03-16T14:13:08+08:00 ] 93.123.109.214 GET www.punalei.cn/.git/config
[ error ] [8192]preg_match(): Passing null to parameter #2 ($subject) of type string is deprecated
[ error ] [8192]preg_match(): Passing null to parameter #2 ($subject) of type string is deprecated
[ error ] [8192]preg_match(): Passing null to parameter #2 ($subject) of type string is deprecated
[ error ] [8192]preg_match(): Passing null to parameter #2 ($subject) of type string is deprecated
[ error ] [8192]preg_match(): Passing null to parameter #2 ($subject) of type string is deprecated
[ error ] [8192]preg_match(): Passing null to parameter #2 ($subject) of type string is deprecated
---------------------------------------------------------------
[ 2026-03-16T14:13:08+08:00 ] 93.123.109.214 GET www.punalei.cn/wp-config.php
[ error ] [8192]preg_match(): Passing null to parameter #2 ($subject) of type string is deprecated
[ error ] [8192]preg_match(): Passing null to parameter #2 ($subject) of type string is deprecated
[ error ] [8192]preg_match(): Passing null to parameter #2 ($subject) of type string is deprecated
[ error ] [8192]preg_match(): Passing null to parameter #2 ($subject) of type string is deprecated
[ error ] [8192]preg_match(): Passing null to parameter #2 ($subject) of type string is deprecated
[ error ] [8192]preg_match(): Passing null to parameter #2 ($subject) of type string is deprecated
---------------------------------------------------------------
[ 2026-03-16T14:13:08+08:00 ] 93.123.109.214 GET www.punalei.cn/wp-config.php.old
[ error ] [8192]preg_match(): Passing null to parameter #2 ($subject) of type string is deprecated
[ error ] [8192]preg_match(): Passing null to parameter #2 ($subject) of type string is deprecated
[ error ] [8192]preg_match(): Passing null to parameter #2 ($subject) of type string is deprecated
[ error ] [8192]preg_match(): Passing null to parameter #2 ($subject) of type string is deprecated
[ error ] [8192]preg_match(): Passing null to parameter #2 ($subject) of type string is deprecated
[ error ] [8192]preg_match(): Passing null to parameter #2 ($subject) of type string is deprecated
---------------------------------------------------------------
[ 2026-03-16T14:13:08+08:00 ] 93.123.109.214 GET www.punalei.cn/config.php
[ error ] [8192]preg_match(): Passing null to parameter #2 ($subject) of type string is deprecated
[ error ] [8192]preg_match(): Passing null to parameter #2 ($subject) of type string is deprecated
[ error ] [8192]preg_match(): Passing null to parameter #2 ($subject) of type string is deprecated
[ error ] [8192]preg_match(): Passing null to parameter #2 ($subject) of type string is deprecated
[ error ] [8192]preg_match(): Passing null to parameter #2 ($subject) of type string is deprecated
[ error ] [8192]preg_match(): Passing null to parameter #2 ($subject) of type string is deprecated
---------------------------------------------------------------
[ 2026-03-16T14:13:09+08:00 ] 93.123.109.214 GET www.punalei.cn/config.php.bak
[ error ] [8192]preg_match(): Passing null to parameter #2 ($subject) of type string is deprecated
[ error ] [8192]preg_match(): Passing null to parameter #2 ($subject) of type string is deprecated
[ error ] [8192]preg_match(): Passing null to parameter #2 ($subject) of type string is deprecated
[ error ] [8192]preg_match(): Passing null to parameter #2 ($subject) of type string is deprecated
[ error ] [8192]preg_match(): Passing null to parameter #2 ($subject) of type string is deprecated
[ error ] [8192]preg_match(): Passing null to parameter #2 ($subject) of type string is deprecated
---------------------------------------------------------------
[ 2026-03-16T14:13:09+08:00 ] 93.123.109.214 GET www.punalei.cn/config.js
[ error ] [8192]preg_match(): Passing null to parameter #2 ($subject) of type string is deprecated
[ error ] [8192]preg_match(): Passing null to parameter #2 ($subject) of type string is deprecated
[ error ] [8192]preg_match(): Passing null to parameter #2 ($subject) of type string is deprecated
[ error ] [8192]preg_match(): Passing null to parameter #2 ($subject) of type string is deprecated
[ error ] [8192]preg_match(): Passing null to parameter #2 ($subject) of type string is deprecated
[ error ] [8192]preg_match(): Passing null to parameter #2 ($subject) of type string is deprecated
---------------------------------------------------------------
[ 2026-03-16T14:13:09+08:00 ] 93.123.109.214 GET www.punalei.cn/aws-config.js
[ error ] [8192]preg_match(): Passing null to parameter #2 ($subject) of type string is deprecated
[ error ] [8192]preg_match(): Passing null to parameter #2 ($subject) of type string is deprecated
[ error ] [8192]preg_match(): Passing null to parameter #2 ($subject) of type string is deprecated
[ error ] [8192]preg_match(): Passing null to parameter #2 ($subject) of type string is deprecated
[ error ] [8192]preg_match(): Passing null to parameter #2 ($subject) of type string is deprecated
[ error ] [8192]preg_match(): Passing null to parameter #2 ($subject) of type string is deprecated
---------------------------------------------------------------
[ 2026-03-16T14:13:09+08:00 ] 93.123.109.214 GET www.punalei.cn/aws.config.js
[ error ] [8192]preg_match(): Passing null to parameter #2 ($subject) of type string is deprecated
[ error ] [8192]preg_match(): Passing null to parameter #2 ($subject) of type string is deprecated
[ error ] [8192]preg_match(): Passing null to parameter #2 ($subject) of type string is deprecated
[ error ] [8192]preg_match(): Passing null to parameter #2 ($subject) of type string is deprecated
[ error ] [8192]preg_match(): Passing null to parameter #2 ($subject) of type string is deprecated
[ error ] [8192]preg_match(): Passing null to parameter #2 ($subject) of type string is deprecated
---------------------------------------------------------------
[ 2026-03-16T14:13:10+08:00 ] 93.123.109.214 GET www.punalei.cn/.git/HEAD
[ error ] [8192]preg_match(): Passing null to parameter #2 ($subject) of type string is deprecated
[ error ] [8192]preg_match(): Passing null to parameter #2 ($subject) of type string is deprecated
[ error ] [8192]preg_match(): Passing null to parameter #2 ($subject) of type string is deprecated
[ error ] [8192]preg_match(): Passing null to parameter #2 ($subject) of type string is deprecated
[ error ] [8192]preg_match(): Passing null to parameter #2 ($subject) of type string is deprecated
[ error ] [8192]preg_match(): Passing null to parameter #2 ($subject) of type string is deprecated
---------------------------------------------------------------
[ 2026-03-16T14:13:10+08:00 ] 93.123.109.214 GET www.punalei.cn/.git/config
[ error ] [8192]preg_match(): Passing null to parameter #2 ($subject) of type string is deprecated
[ error ] [8192]preg_match(): Passing null to parameter #2 ($subject) of type string is deprecated
[ error ] [8192]preg_match(): Passing null to parameter #2 ($subject) of type string is deprecated
[ error ] [8192]preg_match(): Passing null to parameter #2 ($subject) of type string is deprecated
[ error ] [8192]preg_match(): Passing null to parameter #2 ($subject) of type string is deprecated
[ error ] [8192]preg_match(): Passing null to parameter #2 ($subject) of type string is deprecated
---------------------------------------------------------------
[ 2026-03-16T14:21:45+08:00 ] 103.127.30.46 GET 120.24.147.77/
[ error ] [8192]preg_match(): Passing null to parameter #2 ($subject) of type string is deprecated
[ error ] [8192]preg_match(): Passing null to parameter #2 ($subject) of type string is deprecated
[ error ] [8192]preg_match(): Passing null to parameter #2 ($subject) of type string is deprecated
[ error ] [8192]preg_match(): Passing null to parameter #2 ($subject) of type string is deprecated
[ error ] [8192]preg_match(): Passing null to parameter #2 ($subject) of type string is deprecated
[ error ] [8192]preg_match(): Passing null to parameter #2 ($subject) of type string is deprecated
[ error ] [8192]preg_match(): Passing null to parameter #2 ($subject) of type string is deprecated
[ error ] [8192]preg_match(): Passing null to parameter #2 ($subject) of type string is deprecated
[ error ] [8192]Automatic conversion of false to array is deprecated
[ error ] [2]Undefined array key "title"
[ error ] [2]Undefined array key "title"
[ error ] [2]Undefined array key "title"
[ error ] [2]Undefined array key "title"
---------------------------------------------------------------
[ 2026-03-16T14:22:01+08:00 ] 149.86.227.60 GET 120.24.147.77/
[ error ] [8192]preg_match(): Passing null to parameter #2 ($subject) of type string is deprecated
[ error ] [8192]preg_match(): Passing null to parameter #2 ($subject) of type string is deprecated
[ error ] [8192]preg_match(): Passing null to parameter #2 ($subject) of type string is deprecated
[ error ] [8192]preg_match(): Passing null to parameter #2 ($subject) of type string is deprecated
[ error ] [8192]preg_match(): Passing null to parameter #2 ($subject) of type string is deprecated
[ error ] [8192]preg_match(): Passing null to parameter #2 ($subject) of type string is deprecated
[ error ] [8192]preg_match(): Passing null to parameter #2 ($subject) of type string is deprecated
[ error ] [8192]preg_match(): Passing null to parameter #2 ($subject) of type string is deprecated
[ error ] [8192]Automatic conversion of false to array is deprecated
[ error ] [2]Undefined array key "title"
[ error ] [2]Undefined array key "title"
[ error ] [2]Undefined array key "title"
[ error ] [2]Undefined array key "title"
---------------------------------------------------------------
[ 2026-03-16T14:35:34+08:00 ] 20.172.67.176 GET 120.24.147.77/owa/auth/logon.aspx
[ error ] [8192]preg_match(): Passing null to parameter #2 ($subject) of type string is deprecated
[ error ] [8192]preg_match(): Passing null to parameter #2 ($subject) of type string is deprecated
[ error ] [8192]preg_match(): Passing null to parameter #2 ($subject) of type string is deprecated
[ error ] [8192]preg_match(): Passing null to parameter #2 ($subject) of type string is deprecated
[ error ] [8192]preg_match(): Passing null to parameter #2 ($subject) of type string is deprecated
[ error ] [8192]preg_match(): Passing null to parameter #2 ($subject) of type string is deprecated
---------------------------------------------------------------
[ 2026-03-16T14:35:34+08:00 ] 20.172.67.176 GET 120.24.147.77/owa/auth/logon.aspx
[ error ] [8192]preg_match(): Passing null to parameter #2 ($subject) of type string is deprecated
[ error ] [8192]preg_match(): Passing null to parameter #2 ($subject) of type string is deprecated
[ error ] [8192]preg_match(): Passing null to parameter #2 ($subject) of type string is deprecated
[ error ] [8192]preg_match(): Passing null to parameter #2 ($subject) of type string is deprecated
[ error ] [8192]preg_match(): Passing null to parameter #2 ($subject) of type string is deprecated
[ error ] [8192]preg_match(): Passing null to parameter #2 ($subject) of type string is deprecated
---------------------------------------------------------------
[ 2026-03-16T14:47:34+08:00 ] 206.168.34.51 GET 120.24.147.77/favicon.ico
[ error ] [8192]preg_match(): Passing null to parameter #2 ($subject) of type string is deprecated
[ error ] [8192]preg_match(): Passing null to parameter #2 ($subject) of type string is deprecated
[ error ] [8192]preg_match(): Passing null to parameter #2 ($subject) of type string is deprecated
[ error ] [8192]preg_match(): Passing null to parameter #2 ($subject) of type string is deprecated
[ error ] [8192]preg_match(): Passing null to parameter #2 ($subject) of type string is deprecated
[ error ] [8192]preg_match(): Passing null to parameter #2 ($subject) of type string is deprecated
---------------------------------------------------------------
[ 2026-03-16T14:47:34+08:00 ] 206.168.34.51 GET 120.24.147.77/favicon.ico
[ error ] [8192]preg_match(): Passing null to parameter #2 ($subject) of type string is deprecated
[ error ] [8192]preg_match(): Passing null to parameter #2 ($subject) of type string is deprecated
[ error ] [8192]preg_match(): Passing null to parameter #2 ($subject) of type string is deprecated
[ error ] [8192]preg_match(): Passing null to parameter #2 ($subject) of type string is deprecated
[ error ] [8192]preg_match(): Passing null to parameter #2 ($subject) of type string is deprecated
[ error ] [8192]preg_match(): Passing null to parameter #2 ($subject) of type string is deprecated
---------------------------------------------------------------
[ 2026-03-16T14:47:47+08:00 ] 206.168.34.51 GET 120.24.147.77/w6eknqv25h
[ error ] [8192]preg_match(): Passing null to parameter #2 ($subject) of type string is deprecated
[ error ] [8192]preg_match(): Passing null to parameter #2 ($subject) of type string is deprecated
[ error ] [8192]preg_match(): Passing null to parameter #2 ($subject) of type string is deprecated
[ error ] [8192]preg_match(): Passing null to parameter #2 ($subject) of type string is deprecated
[ error ] [8192]preg_match(): Passing null to parameter #2 ($subject) of type string is deprecated
[ error ] [8192]preg_match(): Passing null to parameter #2 ($subject) of type string is deprecated
---------------------------------------------------------------
[ 2026-03-16T14:47:47+08:00 ] 206.168.34.51 GET 120.24.147.77/w6eknqv25h
[ error ] [8192]preg_match(): Passing null to parameter #2 ($subject) of type string is deprecated
[ error ] [8192]preg_match(): Passing null to parameter #2 ($subject) of type string is deprecated
[ error ] [8192]preg_match(): Passing null to parameter #2 ($subject) of type string is deprecated
[ error ] [8192]preg_match(): Passing null to parameter #2 ($subject) of type string is deprecated
[ error ] [8192]preg_match(): Passing null to parameter #2 ($subject) of type string is deprecated
[ error ] [8192]preg_match(): Passing null to parameter #2 ($subject) of type string is deprecated
---------------------------------------------------------------
[ 2026-03-16T14:49:12+08:00 ] 167.94.138.161 GET 120.24.147.77/
[ error ] [8192]preg_match(): Passing null to parameter #2 ($subject) of type string is deprecated
[ error ] [8192]preg_match(): Passing null to parameter #2 ($subject) of type string is deprecated
[ error ] [8192]preg_match(): Passing null to parameter #2 ($subject) of type string is deprecated
[ error ] [8192]preg_match(): Passing null to parameter #2 ($subject) of type string is deprecated
[ error ] [8192]preg_match(): Passing null to parameter #2 ($subject) of type string is deprecated
[ error ] [8192]preg_match(): Passing null to parameter #2 ($subject) of type string is deprecated
[ error ] [8192]preg_match(): Passing null to parameter #2 ($subject) of type string is deprecated
[ error ] [8192]preg_match(): Passing null to parameter #2 ($subject) of type string is deprecated
[ error ] [8192]Automatic conversion of false to array is deprecated
[ error ] [2]Undefined array key "title"
[ error ] [2]Undefined array key "title"
[ error ] [2]Undefined array key "title"
[ error ] [2]Undefined array key "title"
---------------------------------------------------------------
[ 2026-03-16T14:49:25+08:00 ] 167.94.138.161 GET 120.24.147.77/favicon.ico
[ error ] [8192]preg_match(): Passing null to parameter #2 ($subject) of type string is deprecated
[ error ] [8192]preg_match(): Passing null to parameter #2 ($subject) of type string is deprecated
[ error ] [8192]preg_match(): Passing null to parameter #2 ($subject) of type string is deprecated
[ error ] [8192]preg_match(): Passing null to parameter #2 ($subject) of type string is deprecated
[ error ] [8192]preg_match(): Passing null to parameter #2 ($subject) of type string is deprecated
[ error ] [8192]preg_match(): Passing null to parameter #2 ($subject) of type string is deprecated
---------------------------------------------------------------
[ 2026-03-16T14:49:25+08:00 ] 167.94.138.161 GET 120.24.147.77/favicon.ico
[ error ] [8192]preg_match(): Passing null to parameter #2 ($subject) of type string is deprecated
[ error ] [8192]preg_match(): Passing null to parameter #2 ($subject) of type string is deprecated
[ error ] [8192]preg_match(): Passing null to parameter #2 ($subject) of type string is deprecated
[ error ] [8192]preg_match(): Passing null to parameter #2 ($subject) of type string is deprecated
[ error ] [8192]preg_match(): Passing null to parameter #2 ($subject) of type string is deprecated
[ error ] [8192]preg_match(): Passing null to parameter #2 ($subject) of type string is deprecated
---------------------------------------------------------------
[ 2026-03-16T14:50:27+08:00 ] 167.94.138.161 GET 120.24.147.77/security.txt
[ error ] [8192]preg_match(): Passing null to parameter #2 ($subject) of type string is deprecated
[ error ] [8192]preg_match(): Passing null to parameter #2 ($subject) of type string is deprecated
[ error ] [8192]preg_match(): Passing null to parameter #2 ($subject) of type string is deprecated
[ error ] [8192]preg_match(): Passing null to parameter #2 ($subject) of type string is deprecated
[ error ] [8192]preg_match(): Passing null to parameter #2 ($subject) of type string is deprecated
[ error ] [8192]preg_match(): Passing null to parameter #2 ($subject) of type string is deprecated
---------------------------------------------------------------
[ 2026-03-16T14:50:27+08:00 ] 167.94.138.161 GET 120.24.147.77/security.txt
[ error ] [8192]preg_match(): Passing null to parameter #2 ($subject) of type string is deprecated
[ error ] [8192]preg_match(): Passing null to parameter #2 ($subject) of type string is deprecated
[ error ] [8192]preg_match(): Passing null to parameter #2 ($subject) of type string is deprecated
[ error ] [8192]preg_match(): Passing null to parameter #2 ($subject) of type string is deprecated
[ error ] [8192]preg_match(): Passing null to parameter #2 ($subject) of type string is deprecated
[ error ] [8192]preg_match(): Passing null to parameter #2 ($subject) of type string is deprecated
---------------------------------------------------------------
[ 2026-03-16T14:59:39+08:00 ] 52.167.144.197 GET www.punalei.cn/ldcms/ceshi.html
[ error ] [8192]preg_match(): Passing null to parameter #2 ($subject) of type string is deprecated
[ error ] [8192]preg_match(): Passing null to parameter #2 ($subject) of type string is deprecated
[ error ] [8192]preg_match(): Passing null to parameter #2 ($subject) of type string is deprecated
[ error ] [8192]preg_match(): Passing null to parameter #2 ($subject) of type string is deprecated
[ error ] [8192]preg_match(): Passing null to parameter #2 ($subject) of type string is deprecated
[ error ] [8192]preg_match(): Passing null to parameter #2 ($subject) of type string is deprecated
[ error ] [8192]preg_match(): Passing null to parameter #2 ($subject) of type string is deprecated
[ error ] [8192]preg_match(): Passing null to parameter #2 ($subject) of type string is deprecated
[ error ] [8192]Automatic conversion of false to array is deprecated
---------------------------------------------------------------
[ 2026-03-16T15:01:50+08:00 ] 40.124.186.155 GET 120.24.147.77/actuator/health
[ error ] [8192]preg_match(): Passing null to parameter #2 ($subject) of type string is deprecated
[ error ] [8192]preg_match(): Passing null to parameter #2 ($subject) of type string is deprecated
[ error ] [8192]preg_match(): Passing null to parameter #2 ($subject) of type string is deprecated
[ error ] [8192]preg_match(): Passing null to parameter #2 ($subject) of type string is deprecated
[ error ] [8192]preg_match(): Passing null to parameter #2 ($subject) of type string is deprecated
[ error ] [8192]preg_match(): Passing null to parameter #2 ($subject) of type string is deprecated
---------------------------------------------------------------
[ 2026-03-16T15:01:50+08:00 ] 40.124.186.155 GET 120.24.147.77/actuator/health
[ error ] [8192]preg_match(): Passing null to parameter #2 ($subject) of type string is deprecated
[ error ] [8192]preg_match(): Passing null to parameter #2 ($subject) of type string is deprecated
[ error ] [8192]preg_match(): Passing null to parameter #2 ($subject) of type string is deprecated
[ error ] [8192]preg_match(): Passing null to parameter #2 ($subject) of type string is deprecated
[ error ] [8192]preg_match(): Passing null to parameter #2 ($subject) of type string is deprecated
[ error ] [8192]preg_match(): Passing null to parameter #2 ($subject) of type string is deprecated
---------------------------------------------------------------
[ 2026-03-16T15:02:41+08:00 ] 68.183.151.56 GET 120.24.147.77/.git/config
[ error ] [8192]preg_match(): Passing null to parameter #2 ($subject) of type string is deprecated
[ error ] [8192]preg_match(): Passing null to parameter #2 ($subject) of type string is deprecated
[ error ] [8192]preg_match(): Passing null to parameter #2 ($subject) of type string is deprecated
[ error ] [8192]preg_match(): Passing null to parameter #2 ($subject) of type string is deprecated
[ error ] [8192]preg_match(): Passing null to parameter #2 ($subject) of type string is deprecated
[ error ] [8192]preg_match(): Passing null to parameter #2 ($subject) of type string is deprecated
---------------------------------------------------------------
[ 2026-03-16T15:11:13+08:00 ] 65.49.20.66 GET 120.24.147.77/
[ error ] [8192]preg_match(): Passing null to parameter #2 ($subject) of type string is deprecated
[ error ] [8192]preg_match(): Passing null to parameter #2 ($subject) of type string is deprecated
[ error ] [8192]preg_match(): Passing null to parameter #2 ($subject) of type string is deprecated
[ error ] [8192]preg_match(): Passing null to parameter #2 ($subject) of type string is deprecated
[ error ] [8192]preg_match(): Passing null to parameter #2 ($subject) of type string is deprecated
[ error ] [8192]preg_match(): Passing null to parameter #2 ($subject) of type string is deprecated
[ error ] [8192]preg_match(): Passing null to parameter #2 ($subject) of type string is deprecated
[ error ] [8192]preg_match(): Passing null to parameter #2 ($subject) of type string is deprecated
[ error ] [8192]Automatic conversion of false to array is deprecated
[ error ] [2]Undefined array key "title"
[ error ] [2]Undefined array key "title"
[ error ] [2]Undefined array key "title"
[ error ] [2]Undefined array key "title"
---------------------------------------------------------------
[ 2026-03-16T15:12:33+08:00 ] 65.49.20.66 GET 120.24.147.77/webui/
[ error ] [8192]preg_match(): Passing null to parameter #2 ($subject) of type string is deprecated
[ error ] [8192]preg_match(): Passing null to parameter #2 ($subject) of type string is deprecated
[ error ] [8192]preg_match(): Passing null to parameter #2 ($subject) of type string is deprecated
[ error ] [8192]preg_match(): Passing null to parameter #2 ($subject) of type string is deprecated
[ error ] [8192]preg_match(): Passing null to parameter #2 ($subject) of type string is deprecated
[ error ] [8192]preg_match(): Passing null to parameter #2 ($subject) of type string is deprecated
---------------------------------------------------------------
[ 2026-03-16T15:12:33+08:00 ] 65.49.20.66 GET 120.24.147.77/webui/
[ error ] [8192]preg_match(): Passing null to parameter #2 ($subject) of type string is deprecated
[ error ] [8192]preg_match(): Passing null to parameter #2 ($subject) of type string is deprecated
[ error ] [8192]preg_match(): Passing null to parameter #2 ($subject) of type string is deprecated
[ error ] [8192]preg_match(): Passing null to parameter #2 ($subject) of type string is deprecated
[ error ] [8192]preg_match(): Passing null to parameter #2 ($subject) of type string is deprecated
[ error ] [8192]preg_match(): Passing null to parameter #2 ($subject) of type string is deprecated
---------------------------------------------------------------
[ 2026-03-16T15:14:08+08:00 ] 65.49.20.66 GET 120.24.147.77/favicon.ico
[ error ] [8192]preg_match(): Passing null to parameter #2 ($subject) of type string is deprecated
[ error ] [8192]preg_match(): Passing null to parameter #2 ($subject) of type string is deprecated
[ error ] [8192]preg_match(): Passing null to parameter #2 ($subject) of type string is deprecated
[ error ] [8192]preg_match(): Passing null to parameter #2 ($subject) of type string is deprecated
[ error ] [8192]preg_match(): Passing null to parameter #2 ($subject) of type string is deprecated
[ error ] [8192]preg_match(): Passing null to parameter #2 ($subject) of type string is deprecated
---------------------------------------------------------------
[ 2026-03-16T15:14:08+08:00 ] 65.49.20.66 GET 120.24.147.77/favicon.ico
[ error ] [8192]preg_match(): Passing null to parameter #2 ($subject) of type string is deprecated
[ error ] [8192]preg_match(): Passing null to parameter #2 ($subject) of type string is deprecated
[ error ] [8192]preg_match(): Passing null to parameter #2 ($subject) of type string is deprecated
[ error ] [8192]preg_match(): Passing null to parameter #2 ($subject) of type string is deprecated
[ error ] [8192]preg_match(): Passing null to parameter #2 ($subject) of type string is deprecated
[ error ] [8192]preg_match(): Passing null to parameter #2 ($subject) of type string is deprecated
---------------------------------------------------------------
[ 2026-03-16T15:15:24+08:00 ] 65.49.20.66 GET 120.24.147.77/geoserver/web/
[ error ] [8192]preg_match(): Passing null to parameter #2 ($subject) of type string is deprecated
[ error ] [8192]preg_match(): Passing null to parameter #2 ($subject) of type string is deprecated
[ error ] [8192]preg_match(): Passing null to parameter #2 ($subject) of type string is deprecated
[ error ] [8192]preg_match(): Passing null to parameter #2 ($subject) of type string is deprecated
[ error ] [8192]preg_match(): Passing null to parameter #2 ($subject) of type string is deprecated
[ error ] [8192]preg_match(): Passing null to parameter #2 ($subject) of type string is deprecated
---------------------------------------------------------------
[ 2026-03-16T15:15:24+08:00 ] 65.49.20.66 GET 120.24.147.77/geoserver/web/
[ error ] [8192]preg_match(): Passing null to parameter #2 ($subject) of type string is deprecated
[ error ] [8192]preg_match(): Passing null to parameter #2 ($subject) of type string is deprecated
[ error ] [8192]preg_match(): Passing null to parameter #2 ($subject) of type string is deprecated
[ error ] [8192]preg_match(): Passing null to parameter #2 ($subject) of type string is deprecated
[ error ] [8192]preg_match(): Passing null to parameter #2 ($subject) of type string is deprecated
[ error ] [8192]preg_match(): Passing null to parameter #2 ($subject) of type string is deprecated
---------------------------------------------------------------
[ 2026-03-16T15:25:18+08:00 ] 81.29.142.6 GET 120.24.147.77/
[ error ] [8192]preg_match(): Passing null to parameter #2 ($subject) of type string is deprecated
[ error ] [8192]preg_match(): Passing null to parameter #2 ($subject) of type string is deprecated
[ error ] [8192]preg_match(): Passing null to parameter #2 ($subject) of type string is deprecated
[ error ] [8192]preg_match(): Passing null to parameter #2 ($subject) of type string is deprecated
[ error ] [8192]preg_match(): Passing null to parameter #2 ($subject) of type string is deprecated
[ error ] [8192]preg_match(): Passing null to parameter #2 ($subject) of type string is deprecated
[ error ] [8192]preg_match(): Passing null to parameter #2 ($subject) of type string is deprecated
[ error ] [8192]preg_match(): Passing null to parameter #2 ($subject) of type string is deprecated
[ error ] [8192]Automatic conversion of false to array is deprecated
[ error ] [2]Undefined array key "title"
[ error ] [2]Undefined array key "title"
[ error ] [2]Undefined array key "title"
[ error ] [2]Undefined array key "title"
---------------------------------------------------------------
[ 2026-03-16T15:25:34+08:00 ] 81.29.142.6 GET 120.24.147.77/
[ error ] [8192]preg_match(): Passing null to parameter #2 ($subject) of type string is deprecated
[ error ] [8192]preg_match(): Passing null to parameter #2 ($subject) of type string is deprecated
[ error ] [8192]preg_match(): Passing null to parameter #2 ($subject) of type string is deprecated
[ error ] [8192]preg_match(): Passing null to parameter #2 ($subject) of type string is deprecated
[ error ] [8192]preg_match(): Passing null to parameter #2 ($subject) of type string is deprecated
[ error ] [8192]preg_match(): Passing null to parameter #2 ($subject) of type string is deprecated
[ error ] [8192]preg_match(): Passing null to parameter #2 ($subject) of type string is deprecated
[ error ] [8192]preg_match(): Passing null to parameter #2 ($subject) of type string is deprecated
[ error ] [8192]Automatic conversion of false to array is deprecated
[ error ] [2]Undefined array key "title"
[ error ] [2]Undefined array key "title"
[ error ] [2]Undefined array key "title"
[ error ] [2]Undefined array key "title"
---------------------------------------------------------------
[ 2026-03-16T15:25:50+08:00 ] 185.12.59.118 GET 120.24.147.77/
[ error ] [8192]preg_match(): Passing null to parameter #2 ($subject) of type string is deprecated
[ error ] [8192]preg_match(): Passing null to parameter #2 ($subject) of type string is deprecated
[ error ] [8192]preg_match(): Passing null to parameter #2 ($subject) of type string is deprecated
[ error ] [8192]preg_match(): Passing null to parameter #2 ($subject) of type string is deprecated
[ error ] [8192]preg_match(): Passing null to parameter #2 ($subject) of type string is deprecated
[ error ] [8192]preg_match(): Passing null to parameter #2 ($subject) of type string is deprecated
[ error ] [8192]preg_match(): Passing null to parameter #2 ($subject) of type string is deprecated
[ error ] [8192]preg_match(): Passing null to parameter #2 ($subject) of type string is deprecated
[ error ] [8192]Automatic conversion of false to array is deprecated
[ error ] [2]Undefined array key "title"
[ error ] [2]Undefined array key "title"
[ error ] [2]Undefined array key "title"
[ error ] [2]Undefined array key "title"
---------------------------------------------------------------
[ 2026-03-16T15:42:42+08:00 ] 91.230.168.177 GET 120.24.147.77/
[ error ] [8192]preg_match(): Passing null to parameter #2 ($subject) of type string is deprecated
[ error ] [8192]preg_match(): Passing null to parameter #2 ($subject) of type string is deprecated
[ error ] [8192]preg_match(): Passing null to parameter #2 ($subject) of type string is deprecated
[ error ] [8192]preg_match(): Passing null to parameter #2 ($subject) of type string is deprecated
[ error ] [8192]preg_match(): Passing null to parameter #2 ($subject) of type string is deprecated
[ error ] [8192]preg_match(): Passing null to parameter #2 ($subject) of type string is deprecated
[ error ] [8192]preg_match(): Passing null to parameter #2 ($subject) of type string is deprecated
[ error ] [8192]preg_match(): Passing null to parameter #2 ($subject) of type string is deprecated
[ error ] [8192]Automatic conversion of false to array is deprecated
[ error ] [2]Undefined array key "title"
[ error ] [2]Undefined array key "title"
[ error ] [2]Undefined array key "title"
[ error ] [2]Undefined array key "title"
---------------------------------------------------------------
[ 2026-03-16T15:45:39+08:00 ] 195.184.76.90 GET 120.24.147.77/uploads/20250705/93a02783e7874deb423d980c973e71dc.jpg
[ error ] [8192]preg_match(): Passing null to parameter #2 ($subject) of type string is deprecated
[ error ] [8192]preg_match(): Passing null to parameter #2 ($subject) of type string is deprecated
[ error ] [8192]preg_match(): Passing null to parameter #2 ($subject) of type string is deprecated
[ error ] [8192]preg_match(): Passing null to parameter #2 ($subject) of type string is deprecated
[ error ] [8192]preg_match(): Passing null to parameter #2 ($subject) of type string is deprecated
[ error ] [8192]preg_match(): Passing null to parameter #2 ($subject) of type string is deprecated
---------------------------------------------------------------
[ 2026-03-16T15:47:50+08:00 ] 149.57.180.156 GET www.punalei.cn/
[ error ] [8192]preg_match(): Passing null to parameter #2 ($subject) of type string is deprecated
[ error ] [8192]preg_match(): Passing null to parameter #2 ($subject) of type string is deprecated
[ error ] [8192]preg_match(): Passing null to parameter #2 ($subject) of type string is deprecated
[ error ] [8192]preg_match(): Passing null to parameter #2 ($subject) of type string is deprecated
[ error ] [8192]preg_match(): Passing null to parameter #2 ($subject) of type string is deprecated
[ error ] [8192]preg_match(): Passing null to parameter #2 ($subject) of type string is deprecated
[ error ] [8192]preg_match(): Passing null to parameter #2 ($subject) of type string is deprecated
[ error ] [8192]preg_match(): Passing null to parameter #2 ($subject) of type string is deprecated
[ error ] [8192]Automatic conversion of false to array is deprecated
[ error ] [2]Undefined array key "title"
[ error ] [2]Undefined array key "title"
[ error ] [2]Undefined array key "title"
[ error ] [2]Undefined array key "title"
---------------------------------------------------------------
[ 2026-03-16T15:48:05+08:00 ] 149.57.180.20 GET punalei.cn/
[ error ] [8192]preg_match(): Passing null to parameter #2 ($subject) of type string is deprecated
[ error ] [8192]preg_match(): Passing null to parameter #2 ($subject) of type string is deprecated
[ error ] [8192]preg_match(): Passing null to parameter #2 ($subject) of type string is deprecated
[ error ] [8192]preg_match(): Passing null to parameter #2 ($subject) of type string is deprecated
[ error ] [8192]preg_match(): Passing null to parameter #2 ($subject) of type string is deprecated
[ error ] [8192]preg_match(): Passing null to parameter #2 ($subject) of type string is deprecated
[ error ] [8192]preg_match(): Passing null to parameter #2 ($subject) of type string is deprecated
[ error ] [8192]preg_match(): Passing null to parameter #2 ($subject) of type string is deprecated
[ error ] [8192]Automatic conversion of false to array is deprecated
[ error ] [2]Undefined array key "title"
[ error ] [2]Undefined array key "title"
[ error ] [2]Undefined array key "title"
[ error ] [2]Undefined array key "title"
---------------------------------------------------------------
[ 2026-03-16T15:54:07+08:00 ] 42.83.147.53 GET punalei.cn/
[ error ] [8192]preg_match(): Passing null to parameter #2 ($subject) of type string is deprecated
[ error ] [8192]preg_match(): Passing null to parameter #2 ($subject) of type string is deprecated
[ error ] [8192]preg_match(): Passing null to parameter #2 ($subject) of type string is deprecated
[ error ] [8192]preg_match(): Passing null to parameter #2 ($subject) of type string is deprecated
[ error ] [8192]preg_match(): Passing null to parameter #2 ($subject) of type string is deprecated
[ error ] [8192]preg_match(): Passing null to parameter #2 ($subject) of type string is deprecated
[ error ] [8192]preg_match(): Passing null to parameter #2 ($subject) of type string is deprecated
[ error ] [8192]preg_match(): Passing null to parameter #2 ($subject) of type string is deprecated
[ error ] [8192]Automatic conversion of false to array is deprecated
[ error ] [2]Undefined array key "title"
[ error ] [2]Undefined array key "title"
[ error ] [2]Undefined array key "title"
[ error ] [2]Undefined array key "title"
---------------------------------------------------------------
[ 2026-03-16T15:54:07+08:00 ] 42.83.147.53 GET punalei.cn/
[ error ] [8192]preg_match(): Passing null to parameter #2 ($subject) of type string is deprecated
[ error ] [8192]preg_match(): Passing null to parameter #2 ($subject) of type string is deprecated
[ error ] [8192]preg_match(): Passing null to parameter #2 ($subject) of type string is deprecated
[ error ] [8192]preg_match(): Passing null to parameter #2 ($subject) of type string is deprecated
[ error ] [8192]preg_match(): Passing null to parameter #2 ($subject) of type string is deprecated
[ error ] [8192]preg_match(): Passing null to parameter #2 ($subject) of type string is deprecated
[ error ] [8192]preg_match(): Passing null to parameter #2 ($subject) of type string is deprecated
[ error ] [8192]Automatic conversion of false to array is deprecated
[ error ] [2]Undefined array key "title"
[ error ] [2]Undefined array key "title"
[ error ] [2]Undefined array key "title"
[ error ] [2]Undefined array key "title"
---------------------------------------------------------------
[ 2026-03-16T16:00:30+08:00 ] 45.148.10.243 GET punalei.cn/
[ error ] [8192]preg_match(): Passing null to parameter #2 ($subject) of type string is deprecated
[ error ] [8192]preg_match(): Passing null to parameter #2 ($subject) of type string is deprecated
[ error ] [8192]preg_match(): Passing null to parameter #2 ($subject) of type string is deprecated
[ error ] [8192]preg_match(): Passing null to parameter #2 ($subject) of type string is deprecated
[ error ] [8192]preg_match(): Passing null to parameter #2 ($subject) of type string is deprecated
[ error ] [8192]preg_match(): Passing null to parameter #2 ($subject) of type string is deprecated
[ error ] [8192]preg_match(): Passing null to parameter #2 ($subject) of type string is deprecated
[ error ] [8192]preg_match(): Passing null to parameter #2 ($subject) of type string is deprecated
[ error ] [8192]Automatic conversion of false to array is deprecated
[ error ] [2]Undefined array key "title"
[ error ] [2]Undefined array key "title"
[ error ] [2]Undefined array key "title"
[ error ] [2]Undefined array key "title"
---------------------------------------------------------------
[ 2026-03-16T16:00:39+08:00 ] 45.148.10.243 GET punalei.cn/
[ error ] [8192]preg_match(): Passing null to parameter #2 ($subject) of type string is deprecated
[ error ] [8192]preg_match(): Passing null to parameter #2 ($subject) of type string is deprecated
[ error ] [8192]preg_match(): Passing null to parameter #2 ($subject) of type string is deprecated
[ error ] [8192]preg_match(): Passing null to parameter #2 ($subject) of type string is deprecated
[ error ] [8192]preg_match(): Passing null to parameter #2 ($subject) of type string is deprecated
[ error ] [8192]preg_match(): Passing null to parameter #2 ($subject) of type string is deprecated
[ error ] [8192]preg_match(): Passing null to parameter #2 ($subject) of type string is deprecated
[ error ] [8192]preg_match(): Passing null to parameter #2 ($subject) of type string is deprecated
[ error ] [8192]Automatic conversion of false to array is deprecated
[ error ] [2]Undefined array key "title"
[ error ] [2]Undefined array key "title"
[ error ] [2]Undefined array key "title"
[ error ] [2]Undefined array key "title"
---------------------------------------------------------------
[ 2026-03-16T16:01:03+08:00 ] 45.148.10.243 GET punalei.cn/ldcms/zhiliudianzifuzai/332.html
[ error ] [8192]preg_match(): Passing null to parameter #2 ($subject) of type string is deprecated
[ error ] [8192]preg_match(): Passing null to parameter #2 ($subject) of type string is deprecated
[ error ] [8192]preg_match(): Passing null to parameter #2 ($subject) of type string is deprecated
[ error ] [8192]preg_match(): Passing null to parameter #2 ($subject) of type string is deprecated
[ error ] [8192]preg_match(): Passing null to parameter #2 ($subject) of type string is deprecated
[ error ] [8192]preg_match(): Passing null to parameter #2 ($subject) of type string is deprecated
[ error ] [8192]preg_match(): Passing null to parameter #2 ($subject) of type string is deprecated
[ error ] [8192]preg_match(): Passing null to parameter #2 ($subject) of type string is deprecated
[ error ] [8192]Automatic conversion of false to array is deprecated
[ error ] [8192]Automatic conversion of false to array is deprecated
[ error ] [8192]Automatic conversion of false to array is deprecated
[ error ] [2]file_get_contents(/www/wwwroot/punalei/runtime/cache/bb/4d2c7c184a0a1ab2d29f7029af4079.php): Failed to open stream: No such file or directory
[ error ] [8192]Automatic conversion of false to array is deprecated
---------------------------------------------------------------
[ 2026-03-16T16:01:03+08:00 ] 45.148.10.243 GET punalei.cn/ldcms/2jidanxianggonglvjiPNL300xilie/318.html
[ error ] [8192]preg_match(): Passing null to parameter #2 ($subject) of type string is deprecated
[ error ] [8192]preg_match(): Passing null to parameter #2 ($subject) of type string is deprecated
[ error ] [8192]preg_match(): Passing null to parameter #2 ($subject) of type string is deprecated
[ error ] [8192]preg_match(): Passing null to parameter #2 ($subject) of type string is deprecated
[ error ] [8192]preg_match(): Passing null to parameter #2 ($subject) of type string is deprecated
[ error ] [8192]preg_match(): Passing null to parameter #2 ($subject) of type string is deprecated
[ error ] [8192]preg_match(): Passing null to parameter #2 ($subject) of type string is deprecated
[ error ] [8192]preg_match(): Passing null to parameter #2 ($subject) of type string is deprecated
[ error ] [8192]Automatic conversion of false to array is deprecated
[ error ] [8192]Automatic conversion of false to array is deprecated
[ error ] [8192]Automatic conversion of false to array is deprecated
[ error ] [8192]Automatic conversion of false to array is deprecated
[ error ] [2]file_get_contents(/www/wwwroot/punalei/runtime/cache/bb/4d2c7c184a0a1ab2d29f7029af4079.php): Failed to open stream: No such file or directory
[ error ] [8192]Automatic conversion of false to array is deprecated
---------------------------------------------------------------
[ 2026-03-16T16:01:03+08:00 ] 45.148.10.243 GET punalei.cn/ldcms/2jidanxianggonglvjiPNL300xilie/338.html
[ error ] [8192]preg_match(): Passing null to parameter #2 ($subject) of type string is deprecated
[ error ] [8192]preg_match(): Passing null to parameter #2 ($subject) of type string is deprecated
[ error ] [8192]preg_match(): Passing null to parameter #2 ($subject) of type string is deprecated
[ error ] [8192]preg_match(): Passing null to parameter #2 ($subject) of type string is deprecated
[ error ] [8192]preg_match(): Passing null to parameter #2 ($subject) of type string is deprecated
[ error ] [8192]preg_match(): Passing null to parameter #2 ($subject) of type string is deprecated
[ error ] [8192]preg_match(): Passing null to parameter #2 ($subject) of type string is deprecated
[ error ] [8192]preg_match(): Passing null to parameter #2 ($subject) of type string is deprecated
[ error ] [8192]Automatic conversion of false to array is deprecated
---------------------------------------------------------------
[ 2026-03-16T16:01:03+08:00 ] 45.148.10.243 GET punalei.cn/ldcms/zhiliudianzifuzai.html
[ error ] [8192]preg_match(): Passing null to parameter #2 ($subject) of type string is deprecated
[ error ] [8192]preg_match(): Passing null to parameter #2 ($subject) of type string is deprecated
[ error ] [8192]preg_match(): Passing null to parameter #2 ($subject) of type string is deprecated
[ error ] [8192]preg_match(): Passing null to parameter #2 ($subject) of type string is deprecated
[ error ] [8192]preg_match(): Passing null to parameter #2 ($subject) of type string is deprecated
[ error ] [8192]preg_match(): Passing null to parameter #2 ($subject) of type string is deprecated
[ error ] [8192]preg_match(): Passing null to parameter #2 ($subject) of type string is deprecated
[ error ] [8192]preg_match(): Passing null to parameter #2 ($subject) of type string is deprecated
[ error ] [8192]Automatic conversion of false to array is deprecated
[ error ] [8]unserialize(): Error at offset 16347 of 16352 bytes
[ error ] [8192]Automatic conversion of false to array is deprecated
---------------------------------------------------------------
[ 2026-03-16T16:01:03+08:00 ] 45.148.10.243 GET punalei.cn/ldcms/2jidanxianggonglvjiPNL300xilie/337.html
[ error ] [8192]preg_match(): Passing null to parameter #2 ($subject) of type string is deprecated
[ error ] [8192]preg_match(): Passing null to parameter #2 ($subject) of type string is deprecated
[ error ] [8192]preg_match(): Passing null to parameter #2 ($subject) of type string is deprecated
[ error ] [8192]preg_match(): Passing null to parameter #2 ($subject) of type string is deprecated
[ error ] [8192]preg_match(): Passing null to parameter #2 ($subject) of type string is deprecated
[ error ] [8192]preg_match(): Passing null to parameter #2 ($subject) of type string is deprecated
[ error ] [8192]preg_match(): Passing null to parameter #2 ($subject) of type string is deprecated
[ error ] [8192]preg_match(): Passing null to parameter #2 ($subject) of type string is deprecated
[ error ] [8192]Automatic conversion of false to array is deprecated
---------------------------------------------------------------
[ 2026-03-16T16:01:03+08:00 ] 45.148.10.243 GET punalei.cn/ldcms/chanpinjieshao.html
[ error ] [8192]preg_match(): Passing null to parameter #2 ($subject) of type string is deprecated
[ error ] [8192]preg_match(): Passing null to parameter #2 ($subject) of type string is deprecated
[ error ] [8192]preg_match(): Passing null to parameter #2 ($subject) of type string is deprecated
[ error ] [8192]preg_match(): Passing null to parameter #2 ($subject) of type string is deprecated
[ error ] [8192]preg_match(): Passing null to parameter #2 ($subject) of type string is deprecated
[ error ] [8192]preg_match(): Passing null to parameter #2 ($subject) of type string is deprecated
[ error ] [8192]preg_match(): Passing null to parameter #2 ($subject) of type string is deprecated
[ error ] [8192]preg_match(): Passing null to parameter #2 ($subject) of type string is deprecated
[ error ] [8192]Automatic conversion of false to array is deprecated
[ error ] [8192]Automatic conversion of false to array is deprecated
---------------------------------------------------------------
[ 2026-03-16T16:01:03+08:00 ] 45.148.10.243 GET punalei.cn/ldcms/zhiliudianzifuzai/333.html
[ error ] [8192]preg_match(): Passing null to parameter #2 ($subject) of type string is deprecated
[ error ] [8192]preg_match(): Passing null to parameter #2 ($subject) of type string is deprecated
[ error ] [8192]preg_match(): Passing null to parameter #2 ($subject) of type string is deprecated
[ error ] [8192]preg_match(): Passing null to parameter #2 ($subject) of type string is deprecated
[ error ] [8192]preg_match(): Passing null to parameter #2 ($subject) of type string is deprecated
[ error ] [8192]preg_match(): Passing null to parameter #2 ($subject) of type string is deprecated
[ error ] [8192]preg_match(): Passing null to parameter #2 ($subject) of type string is deprecated
[ error ] [8192]preg_match(): Passing null to parameter #2 ($subject) of type string is deprecated
[ error ] [8192]Automatic conversion of false to array is deprecated
---------------------------------------------------------------
[ 2026-03-16T16:01:03+08:00 ] 45.148.10.243 GET punalei.cn/ldcms/2jidanxianggonglvjiPNL300xilie/262.html
[ error ] [8192]preg_match(): Passing null to parameter #2 ($subject) of type string is deprecated
[ error ] [8192]preg_match(): Passing null to parameter #2 ($subject) of type string is deprecated
[ error ] [8192]preg_match(): Passing null to parameter #2 ($subject) of type string is deprecated
[ error ] [8192]preg_match(): Passing null to parameter #2 ($subject) of type string is deprecated
[ error ] [8192]preg_match(): Passing null to parameter #2 ($subject) of type string is deprecated
[ error ] [8192]preg_match(): Passing null to parameter #2 ($subject) of type string is deprecated
[ error ] [8192]preg_match(): Passing null to parameter #2 ($subject) of type string is deprecated
[ error ] [8192]preg_match(): Passing null to parameter #2 ($subject) of type string is deprecated
[ error ] [8192]Automatic conversion of false to array is deprecated
---------------------------------------------------------------
[ 2026-03-16T16:01:03+08:00 ] 45.148.10.243 GET punalei.cn/ldcms/2jidanxianggonglvjiPNL300xilie/291.html
[ error ] [8192]preg_match(): Passing null to parameter #2 ($subject) of type string is deprecated
[ error ] [8192]preg_match(): Passing null to parameter #2 ($subject) of type string is deprecated
[ error ] [8192]preg_match(): Passing null to parameter #2 ($subject) of type string is deprecated
[ error ] [8192]preg_match(): Passing null to parameter #2 ($subject) of type string is deprecated
[ error ] [8192]preg_match(): Passing null to parameter #2 ($subject) of type string is deprecated
[ error ] [8192]preg_match(): Passing null to parameter #2 ($subject) of type string is deprecated
[ error ] [8192]preg_match(): Passing null to parameter #2 ($subject) of type string is deprecated
[ error ] [8192]preg_match(): Passing null to parameter #2 ($subject) of type string is deprecated
---------------------------------------------------------------
[ 2026-03-16T16:01:03+08:00 ] 45.148.10.243 GET punalei.cn/ldcms/2jidanxianggonglvjiPNL300xilie.html
[ error ] [8192]preg_match(): Passing null to parameter #2 ($subject) of type string is deprecated
[ error ] [8192]preg_match(): Passing null to parameter #2 ($subject) of type string is deprecated
[ error ] [8192]preg_match(): Passing null to parameter #2 ($subject) of type string is deprecated
[ error ] [8192]preg_match(): Passing null to parameter #2 ($subject) of type string is deprecated
[ error ] [8192]preg_match(): Passing null to parameter #2 ($subject) of type string is deprecated
[ error ] [8192]preg_match(): Passing null to parameter #2 ($subject) of type string is deprecated
[ error ] [2]rmdir(/www/wwwroot/punalei/runtime/cache/bb): Directory not empty
[ error ] [8192]preg_match(): Passing null to parameter #2 ($subject) of type string is deprecated
[ error ] [8192]preg_match(): Passing null to parameter #2 ($subject) of type string is deprecated
---------------------------------------------------------------
[ 2026-03-16T16:01:05+08:00 ] 45.148.10.243 GET punalei.cn/ldcms/zhiliudianzifuzai/331.html
[ error ] [8192]preg_match(): Passing null to parameter #2 ($subject) of type string is deprecated
[ error ] [8192]preg_match(): Passing null to parameter #2 ($subject) of type string is deprecated
[ error ] [8192]preg_match(): Passing null to parameter #2 ($subject) of type string is deprecated
[ error ] [8192]preg_match(): Passing null to parameter #2 ($subject) of type string is deprecated
[ error ] [8192]preg_match(): Passing null to parameter #2 ($subject) of type string is deprecated
[ error ] [8192]preg_match(): Passing null to parameter #2 ($subject) of type string is deprecated
[ error ] [8192]preg_match(): Passing null to parameter #2 ($subject) of type string is deprecated
[ error ] [8192]preg_match(): Passing null to parameter #2 ($subject) of type string is deprecated
[ error ] [8192]Automatic conversion of false to array is deprecated
[ error ] [8192]Automatic conversion of false to array is deprecated
[ error ] [8192]Automatic conversion of false to array is deprecated
---------------------------------------------------------------
[ 2026-03-16T16:01:05+08:00 ] 45.148.10.243 GET punalei.cn/ldcms/zhiliudianzifuzai/330.html
[ error ] [8192]preg_match(): Passing null to parameter #2 ($subject) of type string is deprecated
[ error ] [8192]preg_match(): Passing null to parameter #2 ($subject) of type string is deprecated
[ error ] [8192]preg_match(): Passing null to parameter #2 ($subject) of type string is deprecated
[ error ] [8192]preg_match(): Passing null to parameter #2 ($subject) of type string is deprecated
[ error ] [8192]preg_match(): Passing null to parameter #2 ($subject) of type string is deprecated
[ error ] [8192]preg_match(): Passing null to parameter #2 ($subject) of type string is deprecated
[ error ] [8192]preg_match(): Passing null to parameter #2 ($subject) of type string is deprecated
[ error ] [8192]preg_match(): Passing null to parameter #2 ($subject) of type string is deprecated
[ error ] [8192]Automatic conversion of false to array is deprecated
[ error ] [2]file_get_contents(/www/wwwroot/punalei/runtime/cache/bb/4d2c7c184a0a1ab2d29f7029af4079.php): Failed to open stream: No such file or directory
[ error ] [8192]Automatic conversion of false to array is deprecated
---------------------------------------------------------------
[ 2026-03-16T16:01:05+08:00 ] 45.148.10.243 GET punalei.cn/ldcms/zhiliudianzifuzai/295.html
[ error ] [8192]preg_match(): Passing null to parameter #2 ($subject) of type string is deprecated
[ error ] [8192]preg_match(): Passing null to parameter #2 ($subject) of type string is deprecated
[ error ] [8192]preg_match(): Passing null to parameter #2 ($subject) of type string is deprecated
[ error ] [8192]preg_match(): Passing null to parameter #2 ($subject) of type string is deprecated
[ error ] [8192]preg_match(): Passing null to parameter #2 ($subject) of type string is deprecated
[ error ] [8192]preg_match(): Passing null to parameter #2 ($subject) of type string is deprecated
[ error ] [8192]preg_match(): Passing null to parameter #2 ($subject) of type string is deprecated
[ error ] [8192]preg_match(): Passing null to parameter #2 ($subject) of type string is deprecated
[ error ] [8192]Automatic conversion of false to array is deprecated
[ error ] [8192]Automatic conversion of false to array is deprecated
---------------------------------------------------------------
[ 2026-03-16T16:01:05+08:00 ] 45.148.10.243 GET punalei.cn/ldcms/gaosutongdaocaijiwenduceshiyiPNL2000PLUSxilie/272.html
[ error ] [8192]preg_match(): Passing null to parameter #2 ($subject) of type string is deprecated
[ error ] [8192]preg_match(): Passing null to parameter #2 ($subject) of type string is deprecated
[ error ] [8192]preg_match(): Passing null to parameter #2 ($subject) of type string is deprecated
[ error ] [8192]preg_match(): Passing null to parameter #2 ($subject) of type string is deprecated
[ error ] [8192]preg_match(): Passing null to parameter #2 ($subject) of type string is deprecated
[ error ] [8192]preg_match(): Passing null to parameter #2 ($subject) of type string is deprecated
[ error ] [8192]preg_match(): Passing null to parameter #2 ($subject) of type string is deprecated
[ error ] [8192]preg_match(): Passing null to parameter #2 ($subject) of type string is deprecated
---------------------------------------------------------------
[ 2026-03-16T16:01:05+08:00 ] 45.148.10.243 GET punalei.cn/ldcms/zhiliudianzuceshiyiPNL2511xilie.html
[ error ] [8192]preg_match(): Passing null to parameter #2 ($subject) of type string is deprecated
[ error ] [8192]preg_match(): Passing null to parameter #2 ($subject) of type string is deprecated
[ error ] [8192]preg_match(): Passing null to parameter #2 ($subject) of type string is deprecated
[ error ] [8192]preg_match(): Passing null to parameter #2 ($subject) of type string is deprecated
[ error ] [8192]preg_match(): Passing null to parameter #2 ($subject) of type string is deprecated
[ error ] [8192]preg_match(): Passing null to parameter #2 ($subject) of type string is deprecated
[ error ] [8192]preg_match(): Passing null to parameter #2 ($subject) of type string is deprecated
[ error ] [8192]preg_match(): Passing null to parameter #2 ($subject) of type string is deprecated
[ error ] [8192]Automatic conversion of false to array is deprecated
---------------------------------------------------------------
[ 2026-03-16T16:01:05+08:00 ] 45.148.10.243 GET punalei.cn/ldcms/zhiliudianzuceshiyiPNL2511xilie/320.html
[ error ] [8192]preg_match(): Passing null to parameter #2 ($subject) of type string is deprecated
[ error ] [8192]preg_match(): Passing null to parameter #2 ($subject) of type string is deprecated
[ error ] [8192]preg_match(): Passing null to parameter #2 ($subject) of type string is deprecated
[ error ] [8192]preg_match(): Passing null to parameter #2 ($subject) of type string is deprecated
[ error ] [8192]preg_match(): Passing null to parameter #2 ($subject) of type string is deprecated
[ error ] [8192]preg_match(): Passing null to parameter #2 ($subject) of type string is deprecated
[ error ] [8192]preg_match(): Passing null to parameter #2 ($subject) of type string is deprecated
[ error ] [8192]preg_match(): Passing null to parameter #2 ($subject) of type string is deprecated
---------------------------------------------------------------
[ 2026-03-16T16:01:05+08:00 ] 45.148.10.243 GET punalei.cn/ldcms/zhiliudianzuceshiyiPNL2511xilie/268.html
[ error ] [8192]preg_match(): Passing null to parameter #2 ($subject) of type string is deprecated
[ error ] [8192]preg_match(): Passing null to parameter #2 ($subject) of type string is deprecated
[ error ] [8192]preg_match(): Passing null to parameter #2 ($subject) of type string is deprecated
[ error ] [8192]preg_match(): Passing null to parameter #2 ($subject) of type string is deprecated
[ error ] [8192]preg_match(): Passing null to parameter #2 ($subject) of type string is deprecated
[ error ] [8192]preg_match(): Passing null to parameter #2 ($subject) of type string is deprecated
[ error ] [8192]preg_match(): Passing null to parameter #2 ($subject) of type string is deprecated
[ error ] [8192]preg_match(): Passing null to parameter #2 ($subject) of type string is deprecated
---------------------------------------------------------------
[ 2026-03-16T16:01:06+08:00 ] 45.148.10.243 GET punalei.cn/ldcms/ceshi/325.html
[ error ] [8192]preg_match(): Passing null to parameter #2 ($subject) of type string is deprecated
[ error ] [8192]preg_match(): Passing null to parameter #2 ($subject) of type string is deprecated
[ error ] [8192]preg_match(): Passing null to parameter #2 ($subject) of type string is deprecated
[ error ] [8192]preg_match(): Passing null to parameter #2 ($subject) of type string is deprecated
[ error ] [8192]preg_match(): Passing null to parameter #2 ($subject) of type string is deprecated
[ error ] [8192]preg_match(): Passing null to parameter #2 ($subject) of type string is deprecated
[ error ] [8192]preg_match(): Passing null to parameter #2 ($subject) of type string is deprecated
[ error ] [8192]preg_match(): Passing null to parameter #2 ($subject) of type string is deprecated
[ error ] [8192]Automatic conversion of false to array is deprecated
---------------------------------------------------------------
[ 2026-03-16T16:01:06+08:00 ] 45.148.10.243 GET punalei.cn/ldcms/gaosutongdaocaijiwenduceshiyiPNL2000PLUSxilie/271.html
[ error ] [8192]preg_match(): Passing null to parameter #2 ($subject) of type string is deprecated
[ error ] [8192]preg_match(): Passing null to parameter #2 ($subject) of type string is deprecated
[ error ] [8192]preg_match(): Passing null to parameter #2 ($subject) of type string is deprecated
[ error ] [8192]preg_match(): Passing null to parameter #2 ($subject) of type string is deprecated
[ error ] [8192]preg_match(): Passing null to parameter #2 ($subject) of type string is deprecated
[ error ] [8192]preg_match(): Passing null to parameter #2 ($subject) of type string is deprecated
[ error ] [8192]preg_match(): Passing null to parameter #2 ($subject) of type string is deprecated
[ error ] [8192]preg_match(): Passing null to parameter #2 ($subject) of type string is deprecated
[ error ] [8192]Automatic conversion of false to array is deprecated
---------------------------------------------------------------
[ 2026-03-16T16:01:06+08:00 ] 45.148.10.243 GET punalei.cn/ldcms/ceshi/322.html
[ error ] [8192]preg_match(): Passing null to parameter #2 ($subject) of type string is deprecated
[ error ] [8192]preg_match(): Passing null to parameter #2 ($subject) of type string is deprecated
[ error ] [8192]preg_match(): Passing null to parameter #2 ($subject) of type string is deprecated
[ error ] [8192]preg_match(): Passing null to parameter #2 ($subject) of type string is deprecated
[ error ] [8192]preg_match(): Passing null to parameter #2 ($subject) of type string is deprecated
[ error ] [8192]preg_match(): Passing null to parameter #2 ($subject) of type string is deprecated
[ error ] [8192]preg_match(): Passing null to parameter #2 ($subject) of type string is deprecated
[ error ] [8192]preg_match(): Passing null to parameter #2 ($subject) of type string is deprecated
[ error ] [8192]Automatic conversion of false to array is deprecated
[ error ] [8192]Automatic conversion of false to array is deprecated
[ error ] [8192]Automatic conversion of false to array is deprecated
---------------------------------------------------------------
[ 2026-03-16T16:01:06+08:00 ] 45.148.10.243 GET punalei.cn/ldcms/ceshi/321.html
[ error ] [8192]preg_match(): Passing null to parameter #2 ($subject) of type string is deprecated
[ error ] [8192]preg_match(): Passing null to parameter #2 ($subject) of type string is deprecated
[ error ] [8192]preg_match(): Passing null to parameter #2 ($subject) of type string is deprecated
[ error ] [8192]preg_match(): Passing null to parameter #2 ($subject) of type string is deprecated
[ error ] [8192]preg_match(): Passing null to parameter #2 ($subject) of type string is deprecated
[ error ] [8192]preg_match(): Passing null to parameter #2 ($subject) of type string is deprecated
[ error ] [8192]preg_match(): Passing null to parameter #2 ($subject) of type string is deprecated
[ error ] [8192]preg_match(): Passing null to parameter #2 ($subject) of type string is deprecated
---------------------------------------------------------------
[ 2026-03-16T16:01:06+08:00 ] 45.148.10.243 GET punalei.cn/ldcms/zhiliudianzuceshiyiPNL2511xilie/270.html
[ error ] [8192]preg_match(): Passing null to parameter #2 ($subject) of type string is deprecated
[ error ] [8192]preg_match(): Passing null to parameter #2 ($subject) of type string is deprecated
[ error ] [8192]preg_match(): Passing null to parameter #2 ($subject) of type string is deprecated
[ error ] [8192]preg_match(): Passing null to parameter #2 ($subject) of type string is deprecated
[ error ] [8192]preg_match(): Passing null to parameter #2 ($subject) of type string is deprecated
[ error ] [8192]preg_match(): Passing null to parameter #2 ($subject) of type string is deprecated
[ error ] [8192]preg_match(): Passing null to parameter #2 ($subject) of type string is deprecated
[ error ] [8192]preg_match(): Passing null to parameter #2 ($subject) of type string is deprecated
---------------------------------------------------------------
[ 2026-03-16T16:01:06+08:00 ] 45.148.10.243 GET punalei.cn/ldcms/ceshi/299.html
[ error ] [8192]preg_match(): Passing null to parameter #2 ($subject) of type string is deprecated
[ error ] [8192]preg_match(): Passing null to parameter #2 ($subject) of type string is deprecated
[ error ] [8192]preg_match(): Passing null to parameter #2 ($subject) of type string is deprecated
[ error ] [8192]preg_match(): Passing null to parameter #2 ($subject) of type string is deprecated
[ error ] [8192]preg_match(): Passing null to parameter #2 ($subject) of type string is deprecated
[ error ] [8192]preg_match(): Passing null to parameter #2 ($subject) of type string is deprecated
[ error ] [8192]preg_match(): Passing null to parameter #2 ($subject) of type string is deprecated
[ error ] [8192]preg_match(): Passing null to parameter #2 ($subject) of type string is deprecated
[ error ] [8192]Automatic conversion of false to array is deprecated
---------------------------------------------------------------
[ 2026-03-16T16:01:07+08:00 ] 45.148.10.243 GET punalei.cn/ldcms/jiaoliubianpindianyuan/260.html
[ error ] [2]mkdir(): File exists
---------------------------------------------------------------
[ 2026-03-16T16:01:07+08:00 ] 45.148.10.243 GET punalei.cn/ldcms/jiaoliubianpindianyuan.html
[ error ] [8192]preg_match(): Passing null to parameter #2 ($subject) of type string is deprecated
[ error ] [8192]preg_match(): Passing null to parameter #2 ($subject) of type string is deprecated
[ error ] [8192]preg_match(): Passing null to parameter #2 ($subject) of type string is deprecated
[ error ] [8192]preg_match(): Passing null to parameter #2 ($subject) of type string is deprecated
[ error ] [8192]preg_match(): Passing null to parameter #2 ($subject) of type string is deprecated
[ error ] [8192]preg_match(): Passing null to parameter #2 ($subject) of type string is deprecated
[ error ] [8192]preg_match(): Passing null to parameter #2 ($subject) of type string is deprecated
[ error ] [8192]preg_match(): Passing null to parameter #2 ($subject) of type string is deprecated
[ error ] [8192]Automatic conversion of false to array is deprecated
---------------------------------------------------------------
[ 2026-03-16T16:01:07+08:00 ] 45.148.10.243 GET punalei.cn/ldcms/jiaoliubianpindianyuan/314.html
[ error ] [8192]preg_match(): Passing null to parameter #2 ($subject) of type string is deprecated
[ error ] [8192]preg_match(): Passing null to parameter #2 ($subject) of type string is deprecated
[ error ] [8192]preg_match(): Passing null to parameter #2 ($subject) of type string is deprecated
[ error ] [8192]preg_match(): Passing null to parameter #2 ($subject) of type string is deprecated
[ error ] [8192]preg_match(): Passing null to parameter #2 ($subject) of type string is deprecated
[ error ] [8192]preg_match(): Passing null to parameter #2 ($subject) of type string is deprecated
[ error ] [8192]preg_match(): Passing null to parameter #2 ($subject) of type string is deprecated
[ error ] [8192]preg_match(): Passing null to parameter #2 ($subject) of type string is deprecated
[ error ] [8192]Automatic conversion of false to array is deprecated
[ error ] [8192]Automatic conversion of false to array is deprecated
[ error ] [2]file_get_contents(/www/wwwroot/punalei/runtime/cache/bb/4d2c7c184a0a1ab2d29f7029af4079.php): Failed to open stream: No such file or directory
[ error ] [8192]Automatic conversion of false to array is deprecated
---------------------------------------------------------------
[ 2026-03-16T16:01:08+08:00 ] 45.148.10.243 GET punalei.cn/ldcms/jiaoliubianpindianyuan/316.html
[ error ] [8192]preg_match(): Passing null to parameter #2 ($subject) of type string is deprecated
[ error ] [8192]preg_match(): Passing null to parameter #2 ($subject) of type string is deprecated
[ error ] [8192]preg_match(): Passing null to parameter #2 ($subject) of type string is deprecated
[ error ] [8192]preg_match(): Passing null to parameter #2 ($subject) of type string is deprecated
[ error ] [8192]preg_match(): Passing null to parameter #2 ($subject) of type string is deprecated
[ error ] [8192]preg_match(): Passing null to parameter #2 ($subject) of type string is deprecated
[ error ] [8192]preg_match(): Passing null to parameter #2 ($subject) of type string is deprecated
[ error ] [8192]preg_match(): Passing null to parameter #2 ($subject) of type string is deprecated
[ error ] [8192]Automatic conversion of false to array is deprecated
---------------------------------------------------------------
[ 2026-03-16T16:01:08+08:00 ] 45.148.10.243 GET punalei.cn/ldcms/ceshi.html
[ error ] [8192]preg_match(): Passing null to parameter #2 ($subject) of type string is deprecated
[ error ] [8192]preg_match(): Passing null to parameter #2 ($subject) of type string is deprecated
[ error ] [8192]preg_match(): Passing null to parameter #2 ($subject) of type string is deprecated
[ error ] [8192]preg_match(): Passing null to parameter #2 ($subject) of type string is deprecated
[ error ] [8192]preg_match(): Passing null to parameter #2 ($subject) of type string is deprecated
[ error ] [8192]preg_match(): Passing null to parameter #2 ($subject) of type string is deprecated
[ error ] [8192]preg_match(): Passing null to parameter #2 ($subject) of type string is deprecated
[ error ] [8192]preg_match(): Passing null to parameter #2 ($subject) of type string is deprecated
[ error ] [8192]Automatic conversion of false to array is deprecated
---------------------------------------------------------------
[ 2026-03-16T16:01:08+08:00 ] 45.148.10.243 GET punalei.cn/ldcms/ceshi/324.html
[ error ] [8192]preg_match(): Passing null to parameter #2 ($subject) of type string is deprecated
[ error ] [8192]preg_match(): Passing null to parameter #2 ($subject) of type string is deprecated
[ error ] [8192]preg_match(): Passing null to parameter #2 ($subject) of type string is deprecated
[ error ] [8192]preg_match(): Passing null to parameter #2 ($subject) of type string is deprecated
[ error ] [8192]preg_match(): Passing null to parameter #2 ($subject) of type string is deprecated
[ error ] [8192]preg_match(): Passing null to parameter #2 ($subject) of type string is deprecated
[ error ] [8192]preg_match(): Passing null to parameter #2 ($subject) of type string is deprecated
[ error ] [8192]preg_match(): Passing null to parameter #2 ($subject) of type string is deprecated
---------------------------------------------------------------
[ 2026-03-16T16:01:09+08:00 ] 45.148.10.243 GET punalei.cn/ldcms/sanxiangjiaoliubianpindianyuan/244.html
[ error ] [8192]preg_match(): Passing null to parameter #2 ($subject) of type string is deprecated
[ error ] [8192]preg_match(): Passing null to parameter #2 ($subject) of type string is deprecated
[ error ] [8192]preg_match(): Passing null to parameter #2 ($subject) of type string is deprecated
[ error ] [8192]preg_match(): Passing null to parameter #2 ($subject) of type string is deprecated
[ error ] [8192]preg_match(): Passing null to parameter #2 ($subject) of type string is deprecated
[ error ] [8192]preg_match(): Passing null to parameter #2 ($subject) of type string is deprecated
[ error ] [8192]preg_match(): Passing null to parameter #2 ($subject) of type string is deprecated
[ error ] [8192]preg_match(): Passing null to parameter #2 ($subject) of type string is deprecated
[ error ] [8192]Automatic conversion of false to array is deprecated
[ error ] [8192]Automatic conversion of false to array is deprecated
---------------------------------------------------------------
[ 2026-03-16T16:01:09+08:00 ] 45.148.10.243 GET punalei.cn/ldcms/jiaoliubianpindianyuan/317.html
[ error ] [8192]preg_match(): Passing null to parameter #2 ($subject) of type string is deprecated
[ error ] [8192]preg_match(): Passing null to parameter #2 ($subject) of type string is deprecated
[ error ] [8192]preg_match(): Passing null to parameter #2 ($subject) of type string is deprecated
[ error ] [8192]preg_match(): Passing null to parameter #2 ($subject) of type string is deprecated
[ error ] [8192]preg_match(): Passing null to parameter #2 ($subject) of type string is deprecated
[ error ] [8192]preg_match(): Passing null to parameter #2 ($subject) of type string is deprecated
[ error ] [8192]preg_match(): Passing null to parameter #2 ($subject) of type string is deprecated
[ error ] [8192]preg_match(): Passing null to parameter #2 ($subject) of type string is deprecated
[ error ] [8192]Automatic conversion of false to array is deprecated
---------------------------------------------------------------
[ 2026-03-16T16:01:09+08:00 ] 45.148.10.243 GET punalei.cn/ldcms/ceshi/323.html
[ error ] [8192]preg_match(): Passing null to parameter #2 ($subject) of type string is deprecated
[ error ] [8192]preg_match(): Passing null to parameter #2 ($subject) of type string is deprecated
[ error ] [8192]preg_match(): Passing null to parameter #2 ($subject) of type string is deprecated
[ error ] [8192]preg_match(): Passing null to parameter #2 ($subject) of type string is deprecated
[ error ] [8192]preg_match(): Passing null to parameter #2 ($subject) of type string is deprecated
[ error ] [8192]preg_match(): Passing null to parameter #2 ($subject) of type string is deprecated
[ error ] [8192]preg_match(): Passing null to parameter #2 ($subject) of type string is deprecated
[ error ] [8192]preg_match(): Passing null to parameter #2 ($subject) of type string is deprecated
---------------------------------------------------------------
[ 2026-03-16T16:01:10+08:00 ] 45.148.10.243 GET punalei.cn/ldcms/sanxiangjiaoliubianpindianyuan/242.html
[ error ] [8192]preg_match(): Passing null to parameter #2 ($subject) of type string is deprecated
[ error ] [8192]preg_match(): Passing null to parameter #2 ($subject) of type string is deprecated
[ error ] [8192]preg_match(): Passing null to parameter #2 ($subject) of type string is deprecated
[ error ] [8192]preg_match(): Passing null to parameter #2 ($subject) of type string is deprecated
[ error ] [8192]preg_match(): Passing null to parameter #2 ($subject) of type string is deprecated
[ error ] [8192]preg_match(): Passing null to parameter #2 ($subject) of type string is deprecated
[ error ] [8192]preg_match(): Passing null to parameter #2 ($subject) of type string is deprecated
[ error ] [8192]preg_match(): Passing null to parameter #2 ($subject) of type string is deprecated
[ error ] [8192]Automatic conversion of false to array is deprecated
---------------------------------------------------------------
[ 2026-03-16T16:01:10+08:00 ] 45.148.10.243 GET punalei.cn/ldcms/gaosutongdaocaijiwenduceshiyiPNL2000PLUSxilie.html
[ error ] [8192]preg_match(): Passing null to parameter #2 ($subject) of type string is deprecated
[ error ] [8192]preg_match(): Passing null to parameter #2 ($subject) of type string is deprecated
[ error ] [8192]preg_match(): Passing null to parameter #2 ($subject) of type string is deprecated
[ error ] [8192]preg_match(): Passing null to parameter #2 ($subject) of type string is deprecated
[ error ] [8192]preg_match(): Passing null to parameter #2 ($subject) of type string is deprecated
[ error ] [8192]preg_match(): Passing null to parameter #2 ($subject) of type string is deprecated
[ error ] [8192]preg_match(): Passing null to parameter #2 ($subject) of type string is deprecated
[ error ] [8192]preg_match(): Passing null to parameter #2 ($subject) of type string is deprecated
[ error ] [8192]Automatic conversion of false to array is deprecated
[ error ] [8192]Automatic conversion of false to array is deprecated
[ error ] [8192]Automatic conversion of false to array is deprecated
---------------------------------------------------------------
[ 2026-03-16T16:01:10+08:00 ] 45.148.10.243 GET punalei.cn/ldcms/jiaoliuhengliuyuanxilie.html
[ error ] [8192]preg_match(): Passing null to parameter #2 ($subject) of type string is deprecated
[ error ] [8192]preg_match(): Passing null to parameter #2 ($subject) of type string is deprecated
[ error ] [8192]preg_match(): Passing null to parameter #2 ($subject) of type string is deprecated
[ error ] [8192]preg_match(): Passing null to parameter #2 ($subject) of type string is deprecated
[ error ] [8192]preg_match(): Passing null to parameter #2 ($subject) of type string is deprecated
[ error ] [8192]preg_match(): Passing null to parameter #2 ($subject) of type string is deprecated
[ error ] [8192]preg_match(): Passing null to parameter #2 ($subject) of type string is deprecated
[ error ] [8192]preg_match(): Passing null to parameter #2 ($subject) of type string is deprecated
---------------------------------------------------------------
[ 2026-03-16T16:01:10+08:00 ] 45.148.10.243 GET punalei.cn/ldcms/jiaoliuhengliuyuanxilie/290.html
[ error ] [8192]preg_match(): Passing null to parameter #2 ($subject) of type string is deprecated
[ error ] [8192]preg_match(): Passing null to parameter #2 ($subject) of type string is deprecated
[ error ] [8192]preg_match(): Passing null to parameter #2 ($subject) of type string is deprecated
[ error ] [8192]preg_match(): Passing null to parameter #2 ($subject) of type string is deprecated
[ error ] [8192]preg_match(): Passing null to parameter #2 ($subject) of type string is deprecated
[ error ] [8192]preg_match(): Passing null to parameter #2 ($subject) of type string is deprecated
[ error ] [8192]preg_match(): Passing null to parameter #2 ($subject) of type string is deprecated
[ error ] [8192]preg_match(): Passing null to parameter #2 ($subject) of type string is deprecated
[ error ] [8192]Automatic conversion of false to array is deprecated
[ error ] [2]file_get_contents(/www/wwwroot/punalei/runtime/cache/bb/4d2c7c184a0a1ab2d29f7029af4079.php): Failed to open stream: No such file or directory
[ error ] [8192]Automatic conversion of false to array is deprecated
---------------------------------------------------------------
[ 2026-03-16T16:01:10+08:00 ] 45.148.10.243 GET punalei.cn/ldcms/jiaoliubianpindianyuan/260.html
[ error ] [8192]preg_match(): Passing null to parameter #2 ($subject) of type string is deprecated
[ error ] [8192]preg_match(): Passing null to parameter #2 ($subject) of type string is deprecated
[ error ] [8192]preg_match(): Passing null to parameter #2 ($subject) of type string is deprecated
[ error ] [8192]preg_match(): Passing null to parameter #2 ($subject) of type string is deprecated
[ error ] [8192]preg_match(): Passing null to parameter #2 ($subject) of type string is deprecated
[ error ] [8192]preg_match(): Passing null to parameter #2 ($subject) of type string is deprecated
[ error ] [8192]preg_match(): Passing null to parameter #2 ($subject) of type string is deprecated
[ error ] [8192]preg_match(): Passing null to parameter #2 ($subject) of type string is deprecated
[ error ] [8192]Automatic conversion of false to array is deprecated
[ error ] [8192]Automatic conversion of false to array is deprecated
[ error ] [2]file_get_contents(/www/wwwroot/punalei/runtime/cache/bb/4d2c7c184a0a1ab2d29f7029af4079.php): Failed to open stream: No such file or directory
[ error ] [8192]Automatic conversion of false to array is deprecated
---------------------------------------------------------------
[ 2026-03-16T16:01:10+08:00 ] 45.148.10.243 GET punalei.cn/ldcms/sanxiangjiaoliubianpindianyuan.html
[ error ] [8192]preg_match(): Passing null to parameter #2 ($subject) of type string is deprecated
[ error ] [8192]preg_match(): Passing null to parameter #2 ($subject) of type string is deprecated
[ error ] [8192]preg_match(): Passing null to parameter #2 ($subject) of type string is deprecated
[ error ] [8192]preg_match(): Passing null to parameter #2 ($subject) of type string is deprecated
[ error ] [8192]preg_match(): Passing null to parameter #2 ($subject) of type string is deprecated
[ error ] [8192]preg_match(): Passing null to parameter #2 ($subject) of type string is deprecated
[ error ] [8192]preg_match(): Passing null to parameter #2 ($subject) of type string is deprecated
[ error ] [8192]preg_match(): Passing null to parameter #2 ($subject) of type string is deprecated
[ error ] [8192]Automatic conversion of false to array is deprecated
---------------------------------------------------------------
[ 2026-03-16T16:01:11+08:00 ] 45.148.10.243 GET punalei.cn/ldcms/sanxiangjiaoliubianpindianyuan/312.html
[ error ] [8192]preg_match(): Passing null to parameter #2 ($subject) of type string is deprecated
[ error ] [8192]preg_match(): Passing null to parameter #2 ($subject) of type string is deprecated
[ error ] [8192]preg_match(): Passing null to parameter #2 ($subject) of type string is deprecated
[ error ] [8192]preg_match(): Passing null to parameter #2 ($subject) of type string is deprecated
[ error ] [8192]preg_match(): Passing null to parameter #2 ($subject) of type string is deprecated
[ error ] [8192]preg_match(): Passing null to parameter #2 ($subject) of type string is deprecated
[ error ] [8192]preg_match(): Passing null to parameter #2 ($subject) of type string is deprecated
[ error ] [8192]preg_match(): Passing null to parameter #2 ($subject) of type string is deprecated
[ error ] [8192]Automatic conversion of false to array is deprecated
[ error ] [8192]Automatic conversion of false to array is deprecated
---------------------------------------------------------------
[ 2026-03-16T16:01:11+08:00 ] 45.148.10.243 GET punalei.cn/ldcms/jueyuandianzuceshiyi.html
[ error ] [8192]preg_match(): Passing null to parameter #2 ($subject) of type string is deprecated
[ error ] [8192]preg_match(): Passing null to parameter #2 ($subject) of type string is deprecated
[ error ] [8192]preg_match(): Passing null to parameter #2 ($subject) of type string is deprecated
[ error ] [8192]preg_match(): Passing null to parameter #2 ($subject) of type string is deprecated
[ error ] [8192]preg_match(): Passing null to parameter #2 ($subject) of type string is deprecated
[ error ] [8192]preg_match(): Passing null to parameter #2 ($subject) of type string is deprecated
[ error ] [8192]preg_match(): Passing null to parameter #2 ($subject) of type string is deprecated
[ error ] [8192]preg_match(): Passing null to parameter #2 ($subject) of type string is deprecated
[ error ] [8192]Automatic conversion of false to array is deprecated
---------------------------------------------------------------
[ 2026-03-16T16:01:11+08:00 ] 45.148.10.243 GET punalei.cn/ldcms/jueyuandianzuceshiyi/315.html
[ error ] [8192]preg_match(): Passing null to parameter #2 ($subject) of type string is deprecated
[ error ] [8192]preg_match(): Passing null to parameter #2 ($subject) of type string is deprecated
[ error ] [8192]preg_match(): Passing null to parameter #2 ($subject) of type string is deprecated
[ error ] [8192]preg_match(): Passing null to parameter #2 ($subject) of type string is deprecated
[ error ] [8192]preg_match(): Passing null to parameter #2 ($subject) of type string is deprecated
[ error ] [8192]preg_match(): Passing null to parameter #2 ($subject) of type string is deprecated
[ error ] [8192]preg_match(): Passing null to parameter #2 ($subject) of type string is deprecated
[ error ] [8192]preg_match(): Passing null to parameter #2 ($subject) of type string is deprecated
[ error ] [8192]Automatic conversion of false to array is deprecated
---------------------------------------------------------------
[ 2026-03-16T16:01:11+08:00 ] 45.148.10.243 GET punalei.cn/ldcms/jueyuandianzuceshiyi/319.html
[ error ] [8192]preg_match(): Passing null to parameter #2 ($subject) of type string is deprecated
[ error ] [8192]preg_match(): Passing null to parameter #2 ($subject) of type string is deprecated
[ error ] [8192]preg_match(): Passing null to parameter #2 ($subject) of type string is deprecated
[ error ] [8192]preg_match(): Passing null to parameter #2 ($subject) of type string is deprecated
[ error ] [8192]preg_match(): Passing null to parameter #2 ($subject) of type string is deprecated
[ error ] [8192]preg_match(): Passing null to parameter #2 ($subject) of type string is deprecated
[ error ] [8192]preg_match(): Passing null to parameter #2 ($subject) of type string is deprecated
[ error ] [8192]preg_match(): Passing null to parameter #2 ($subject) of type string is deprecated
---------------------------------------------------------------
[ 2026-03-16T16:01:12+08:00 ] 45.148.10.243 GET punalei.cn/ldcms/zhiliudianyuanshumaxilie.html
[ error ] [8192]preg_match(): Passing null to parameter #2 ($subject) of type string is deprecated
[ error ] [8192]preg_match(): Passing null to parameter #2 ($subject) of type string is deprecated
[ error ] [8192]preg_match(): Passing null to parameter #2 ($subject) of type string is deprecated
[ error ] [8192]preg_match(): Passing null to parameter #2 ($subject) of type string is deprecated
[ error ] [8192]preg_match(): Passing null to parameter #2 ($subject) of type string is deprecated
[ error ] [8192]preg_match(): Passing null to parameter #2 ($subject) of type string is deprecated
[ error ] [8192]preg_match(): Passing null to parameter #2 ($subject) of type string is deprecated
[ error ] [8192]preg_match(): Passing null to parameter #2 ($subject) of type string is deprecated
[ error ] [8192]Automatic conversion of false to array is deprecated
[ error ] [8192]Automatic conversion of false to array is deprecated
---------------------------------------------------------------
[ 2026-03-16T16:01:12+08:00 ] 45.148.10.243 GET punalei.cn/ldcms/zhiliudianyuanshumaxilie/326.html
[ error ] [8192]preg_match(): Passing null to parameter #2 ($subject) of type string is deprecated
[ error ] [8192]preg_match(): Passing null to parameter #2 ($subject) of type string is deprecated
[ error ] [8192]preg_match(): Passing null to parameter #2 ($subject) of type string is deprecated
[ error ] [8192]preg_match(): Passing null to parameter #2 ($subject) of type string is deprecated
[ error ] [8192]preg_match(): Passing null to parameter #2 ($subject) of type string is deprecated
[ error ] [8192]preg_match(): Passing null to parameter #2 ($subject) of type string is deprecated
[ error ] [8192]preg_match(): Passing null to parameter #2 ($subject) of type string is deprecated
[ error ] [8192]preg_match(): Passing null to parameter #2 ($subject) of type string is deprecated
[ error ] [8192]Automatic conversion of false to array is deprecated
[ error ] [8192]Automatic conversion of false to array is deprecated
---------------------------------------------------------------
[ 2026-03-16T16:01:12+08:00 ] 45.148.10.243 GET punalei.cn/ldcms/zhiliudianyuanshumaxilie/327.html
[ error ] [8192]preg_match(): Passing null to parameter #2 ($subject) of type string is deprecated
[ error ] [8192]preg_match(): Passing null to parameter #2 ($subject) of type string is deprecated
[ error ] [8192]preg_match(): Passing null to parameter #2 ($subject) of type string is deprecated
[ error ] [8192]preg_match(): Passing null to parameter #2 ($subject) of type string is deprecated
[ error ] [8192]preg_match(): Passing null to parameter #2 ($subject) of type string is deprecated
[ error ] [8192]preg_match(): Passing null to parameter #2 ($subject) of type string is deprecated
[ error ] [8192]preg_match(): Passing null to parameter #2 ($subject) of type string is deprecated
[ error ] [8192]preg_match(): Passing null to parameter #2 ($subject) of type string is deprecated
[ error ] [8192]Automatic conversion of false to array is deprecated
[ error ] [2]file_get_contents(/www/wwwroot/punalei/runtime/cache/bb/4d2c7c184a0a1ab2d29f7029af4079.php): Failed to open stream: No such file or directory
[ error ] [8192]Automatic conversion of false to array is deprecated
---------------------------------------------------------------
[ 2026-03-16T16:01:12+08:00 ] 45.148.10.243 GET punalei.cn/ldcms/zhiliudianyuanshumaxilie/329.html
[ error ] [8192]preg_match(): Passing null to parameter #2 ($subject) of type string is deprecated
[ error ] [8192]preg_match(): Passing null to parameter #2 ($subject) of type string is deprecated
[ error ] [8192]preg_match(): Passing null to parameter #2 ($subject) of type string is deprecated
[ error ] [8192]preg_match(): Passing null to parameter #2 ($subject) of type string is deprecated
[ error ] [8192]preg_match(): Passing null to parameter #2 ($subject) of type string is deprecated
[ error ] [8192]preg_match(): Passing null to parameter #2 ($subject) of type string is deprecated
[ error ] [8192]preg_match(): Passing null to parameter #2 ($subject) of type string is deprecated
[ error ] [8192]preg_match(): Passing null to parameter #2 ($subject) of type string is deprecated
---------------------------------------------------------------
[ 2026-03-16T16:01:12+08:00 ] 45.148.10.243 GET punalei.cn/ldcms/zhiliudianyuanshumaxilie/328.html
[ error ] [8192]preg_match(): Passing null to parameter #2 ($subject) of type string is deprecated
[ error ] [8192]preg_match(): Passing null to parameter #2 ($subject) of type string is deprecated
[ error ] [8192]preg_match(): Passing null to parameter #2 ($subject) of type string is deprecated
[ error ] [8192]preg_match(): Passing null to parameter #2 ($subject) of type string is deprecated
[ error ] [8192]preg_match(): Passing null to parameter #2 ($subject) of type string is deprecated
[ error ] [8192]preg_match(): Passing null to parameter #2 ($subject) of type string is deprecated
[ error ] [8192]preg_match(): Passing null to parameter #2 ($subject) of type string is deprecated
[ error ] [8192]preg_match(): Passing null to parameter #2 ($subject) of type string is deprecated
[ error ] [8192]Automatic conversion of false to array is deprecated
---------------------------------------------------------------
[ 2026-03-16T16:01:12+08:00 ] 45.148.10.243 GET punalei.cn/ldcms/zhiliudianyuanshumaxilie/300.html
[ error ] [8192]preg_match(): Passing null to parameter #2 ($subject) of type string is deprecated
[ error ] [8192]preg_match(): Passing null to parameter #2 ($subject) of type string is deprecated
[ error ] [8192]preg_match(): Passing null to parameter #2 ($subject) of type string is deprecated
[ error ] [8192]preg_match(): Passing null to parameter #2 ($subject) of type string is deprecated
[ error ] [8192]preg_match(): Passing null to parameter #2 ($subject) of type string is deprecated
[ error ] [8192]preg_match(): Passing null to parameter #2 ($subject) of type string is deprecated
[ error ] [8192]preg_match(): Passing null to parameter #2 ($subject) of type string is deprecated
[ error ] [8192]preg_match(): Passing null to parameter #2 ($subject) of type string is deprecated
[ error ] [8192]Automatic conversion of false to array is deprecated
[ error ] [2]mkdir(): File exists
---------------------------------------------------------------
[ 2026-03-16T16:01:12+08:00 ] 45.148.10.243 GET punalei.cn/ldcms/gaoyajueyuandianzuceshiyi.html
[ error ] [8192]preg_match(): Passing null to parameter #2 ($subject) of type string is deprecated
[ error ] [8192]preg_match(): Passing null to parameter #2 ($subject) of type string is deprecated
[ error ] [8192]preg_match(): Passing null to parameter #2 ($subject) of type string is deprecated
[ error ] [8192]preg_match(): Passing null to parameter #2 ($subject) of type string is deprecated
[ error ] [8192]preg_match(): Passing null to parameter #2 ($subject) of type string is deprecated
[ error ] [8192]preg_match(): Passing null to parameter #2 ($subject) of type string is deprecated
[ error ] [8192]preg_match(): Passing null to parameter #2 ($subject) of type string is deprecated
[ error ] [8192]preg_match(): Passing null to parameter #2 ($subject) of type string is deprecated
---------------------------------------------------------------
[ 2026-03-16T16:01:13+08:00 ] 45.148.10.243 GET punalei.cn/ldcms/punaleiPNAIdangongnenganguixilie.html
[ error ] [8192]preg_match(): Passing null to parameter #2 ($subject) of type string is deprecated
[ error ] [8192]preg_match(): Passing null to parameter #2 ($subject) of type string is deprecated
[ error ] [8192]preg_match(): Passing null to parameter #2 ($subject) of type string is deprecated
[ error ] [8192]preg_match(): Passing null to parameter #2 ($subject) of type string is deprecated
[ error ] [8192]preg_match(): Passing null to parameter #2 ($subject) of type string is deprecated
[ error ] [8192]preg_match(): Passing null to parameter #2 ($subject) of type string is deprecated
[ error ] [8192]preg_match(): Passing null to parameter #2 ($subject) of type string is deprecated
[ error ] [8192]preg_match(): Passing null to parameter #2 ($subject) of type string is deprecated
[ error ] [8192]Automatic conversion of false to array is deprecated
---------------------------------------------------------------
[ 2026-03-16T16:01:13+08:00 ] 45.148.10.243 GET punalei.cn/ldcms/punaleiPNAIdangongnenganguixilie/304.html
[ error ] [8192]preg_match(): Passing null to parameter #2 ($subject) of type string is deprecated
[ error ] [8192]preg_match(): Passing null to parameter #2 ($subject) of type string is deprecated
[ error ] [8192]preg_match(): Passing null to parameter #2 ($subject) of type string is deprecated
[ error ] [8192]preg_match(): Passing null to parameter #2 ($subject) of type string is deprecated
[ error ] [8192]preg_match(): Passing null to parameter #2 ($subject) of type string is deprecated
[ error ] [8192]preg_match(): Passing null to parameter #2 ($subject) of type string is deprecated
[ error ] [8192]preg_match(): Passing null to parameter #2 ($subject) of type string is deprecated
[ error ] [8192]preg_match(): Passing null to parameter #2 ($subject) of type string is deprecated
---------------------------------------------------------------
[ 2026-03-16T16:01:14+08:00 ] 45.148.10.243 GET punalei.cn/ldcms/punaleiPNAIdangongnenganguixilie/307.html
[ error ] [8192]preg_match(): Passing null to parameter #2 ($subject) of type string is deprecated
[ error ] [8192]preg_match(): Passing null to parameter #2 ($subject) of type string is deprecated
[ error ] [8192]preg_match(): Passing null to parameter #2 ($subject) of type string is deprecated
[ error ] [8192]preg_match(): Passing null to parameter #2 ($subject) of type string is deprecated
[ error ] [8192]preg_match(): Passing null to parameter #2 ($subject) of type string is deprecated
[ error ] [8192]preg_match(): Passing null to parameter #2 ($subject) of type string is deprecated
[ error ] [8192]preg_match(): Passing null to parameter #2 ($subject) of type string is deprecated
[ error ] [8192]preg_match(): Passing null to parameter #2 ($subject) of type string is deprecated
[ error ] [8192]Automatic conversion of false to array is deprecated
[ error ] [8192]Automatic conversion of false to array is deprecated
---------------------------------------------------------------
[ 2026-03-16T16:01:14+08:00 ] 45.148.10.243 GET punalei.cn/ldcms/punaleiPNAIduogongnenganguixilie.html
[ error ] [8192]preg_match(): Passing null to parameter #2 ($subject) of type string is deprecated
[ error ] [8192]preg_match(): Passing null to parameter #2 ($subject) of type string is deprecated
[ error ] [8192]preg_match(): Passing null to parameter #2 ($subject) of type string is deprecated
[ error ] [8192]preg_match(): Passing null to parameter #2 ($subject) of type string is deprecated
[ error ] [8192]preg_match(): Passing null to parameter #2 ($subject) of type string is deprecated
[ error ] [8192]preg_match(): Passing null to parameter #2 ($subject) of type string is deprecated
[ error ] [8192]preg_match(): Passing null to parameter #2 ($subject) of type string is deprecated
[ error ] [8192]preg_match(): Passing null to parameter #2 ($subject) of type string is deprecated
---------------------------------------------------------------
[ 2026-03-16T16:01:14+08:00 ] 45.148.10.243 GET punalei.cn/ldcms/punaleiPNAIdangongnenganguixilie/306.html
[ error ] [8192]preg_match(): Passing null to parameter #2 ($subject) of type string is deprecated
[ error ] [8192]preg_match(): Passing null to parameter #2 ($subject) of type string is deprecated
[ error ] [8192]preg_match(): Passing null to parameter #2 ($subject) of type string is deprecated
[ error ] [8192]preg_match(): Passing null to parameter #2 ($subject) of type string is deprecated
[ error ] [8192]preg_match(): Passing null to parameter #2 ($subject) of type string is deprecated
[ error ] [8192]preg_match(): Passing null to parameter #2 ($subject) of type string is deprecated
[ error ] [8192]preg_match(): Passing null to parameter #2 ($subject) of type string is deprecated
[ error ] [8192]preg_match(): Passing null to parameter #2 ($subject) of type string is deprecated
[ error ] [2]file_get_contents(/www/wwwroot/punalei/runtime/cache/bb/4d2c7c184a0a1ab2d29f7029af4079.php): Failed to open stream: No such file or directory
[ error ] [8192]Automatic conversion of false to array is deprecated
---------------------------------------------------------------
[ 2026-03-16T16:01:14+08:00 ] 45.148.10.243 GET punalei.cn/ldcms/punaleiPNAIdangongnenganguixilie/264.html
[ error ] [8192]preg_match(): Passing null to parameter #2 ($subject) of type string is deprecated
[ error ] [8192]preg_match(): Passing null to parameter #2 ($subject) of type string is deprecated
[ error ] [8192]preg_match(): Passing null to parameter #2 ($subject) of type string is deprecated
[ error ] [8192]preg_match(): Passing null to parameter #2 ($subject) of type string is deprecated
[ error ] [8192]preg_match(): Passing null to parameter #2 ($subject) of type string is deprecated
[ error ] [8192]preg_match(): Passing null to parameter #2 ($subject) of type string is deprecated
[ error ] [8192]preg_match(): Passing null to parameter #2 ($subject) of type string is deprecated
[ error ] [8192]preg_match(): Passing null to parameter #2 ($subject) of type string is deprecated
[ error ] [2]file_get_contents(/www/wwwroot/punalei/runtime/cache/bb/4d2c7c184a0a1ab2d29f7029af4079.php): Failed to open stream: No such file or directory
[ error ] [8192]Automatic conversion of false to array is deprecated
---------------------------------------------------------------
[ 2026-03-16T16:01:14+08:00 ] 45.148.10.243 GET punalei.cn/ldcms/punaleiPNAIduogongnenganguixilie/309.html
[ error ] [8192]preg_match(): Passing null to parameter #2 ($subject) of type string is deprecated
[ error ] [8192]preg_match(): Passing null to parameter #2 ($subject) of type string is deprecated
[ error ] [8192]preg_match(): Passing null to parameter #2 ($subject) of type string is deprecated
[ error ] [8192]preg_match(): Passing null to parameter #2 ($subject) of type string is deprecated
[ error ] [8192]preg_match(): Passing null to parameter #2 ($subject) of type string is deprecated
[ error ] [8192]preg_match(): Passing null to parameter #2 ($subject) of type string is deprecated
[ error ] [8192]preg_match(): Passing null to parameter #2 ($subject) of type string is deprecated
[ error ] [8192]preg_match(): Passing null to parameter #2 ($subject) of type string is deprecated
[ error ] [8192]Automatic conversion of false to array is deprecated
---------------------------------------------------------------
[ 2026-03-16T16:01:15+08:00 ] 45.148.10.243 GET punalei.cn/ldcms/punaleiPNAIdangongnenganguixilie/263.html
[ error ] [8192]preg_match(): Passing null to parameter #2 ($subject) of type string is deprecated
[ error ] [8192]preg_match(): Passing null to parameter #2 ($subject) of type string is deprecated
[ error ] [8192]preg_match(): Passing null to parameter #2 ($subject) of type string is deprecated
[ error ] [8192]preg_match(): Passing null to parameter #2 ($subject) of type string is deprecated
[ error ] [8192]preg_match(): Passing null to parameter #2 ($subject) of type string is deprecated
[ error ] [8192]preg_match(): Passing null to parameter #2 ($subject) of type string is deprecated
[ error ] [8192]preg_match(): Passing null to parameter #2 ($subject) of type string is deprecated
[ error ] [8192]preg_match(): Passing null to parameter #2 ($subject) of type string is deprecated
---------------------------------------------------------------
[ 2026-03-16T16:01:15+08:00 ] 45.148.10.243 GET punalei.cn/ldcms/punaleiPNAIdangongnenganguixilie/298.html
[ error ] [2]mkdir(): File exists
---------------------------------------------------------------
[ 2026-03-16T16:01:15+08:00 ] 45.148.10.243 GET punalei.cn/ldcms/punaleiPNAIduogongnenganguixilie/308.html
[ error ] [8192]preg_match(): Passing null to parameter #2 ($subject) of type string is deprecated
[ error ] [8192]preg_match(): Passing null to parameter #2 ($subject) of type string is deprecated
[ error ] [8192]preg_match(): Passing null to parameter #2 ($subject) of type string is deprecated
[ error ] [8192]preg_match(): Passing null to parameter #2 ($subject) of type string is deprecated
[ error ] [8192]preg_match(): Passing null to parameter #2 ($subject) of type string is deprecated
[ error ] [8192]preg_match(): Passing null to parameter #2 ($subject) of type string is deprecated
[ error ] [8192]preg_match(): Passing null to parameter #2 ($subject) of type string is deprecated
[ error ] [8192]preg_match(): Passing null to parameter #2 ($subject) of type string is deprecated
[ error ] [8192]Automatic conversion of false to array is deprecated
[ error ] [8192]Automatic conversion of false to array is deprecated
[ error ] [2]file_get_contents(/www/wwwroot/punalei/runtime/cache/bb/4d2c7c184a0a1ab2d29f7029af4079.php): Failed to open stream: No such file or directory
[ error ] [8192]Automatic conversion of false to array is deprecated
[ error ] [8192]Automatic conversion of false to array is deprecated
---------------------------------------------------------------
[ 2026-03-16T16:01:16+08:00 ] 45.148.10.243 GET punalei.cn/ldcms/punaleiPNAIduogongnenganguixilie/311.html
[ error ] [8192]preg_match(): Passing null to parameter #2 ($subject) of type string is deprecated
[ error ] [8192]preg_match(): Passing null to parameter #2 ($subject) of type string is deprecated
[ error ] [8192]preg_match(): Passing null to parameter #2 ($subject) of type string is deprecated
[ error ] [8192]preg_match(): Passing null to parameter #2 ($subject) of type string is deprecated
[ error ] [8192]preg_match(): Passing null to parameter #2 ($subject) of type string is deprecated
[ error ] [8192]preg_match(): Passing null to parameter #2 ($subject) of type string is deprecated
[ error ] [8192]preg_match(): Passing null to parameter #2 ($subject) of type string is deprecated
[ error ] [8192]preg_match(): Passing null to parameter #2 ($subject) of type string is deprecated
[ error ] [8192]Automatic conversion of false to array is deprecated
---------------------------------------------------------------
[ 2026-03-16T16:01:16+08:00 ] 45.148.10.243 GET punalei.cn/ldcms/qiyexinwen.html
[ error ] [8192]preg_match(): Passing null to parameter #2 ($subject) of type string is deprecated
[ error ] [8192]preg_match(): Passing null to parameter #2 ($subject) of type string is deprecated
[ error ] [8192]preg_match(): Passing null to parameter #2 ($subject) of type string is deprecated
[ error ] [8192]preg_match(): Passing null to parameter #2 ($subject) of type string is deprecated
[ error ] [8192]preg_match(): Passing null to parameter #2 ($subject) of type string is deprecated
[ error ] [8192]preg_match(): Passing null to parameter #2 ($subject) of type string is deprecated
[ error ] [8192]preg_match(): Passing null to parameter #2 ($subject) of type string is deprecated
[ error ] [8192]preg_match(): Passing null to parameter #2 ($subject) of type string is deprecated
[ error ] [8192]Automatic conversion of false to array is deprecated
[ error ] [2]Undefined variable $content
[ error ] [2]Trying to access array offset on value of type null
---------------------------------------------------------------
[ 2026-03-16T16:01:16+08:00 ] 45.148.10.243 GET punalei.cn/ldcms/punaleizixun.html
[ error ] [8192]preg_match(): Passing null to parameter #2 ($subject) of type string is deprecated
[ error ] [8192]preg_match(): Passing null to parameter #2 ($subject) of type string is deprecated
[ error ] [8192]preg_match(): Passing null to parameter #2 ($subject) of type string is deprecated
[ error ] [8192]preg_match(): Passing null to parameter #2 ($subject) of type string is deprecated
[ error ] [8192]preg_match(): Passing null to parameter #2 ($subject) of type string is deprecated
[ error ] [8192]preg_match(): Passing null to parameter #2 ($subject) of type string is deprecated
[ error ] [2]rmdir(/www/wwwroot/punalei/runtime/cache/19): Directory not empty
[ error ] [8192]preg_match(): Passing null to parameter #2 ($subject) of type string is deprecated
[ error ] [8192]preg_match(): Passing null to parameter #2 ($subject) of type string is deprecated
[ error ] [2]file_get_contents(/www/wwwroot/punalei/runtime/cache/bb/4d2c7c184a0a1ab2d29f7029af4079.php): Failed to open stream: No such file or directory
[ error ] [8192]Automatic conversion of false to array is deprecated
[ error ] [2]Undefined variable $content
[ error ] [2]Trying to access array offset on value of type null
---------------------------------------------------------------
[ 2026-03-16T16:01:16+08:00 ] 45.148.10.243 GET punalei.cn/ldcms/hangyedongtai.html
[ error ] [8192]preg_match(): Passing null to parameter #2 ($subject) of type string is deprecated
[ error ] [8192]preg_match(): Passing null to parameter #2 ($subject) of type string is deprecated
[ error ] [8192]preg_match(): Passing null to parameter #2 ($subject) of type string is deprecated
[ error ] [8192]preg_match(): Passing null to parameter #2 ($subject) of type string is deprecated
[ error ] [8192]preg_match(): Passing null to parameter #2 ($subject) of type string is deprecated
[ error ] [8192]preg_match(): Passing null to parameter #2 ($subject) of type string is deprecated
[ error ] [8192]preg_match(): Passing null to parameter #2 ($subject) of type string is deprecated
[ error ] [8192]preg_match(): Passing null to parameter #2 ($subject) of type string is deprecated
[ error ] [8192]Automatic conversion of false to array is deprecated
[ error ] [2]Undefined variable $content
[ error ] [2]Trying to access array offset on value of type null
---------------------------------------------------------------
[ 2026-03-16T16:01:16+08:00 ] 45.148.10.243 GET punalei.cn/ldcms/punaleiPNAIanguijiaozhunzhuangzhi.html
[ error ] [8192]preg_match(): Passing null to parameter #2 ($subject) of type string is deprecated
[ error ] [8192]preg_match(): Passing null to parameter #2 ($subject) of type string is deprecated
[ error ] [8192]preg_match(): Passing null to parameter #2 ($subject) of type string is deprecated
[ error ] [8192]preg_match(): Passing null to parameter #2 ($subject) of type string is deprecated
[ error ] [8192]preg_match(): Passing null to parameter #2 ($subject) of type string is deprecated
[ error ] [8192]preg_match(): Passing null to parameter #2 ($subject) of type string is deprecated
[ error ] [8192]preg_match(): Passing null to parameter #2 ($subject) of type string is deprecated
[ error ] [8192]preg_match(): Passing null to parameter #2 ($subject) of type string is deprecated
---------------------------------------------------------------
[ 2026-03-16T16:01:16+08:00 ] 45.148.10.243 GET punalei.cn/ldcms/punaleiPNAIanguijiaozhunzhuangzhi/303.html
[ error ] [8192]preg_match(): Passing null to parameter #2 ($subject) of type string is deprecated
[ error ] [8192]preg_match(): Passing null to parameter #2 ($subject) of type string is deprecated
[ error ] [8192]preg_match(): Passing null to parameter #2 ($subject) of type string is deprecated
[ error ] [8192]preg_match(): Passing null to parameter #2 ($subject) of type string is deprecated
[ error ] [8192]preg_match(): Passing null to parameter #2 ($subject) of type string is deprecated
[ error ] [8192]preg_match(): Passing null to parameter #2 ($subject) of type string is deprecated
[ error ] [8192]preg_match(): Passing null to parameter #2 ($subject) of type string is deprecated
[ error ] [8192]preg_match(): Passing null to parameter #2 ($subject) of type string is deprecated
[ error ] [8192]Automatic conversion of false to array is deprecated
---------------------------------------------------------------
[ 2026-03-16T16:01:16+08:00 ] 45.148.10.243 GET punalei.cn/ldcms/guanyupunalei.html
[ error ] [8192]preg_match(): Passing null to parameter #2 ($subject) of type string is deprecated
[ error ] [8192]preg_match(): Passing null to parameter #2 ($subject) of type string is deprecated
[ error ] [8192]preg_match(): Passing null to parameter #2 ($subject) of type string is deprecated
[ error ] [8192]preg_match(): Passing null to parameter #2 ($subject) of type string is deprecated
[ error ] [8192]preg_match(): Passing null to parameter #2 ($subject) of type string is deprecated
[ error ] [8192]preg_match(): Passing null to parameter #2 ($subject) of type string is deprecated
[ error ] [8192]preg_match(): Passing null to parameter #2 ($subject) of type string is deprecated
[ error ] [8192]preg_match(): Passing null to parameter #2 ($subject) of type string is deprecated
---------------------------------------------------------------
[ 2026-03-16T16:01:17+08:00 ] 45.148.10.243 GET punalei.cn/ldcms/wenduceshichanpin.html
[ error ] [8192]preg_match(): Passing null to parameter #2 ($subject) of type string is deprecated
[ error ] [8192]preg_match(): Passing null to parameter #2 ($subject) of type string is deprecated
[ error ] [8192]preg_match(): Passing null to parameter #2 ($subject) of type string is deprecated
[ error ] [8192]preg_match(): Passing null to parameter #2 ($subject) of type string is deprecated
[ error ] [8192]preg_match(): Passing null to parameter #2 ($subject) of type string is deprecated
[ error ] [8192]preg_match(): Passing null to parameter #2 ($subject) of type string is deprecated
[ error ] [8192]preg_match(): Passing null to parameter #2 ($subject) of type string is deprecated
[ error ] [8192]preg_match(): Passing null to parameter #2 ($subject) of type string is deprecated
[ error ] [8192]Automatic conversion of false to array is deprecated
[ error ] [8192]Automatic conversion of false to array is deprecated
[ error ] [8192]Automatic conversion of false to array is deprecated
[ error ] [8192]Automatic conversion of false to array is deprecated
---------------------------------------------------------------
[ 2026-03-16T16:01:17+08:00 ] 45.148.10.243 GET punalei.cn/ldcms/zhiliudianzuchanpin.html
[ error ] [8192]preg_match(): Passing null to parameter #2 ($subject) of type string is deprecated
[ error ] [8192]preg_match(): Passing null to parameter #2 ($subject) of type string is deprecated
[ error ] [8192]preg_match(): Passing null to parameter #2 ($subject) of type string is deprecated
[ error ] [8192]preg_match(): Passing null to parameter #2 ($subject) of type string is deprecated
[ error ] [8192]preg_match(): Passing null to parameter #2 ($subject) of type string is deprecated
[ error ] [8192]preg_match(): Passing null to parameter #2 ($subject) of type string is deprecated
[ error ] [8192]preg_match(): Passing null to parameter #2 ($subject) of type string is deprecated
[ error ] [8192]preg_match(): Passing null to parameter #2 ($subject) of type string is deprecated
[ error ] [8192]Automatic conversion of false to array is deprecated
---------------------------------------------------------------
[ 2026-03-16T16:01:18+08:00 ] 45.148.10.243 GET punalei.cn/ldcms/jiaozhiliudianyuanxilie.html
[ error ] [8192]preg_match(): Passing null to parameter #2 ($subject) of type string is deprecated
[ error ] [8192]preg_match(): Passing null to parameter #2 ($subject) of type string is deprecated
[ error ] [8192]preg_match(): Passing null to parameter #2 ($subject) of type string is deprecated
[ error ] [8192]preg_match(): Passing null to parameter #2 ($subject) of type string is deprecated
[ error ] [8192]preg_match(): Passing null to parameter #2 ($subject) of type string is deprecated
[ error ] [8192]preg_match(): Passing null to parameter #2 ($subject) of type string is deprecated
[ error ] [8192]preg_match(): Passing null to parameter #2 ($subject) of type string is deprecated
[ error ] [8192]preg_match(): Passing null to parameter #2 ($subject) of type string is deprecated
[ error ] [8192]Automatic conversion of false to array is deprecated
[ error ] [8192]Automatic conversion of false to array is deprecated
[ error ] [2]file_get_contents(/www/wwwroot/punalei/runtime/cache/bb/4d2c7c184a0a1ab2d29f7029af4079.php): Failed to open stream: No such file or directory
[ error ] [8192]Automatic conversion of false to array is deprecated
---------------------------------------------------------------
[ 2026-03-16T16:01:19+08:00 ] 45.148.10.243 GET punalei.cn/ldcms/xiazaizhongxin.html
[ error ] [8192]preg_match(): Passing null to parameter #2 ($subject) of type string is deprecated
[ error ] [8192]preg_match(): Passing null to parameter #2 ($subject) of type string is deprecated
[ error ] [8192]preg_match(): Passing null to parameter #2 ($subject) of type string is deprecated
[ error ] [8192]preg_match(): Passing null to parameter #2 ($subject) of type string is deprecated
[ error ] [8192]preg_match(): Passing null to parameter #2 ($subject) of type string is deprecated
[ error ] [8192]preg_match(): Passing null to parameter #2 ($subject) of type string is deprecated
[ error ] [8192]preg_match(): Passing null to parameter #2 ($subject) of type string is deprecated
[ error ] [8192]preg_match(): Passing null to parameter #2 ($subject) of type string is deprecated
[ error ] [8192]Automatic conversion of false to array is deprecated
[ error ] [8192]Automatic conversion of false to array is deprecated
[ error ] [8192]Automatic conversion of false to array is deprecated
[ error ] [2]file_get_contents(/www/wwwroot/punalei/runtime/cache/bb/4d2c7c184a0a1ab2d29f7029af4079.php): Failed to open stream: No such file or directory
[ error ] [8192]Automatic conversion of false to array is deprecated
[ error ] [2]file_get_contents(/www/wwwroot/punalei/runtime/cache/bb/4d2c7c184a0a1ab2d29f7029af4079.php): Failed to open stream: No such file or directory
[ error ] [8192]Automatic conversion of false to array is deprecated
[ download ] NULL
---------------------------------------------------------------
[ 2026-03-16T16:01:19+08:00 ] 45.148.10.243 GET punalei.cn/ldcms/xiazaizhongxin.html
[ download ] [{"id":242,"title":"1-300V\/45-400Hz \u4ea4\u6d41\u53d8\u9891\u7535\u6e90 P9510\\15\\20\\30\\45\\60-\\TSS\u7cfb\u5217","catalog":"https:\/\/qiniu.punalei.cn\/uploads\/20250630\/9f6157e1177e99e4fe3674e8d06014a8.pdf","handbook":"https:\/\/qiniu.punalei.cn\/uploads\/20250630\/9f6157e1177e99e4fe3674e8d06014a8.pdf","agreement":"","drive":"","resource":""},{"id":244,"title":"1-300V\/45-400Hz \u4ea4\u6d41\u53d8\u9891\u7535\u6e90 P9530\\60-\\GSD\\GSS\u7cfb\u5217","catalog":"https:\/\/qiniu.punalei.cn\/uploads\/20250630\/9f6157e1177e99e4fe3674e8d06014a8.pdf","handbook":"https:\/\/qiniu.punalei.cn\/uploads\/20250630\/9f6157e1177e99e4fe3674e8d06014a8.pdf","agreement":"","drive":"","resource":""},{"id":260,"title":"1-300V\/45-400Hz \u4ea4\u6d41\u53d8\u9891\u7535\u6e90 P9505\\10-\\D\u7cfb\u5217","catalog":"https:\/\/qiniu.punalei.cn\/uploads\/20250630\/9f6157e1177e99e4fe3674e8d06014a8.pdf","handbook":"https:\/\/qiniu.punalei.cn\/uploads\/20250630\/9f6157e1177e99e4fe3674e8d06014a8.pdf","agreement":"","drive":"","resource":""},{"id":262,"title":"\u5355\u76f8\u578bPNL300-A\u4ea4\u6d41\u7cfb\u52170.2\u7ea7","catalog":"https:\/\/qiniu.punalei.cn\/uploads\/20250630\/9f6157e1177e99e4fe3674e8d06014a8.pdf","handbook":"https:\/\/qiniu.punalei.cn\/uploads\/20260309\/ed50ce8156e54152582ff3356228093d.pdf","agreement":"","drive":"","resource":"https:\/\/qiniu.punalei.cn\/uploads\/20250811\/ed50ce8156e54152582ff3356228093d.pdf"},{"id":263,"title":"\u6cc4\u6f0f\u7535\u6d41\u6d4b\u8bd5\u4eeaPNL2675\u7cfb\u5217","catalog":"https:\/\/qiniu.punalei.cn\/uploads\/20250630\/9f6157e1177e99e4fe3674e8d06014a8.pdf","handbook":"https:\/\/qiniu.punalei.cn\/uploads\/20250630\/9f6157e1177e99e4fe3674e8d06014a8.pdf","agreement":"","drive":"","resource":""},{"id":264,"title":" \u63a5\u5730\u7535\u963b\u6d4b\u8bd5\u4eeaPNL2678XM\u7cfb\u5217","catalog":"https:\/\/qiniu.punalei.cn\/uploads\/20250630\/9f6157e1177e99e4fe3674e8d06014a8.pdf","handbook":"https:\/\/qiniu.punalei.cn\/uploads\/20250630\/9f6157e1177e99e4fe3674e8d06014a8.pdf","agreement":"","drive":"","resource":""},{"id":268,"title":"\u591a\u901a\u9053\u76f4\u6d41\u7535\u963b\u6d4b\u8bd5\u4eeaPNL2818-X\u7cfb\u5217","catalog":"https:\/\/qiniu.punalei.cn\/uploads\/20250630\/9f6157e1177e99e4fe3674e8d06014a8.pdf","handbook":"https:\/\/qiniu.punalei.cn\/uploads\/20250630\/9f6157e1177e99e4fe3674e8d06014a8.pdf","agreement":"","drive":"","resource":""},{"id":270,"title":"\u76f4\u6d41\u7535\u963b\u6d4b\u8bd5\u4eeaPNL2511\u6570\u7801\u7cfb\u5217","catalog":"https:\/\/qiniu.punalei.cn\/uploads\/20250630\/9f6157e1177e99e4fe3674e8d06014a8.pdf","handbook":"https:\/\/qiniu.punalei.cn\/uploads\/20250811\/405841dc3a1790083cdfb28d392a51b6.pdf","agreement":"","drive":"","resource":""},{"id":271,"title":"\u591a\u8def\u6e29\u5ea6\u5de1\u68c0\u6d4b\u8bd5\u4eeaP2000-X PLUS\u7cfb\u5217","catalog":"https:\/\/qiniu.punalei.cn\/uploads\/20250630\/9f6157e1177e99e4fe3674e8d06014a8.pdf","handbook":"https:\/\/qiniu.punalei.cn\/uploads\/20250811\/88bebf25cc9f75277abfb9945aa00ebc.pdf","agreement":"","drive":"","resource":""},{"id":272,"title":"\u624b\u6301\u591a\u8def\u6e29\u5ea6\u6d4b\u8bd5\u4eeaP300-S\u7cfb\u5217","catalog":"https:\/\/qiniu.punalei.cn\/uploads\/20250630\/9f6157e1177e99e4fe3674e8d06014a8.pdf","handbook":"https:\/\/qiniu.punalei.cn\/uploads\/20250811\/4eeb7970b89981df90d0560b8dbe2ff8.pdf","agreement":"","drive":"","resource":""},{"id":290,"title":"\u4ea4\u6d41\u6052\u6d41\u6e90","catalog":"","handbook":"","agreement":"","drive":"","resource":""},{"id":291,"title":"\u4e09\u76f8\u578bPNL300-S\u7cfb\u52170.2\u7ea7","catalog":"","handbook":"https:\/\/qiniu.punalei.cn\/uploads\/20250811\/5f7e3f318e22f4a79790e06a66ac2625.pdf","agreement":"","drive":"","resource":"https:\/\/qiniu.punalei.cn\/uploads\/20250811\/5f7e3f318e22f4a79790e06a66ac2625.pdf"},{"id":295,"title":"\u5c0f\u529f\u7387\u76f4\u6d41\u7535\u5b50\u8d1f\u8f7d","catalog":"","handbook":"https:\/\/qiniu.punalei.cn\/uploads\/20250811\/3c0024e1494ae6a3a5ee57c6e55308d8.pdf","agreement":"","drive":"","resource":""},{"id":298,"title":"\u533b\u7528\u6cc4\u6f0f\u7535\u6d41\u6d4b\u8bd5\u4eea","catalog":"","handbook":"","agreement":"","drive":"","resource":""},{"id":299,"title":"\u5927\u529f\u7387\u76f4\u6d41\u7535\u6e90\u6db2\u66763U\u7cfb\u5217","catalog":"","handbook":"","agreement":"","drive":"","resource":""},{"id":300,"title":"\u5927\u529f\u7387\u76f4\u6d41\u7535\u6e90\u6570\u7801PNL-Y 10kw-15kw\u7cfb\u5217","catalog":"","handbook":"https:\/\/qiniu.punalei.cn\/uploads\/20250811\/6991e7a5b3190aa67ef71fc5ef74964e.pdf","agreement":"","drive":"","resource":""},{"id":303,"title":"\u5b89\u89c4\u7efc\u5408\u6821\u51c6\u70b9\u68c0\u5de5\u88c5","catalog":"","handbook":"","agreement":"","drive":"","resource":""},{"id":304,"title":"\u8010\u538b\u6d4b\u8bd5\u4eea5KV\u7cfb\u5217","catalog":"","handbook":"","agreement":"","drive":"","resource":""},{"id":306,"title":"\u8010\u538b\u6d4b\u8bd5\u4eea10KV\u7cfb\u5217","catalog":"https:\/\/qiniu.punalei.cn\/uploads\/20250630\/9f6157e1177e99e4fe3674e8d06014a8.pdf","handbook":"https:\/\/qiniu.punalei.cn\/uploads\/20250630\/9f6157e1177e99e4fe3674e8d06014a8.pdf","agreement":"","drive":"","resource":""},{"id":307,"title":"\u8010\u538b\u6d4b\u8bd5\u4eea20KV\u7cfb\u5217","catalog":"https:\/\/qiniu.punalei.cn\/uploads\/20250630\/9f6157e1177e99e4fe3674e8d06014a8.pdf","handbook":"https:\/\/qiniu.punalei.cn\/uploads\/20250630\/9f6157e1177e99e4fe3674e8d06014a8.pdf","agreement":"","drive":"","resource":""},{"id":308,"title":"\u7a0b\u63a7\u8010\u538b\u7edd\u7f18PNL7110\\PNL7122\u7cfb\u5217","catalog":"https:\/\/qiniu.punalei.cn\/uploads\/20250630\/9f6157e1177e99e4fe3674e8d06014a8.pdf","handbook":"https:\/\/qiniu.punalei.cn\/uploads\/20250630\/9f6157e1177e99e4fe3674e8d06014a8.pdf","agreement":"","drive":"","resource":""},{"id":309,"title":"\u5b89\u5168\u7efc\u5408\u6027\u80fd\u5206\u6790\u4eeaPNL9950\u7cfb\u5217","catalog":"https:\/\/qiniu.punalei.cn\/uploads\/20250630\/9f6157e1177e99e4fe3674e8d06014a8.pdf","handbook":"https:\/\/qiniu.punalei.cn\/uploads\/20250630\/9f6157e1177e99e4fe3674e8d06014a8.pdf","agreement":"","drive":"","resource":""},{"id":311,"title":"\u5355\u4e09\u76f8 - \u5b89\u5168\u7efc\u5408\u6027\u80fd\u5206\u6790\u4eeaPNL9950-C\u7cfb\u5217","catalog":"https:\/\/qiniu.punalei.cn\/uploads\/20250630\/9f6157e1177e99e4fe3674e8d06014a8.pdf","handbook":"https:\/\/qiniu.punalei.cn\/uploads\/20250630\/9f6157e1177e99e4fe3674e8d06014a8.pdf","agreement":"","drive":"","resource":""},{"id":312,"title":"1-300V\/45-400Hz \u4ea4\u6d41\u53d8\u9891\u7535\u6e90 P9515\\20\\30\\45\\60-\\TSD\u7cfb\u5217","catalog":"https:\/\/qiniu.punalei.cn\/uploads\/20250630\/9f6157e1177e99e4fe3674e8d06014a8.pdf","handbook":"https:\/\/qiniu.punalei.cn\/uploads\/20250630\/9f6157e1177e99e4fe3674e8d06014a8.pdf","agreement":"","drive":"","resource":""},{"id":314,"title":"1-300V\/45-400Hz \u4ea4\u6d41\u53d8\u9891\u7535\u6e90 P9520\\30-\\D\u7cfb\u5217","catalog":"https:\/\/qiniu.punalei.cn\/uploads\/20250630\/9f6157e1177e99e4fe3674e8d06014a8.pdf","handbook":"https:\/\/qiniu.punalei.cn\/uploads\/20250630\/9f6157e1177e99e4fe3674e8d06014a8.pdf","agreement":"","drive":"","resource":""},{"id":315,"title":"\u7edd\u7f18\u7535\u963b\u6d4b\u8bd5\u4eeaPNL2682N\u7cfb\u5217","catalog":"https:\/\/qiniu.punalei.cn\/uploads\/20250630\/9f6157e1177e99e4fe3674e8d06014a8.pdf","handbook":"https:\/\/qiniu.punalei.cn\/uploads\/20250811\/7c63757a23e5e98e594bf1b4bf50445a.pdf","agreement":"","drive":"","resource":""},{"id":316,"title":"1-300V\/45-400Hz \u4ea4\u6d41\u53d8\u9891\u7535\u6e90 P9510\\15\\20-\\TD\u7cfb\u5217","catalog":"https:\/\/qiniu.punalei.cn\/uploads\/20250630\/9f6157e1177e99e4fe3674e8d06014a8.pdf","handbook":"https:\/\/qiniu.punalei.cn\/uploads\/20250630\/9f6157e1177e99e4fe3674e8d06014a8.pdf","agreement":"","drive":"","resource":""},{"id":317,"title":"1-300V\/45-400Hz \u4ea4\u6d41\u53d8\u9891\u7535\u6e90 P9530\\50-\\G\\D\u7cfb\u5217","catalog":"https:\/\/qiniu.punalei.cn\/uploads\/20250630\/9f6157e1177e99e4fe3674e8d06014a8.pdf","handbook":"https:\/\/qiniu.punalei.cn\/uploads\/20250630\/9f6157e1177e99e4fe3674e8d06014a8.pdf","agreement":"","drive":"","resource":""},{"id":318,"title":"\u4e09\u76f8\u578b\u8c10\u6ce2PNL300-SX\u7cfb\u52170.2\u7ea7","catalog":"","handbook":"https:\/\/qiniu.punalei.cn\/uploads\/20250811\/c3915be2288c668d42fab75c77d557b6.pdf","agreement":"","drive":"","resource":"https:\/\/qiniu.punalei.cn\/uploads\/20250811\/c3915be2288c668d42fab75c77d557b6.pdf"},{"id":319,"title":"\u7edd\u7f18\u7535\u963b\u6d4b\u8bd5\u4eeaPNL2683AL\u7cfb\u5217","catalog":"https:\/\/qiniu.punalei.cn\/uploads\/20250630\/9f6157e1177e99e4fe3674e8d06014a8.pdf","handbook":"https:\/\/qiniu.punalei.cn\/uploads\/20250811\/29f9570871ea60e153dce0b05698a13e.pdf","agreement":"","drive":"","resource":""},{"id":320,"title":"\u5bbd\u8303\u56f4\u76f4\u6d41\u7535\u963b\u6d4b\u8bd5\u4eeaPNL2513\/15\u7cfb\u5217","catalog":"https:\/\/qiniu.punalei.cn\/uploads\/20250630\/9f6157e1177e99e4fe3674e8d06014a8.pdf","handbook":"https:\/\/qiniu.punalei.cn\/uploads\/20250811\/d94e60f7d79a2b3b6d9b106bf787c6db.pdf","agreement":"","drive":"","resource":""},{"id":321,"title":"\u5927\u529f\u7387\u76f4\u6d41\u7535\u6e90\u6db2\u66764U\u7cfb\u5217","catalog":"","handbook":"","agreement":"","drive":"","resource":""},{"id":322,"title":"\u5927\u529f\u7387\u76f4\u6d41\u7535\u6e90\u6db2\u66765U\u7cfb\u5217","catalog":"","handbook":"","agreement":"","drive":"","resource":""},{"id":323,"title":"\u5927\u529f\u7387\u76f4\u6d41\u7535\u6e90\u6db2\u667620K\u7cfb\u5217","catalog":"","handbook":"","agreement":"","drive":"","resource":""},{"id":324,"title":"\u5927\u529f\u7387\u76f4\u6d41\u7535\u6e90\u6db2\u667640K\u7cfb\u5217","catalog":"","handbook":"","agreement":"","drive":"","resource":""},{"id":325,"title":"\u5927\u529f\u7387\u76f4\u6d41\u7535\u6e90\u6db2\u667660K\u7cfb\u5217","catalog":"","handbook":"","agreement":"","drive":"","resource":""},{"id":326,"title":"\u5927\u529f\u7387\u76f4\u6d41\u7535\u6e90\u6570\u7801PNL-Y 20kw-30kw\u7cfb\u5217","catalog":"","handbook":"https:\/\/qiniu.punalei.cn\/uploads\/20250811\/6991e7a5b3190aa67ef71fc5ef74964e.pdf","agreement":"","drive":"","resource":""},{"id":327,"title":"\u5927\u529f\u7387\u76f4\u6d41\u7535\u6e90\u6570\u7801PNL-Y 40kw-60kw\u7cfb\u5217","catalog":"","handbook":"https:\/\/qiniu.punalei.cn\/uploads\/20250811\/6991e7a5b3190aa67ef71fc5ef74964e.pdf","agreement":"","drive":"","resource":""},{"id":328,"title":"\u5927\u529f\u7387\u76f4\u6d41\u7535\u6e90\u6570\u7801PNL-Y 75kw-90kw\u7cfb\u5217","catalog":"","handbook":"https:\/\/qiniu.punalei.cn\/uploads\/20250811\/6991e7a5b3190aa67ef71fc5ef74964e.pdf","agreement":"","drive":"","resource":""},{"id":329,"title":"\u5927\u529f\u7387\u76f4\u6d41\u7535\u6e90\u6570\u7801PNL-U \u9ad8\u538b\u7cfb\u5217","catalog":"","handbook":"https:\/\/qiniu.punalei.cn\/uploads\/20250811\/6991e7a5b3190aa67ef71fc5ef74964e.pdf","agreement":"","drive":"","resource":""},{"id":330,"title":"\u4ea4\u6d41\u7535\u5b50\u8d1f\u8f7d","catalog":"","handbook":"https:\/\/qiniu.punalei.cn\/uploads\/20250811\/18ff267d1dc26e503128741d78be61d7.pdf","agreement":"","drive":"","resource":""},{"id":331,"title":"\u4ea4\u76f4\u6d41\u7535\u5b50\u8d1f\u8f7d","catalog":"","handbook":"https:\/\/qiniu.punalei.cn\/uploads\/20250811\/04725819a3c60dff3e1af918dc2ccaf2.pdf","agreement":"","drive":"","resource":""},{"id":332,"title":"\u5927\u529f\u7387\u76f4\u6d41\u7535\u5b50\u8d1f\u8f7d","catalog":"","handbook":"https:\/\/qiniu.punalei.cn\/uploads\/20250811\/639e5850541f700cdc64053f1d7a18a7.pdf","agreement":"","drive":"","resource":""},{"id":333,"title":"\u5927\u529f\u7387\u76f4\u6d41\u7535\u5b50\u8d1f\u8f7d","catalog":"","handbook":"https:\/\/qiniu.punalei.cn\/uploads\/20250811\/3c0024e1494ae6a3a5ee57c6e55308d8.pdf","agreement":"","drive":"","resource":""},{"id":337,"title":"\u5355\u76f8\u578bPNL300-C\u4ea4\u76f4\u6d41\u7cfb\u52170.2\u7ea7","catalog":"https:\/\/qiniu.punalei.cn\/uploads\/20250630\/9f6157e1177e99e4fe3674e8d06014a8.pdf","handbook":"https:\/\/qiniu.punalei.cn\/uploads\/20250811\/ed50ce8156e54152582ff3356228093d.pdf","agreement":"","drive":"","resource":"https:\/\/qiniu.punalei.cn\/uploads\/20250811\/ed50ce8156e54152582ff3356228093d.pdf"},{"id":338,"title":"\u80fd\u6548\u578bPNL300-E\u4ea4\u76f4\u6d41\u7cfb\u52170.2\u7ea7","catalog":"https:\/\/qiniu.punalei.cn\/uploads\/20250630\/9f6157e1177e99e4fe3674e8d06014a8.pdf","handbook":"https:\/\/qiniu.punalei.cn\/uploads\/20250811\/ed50ce8156e54152582ff3356228093d.pdf","agreement":"","drive":"","resource":"https:\/\/qiniu.punalei.cn\/uploads\/20250811\/ed50ce8156e54152582ff3356228093d.pdf"}]
---------------------------------------------------------------
[ 2026-03-16T16:01:19+08:00 ] 45.148.10.243 GET punalei.cn/ldcms/xiazaizhongxin.html
[ download ] [{"id":242,"name":"1-300V\/45-400Hz \u4ea4\u6d41\u53d8\u9891\u7535\u6e90 P9510\\15\\20\\30\\45\\60-\\TSS\u7cfb\u5217-\u4ea7\u54c1\u578b\u5f55","url":"https:\/\/qiniu.punalei.cn\/uploads\/20250630\/9f6157e1177e99e4fe3674e8d06014a8.pdf"},{"id":242,"name":"1-300V\/45-400Hz \u4ea4\u6d41\u53d8\u9891\u7535\u6e90 P9510\\15\\20\\30\\45\\60-\\TSS\u7cfb\u5217-\u7528\u6237\u624b\u518c","url":"https:\/\/qiniu.punalei.cn\/uploads\/20250630\/9f6157e1177e99e4fe3674e8d06014a8.pdf"},{"id":244,"name":"1-300V\/45-400Hz \u4ea4\u6d41\u53d8\u9891\u7535\u6e90 P9530\\60-\\GSD\\GSS\u7cfb\u5217-\u4ea7\u54c1\u578b\u5f55","url":"https:\/\/qiniu.punalei.cn\/uploads\/20250630\/9f6157e1177e99e4fe3674e8d06014a8.pdf"},{"id":244,"name":"1-300V\/45-400Hz \u4ea4\u6d41\u53d8\u9891\u7535\u6e90 P9530\\60-\\GSD\\GSS\u7cfb\u5217-\u7528\u6237\u624b\u518c","url":"https:\/\/qiniu.punalei.cn\/uploads\/20250630\/9f6157e1177e99e4fe3674e8d06014a8.pdf"},{"id":260,"name":"1-300V\/45-400Hz \u4ea4\u6d41\u53d8\u9891\u7535\u6e90 P9505\\10-\\D\u7cfb\u5217-\u4ea7\u54c1\u578b\u5f55","url":"https:\/\/qiniu.punalei.cn\/uploads\/20250630\/9f6157e1177e99e4fe3674e8d06014a8.pdf"},{"id":260,"name":"1-300V\/45-400Hz \u4ea4\u6d41\u53d8\u9891\u7535\u6e90 P9505\\10-\\D\u7cfb\u5217-\u7528\u6237\u624b\u518c","url":"https:\/\/qiniu.punalei.cn\/uploads\/20250630\/9f6157e1177e99e4fe3674e8d06014a8.pdf"},{"id":262,"name":"\u5355\u76f8\u578bPNL300-A\u4ea4\u6d41\u7cfb\u52170.2\u7ea7-\u4ea7\u54c1\u578b\u5f55","url":"https:\/\/qiniu.punalei.cn\/uploads\/20250630\/9f6157e1177e99e4fe3674e8d06014a8.pdf"},{"id":262,"name":"\u5355\u76f8\u578bPNL300-A\u4ea4\u6d41\u7cfb\u52170.2\u7ea7-\u7528\u6237\u624b\u518c","url":"https:\/\/qiniu.punalei.cn\/uploads\/20260309\/ed50ce8156e54152582ff3356228093d.pdf"},{"id":262,"name":"\u5355\u76f8\u578bPNL300-A\u4ea4\u6d41\u7cfb\u52170.2\u7ea7-\u5e94\u7528\u4ea7\u54c1\u8d44\u6599","url":"https:\/\/qiniu.punalei.cn\/uploads\/20250811\/ed50ce8156e54152582ff3356228093d.pdf"},{"id":263,"name":"\u6cc4\u6f0f\u7535\u6d41\u6d4b\u8bd5\u4eeaPNL2675\u7cfb\u5217-\u4ea7\u54c1\u578b\u5f55","url":"https:\/\/qiniu.punalei.cn\/uploads\/20250630\/9f6157e1177e99e4fe3674e8d06014a8.pdf"},{"id":263,"name":"\u6cc4\u6f0f\u7535\u6d41\u6d4b\u8bd5\u4eeaPNL2675\u7cfb\u5217-\u7528\u6237\u624b\u518c","url":"https:\/\/qiniu.punalei.cn\/uploads\/20250630\/9f6157e1177e99e4fe3674e8d06014a8.pdf"},{"id":264,"name":" \u63a5\u5730\u7535\u963b\u6d4b\u8bd5\u4eeaPNL2678XM\u7cfb\u5217-\u4ea7\u54c1\u578b\u5f55","url":"https:\/\/qiniu.punalei.cn\/uploads\/20250630\/9f6157e1177e99e4fe3674e8d06014a8.pdf"},{"id":264,"name":" \u63a5\u5730\u7535\u963b\u6d4b\u8bd5\u4eeaPNL2678XM\u7cfb\u5217-\u7528\u6237\u624b\u518c","url":"https:\/\/qiniu.punalei.cn\/uploads\/20250630\/9f6157e1177e99e4fe3674e8d06014a8.pdf"},{"id":268,"name":"\u591a\u901a\u9053\u76f4\u6d41\u7535\u963b\u6d4b\u8bd5\u4eeaPNL2818-X\u7cfb\u5217-\u4ea7\u54c1\u578b\u5f55","url":"https:\/\/qiniu.punalei.cn\/uploads\/20250630\/9f6157e1177e99e4fe3674e8d06014a8.pdf"},{"id":268,"name":"\u591a\u901a\u9053\u76f4\u6d41\u7535\u963b\u6d4b\u8bd5\u4eeaPNL2818-X\u7cfb\u5217-\u7528\u6237\u624b\u518c","url":"https:\/\/qiniu.punalei.cn\/uploads\/20250630\/9f6157e1177e99e4fe3674e8d06014a8.pdf"},{"id":270,"name":"\u76f4\u6d41\u7535\u963b\u6d4b\u8bd5\u4eeaPNL2511\u6570\u7801\u7cfb\u5217-\u4ea7\u54c1\u578b\u5f55","url":"https:\/\/qiniu.punalei.cn\/uploads\/20250630\/9f6157e1177e99e4fe3674e8d06014a8.pdf"},{"id":270,"name":"\u76f4\u6d41\u7535\u963b\u6d4b\u8bd5\u4eeaPNL2511\u6570\u7801\u7cfb\u5217-\u7528\u6237\u624b\u518c","url":"https:\/\/qiniu.punalei.cn\/uploads\/20250811\/405841dc3a1790083cdfb28d392a51b6.pdf"},{"id":271,"name":"\u591a\u8def\u6e29\u5ea6\u5de1\u68c0\u6d4b\u8bd5\u4eeaP2000-X PLUS\u7cfb\u5217-\u4ea7\u54c1\u578b\u5f55","url":"https:\/\/qiniu.punalei.cn\/uploads\/20250630\/9f6157e1177e99e4fe3674e8d06014a8.pdf"},{"id":271,"name":"\u591a\u8def\u6e29\u5ea6\u5de1\u68c0\u6d4b\u8bd5\u4eeaP2000-X PLUS\u7cfb\u5217-\u7528\u6237\u624b\u518c","url":"https:\/\/qiniu.punalei.cn\/uploads\/20250811\/88bebf25cc9f75277abfb9945aa00ebc.pdf"},{"id":272,"name":"\u624b\u6301\u591a\u8def\u6e29\u5ea6\u6d4b\u8bd5\u4eeaP300-S\u7cfb\u5217-\u4ea7\u54c1\u578b\u5f55","url":"https:\/\/qiniu.punalei.cn\/uploads\/20250630\/9f6157e1177e99e4fe3674e8d06014a8.pdf"},{"id":272,"name":"\u624b\u6301\u591a\u8def\u6e29\u5ea6\u6d4b\u8bd5\u4eeaP300-S\u7cfb\u5217-\u7528\u6237\u624b\u518c","url":"https:\/\/qiniu.punalei.cn\/uploads\/20250811\/4eeb7970b89981df90d0560b8dbe2ff8.pdf"},{"id":291,"name":"\u4e09\u76f8\u578bPNL300-S\u7cfb\u52170.2\u7ea7-\u7528\u6237\u624b\u518c","url":"https:\/\/qiniu.punalei.cn\/uploads\/20250811\/5f7e3f318e22f4a79790e06a66ac2625.pdf"},{"id":291,"name":"\u4e09\u76f8\u578bPNL300-S\u7cfb\u52170.2\u7ea7-\u5e94\u7528\u4ea7\u54c1\u8d44\u6599","url":"https:\/\/qiniu.punalei.cn\/uploads\/20250811\/5f7e3f318e22f4a79790e06a66ac2625.pdf"},{"id":295,"name":"\u5c0f\u529f\u7387\u76f4\u6d41\u7535\u5b50\u8d1f\u8f7d-\u7528\u6237\u624b\u518c","url":"https:\/\/qiniu.punalei.cn\/uploads\/20250811\/3c0024e1494ae6a3a5ee57c6e55308d8.pdf"},{"id":300,"name":"\u5927\u529f\u7387\u76f4\u6d41\u7535\u6e90\u6570\u7801PNL-Y 10kw-15kw\u7cfb\u5217-\u7528\u6237\u624b\u518c","url":"https:\/\/qiniu.punalei.cn\/uploads\/20250811\/6991e7a5b3190aa67ef71fc5ef74964e.pdf"},{"id":306,"name":"\u8010\u538b\u6d4b\u8bd5\u4eea10KV\u7cfb\u5217-\u4ea7\u54c1\u578b\u5f55","url":"https:\/\/qiniu.punalei.cn\/uploads\/20250630\/9f6157e1177e99e4fe3674e8d06014a8.pdf"},{"id":306,"name":"\u8010\u538b\u6d4b\u8bd5\u4eea10KV\u7cfb\u5217-\u7528\u6237\u624b\u518c","url":"https:\/\/qiniu.punalei.cn\/uploads\/20250630\/9f6157e1177e99e4fe3674e8d06014a8.pdf"},{"id":307,"name":"\u8010\u538b\u6d4b\u8bd5\u4eea20KV\u7cfb\u5217-\u4ea7\u54c1\u578b\u5f55","url":"https:\/\/qiniu.punalei.cn\/uploads\/20250630\/9f6157e1177e99e4fe3674e8d06014a8.pdf"},{"id":307,"name":"\u8010\u538b\u6d4b\u8bd5\u4eea20KV\u7cfb\u5217-\u7528\u6237\u624b\u518c","url":"https:\/\/qiniu.punalei.cn\/uploads\/20250630\/9f6157e1177e99e4fe3674e8d06014a8.pdf"},{"id":308,"name":"\u7a0b\u63a7\u8010\u538b\u7edd\u7f18PNL7110\\PNL7122\u7cfb\u5217-\u4ea7\u54c1\u578b\u5f55","url":"https:\/\/qiniu.punalei.cn\/uploads\/20250630\/9f6157e1177e99e4fe3674e8d06014a8.pdf"},{"id":308,"name":"\u7a0b\u63a7\u8010\u538b\u7edd\u7f18PNL7110\\PNL7122\u7cfb\u5217-\u7528\u6237\u624b\u518c","url":"https:\/\/qiniu.punalei.cn\/uploads\/20250630\/9f6157e1177e99e4fe3674e8d06014a8.pdf"},{"id":309,"name":"\u5b89\u5168\u7efc\u5408\u6027\u80fd\u5206\u6790\u4eeaPNL9950\u7cfb\u5217-\u4ea7\u54c1\u578b\u5f55","url":"https:\/\/qiniu.punalei.cn\/uploads\/20250630\/9f6157e1177e99e4fe3674e8d06014a8.pdf"},{"id":309,"name":"\u5b89\u5168\u7efc\u5408\u6027\u80fd\u5206\u6790\u4eeaPNL9950\u7cfb\u5217-\u7528\u6237\u624b\u518c","url":"https:\/\/qiniu.punalei.cn\/uploads\/20250630\/9f6157e1177e99e4fe3674e8d06014a8.pdf"},{"id":311,"name":"\u5355\u4e09\u76f8 - \u5b89\u5168\u7efc\u5408\u6027\u80fd\u5206\u6790\u4eeaPNL9950-C\u7cfb\u5217-\u4ea7\u54c1\u578b\u5f55","url":"https:\/\/qiniu.punalei.cn\/uploads\/20250630\/9f6157e1177e99e4fe3674e8d06014a8.pdf"},{"id":311,"name":"\u5355\u4e09\u76f8 - \u5b89\u5168\u7efc\u5408\u6027\u80fd\u5206\u6790\u4eeaPNL9950-C\u7cfb\u5217-\u7528\u6237\u624b\u518c","url":"https:\/\/qiniu.punalei.cn\/uploads\/20250630\/9f6157e1177e99e4fe3674e8d06014a8.pdf"},{"id":312,"name":"1-300V\/45-400Hz \u4ea4\u6d41\u53d8\u9891\u7535\u6e90 P9515\\20\\30\\45\\60-\\TSD\u7cfb\u5217-\u4ea7\u54c1\u578b\u5f55","url":"https:\/\/qiniu.punalei.cn\/uploads\/20250630\/9f6157e1177e99e4fe3674e8d06014a8.pdf"},{"id":312,"name":"1-300V\/45-400Hz \u4ea4\u6d41\u53d8\u9891\u7535\u6e90 P9515\\20\\30\\45\\60-\\TSD\u7cfb\u5217-\u7528\u6237\u624b\u518c","url":"https:\/\/qiniu.punalei.cn\/uploads\/20250630\/9f6157e1177e99e4fe3674e8d06014a8.pdf"},{"id":314,"name":"1-300V\/45-400Hz \u4ea4\u6d41\u53d8\u9891\u7535\u6e90 P9520\\30-\\D\u7cfb\u5217-\u4ea7\u54c1\u578b\u5f55","url":"https:\/\/qiniu.punalei.cn\/uploads\/20250630\/9f6157e1177e99e4fe3674e8d06014a8.pdf"},{"id":314,"name":"1-300V\/45-400Hz \u4ea4\u6d41\u53d8\u9891\u7535\u6e90 P9520\\30-\\D\u7cfb\u5217-\u7528\u6237\u624b\u518c","url":"https:\/\/qiniu.punalei.cn\/uploads\/20250630\/9f6157e1177e99e4fe3674e8d06014a8.pdf"},{"id":315,"name":"\u7edd\u7f18\u7535\u963b\u6d4b\u8bd5\u4eeaPNL2682N\u7cfb\u5217-\u4ea7\u54c1\u578b\u5f55","url":"https:\/\/qiniu.punalei.cn\/uploads\/20250630\/9f6157e1177e99e4fe3674e8d06014a8.pdf"},{"id":315,"name":"\u7edd\u7f18\u7535\u963b\u6d4b\u8bd5\u4eeaPNL2682N\u7cfb\u5217-\u7528\u6237\u624b\u518c","url":"https:\/\/qiniu.punalei.cn\/uploads\/20250811\/7c63757a23e5e98e594bf1b4bf50445a.pdf"},{"id":316,"name":"1-300V\/45-400Hz \u4ea4\u6d41\u53d8\u9891\u7535\u6e90 P9510\\15\\20-\\TD\u7cfb\u5217-\u4ea7\u54c1\u578b\u5f55","url":"https:\/\/qiniu.punalei.cn\/uploads\/20250630\/9f6157e1177e99e4fe3674e8d06014a8.pdf"},{"id":316,"name":"1-300V\/45-400Hz \u4ea4\u6d41\u53d8\u9891\u7535\u6e90 P9510\\15\\20-\\TD\u7cfb\u5217-\u7528\u6237\u624b\u518c","url":"https:\/\/qiniu.punalei.cn\/uploads\/20250630\/9f6157e1177e99e4fe3674e8d06014a8.pdf"},{"id":317,"name":"1-300V\/45-400Hz \u4ea4\u6d41\u53d8\u9891\u7535\u6e90 P9530\\50-\\G\\D\u7cfb\u5217-\u4ea7\u54c1\u578b\u5f55","url":"https:\/\/qiniu.punalei.cn\/uploads\/20250630\/9f6157e1177e99e4fe3674e8d06014a8.pdf"},{"id":317,"name":"1-300V\/45-400Hz \u4ea4\u6d41\u53d8\u9891\u7535\u6e90 P9530\\50-\\G\\D\u7cfb\u5217-\u7528\u6237\u624b\u518c","url":"https:\/\/qiniu.punalei.cn\/uploads\/20250630\/9f6157e1177e99e4fe3674e8d06014a8.pdf"},{"id":318,"name":"\u4e09\u76f8\u578b\u8c10\u6ce2PNL300-SX\u7cfb\u52170.2\u7ea7-\u7528\u6237\u624b\u518c","url":"https:\/\/qiniu.punalei.cn\/uploads\/20250811\/c3915be2288c668d42fab75c77d557b6.pdf"},{"id":318,"name":"\u4e09\u76f8\u578b\u8c10\u6ce2PNL300-SX\u7cfb\u52170.2\u7ea7-\u5e94\u7528\u4ea7\u54c1\u8d44\u6599","url":"https:\/\/qiniu.punalei.cn\/uploads\/20250811\/c3915be2288c668d42fab75c77d557b6.pdf"},{"id":319,"name":"\u7edd\u7f18\u7535\u963b\u6d4b\u8bd5\u4eeaPNL2683AL\u7cfb\u5217-\u4ea7\u54c1\u578b\u5f55","url":"https:\/\/qiniu.punalei.cn\/uploads\/20250630\/9f6157e1177e99e4fe3674e8d06014a8.pdf"},{"id":319,"name":"\u7edd\u7f18\u7535\u963b\u6d4b\u8bd5\u4eeaPNL2683AL\u7cfb\u5217-\u7528\u6237\u624b\u518c","url":"https:\/\/qiniu.punalei.cn\/uploads\/20250811\/29f9570871ea60e153dce0b05698a13e.pdf"},{"id":320,"name":"\u5bbd\u8303\u56f4\u76f4\u6d41\u7535\u963b\u6d4b\u8bd5\u4eeaPNL2513\/15\u7cfb\u5217-\u4ea7\u54c1\u578b\u5f55","url":"https:\/\/qiniu.punalei.cn\/uploads\/20250630\/9f6157e1177e99e4fe3674e8d06014a8.pdf"},{"id":320,"name":"\u5bbd\u8303\u56f4\u76f4\u6d41\u7535\u963b\u6d4b\u8bd5\u4eeaPNL2513\/15\u7cfb\u5217-\u7528\u6237\u624b\u518c","url":"https:\/\/qiniu.punalei.cn\/uploads\/20250811\/d94e60f7d79a2b3b6d9b106bf787c6db.pdf"},{"id":326,"name":"\u5927\u529f\u7387\u76f4\u6d41\u7535\u6e90\u6570\u7801PNL-Y 20kw-30kw\u7cfb\u5217-\u7528\u6237\u624b\u518c","url":"https:\/\/qiniu.punalei.cn\/uploads\/20250811\/6991e7a5b3190aa67ef71fc5ef74964e.pdf"},{"id":327,"name":"\u5927\u529f\u7387\u76f4\u6d41\u7535\u6e90\u6570\u7801PNL-Y 40kw-60kw\u7cfb\u5217-\u7528\u6237\u624b\u518c","url":"https:\/\/qiniu.punalei.cn\/uploads\/20250811\/6991e7a5b3190aa67ef71fc5ef74964e.pdf"},{"id":328,"name":"\u5927\u529f\u7387\u76f4\u6d41\u7535\u6e90\u6570\u7801PNL-Y 75kw-90kw\u7cfb\u5217-\u7528\u6237\u624b\u518c","url":"https:\/\/qiniu.punalei.cn\/uploads\/20250811\/6991e7a5b3190aa67ef71fc5ef74964e.pdf"},{"id":329,"name":"\u5927\u529f\u7387\u76f4\u6d41\u7535\u6e90\u6570\u7801PNL-U \u9ad8\u538b\u7cfb\u5217-\u7528\u6237\u624b\u518c","url":"https:\/\/qiniu.punalei.cn\/uploads\/20250811\/6991e7a5b3190aa67ef71fc5ef74964e.pdf"},{"id":330,"name":"\u4ea4\u6d41\u7535\u5b50\u8d1f\u8f7d-\u7528\u6237\u624b\u518c","url":"https:\/\/qiniu.punalei.cn\/uploads\/20250811\/18ff267d1dc26e503128741d78be61d7.pdf"},{"id":331,"name":"\u4ea4\u76f4\u6d41\u7535\u5b50\u8d1f\u8f7d-\u7528\u6237\u624b\u518c","url":"https:\/\/qiniu.punalei.cn\/uploads\/20250811\/04725819a3c60dff3e1af918dc2ccaf2.pdf"},{"id":332,"name":"\u5927\u529f\u7387\u76f4\u6d41\u7535\u5b50\u8d1f\u8f7d-\u7528\u6237\u624b\u518c","url":"https:\/\/qiniu.punalei.cn\/uploads\/20250811\/639e5850541f700cdc64053f1d7a18a7.pdf"},{"id":333,"name":"\u5927\u529f\u7387\u76f4\u6d41\u7535\u5b50\u8d1f\u8f7d-\u7528\u6237\u624b\u518c","url":"https:\/\/qiniu.punalei.cn\/uploads\/20250811\/3c0024e1494ae6a3a5ee57c6e55308d8.pdf"},{"id":337,"name":"\u5355\u76f8\u578bPNL300-C\u4ea4\u76f4\u6d41\u7cfb\u52170.2\u7ea7-\u4ea7\u54c1\u578b\u5f55","url":"https:\/\/qiniu.punalei.cn\/uploads\/20250630\/9f6157e1177e99e4fe3674e8d06014a8.pdf"},{"id":337,"name":"\u5355\u76f8\u578bPNL300-C\u4ea4\u76f4\u6d41\u7cfb\u52170.2\u7ea7-\u7528\u6237\u624b\u518c","url":"https:\/\/qiniu.punalei.cn\/uploads\/20250811\/ed50ce8156e54152582ff3356228093d.pdf"},{"id":337,"name":"\u5355\u76f8\u578bPNL300-C\u4ea4\u76f4\u6d41\u7cfb\u52170.2\u7ea7-\u5e94\u7528\u4ea7\u54c1\u8d44\u6599","url":"https:\/\/qiniu.punalei.cn\/uploads\/20250811\/ed50ce8156e54152582ff3356228093d.pdf"},{"id":338,"name":"\u80fd\u6548\u578bPNL300-E\u4ea4\u76f4\u6d41\u7cfb\u52170.2\u7ea7-\u4ea7\u54c1\u578b\u5f55","url":"https:\/\/qiniu.punalei.cn\/uploads\/20250630\/9f6157e1177e99e4fe3674e8d06014a8.pdf"},{"id":338,"name":"\u80fd\u6548\u578bPNL300-E\u4ea4\u76f4\u6d41\u7cfb\u52170.2\u7ea7-\u7528\u6237\u624b\u518c","url":"https:\/\/qiniu.punalei.cn\/uploads\/20250811\/ed50ce8156e54152582ff3356228093d.pdf"},{"id":338,"name":"\u80fd\u6548\u578bPNL300-E\u4ea4\u76f4\u6d41\u7cfb\u52170.2\u7ea7-\u5e94\u7528\u4ea7\u54c1\u8d44\u6599","url":"https:\/\/qiniu.punalei.cn\/uploads\/20250811\/ed50ce8156e54152582ff3356228093d.pdf"}]
---------------------------------------------------------------
[ 2026-03-16T16:01:20+08:00 ] 45.148.10.243 GET punalei.cn/ldcms/punaleiPNAIdangongnenganguixilie/298.html
[ error ] [8192]preg_match(): Passing null to parameter #2 ($subject) of type string is deprecated
[ error ] [8192]preg_match(): Passing null to parameter #2 ($subject) of type string is deprecated
[ error ] [8192]preg_match(): Passing null to parameter #2 ($subject) of type string is deprecated
[ error ] [8192]preg_match(): Passing null to parameter #2 ($subject) of type string is deprecated
[ error ] [8192]preg_match(): Passing null to parameter #2 ($subject) of type string is deprecated
[ error ] [8192]preg_match(): Passing null to parameter #2 ($subject) of type string is deprecated
[ error ] [8192]preg_match(): Passing null to parameter #2 ($subject) of type string is deprecated
[ error ] [8192]preg_match(): Passing null to parameter #2 ($subject) of type string is deprecated
[ error ] [8192]Automatic conversion of false to array is deprecated
[ error ] [8192]Automatic conversion of false to array is deprecated
[ error ] [8192]Automatic conversion of false to array is deprecated
---------------------------------------------------------------
[ 2026-03-16T16:01:20+08:00 ] 45.148.10.243 GET punalei.cn/ldcms/dianyuanchanpin.html
[ error ] [8192]preg_match(): Passing null to parameter #2 ($subject) of type string is deprecated
[ error ] [8192]preg_match(): Passing null to parameter #2 ($subject) of type string is deprecated
[ error ] [8192]preg_match(): Passing null to parameter #2 ($subject) of type string is deprecated
[ error ] [8192]preg_match(): Passing null to parameter #2 ($subject) of type string is deprecated
[ error ] [8192]preg_match(): Passing null to parameter #2 ($subject) of type string is deprecated
[ error ] [8192]preg_match(): Passing null to parameter #2 ($subject) of type string is deprecated
[ error ] [8192]preg_match(): Passing null to parameter #2 ($subject) of type string is deprecated
[ error ] [8192]preg_match(): Passing null to parameter #2 ($subject) of type string is deprecated
[ error ] [8192]Automatic conversion of false to array is deprecated
[ error ] [8192]Automatic conversion of false to array is deprecated
[ error ] [8192]Automatic conversion of false to array is deprecated
[ error ] [8192]Automatic conversion of false to array is deprecated
---------------------------------------------------------------
[ 2026-03-16T16:01:21+08:00 ] 92.63.197.197 GET 120.24.147.77/
[ error ] [8192]preg_match(): Passing null to parameter #2 ($subject) of type string is deprecated
[ error ] [8192]preg_match(): Passing null to parameter #2 ($subject) of type string is deprecated
[ error ] [8192]preg_match(): Passing null to parameter #2 ($subject) of type string is deprecated
[ error ] [8192]preg_match(): Passing null to parameter #2 ($subject) of type string is deprecated
[ error ] [8192]preg_match(): Passing null to parameter #2 ($subject) of type string is deprecated
[ error ] [8192]preg_match(): Passing null to parameter #2 ($subject) of type string is deprecated
[ error ] [2]rmdir(/www/wwwroot/punalei/runtime/cache/19): Directory not empty
[ error ] [8192]preg_match(): Passing null to parameter #2 ($subject) of type string is deprecated
[ error ] [8192]preg_match(): Passing null to parameter #2 ($subject) of type string is deprecated
[ error ] [8192]Automatic conversion of false to array is deprecated
[ error ] [8192]Automatic conversion of false to array is deprecated
[ error ] [2]file_get_contents(/www/wwwroot/punalei/runtime/cache/bb/4d2c7c184a0a1ab2d29f7029af4079.php): Failed to open stream: No such file or directory
[ error ] [8192]Automatic conversion of false to array is deprecated
[ error ] [2]file_get_contents(/www/wwwroot/punalei/runtime/cache/bb/4d2c7c184a0a1ab2d29f7029af4079.php): Failed to open stream: No such file or directory
[ error ] [8192]Automatic conversion of false to array is deprecated
[ error ] [2]Undefined array key "title"
[ error ] [2]Undefined array key "title"
[ error ] [2]Undefined array key "title"
[ error ] [2]Undefined array key "title"
---------------------------------------------------------------
[ 2026-03-16T16:01:21+08:00 ] 45.148.10.243 GET punalei.cn/ldcms/ceshiyiqixilie.html
[ error ] [8192]preg_match(): Passing null to parameter #2 ($subject) of type string is deprecated
[ error ] [8192]preg_match(): Passing null to parameter #2 ($subject) of type string is deprecated
[ error ] [8192]preg_match(): Passing null to parameter #2 ($subject) of type string is deprecated
[ error ] [8192]preg_match(): Passing null to parameter #2 ($subject) of type string is deprecated
[ error ] [8192]preg_match(): Passing null to parameter #2 ($subject) of type string is deprecated
[ error ] [8192]preg_match(): Passing null to parameter #2 ($subject) of type string is deprecated
[ error ] [8192]preg_match(): Passing null to parameter #2 ($subject) of type string is deprecated
[ error ] [8192]preg_match(): Passing null to parameter #2 ($subject) of type string is deprecated
[ error ] [8192]Automatic conversion of false to array is deprecated
[ error ] [8192]Automatic conversion of false to array is deprecated
[ error ] [8192]Automatic conversion of false to array is deprecated
---------------------------------------------------------------
[ 2026-03-16T16:01:21+08:00 ] 45.148.10.243 GET punalei.cn/ldcms/lianxiwomen.html
[ error ] [8192]preg_match(): Passing null to parameter #2 ($subject) of type string is deprecated
[ error ] [8192]preg_match(): Passing null to parameter #2 ($subject) of type string is deprecated
[ error ] [8192]preg_match(): Passing null to parameter #2 ($subject) of type string is deprecated
[ error ] [8192]preg_match(): Passing null to parameter #2 ($subject) of type string is deprecated
[ error ] [8192]preg_match(): Passing null to parameter #2 ($subject) of type string is deprecated
[ error ] [8192]preg_match(): Passing null to parameter #2 ($subject) of type string is deprecated
[ error ] [8192]preg_match(): Passing null to parameter #2 ($subject) of type string is deprecated
[ error ] [8192]preg_match(): Passing null to parameter #2 ($subject) of type string is deprecated
[ error ] [8192]Automatic conversion of false to array is deprecated
[ error ] [8192]Automatic conversion of false to array is deprecated
---------------------------------------------------------------
[ 2026-03-16T16:01:21+08:00 ] 45.148.10.243 GET punalei.cn/ldcms/gonglvfenxiyichanpin.html
[ error ] [8192]preg_match(): Passing null to parameter #2 ($subject) of type string is deprecated
[ error ] [8192]preg_match(): Passing null to parameter #2 ($subject) of type string is deprecated
[ error ] [8192]preg_match(): Passing null to parameter #2 ($subject) of type string is deprecated
[ error ] [8192]preg_match(): Passing null to parameter #2 ($subject) of type string is deprecated
[ error ] [8192]preg_match(): Passing null to parameter #2 ($subject) of type string is deprecated
[ error ] [8192]preg_match(): Passing null to parameter #2 ($subject) of type string is deprecated
[ error ] [8192]preg_match(): Passing null to parameter #2 ($subject) of type string is deprecated
[ error ] [8192]preg_match(): Passing null to parameter #2 ($subject) of type string is deprecated
[ error ] [8192]Automatic conversion of false to array is deprecated
[ error ] [8192]Automatic conversion of false to array is deprecated
---------------------------------------------------------------
[ 2026-03-16T16:01:21+08:00 ] 45.148.10.243 GET punalei.cn/ldcms/dianzifuzaixilie.html
[ error ] [8192]preg_match(): Passing null to parameter #2 ($subject) of type string is deprecated
[ error ] [8192]preg_match(): Passing null to parameter #2 ($subject) of type string is deprecated
[ error ] [8192]preg_match(): Passing null to parameter #2 ($subject) of type string is deprecated
[ error ] [8192]preg_match(): Passing null to parameter #2 ($subject) of type string is deprecated
[ error ] [8192]preg_match(): Passing null to parameter #2 ($subject) of type string is deprecated
[ error ] [8192]preg_match(): Passing null to parameter #2 ($subject) of type string is deprecated
[ error ] [8192]preg_match(): Passing null to parameter #2 ($subject) of type string is deprecated
[ error ] [8192]preg_match(): Passing null to parameter #2 ($subject) of type string is deprecated
[ error ] [8192]Automatic conversion of false to array is deprecated
---------------------------------------------------------------
[ 2026-03-16T16:01:22+08:00 ] 45.148.10.243 GET punalei.cn/ldcms/zhiliudianyuanchanpin.html
[ error ] [8192]preg_match(): Passing null to parameter #2 ($subject) of type string is deprecated
[ error ] [8192]preg_match(): Passing null to parameter #2 ($subject) of type string is deprecated
[ error ] [8192]preg_match(): Passing null to parameter #2 ($subject) of type string is deprecated
[ error ] [8192]preg_match(): Passing null to parameter #2 ($subject) of type string is deprecated
[ error ] [8192]preg_match(): Passing null to parameter #2 ($subject) of type string is deprecated
[ error ] [8192]preg_match(): Passing null to parameter #2 ($subject) of type string is deprecated
[ error ] [2]rmdir(/www/wwwroot/punalei/runtime/cache/19): Directory not empty
[ error ] [8192]preg_match(): Passing null to parameter #2 ($subject) of type string is deprecated
[ error ] [8192]preg_match(): Passing null to parameter #2 ($subject) of type string is deprecated
---------------------------------------------------------------
[ 2026-03-16T16:01:22+08:00 ] 45.148.10.243 GET punalei.cn/ldcms/xiaogongshuaizhiliudianzifuzaiPNLxilie.html
[ error ] [8192]preg_match(): Passing null to parameter #2 ($subject) of type string is deprecated
[ error ] [8192]preg_match(): Passing null to parameter #2 ($subject) of type string is deprecated
[ error ] [8192]preg_match(): Passing null to parameter #2 ($subject) of type string is deprecated
[ error ] [8192]preg_match(): Passing null to parameter #2 ($subject) of type string is deprecated
[ error ] [8192]preg_match(): Passing null to parameter #2 ($subject) of type string is deprecated
[ error ] [8192]preg_match(): Passing null to parameter #2 ($subject) of type string is deprecated
[ error ] [8192]preg_match(): Passing null to parameter #2 ($subject) of type string is deprecated
[ error ] [8192]preg_match(): Passing null to parameter #2 ($subject) of type string is deprecated
---------------------------------------------------------------
[ 2026-03-16T16:01:22+08:00 ] 45.148.10.243 GET punalei.cn/ldcms/anguiceshiyiqixilie.html
[ error ] [8192]preg_match(): Passing null to parameter #2 ($subject) of type string is deprecated
[ error ] [8192]preg_match(): Passing null to parameter #2 ($subject) of type string is deprecated
[ error ] [8192]preg_match(): Passing null to parameter #2 ($subject) of type string is deprecated
[ error ] [8192]preg_match(): Passing null to parameter #2 ($subject) of type string is deprecated
[ error ] [8192]preg_match(): Passing null to parameter #2 ($subject) of type string is deprecated
[ error ] [8192]preg_match(): Passing null to parameter #2 ($subject) of type string is deprecated
[ error ] [8192]preg_match(): Passing null to parameter #2 ($subject) of type string is deprecated
[ error ] [8192]preg_match(): Passing null to parameter #2 ($subject) of type string is deprecated
---------------------------------------------------------------
[ 2026-03-16T16:01:23+08:00 ] 45.148.10.243 GET punalei.cn/ldcms/dianzifuzaixilie.html
[ error ] [8192]preg_match(): Passing null to parameter #2 ($subject) of type string is deprecated
[ error ] [8192]preg_match(): Passing null to parameter #2 ($subject) of type string is deprecated
[ error ] [8192]preg_match(): Passing null to parameter #2 ($subject) of type string is deprecated
[ error ] [8192]preg_match(): Passing null to parameter #2 ($subject) of type string is deprecated
[ error ] [8192]preg_match(): Passing null to parameter #2 ($subject) of type string is deprecated
[ error ] [8192]preg_match(): Passing null to parameter #2 ($subject) of type string is deprecated
[ error ] [8192]preg_match(): Passing null to parameter #2 ($subject) of type string is deprecated
[ error ] [8192]preg_match(): Passing null to parameter #2 ($subject) of type string is deprecated
[ error ] [8]unserialize(): Error at offset 45018 of 45024 bytes
[ error ] [8192]Automatic conversion of false to array is deprecated
---------------------------------------------------------------
[ 2026-03-16T16:01:23+08:00 ] 45.148.10.243 GET punalei.cn/ldcms/dianyuanchanpin.html
[ error ] [8192]preg_match(): Passing null to parameter #2 ($subject) of type string is deprecated
[ error ] [8192]preg_match(): Passing null to parameter #2 ($subject) of type string is deprecated
[ error ] [8192]preg_match(): Passing null to parameter #2 ($subject) of type string is deprecated
[ error ] [8192]preg_match(): Passing null to parameter #2 ($subject) of type string is deprecated
[ error ] [8192]preg_match(): Passing null to parameter #2 ($subject) of type string is deprecated
[ error ] [8192]preg_match(): Passing null to parameter #2 ($subject) of type string is deprecated
[ error ] [8192]preg_match(): Passing null to parameter #2 ($subject) of type string is deprecated
[ error ] [8192]preg_match(): Passing null to parameter #2 ($subject) of type string is deprecated
[ error ] [8192]Automatic conversion of false to array is deprecated
---------------------------------------------------------------
[ 2026-03-16T16:01:23+08:00 ] 45.148.10.243 GET punalei.cn/ldcms/zhiliudianyuanchanpin.html
[ error ] [8192]preg_match(): Passing null to parameter #2 ($subject) of type string is deprecated
[ error ] [8192]preg_match(): Passing null to parameter #2 ($subject) of type string is deprecated
[ error ] [8192]preg_match(): Passing null to parameter #2 ($subject) of type string is deprecated
[ error ] [8192]preg_match(): Passing null to parameter #2 ($subject) of type string is deprecated
[ error ] [8192]preg_match(): Passing null to parameter #2 ($subject) of type string is deprecated
[ error ] [8192]preg_match(): Passing null to parameter #2 ($subject) of type string is deprecated
[ error ] [8192]preg_match(): Passing null to parameter #2 ($subject) of type string is deprecated
[ error ] [8192]preg_match(): Passing null to parameter #2 ($subject) of type string is deprecated
[ error ] [8192]Automatic conversion of false to array is deprecated
[ error ] [2]file_get_contents(/www/wwwroot/punalei/runtime/cache/bb/4d2c7c184a0a1ab2d29f7029af4079.php): Failed to open stream: No such file or directory
[ error ] [8192]Automatic conversion of false to array is deprecated
---------------------------------------------------------------
[ 2026-03-16T16:01:24+08:00 ] 45.148.10.243 GET punalei.cn/ldcms/gonglvfenxiyichanpin.html
[ error ] [8192]preg_match(): Passing null to parameter #2 ($subject) of type string is deprecated
[ error ] [8192]preg_match(): Passing null to parameter #2 ($subject) of type string is deprecated
[ error ] [8192]preg_match(): Passing null to parameter #2 ($subject) of type string is deprecated
[ error ] [8192]preg_match(): Passing null to parameter #2 ($subject) of type string is deprecated
[ error ] [8192]preg_match(): Passing null to parameter #2 ($subject) of type string is deprecated
[ error ] [8192]preg_match(): Passing null to parameter #2 ($subject) of type string is deprecated
[ error ] [8192]preg_match(): Passing null to parameter #2 ($subject) of type string is deprecated
[ error ] [8192]preg_match(): Passing null to parameter #2 ($subject) of type string is deprecated
[ error ] [8192]Automatic conversion of false to array is deprecated
[ error ] [8192]Automatic conversion of false to array is deprecated
[ error ] [2]file_get_contents(/www/wwwroot/punalei/runtime/cache/bb/4d2c7c184a0a1ab2d29f7029af4079.php): Failed to open stream: No such file or directory
[ error ] [8192]Automatic conversion of false to array is deprecated
[ error ] [8192]Automatic conversion of false to array is deprecated
---------------------------------------------------------------
[ 2026-03-16T16:01:24+08:00 ] 45.148.10.243 GET punalei.cn/ldcms/anguiceshiyiqixilie.html
[ error ] [8192]preg_match(): Passing null to parameter #2 ($subject) of type string is deprecated
[ error ] [8192]preg_match(): Passing null to parameter #2 ($subject) of type string is deprecated
[ error ] [8192]preg_match(): Passing null to parameter #2 ($subject) of type string is deprecated
[ error ] [8192]preg_match(): Passing null to parameter #2 ($subject) of type string is deprecated
[ error ] [8192]preg_match(): Passing null to parameter #2 ($subject) of type string is deprecated
[ error ] [8192]preg_match(): Passing null to parameter #2 ($subject) of type string is deprecated
[ error ] [8192]preg_match(): Passing null to parameter #2 ($subject) of type string is deprecated
[ error ] [8192]preg_match(): Passing null to parameter #2 ($subject) of type string is deprecated
[ error ] [8192]Automatic conversion of false to array is deprecated
---------------------------------------------------------------
[ 2026-03-16T16:01:25+08:00 ] 45.148.10.243 GET punalei.cn/ldcms/punaleiPNAIdangongnenganguixilie/298.html
[ error ] [8192]preg_match(): Passing null to parameter #2 ($subject) of type string is deprecated
[ error ] [8192]preg_match(): Passing null to parameter #2 ($subject) of type string is deprecated
[ error ] [8192]preg_match(): Passing null to parameter #2 ($subject) of type string is deprecated
[ error ] [8192]preg_match(): Passing null to parameter #2 ($subject) of type string is deprecated
[ error ] [8192]preg_match(): Passing null to parameter #2 ($subject) of type string is deprecated
[ error ] [8192]preg_match(): Passing null to parameter #2 ($subject) of type string is deprecated
[ error ] [8192]preg_match(): Passing null to parameter #2 ($subject) of type string is deprecated
[ error ] [8192]preg_match(): Passing null to parameter #2 ($subject) of type string is deprecated
[ error ] [8192]Automatic conversion of false to array is deprecated
[ error ] [8192]Automatic conversion of false to array is deprecated
[ error ] [8192]Automatic conversion of false to array is deprecated
---------------------------------------------------------------
[ 2026-03-16T16:01:25+08:00 ] 45.148.10.243 GET punalei.cn/ldcms/lianxiwomen.html
[ error ] [8192]preg_match(): Passing null to parameter #2 ($subject) of type string is deprecated
[ error ] [8192]preg_match(): Passing null to parameter #2 ($subject) of type string is deprecated
[ error ] [8192]preg_match(): Passing null to parameter #2 ($subject) of type string is deprecated
[ error ] [8192]preg_match(): Passing null to parameter #2 ($subject) of type string is deprecated
[ error ] [8192]preg_match(): Passing null to parameter #2 ($subject) of type string is deprecated
[ error ] [8192]preg_match(): Passing null to parameter #2 ($subject) of type string is deprecated
[ error ] [8192]preg_match(): Passing null to parameter #2 ($subject) of type string is deprecated
[ error ] [8192]preg_match(): Passing null to parameter #2 ($subject) of type string is deprecated
[ error ] [8192]Automatic conversion of false to array is deprecated
[ error ] [8192]Automatic conversion of false to array is deprecated
[ error ] [8192]Automatic conversion of false to array is deprecated
[ error ] [8192]Automatic conversion of false to array is deprecated
---------------------------------------------------------------
[ 2026-03-16T16:01:25+08:00 ] 45.148.10.243 GET punalei.cn/ldcms/dianzifuzaixilie.html
[ error ] [8192]preg_match(): Passing null to parameter #2 ($subject) of type string is deprecated
[ error ] [8192]preg_match(): Passing null to parameter #2 ($subject) of type string is deprecated
[ error ] [8192]preg_match(): Passing null to parameter #2 ($subject) of type string is deprecated
[ error ] [8192]preg_match(): Passing null to parameter #2 ($subject) of type string is deprecated
[ error ] [8192]preg_match(): Passing null to parameter #2 ($subject) of type string is deprecated
[ error ] [8192]preg_match(): Passing null to parameter #2 ($subject) of type string is deprecated
[ error ] [8192]preg_match(): Passing null to parameter #2 ($subject) of type string is deprecated
[ error ] [8192]preg_match(): Passing null to parameter #2 ($subject) of type string is deprecated
[ error ] [8192]Automatic conversion of false to array is deprecated
[ error ] [8192]Automatic conversion of false to array is deprecated
---------------------------------------------------------------
[ 2026-03-16T16:01:25+08:00 ] 45.148.10.243 GET punalei.cn/ldcms/xiazaizhongxin.html
[ error ] [8192]preg_match(): Passing null to parameter #2 ($subject) of type string is deprecated
[ error ] [8192]preg_match(): Passing null to parameter #2 ($subject) of type string is deprecated
[ error ] [8192]preg_match(): Passing null to parameter #2 ($subject) of type string is deprecated
[ error ] [8192]preg_match(): Passing null to parameter #2 ($subject) of type string is deprecated
[ error ] [8192]preg_match(): Passing null to parameter #2 ($subject) of type string is deprecated
[ error ] [8192]preg_match(): Passing null to parameter #2 ($subject) of type string is deprecated
[ error ] [8192]preg_match(): Passing null to parameter #2 ($subject) of type string is deprecated
[ error ] [8192]preg_match(): Passing null to parameter #2 ($subject) of type string is deprecated
[ error ] [8192]Automatic conversion of false to array is deprecated
[ download ] NULL
---------------------------------------------------------------
[ 2026-03-16T16:01:25+08:00 ] 45.148.10.243 GET punalei.cn/ldcms/xiazaizhongxin.html
[ download ] [{"id":242,"title":"1-300V\/45-400Hz \u4ea4\u6d41\u53d8\u9891\u7535\u6e90 P9510\\15\\20\\30\\45\\60-\\TSS\u7cfb\u5217","catalog":"https:\/\/qiniu.punalei.cn\/uploads\/20250630\/9f6157e1177e99e4fe3674e8d06014a8.pdf","handbook":"https:\/\/qiniu.punalei.cn\/uploads\/20250630\/9f6157e1177e99e4fe3674e8d06014a8.pdf","agreement":"","drive":"","resource":""},{"id":244,"title":"1-300V\/45-400Hz \u4ea4\u6d41\u53d8\u9891\u7535\u6e90 P9530\\60-\\GSD\\GSS\u7cfb\u5217","catalog":"https:\/\/qiniu.punalei.cn\/uploads\/20250630\/9f6157e1177e99e4fe3674e8d06014a8.pdf","handbook":"https:\/\/qiniu.punalei.cn\/uploads\/20250630\/9f6157e1177e99e4fe3674e8d06014a8.pdf","agreement":"","drive":"","resource":""},{"id":260,"title":"1-300V\/45-400Hz \u4ea4\u6d41\u53d8\u9891\u7535\u6e90 P9505\\10-\\D\u7cfb\u5217","catalog":"https:\/\/qiniu.punalei.cn\/uploads\/20250630\/9f6157e1177e99e4fe3674e8d06014a8.pdf","handbook":"https:\/\/qiniu.punalei.cn\/uploads\/20250630\/9f6157e1177e99e4fe3674e8d06014a8.pdf","agreement":"","drive":"","resource":""},{"id":262,"title":"\u5355\u76f8\u578bPNL300-A\u4ea4\u6d41\u7cfb\u52170.2\u7ea7","catalog":"https:\/\/qiniu.punalei.cn\/uploads\/20250630\/9f6157e1177e99e4fe3674e8d06014a8.pdf","handbook":"https:\/\/qiniu.punalei.cn\/uploads\/20260309\/ed50ce8156e54152582ff3356228093d.pdf","agreement":"","drive":"","resource":"https:\/\/qiniu.punalei.cn\/uploads\/20250811\/ed50ce8156e54152582ff3356228093d.pdf"},{"id":263,"title":"\u6cc4\u6f0f\u7535\u6d41\u6d4b\u8bd5\u4eeaPNL2675\u7cfb\u5217","catalog":"https:\/\/qiniu.punalei.cn\/uploads\/20250630\/9f6157e1177e99e4fe3674e8d06014a8.pdf","handbook":"https:\/\/qiniu.punalei.cn\/uploads\/20250630\/9f6157e1177e99e4fe3674e8d06014a8.pdf","agreement":"","drive":"","resource":""},{"id":264,"title":" \u63a5\u5730\u7535\u963b\u6d4b\u8bd5\u4eeaPNL2678XM\u7cfb\u5217","catalog":"https:\/\/qiniu.punalei.cn\/uploads\/20250630\/9f6157e1177e99e4fe3674e8d06014a8.pdf","handbook":"https:\/\/qiniu.punalei.cn\/uploads\/20250630\/9f6157e1177e99e4fe3674e8d06014a8.pdf","agreement":"","drive":"","resource":""},{"id":268,"title":"\u591a\u901a\u9053\u76f4\u6d41\u7535\u963b\u6d4b\u8bd5\u4eeaPNL2818-X\u7cfb\u5217","catalog":"https:\/\/qiniu.punalei.cn\/uploads\/20250630\/9f6157e1177e99e4fe3674e8d06014a8.pdf","handbook":"https:\/\/qiniu.punalei.cn\/uploads\/20250630\/9f6157e1177e99e4fe3674e8d06014a8.pdf","agreement":"","drive":"","resource":""},{"id":270,"title":"\u76f4\u6d41\u7535\u963b\u6d4b\u8bd5\u4eeaPNL2511\u6570\u7801\u7cfb\u5217","catalog":"https:\/\/qiniu.punalei.cn\/uploads\/20250630\/9f6157e1177e99e4fe3674e8d06014a8.pdf","handbook":"https:\/\/qiniu.punalei.cn\/uploads\/20250811\/405841dc3a1790083cdfb28d392a51b6.pdf","agreement":"","drive":"","resource":""},{"id":271,"title":"\u591a\u8def\u6e29\u5ea6\u5de1\u68c0\u6d4b\u8bd5\u4eeaP2000-X PLUS\u7cfb\u5217","catalog":"https:\/\/qiniu.punalei.cn\/uploads\/20250630\/9f6157e1177e99e4fe3674e8d06014a8.pdf","handbook":"https:\/\/qiniu.punalei.cn\/uploads\/20250811\/88bebf25cc9f75277abfb9945aa00ebc.pdf","agreement":"","drive":"","resource":""},{"id":272,"title":"\u624b\u6301\u591a\u8def\u6e29\u5ea6\u6d4b\u8bd5\u4eeaP300-S\u7cfb\u5217","catalog":"https:\/\/qiniu.punalei.cn\/uploads\/20250630\/9f6157e1177e99e4fe3674e8d06014a8.pdf","handbook":"https:\/\/qiniu.punalei.cn\/uploads\/20250811\/4eeb7970b89981df90d0560b8dbe2ff8.pdf","agreement":"","drive":"","resource":""},{"id":290,"title":"\u4ea4\u6d41\u6052\u6d41\u6e90","catalog":"","handbook":"","agreement":"","drive":"","resource":""},{"id":291,"title":"\u4e09\u76f8\u578bPNL300-S\u7cfb\u52170.2\u7ea7","catalog":"","handbook":"https:\/\/qiniu.punalei.cn\/uploads\/20250811\/5f7e3f318e22f4a79790e06a66ac2625.pdf","agreement":"","drive":"","resource":"https:\/\/qiniu.punalei.cn\/uploads\/20250811\/5f7e3f318e22f4a79790e06a66ac2625.pdf"},{"id":295,"title":"\u5c0f\u529f\u7387\u76f4\u6d41\u7535\u5b50\u8d1f\u8f7d","catalog":"","handbook":"https:\/\/qiniu.punalei.cn\/uploads\/20250811\/3c0024e1494ae6a3a5ee57c6e55308d8.pdf","agreement":"","drive":"","resource":""},{"id":298,"title":"\u533b\u7528\u6cc4\u6f0f\u7535\u6d41\u6d4b\u8bd5\u4eea","catalog":"","handbook":"","agreement":"","drive":"","resource":""},{"id":299,"title":"\u5927\u529f\u7387\u76f4\u6d41\u7535\u6e90\u6db2\u66763U\u7cfb\u5217","catalog":"","handbook":"","agreement":"","drive":"","resource":""},{"id":300,"title":"\u5927\u529f\u7387\u76f4\u6d41\u7535\u6e90\u6570\u7801PNL-Y 10kw-15kw\u7cfb\u5217","catalog":"","handbook":"https:\/\/qiniu.punalei.cn\/uploads\/20250811\/6991e7a5b3190aa67ef71fc5ef74964e.pdf","agreement":"","drive":"","resource":""},{"id":303,"title":"\u5b89\u89c4\u7efc\u5408\u6821\u51c6\u70b9\u68c0\u5de5\u88c5","catalog":"","handbook":"","agreement":"","drive":"","resource":""},{"id":304,"title":"\u8010\u538b\u6d4b\u8bd5\u4eea5KV\u7cfb\u5217","catalog":"","handbook":"","agreement":"","drive":"","resource":""},{"id":306,"title":"\u8010\u538b\u6d4b\u8bd5\u4eea10KV\u7cfb\u5217","catalog":"https:\/\/qiniu.punalei.cn\/uploads\/20250630\/9f6157e1177e99e4fe3674e8d06014a8.pdf","handbook":"https:\/\/qiniu.punalei.cn\/uploads\/20250630\/9f6157e1177e99e4fe3674e8d06014a8.pdf","agreement":"","drive":"","resource":""},{"id":307,"title":"\u8010\u538b\u6d4b\u8bd5\u4eea20KV\u7cfb\u5217","catalog":"https:\/\/qiniu.punalei.cn\/uploads\/20250630\/9f6157e1177e99e4fe3674e8d06014a8.pdf","handbook":"https:\/\/qiniu.punalei.cn\/uploads\/20250630\/9f6157e1177e99e4fe3674e8d06014a8.pdf","agreement":"","drive":"","resource":""},{"id":308,"title":"\u7a0b\u63a7\u8010\u538b\u7edd\u7f18PNL7110\\PNL7122\u7cfb\u5217","catalog":"https:\/\/qiniu.punalei.cn\/uploads\/20250630\/9f6157e1177e99e4fe3674e8d06014a8.pdf","handbook":"https:\/\/qiniu.punalei.cn\/uploads\/20250630\/9f6157e1177e99e4fe3674e8d06014a8.pdf","agreement":"","drive":"","resource":""},{"id":309,"title":"\u5b89\u5168\u7efc\u5408\u6027\u80fd\u5206\u6790\u4eeaPNL9950\u7cfb\u5217","catalog":"https:\/\/qiniu.punalei.cn\/uploads\/20250630\/9f6157e1177e99e4fe3674e8d06014a8.pdf","handbook":"https:\/\/qiniu.punalei.cn\/uploads\/20250630\/9f6157e1177e99e4fe3674e8d06014a8.pdf","agreement":"","drive":"","resource":""},{"id":311,"title":"\u5355\u4e09\u76f8 - \u5b89\u5168\u7efc\u5408\u6027\u80fd\u5206\u6790\u4eeaPNL9950-C\u7cfb\u5217","catalog":"https:\/\/qiniu.punalei.cn\/uploads\/20250630\/9f6157e1177e99e4fe3674e8d06014a8.pdf","handbook":"https:\/\/qiniu.punalei.cn\/uploads\/20250630\/9f6157e1177e99e4fe3674e8d06014a8.pdf","agreement":"","drive":"","resource":""},{"id":312,"title":"1-300V\/45-400Hz \u4ea4\u6d41\u53d8\u9891\u7535\u6e90 P9515\\20\\30\\45\\60-\\TSD\u7cfb\u5217","catalog":"https:\/\/qiniu.punalei.cn\/uploads\/20250630\/9f6157e1177e99e4fe3674e8d06014a8.pdf","handbook":"https:\/\/qiniu.punalei.cn\/uploads\/20250630\/9f6157e1177e99e4fe3674e8d06014a8.pdf","agreement":"","drive":"","resource":""},{"id":314,"title":"1-300V\/45-400Hz \u4ea4\u6d41\u53d8\u9891\u7535\u6e90 P9520\\30-\\D\u7cfb\u5217","catalog":"https:\/\/qiniu.punalei.cn\/uploads\/20250630\/9f6157e1177e99e4fe3674e8d06014a8.pdf","handbook":"https:\/\/qiniu.punalei.cn\/uploads\/20250630\/9f6157e1177e99e4fe3674e8d06014a8.pdf","agreement":"","drive":"","resource":""},{"id":315,"title":"\u7edd\u7f18\u7535\u963b\u6d4b\u8bd5\u4eeaPNL2682N\u7cfb\u5217","catalog":"https:\/\/qiniu.punalei.cn\/uploads\/20250630\/9f6157e1177e99e4fe3674e8d06014a8.pdf","handbook":"https:\/\/qiniu.punalei.cn\/uploads\/20250811\/7c63757a23e5e98e594bf1b4bf50445a.pdf","agreement":"","drive":"","resource":""},{"id":316,"title":"1-300V\/45-400Hz \u4ea4\u6d41\u53d8\u9891\u7535\u6e90 P9510\\15\\20-\\TD\u7cfb\u5217","catalog":"https:\/\/qiniu.punalei.cn\/uploads\/20250630\/9f6157e1177e99e4fe3674e8d06014a8.pdf","handbook":"https:\/\/qiniu.punalei.cn\/uploads\/20250630\/9f6157e1177e99e4fe3674e8d06014a8.pdf","agreement":"","drive":"","resource":""},{"id":317,"title":"1-300V\/45-400Hz \u4ea4\u6d41\u53d8\u9891\u7535\u6e90 P9530\\50-\\G\\D\u7cfb\u5217","catalog":"https:\/\/qiniu.punalei.cn\/uploads\/20250630\/9f6157e1177e99e4fe3674e8d06014a8.pdf","handbook":"https:\/\/qiniu.punalei.cn\/uploads\/20250630\/9f6157e1177e99e4fe3674e8d06014a8.pdf","agreement":"","drive":"","resource":""},{"id":318,"title":"\u4e09\u76f8\u578b\u8c10\u6ce2PNL300-SX\u7cfb\u52170.2\u7ea7","catalog":"","handbook":"https:\/\/qiniu.punalei.cn\/uploads\/20250811\/c3915be2288c668d42fab75c77d557b6.pdf","agreement":"","drive":"","resource":"https:\/\/qiniu.punalei.cn\/uploads\/20250811\/c3915be2288c668d42fab75c77d557b6.pdf"},{"id":319,"title":"\u7edd\u7f18\u7535\u963b\u6d4b\u8bd5\u4eeaPNL2683AL\u7cfb\u5217","catalog":"https:\/\/qiniu.punalei.cn\/uploads\/20250630\/9f6157e1177e99e4fe3674e8d06014a8.pdf","handbook":"https:\/\/qiniu.punalei.cn\/uploads\/20250811\/29f9570871ea60e153dce0b05698a13e.pdf","agreement":"","drive":"","resource":""},{"id":320,"title":"\u5bbd\u8303\u56f4\u76f4\u6d41\u7535\u963b\u6d4b\u8bd5\u4eeaPNL2513\/15\u7cfb\u5217","catalog":"https:\/\/qiniu.punalei.cn\/uploads\/20250630\/9f6157e1177e99e4fe3674e8d06014a8.pdf","handbook":"https:\/\/qiniu.punalei.cn\/uploads\/20250811\/d94e60f7d79a2b3b6d9b106bf787c6db.pdf","agreement":"","drive":"","resource":""},{"id":321,"title":"\u5927\u529f\u7387\u76f4\u6d41\u7535\u6e90\u6db2\u66764U\u7cfb\u5217","catalog":"","handbook":"","agreement":"","drive":"","resource":""},{"id":322,"title":"\u5927\u529f\u7387\u76f4\u6d41\u7535\u6e90\u6db2\u66765U\u7cfb\u5217","catalog":"","handbook":"","agreement":"","drive":"","resource":""},{"id":323,"title":"\u5927\u529f\u7387\u76f4\u6d41\u7535\u6e90\u6db2\u667620K\u7cfb\u5217","catalog":"","handbook":"","agreement":"","drive":"","resource":""},{"id":324,"title":"\u5927\u529f\u7387\u76f4\u6d41\u7535\u6e90\u6db2\u667640K\u7cfb\u5217","catalog":"","handbook":"","agreement":"","drive":"","resource":""},{"id":325,"title":"\u5927\u529f\u7387\u76f4\u6d41\u7535\u6e90\u6db2\u667660K\u7cfb\u5217","catalog":"","handbook":"","agreement":"","drive":"","resource":""},{"id":326,"title":"\u5927\u529f\u7387\u76f4\u6d41\u7535\u6e90\u6570\u7801PNL-Y 20kw-30kw\u7cfb\u5217","catalog":"","handbook":"https:\/\/qiniu.punalei.cn\/uploads\/20250811\/6991e7a5b3190aa67ef71fc5ef74964e.pdf","agreement":"","drive":"","resource":""},{"id":327,"title":"\u5927\u529f\u7387\u76f4\u6d41\u7535\u6e90\u6570\u7801PNL-Y 40kw-60kw\u7cfb\u5217","catalog":"","handbook":"https:\/\/qiniu.punalei.cn\/uploads\/20250811\/6991e7a5b3190aa67ef71fc5ef74964e.pdf","agreement":"","drive":"","resource":""},{"id":328,"title":"\u5927\u529f\u7387\u76f4\u6d41\u7535\u6e90\u6570\u7801PNL-Y 75kw-90kw\u7cfb\u5217","catalog":"","handbook":"https:\/\/qiniu.punalei.cn\/uploads\/20250811\/6991e7a5b3190aa67ef71fc5ef74964e.pdf","agreement":"","drive":"","resource":""},{"id":329,"title":"\u5927\u529f\u7387\u76f4\u6d41\u7535\u6e90\u6570\u7801PNL-U \u9ad8\u538b\u7cfb\u5217","catalog":"","handbook":"https:\/\/qiniu.punalei.cn\/uploads\/20250811\/6991e7a5b3190aa67ef71fc5ef74964e.pdf","agreement":"","drive":"","resource":""},{"id":330,"title":"\u4ea4\u6d41\u7535\u5b50\u8d1f\u8f7d","catalog":"","handbook":"https:\/\/qiniu.punalei.cn\/uploads\/20250811\/18ff267d1dc26e503128741d78be61d7.pdf","agreement":"","drive":"","resource":""},{"id":331,"title":"\u4ea4\u76f4\u6d41\u7535\u5b50\u8d1f\u8f7d","catalog":"","handbook":"https:\/\/qiniu.punalei.cn\/uploads\/20250811\/04725819a3c60dff3e1af918dc2ccaf2.pdf","agreement":"","drive":"","resource":""},{"id":332,"title":"\u5927\u529f\u7387\u76f4\u6d41\u7535\u5b50\u8d1f\u8f7d","catalog":"","handbook":"https:\/\/qiniu.punalei.cn\/uploads\/20250811\/639e5850541f700cdc64053f1d7a18a7.pdf","agreement":"","drive":"","resource":""},{"id":333,"title":"\u5927\u529f\u7387\u76f4\u6d41\u7535\u5b50\u8d1f\u8f7d","catalog":"","handbook":"https:\/\/qiniu.punalei.cn\/uploads\/20250811\/3c0024e1494ae6a3a5ee57c6e55308d8.pdf","agreement":"","drive":"","resource":""},{"id":337,"title":"\u5355\u76f8\u578bPNL300-C\u4ea4\u76f4\u6d41\u7cfb\u52170.2\u7ea7","catalog":"https:\/\/qiniu.punalei.cn\/uploads\/20250630\/9f6157e1177e99e4fe3674e8d06014a8.pdf","handbook":"https:\/\/qiniu.punalei.cn\/uploads\/20250811\/ed50ce8156e54152582ff3356228093d.pdf","agreement":"","drive":"","resource":"https:\/\/qiniu.punalei.cn\/uploads\/20250811\/ed50ce8156e54152582ff3356228093d.pdf"},{"id":338,"title":"\u80fd\u6548\u578bPNL300-E\u4ea4\u76f4\u6d41\u7cfb\u52170.2\u7ea7","catalog":"https:\/\/qiniu.punalei.cn\/uploads\/20250630\/9f6157e1177e99e4fe3674e8d06014a8.pdf","handbook":"https:\/\/qiniu.punalei.cn\/uploads\/20250811\/ed50ce8156e54152582ff3356228093d.pdf","agreement":"","drive":"","resource":"https:\/\/qiniu.punalei.cn\/uploads\/20250811\/ed50ce8156e54152582ff3356228093d.pdf"}]
---------------------------------------------------------------
[ 2026-03-16T16:01:25+08:00 ] 45.148.10.243 GET punalei.cn/ldcms/xiazaizhongxin.html
[ download ] [{"id":242,"name":"1-300V\/45-400Hz \u4ea4\u6d41\u53d8\u9891\u7535\u6e90 P9510\\15\\20\\30\\45\\60-\\TSS\u7cfb\u5217-\u4ea7\u54c1\u578b\u5f55","url":"https:\/\/qiniu.punalei.cn\/uploads\/20250630\/9f6157e1177e99e4fe3674e8d06014a8.pdf"},{"id":242,"name":"1-300V\/45-400Hz \u4ea4\u6d41\u53d8\u9891\u7535\u6e90 P9510\\15\\20\\30\\45\\60-\\TSS\u7cfb\u5217-\u7528\u6237\u624b\u518c","url":"https:\/\/qiniu.punalei.cn\/uploads\/20250630\/9f6157e1177e99e4fe3674e8d06014a8.pdf"},{"id":244,"name":"1-300V\/45-400Hz \u4ea4\u6d41\u53d8\u9891\u7535\u6e90 P9530\\60-\\GSD\\GSS\u7cfb\u5217-\u4ea7\u54c1\u578b\u5f55","url":"https:\/\/qiniu.punalei.cn\/uploads\/20250630\/9f6157e1177e99e4fe3674e8d06014a8.pdf"},{"id":244,"name":"1-300V\/45-400Hz \u4ea4\u6d41\u53d8\u9891\u7535\u6e90 P9530\\60-\\GSD\\GSS\u7cfb\u5217-\u7528\u6237\u624b\u518c","url":"https:\/\/qiniu.punalei.cn\/uploads\/20250630\/9f6157e1177e99e4fe3674e8d06014a8.pdf"},{"id":260,"name":"1-300V\/45-400Hz \u4ea4\u6d41\u53d8\u9891\u7535\u6e90 P9505\\10-\\D\u7cfb\u5217-\u4ea7\u54c1\u578b\u5f55","url":"https:\/\/qiniu.punalei.cn\/uploads\/20250630\/9f6157e1177e99e4fe3674e8d06014a8.pdf"},{"id":260,"name":"1-300V\/45-400Hz \u4ea4\u6d41\u53d8\u9891\u7535\u6e90 P9505\\10-\\D\u7cfb\u5217-\u7528\u6237\u624b\u518c","url":"https:\/\/qiniu.punalei.cn\/uploads\/20250630\/9f6157e1177e99e4fe3674e8d06014a8.pdf"},{"id":262,"name":"\u5355\u76f8\u578bPNL300-A\u4ea4\u6d41\u7cfb\u52170.2\u7ea7-\u4ea7\u54c1\u578b\u5f55","url":"https:\/\/qiniu.punalei.cn\/uploads\/20250630\/9f6157e1177e99e4fe3674e8d06014a8.pdf"},{"id":262,"name":"\u5355\u76f8\u578bPNL300-A\u4ea4\u6d41\u7cfb\u52170.2\u7ea7-\u7528\u6237\u624b\u518c","url":"https:\/\/qiniu.punalei.cn\/uploads\/20260309\/ed50ce8156e54152582ff3356228093d.pdf"},{"id":262,"name":"\u5355\u76f8\u578bPNL300-A\u4ea4\u6d41\u7cfb\u52170.2\u7ea7-\u5e94\u7528\u4ea7\u54c1\u8d44\u6599","url":"https:\/\/qiniu.punalei.cn\/uploads\/20250811\/ed50ce8156e54152582ff3356228093d.pdf"},{"id":263,"name":"\u6cc4\u6f0f\u7535\u6d41\u6d4b\u8bd5\u4eeaPNL2675\u7cfb\u5217-\u4ea7\u54c1\u578b\u5f55","url":"https:\/\/qiniu.punalei.cn\/uploads\/20250630\/9f6157e1177e99e4fe3674e8d06014a8.pdf"},{"id":263,"name":"\u6cc4\u6f0f\u7535\u6d41\u6d4b\u8bd5\u4eeaPNL2675\u7cfb\u5217-\u7528\u6237\u624b\u518c","url":"https:\/\/qiniu.punalei.cn\/uploads\/20250630\/9f6157e1177e99e4fe3674e8d06014a8.pdf"},{"id":264,"name":" \u63a5\u5730\u7535\u963b\u6d4b\u8bd5\u4eeaPNL2678XM\u7cfb\u5217-\u4ea7\u54c1\u578b\u5f55","url":"https:\/\/qiniu.punalei.cn\/uploads\/20250630\/9f6157e1177e99e4fe3674e8d06014a8.pdf"},{"id":264,"name":" \u63a5\u5730\u7535\u963b\u6d4b\u8bd5\u4eeaPNL2678XM\u7cfb\u5217-\u7528\u6237\u624b\u518c","url":"https:\/\/qiniu.punalei.cn\/uploads\/20250630\/9f6157e1177e99e4fe3674e8d06014a8.pdf"},{"id":268,"name":"\u591a\u901a\u9053\u76f4\u6d41\u7535\u963b\u6d4b\u8bd5\u4eeaPNL2818-X\u7cfb\u5217-\u4ea7\u54c1\u578b\u5f55","url":"https:\/\/qiniu.punalei.cn\/uploads\/20250630\/9f6157e1177e99e4fe3674e8d06014a8.pdf"},{"id":268,"name":"\u591a\u901a\u9053\u76f4\u6d41\u7535\u963b\u6d4b\u8bd5\u4eeaPNL2818-X\u7cfb\u5217-\u7528\u6237\u624b\u518c","url":"https:\/\/qiniu.punalei.cn\/uploads\/20250630\/9f6157e1177e99e4fe3674e8d06014a8.pdf"},{"id":270,"name":"\u76f4\u6d41\u7535\u963b\u6d4b\u8bd5\u4eeaPNL2511\u6570\u7801\u7cfb\u5217-\u4ea7\u54c1\u578b\u5f55","url":"https:\/\/qiniu.punalei.cn\/uploads\/20250630\/9f6157e1177e99e4fe3674e8d06014a8.pdf"},{"id":270,"name":"\u76f4\u6d41\u7535\u963b\u6d4b\u8bd5\u4eeaPNL2511\u6570\u7801\u7cfb\u5217-\u7528\u6237\u624b\u518c","url":"https:\/\/qiniu.punalei.cn\/uploads\/20250811\/405841dc3a1790083cdfb28d392a51b6.pdf"},{"id":271,"name":"\u591a\u8def\u6e29\u5ea6\u5de1\u68c0\u6d4b\u8bd5\u4eeaP2000-X PLUS\u7cfb\u5217-\u4ea7\u54c1\u578b\u5f55","url":"https:\/\/qiniu.punalei.cn\/uploads\/20250630\/9f6157e1177e99e4fe3674e8d06014a8.pdf"},{"id":271,"name":"\u591a\u8def\u6e29\u5ea6\u5de1\u68c0\u6d4b\u8bd5\u4eeaP2000-X PLUS\u7cfb\u5217-\u7528\u6237\u624b\u518c","url":"https:\/\/qiniu.punalei.cn\/uploads\/20250811\/88bebf25cc9f75277abfb9945aa00ebc.pdf"},{"id":272,"name":"\u624b\u6301\u591a\u8def\u6e29\u5ea6\u6d4b\u8bd5\u4eeaP300-S\u7cfb\u5217-\u4ea7\u54c1\u578b\u5f55","url":"https:\/\/qiniu.punalei.cn\/uploads\/20250630\/9f6157e1177e99e4fe3674e8d06014a8.pdf"},{"id":272,"name":"\u624b\u6301\u591a\u8def\u6e29\u5ea6\u6d4b\u8bd5\u4eeaP300-S\u7cfb\u5217-\u7528\u6237\u624b\u518c","url":"https:\/\/qiniu.punalei.cn\/uploads\/20250811\/4eeb7970b89981df90d0560b8dbe2ff8.pdf"},{"id":291,"name":"\u4e09\u76f8\u578bPNL300-S\u7cfb\u52170.2\u7ea7-\u7528\u6237\u624b\u518c","url":"https:\/\/qiniu.punalei.cn\/uploads\/20250811\/5f7e3f318e22f4a79790e06a66ac2625.pdf"},{"id":291,"name":"\u4e09\u76f8\u578bPNL300-S\u7cfb\u52170.2\u7ea7-\u5e94\u7528\u4ea7\u54c1\u8d44\u6599","url":"https:\/\/qiniu.punalei.cn\/uploads\/20250811\/5f7e3f318e22f4a79790e06a66ac2625.pdf"},{"id":295,"name":"\u5c0f\u529f\u7387\u76f4\u6d41\u7535\u5b50\u8d1f\u8f7d-\u7528\u6237\u624b\u518c","url":"https:\/\/qiniu.punalei.cn\/uploads\/20250811\/3c0024e1494ae6a3a5ee57c6e55308d8.pdf"},{"id":300,"name":"\u5927\u529f\u7387\u76f4\u6d41\u7535\u6e90\u6570\u7801PNL-Y 10kw-15kw\u7cfb\u5217-\u7528\u6237\u624b\u518c","url":"https:\/\/qiniu.punalei.cn\/uploads\/20250811\/6991e7a5b3190aa67ef71fc5ef74964e.pdf"},{"id":306,"name":"\u8010\u538b\u6d4b\u8bd5\u4eea10KV\u7cfb\u5217-\u4ea7\u54c1\u578b\u5f55","url":"https:\/\/qiniu.punalei.cn\/uploads\/20250630\/9f6157e1177e99e4fe3674e8d06014a8.pdf"},{"id":306,"name":"\u8010\u538b\u6d4b\u8bd5\u4eea10KV\u7cfb\u5217-\u7528\u6237\u624b\u518c","url":"https:\/\/qiniu.punalei.cn\/uploads\/20250630\/9f6157e1177e99e4fe3674e8d06014a8.pdf"},{"id":307,"name":"\u8010\u538b\u6d4b\u8bd5\u4eea20KV\u7cfb\u5217-\u4ea7\u54c1\u578b\u5f55","url":"https:\/\/qiniu.punalei.cn\/uploads\/20250630\/9f6157e1177e99e4fe3674e8d06014a8.pdf"},{"id":307,"name":"\u8010\u538b\u6d4b\u8bd5\u4eea20KV\u7cfb\u5217-\u7528\u6237\u624b\u518c","url":"https:\/\/qiniu.punalei.cn\/uploads\/20250630\/9f6157e1177e99e4fe3674e8d06014a8.pdf"},{"id":308,"name":"\u7a0b\u63a7\u8010\u538b\u7edd\u7f18PNL7110\\PNL7122\u7cfb\u5217-\u4ea7\u54c1\u578b\u5f55","url":"https:\/\/qiniu.punalei.cn\/uploads\/20250630\/9f6157e1177e99e4fe3674e8d06014a8.pdf"},{"id":308,"name":"\u7a0b\u63a7\u8010\u538b\u7edd\u7f18PNL7110\\PNL7122\u7cfb\u5217-\u7528\u6237\u624b\u518c","url":"https:\/\/qiniu.punalei.cn\/uploads\/20250630\/9f6157e1177e99e4fe3674e8d06014a8.pdf"},{"id":309,"name":"\u5b89\u5168\u7efc\u5408\u6027\u80fd\u5206\u6790\u4eeaPNL9950\u7cfb\u5217-\u4ea7\u54c1\u578b\u5f55","url":"https:\/\/qiniu.punalei.cn\/uploads\/20250630\/9f6157e1177e99e4fe3674e8d06014a8.pdf"},{"id":309,"name":"\u5b89\u5168\u7efc\u5408\u6027\u80fd\u5206\u6790\u4eeaPNL9950\u7cfb\u5217-\u7528\u6237\u624b\u518c","url":"https:\/\/qiniu.punalei.cn\/uploads\/20250630\/9f6157e1177e99e4fe3674e8d06014a8.pdf"},{"id":311,"name":"\u5355\u4e09\u76f8 - \u5b89\u5168\u7efc\u5408\u6027\u80fd\u5206\u6790\u4eeaPNL9950-C\u7cfb\u5217-\u4ea7\u54c1\u578b\u5f55","url":"https:\/\/qiniu.punalei.cn\/uploads\/20250630\/9f6157e1177e99e4fe3674e8d06014a8.pdf"},{"id":311,"name":"\u5355\u4e09\u76f8 - \u5b89\u5168\u7efc\u5408\u6027\u80fd\u5206\u6790\u4eeaPNL9950-C\u7cfb\u5217-\u7528\u6237\u624b\u518c","url":"https:\/\/qiniu.punalei.cn\/uploads\/20250630\/9f6157e1177e99e4fe3674e8d06014a8.pdf"},{"id":312,"name":"1-300V\/45-400Hz \u4ea4\u6d41\u53d8\u9891\u7535\u6e90 P9515\\20\\30\\45\\60-\\TSD\u7cfb\u5217-\u4ea7\u54c1\u578b\u5f55","url":"https:\/\/qiniu.punalei.cn\/uploads\/20250630\/9f6157e1177e99e4fe3674e8d06014a8.pdf"},{"id":312,"name":"1-300V\/45-400Hz \u4ea4\u6d41\u53d8\u9891\u7535\u6e90 P9515\\20\\30\\45\\60-\\TSD\u7cfb\u5217-\u7528\u6237\u624b\u518c","url":"https:\/\/qiniu.punalei.cn\/uploads\/20250630\/9f6157e1177e99e4fe3674e8d06014a8.pdf"},{"id":314,"name":"1-300V\/45-400Hz \u4ea4\u6d41\u53d8\u9891\u7535\u6e90 P9520\\30-\\D\u7cfb\u5217-\u4ea7\u54c1\u578b\u5f55","url":"https:\/\/qiniu.punalei.cn\/uploads\/20250630\/9f6157e1177e99e4fe3674e8d06014a8.pdf"},{"id":314,"name":"1-300V\/45-400Hz \u4ea4\u6d41\u53d8\u9891\u7535\u6e90 P9520\\30-\\D\u7cfb\u5217-\u7528\u6237\u624b\u518c","url":"https:\/\/qiniu.punalei.cn\/uploads\/20250630\/9f6157e1177e99e4fe3674e8d06014a8.pdf"},{"id":315,"name":"\u7edd\u7f18\u7535\u963b\u6d4b\u8bd5\u4eeaPNL2682N\u7cfb\u5217-\u4ea7\u54c1\u578b\u5f55","url":"https:\/\/qiniu.punalei.cn\/uploads\/20250630\/9f6157e1177e99e4fe3674e8d06014a8.pdf"},{"id":315,"name":"\u7edd\u7f18\u7535\u963b\u6d4b\u8bd5\u4eeaPNL2682N\u7cfb\u5217-\u7528\u6237\u624b\u518c","url":"https:\/\/qiniu.punalei.cn\/uploads\/20250811\/7c63757a23e5e98e594bf1b4bf50445a.pdf"},{"id":316,"name":"1-300V\/45-400Hz \u4ea4\u6d41\u53d8\u9891\u7535\u6e90 P9510\\15\\20-\\TD\u7cfb\u5217-\u4ea7\u54c1\u578b\u5f55","url":"https:\/\/qiniu.punalei.cn\/uploads\/20250630\/9f6157e1177e99e4fe3674e8d06014a8.pdf"},{"id":316,"name":"1-300V\/45-400Hz \u4ea4\u6d41\u53d8\u9891\u7535\u6e90 P9510\\15\\20-\\TD\u7cfb\u5217-\u7528\u6237\u624b\u518c","url":"https:\/\/qiniu.punalei.cn\/uploads\/20250630\/9f6157e1177e99e4fe3674e8d06014a8.pdf"},{"id":317,"name":"1-300V\/45-400Hz \u4ea4\u6d41\u53d8\u9891\u7535\u6e90 P9530\\50-\\G\\D\u7cfb\u5217-\u4ea7\u54c1\u578b\u5f55","url":"https:\/\/qiniu.punalei.cn\/uploads\/20250630\/9f6157e1177e99e4fe3674e8d06014a8.pdf"},{"id":317,"name":"1-300V\/45-400Hz \u4ea4\u6d41\u53d8\u9891\u7535\u6e90 P9530\\50-\\G\\D\u7cfb\u5217-\u7528\u6237\u624b\u518c","url":"https:\/\/qiniu.punalei.cn\/uploads\/20250630\/9f6157e1177e99e4fe3674e8d06014a8.pdf"},{"id":318,"name":"\u4e09\u76f8\u578b\u8c10\u6ce2PNL300-SX\u7cfb\u52170.2\u7ea7-\u7528\u6237\u624b\u518c","url":"https:\/\/qiniu.punalei.cn\/uploads\/20250811\/c3915be2288c668d42fab75c77d557b6.pdf"},{"id":318,"name":"\u4e09\u76f8\u578b\u8c10\u6ce2PNL300-SX\u7cfb\u52170.2\u7ea7-\u5e94\u7528\u4ea7\u54c1\u8d44\u6599","url":"https:\/\/qiniu.punalei.cn\/uploads\/20250811\/c3915be2288c668d42fab75c77d557b6.pdf"},{"id":319,"name":"\u7edd\u7f18\u7535\u963b\u6d4b\u8bd5\u4eeaPNL2683AL\u7cfb\u5217-\u4ea7\u54c1\u578b\u5f55","url":"https:\/\/qiniu.punalei.cn\/uploads\/20250630\/9f6157e1177e99e4fe3674e8d06014a8.pdf"},{"id":319,"name":"\u7edd\u7f18\u7535\u963b\u6d4b\u8bd5\u4eeaPNL2683AL\u7cfb\u5217-\u7528\u6237\u624b\u518c","url":"https:\/\/qiniu.punalei.cn\/uploads\/20250811\/29f9570871ea60e153dce0b05698a13e.pdf"},{"id":320,"name":"\u5bbd\u8303\u56f4\u76f4\u6d41\u7535\u963b\u6d4b\u8bd5\u4eeaPNL2513\/15\u7cfb\u5217-\u4ea7\u54c1\u578b\u5f55","url":"https:\/\/qiniu.punalei.cn\/uploads\/20250630\/9f6157e1177e99e4fe3674e8d06014a8.pdf"},{"id":320,"name":"\u5bbd\u8303\u56f4\u76f4\u6d41\u7535\u963b\u6d4b\u8bd5\u4eeaPNL2513\/15\u7cfb\u5217-\u7528\u6237\u624b\u518c","url":"https:\/\/qiniu.punalei.cn\/uploads\/20250811\/d94e60f7d79a2b3b6d9b106bf787c6db.pdf"},{"id":326,"name":"\u5927\u529f\u7387\u76f4\u6d41\u7535\u6e90\u6570\u7801PNL-Y 20kw-30kw\u7cfb\u5217-\u7528\u6237\u624b\u518c","url":"https:\/\/qiniu.punalei.cn\/uploads\/20250811\/6991e7a5b3190aa67ef71fc5ef74964e.pdf"},{"id":327,"name":"\u5927\u529f\u7387\u76f4\u6d41\u7535\u6e90\u6570\u7801PNL-Y 40kw-60kw\u7cfb\u5217-\u7528\u6237\u624b\u518c","url":"https:\/\/qiniu.punalei.cn\/uploads\/20250811\/6991e7a5b3190aa67ef71fc5ef74964e.pdf"},{"id":328,"name":"\u5927\u529f\u7387\u76f4\u6d41\u7535\u6e90\u6570\u7801PNL-Y 75kw-90kw\u7cfb\u5217-\u7528\u6237\u624b\u518c","url":"https:\/\/qiniu.punalei.cn\/uploads\/20250811\/6991e7a5b3190aa67ef71fc5ef74964e.pdf"},{"id":329,"name":"\u5927\u529f\u7387\u76f4\u6d41\u7535\u6e90\u6570\u7801PNL-U \u9ad8\u538b\u7cfb\u5217-\u7528\u6237\u624b\u518c","url":"https:\/\/qiniu.punalei.cn\/uploads\/20250811\/6991e7a5b3190aa67ef71fc5ef74964e.pdf"},{"id":330,"name":"\u4ea4\u6d41\u7535\u5b50\u8d1f\u8f7d-\u7528\u6237\u624b\u518c","url":"https:\/\/qiniu.punalei.cn\/uploads\/20250811\/18ff267d1dc26e503128741d78be61d7.pdf"},{"id":331,"name":"\u4ea4\u76f4\u6d41\u7535\u5b50\u8d1f\u8f7d-\u7528\u6237\u624b\u518c","url":"https:\/\/qiniu.punalei.cn\/uploads\/20250811\/04725819a3c60dff3e1af918dc2ccaf2.pdf"},{"id":332,"name":"\u5927\u529f\u7387\u76f4\u6d41\u7535\u5b50\u8d1f\u8f7d-\u7528\u6237\u624b\u518c","url":"https:\/\/qiniu.punalei.cn\/uploads\/20250811\/639e5850541f700cdc64053f1d7a18a7.pdf"},{"id":333,"name":"\u5927\u529f\u7387\u76f4\u6d41\u7535\u5b50\u8d1f\u8f7d-\u7528\u6237\u624b\u518c","url":"https:\/\/qiniu.punalei.cn\/uploads\/20250811\/3c0024e1494ae6a3a5ee57c6e55308d8.pdf"},{"id":337,"name":"\u5355\u76f8\u578bPNL300-C\u4ea4\u76f4\u6d41\u7cfb\u52170.2\u7ea7-\u4ea7\u54c1\u578b\u5f55","url":"https:\/\/qiniu.punalei.cn\/uploads\/20250630\/9f6157e1177e99e4fe3674e8d06014a8.pdf"},{"id":337,"name":"\u5355\u76f8\u578bPNL300-C\u4ea4\u76f4\u6d41\u7cfb\u52170.2\u7ea7-\u7528\u6237\u624b\u518c","url":"https:\/\/qiniu.punalei.cn\/uploads\/20250811\/ed50ce8156e54152582ff3356228093d.pdf"},{"id":337,"name":"\u5355\u76f8\u578bPNL300-C\u4ea4\u76f4\u6d41\u7cfb\u52170.2\u7ea7-\u5e94\u7528\u4ea7\u54c1\u8d44\u6599","url":"https:\/\/qiniu.punalei.cn\/uploads\/20250811\/ed50ce8156e54152582ff3356228093d.pdf"},{"id":338,"name":"\u80fd\u6548\u578bPNL300-E\u4ea4\u76f4\u6d41\u7cfb\u52170.2\u7ea7-\u4ea7\u54c1\u578b\u5f55","url":"https:\/\/qiniu.punalei.cn\/uploads\/20250630\/9f6157e1177e99e4fe3674e8d06014a8.pdf"},{"id":338,"name":"\u80fd\u6548\u578bPNL300-E\u4ea4\u76f4\u6d41\u7cfb\u52170.2\u7ea7-\u7528\u6237\u624b\u518c","url":"https:\/\/qiniu.punalei.cn\/uploads\/20250811\/ed50ce8156e54152582ff3356228093d.pdf"},{"id":338,"name":"\u80fd\u6548\u578bPNL300-E\u4ea4\u76f4\u6d41\u7cfb\u52170.2\u7ea7-\u5e94\u7528\u4ea7\u54c1\u8d44\u6599","url":"https:\/\/qiniu.punalei.cn\/uploads\/20250811\/ed50ce8156e54152582ff3356228093d.pdf"}]
---------------------------------------------------------------
[ 2026-03-16T16:01:25+08:00 ] 45.148.10.243 GET punalei.cn/ldcms/ceshiyiqixilie.html
[ error ] [8192]preg_match(): Passing null to parameter #2 ($subject) of type string is deprecated
[ error ] [8192]preg_match(): Passing null to parameter #2 ($subject) of type string is deprecated
[ error ] [8192]preg_match(): Passing null to parameter #2 ($subject) of type string is deprecated
[ error ] [8192]preg_match(): Passing null to parameter #2 ($subject) of type string is deprecated
[ error ] [8192]preg_match(): Passing null to parameter #2 ($subject) of type string is deprecated
[ error ] [8192]preg_match(): Passing null to parameter #2 ($subject) of type string is deprecated
[ error ] [8192]preg_match(): Passing null to parameter #2 ($subject) of type string is deprecated
[ error ] [8192]preg_match(): Passing null to parameter #2 ($subject) of type string is deprecated
---------------------------------------------------------------
[ 2026-03-16T16:01:25+08:00 ] 45.148.10.243 GET punalei.cn/ldcms/zhiliudianyuanchanpin.html
[ error ] [8192]preg_match(): Passing null to parameter #2 ($subject) of type string is deprecated
[ error ] [8192]preg_match(): Passing null to parameter #2 ($subject) of type string is deprecated
[ error ] [8192]preg_match(): Passing null to parameter #2 ($subject) of type string is deprecated
[ error ] [8192]preg_match(): Passing null to parameter #2 ($subject) of type string is deprecated
[ error ] [8192]preg_match(): Passing null to parameter #2 ($subject) of type string is deprecated
[ error ] [8192]preg_match(): Passing null to parameter #2 ($subject) of type string is deprecated
[ error ] [8192]preg_match(): Passing null to parameter #2 ($subject) of type string is deprecated
[ error ] [8192]preg_match(): Passing null to parameter #2 ($subject) of type string is deprecated
[ error ] [8192]Automatic conversion of false to array is deprecated
---------------------------------------------------------------
[ 2026-03-16T16:01:25+08:00 ] 45.148.10.243 GET punalei.cn/ldcms/dianyuanchanpin.html
[ error ] [8192]preg_match(): Passing null to parameter #2 ($subject) of type string is deprecated
[ error ] [8192]preg_match(): Passing null to parameter #2 ($subject) of type string is deprecated
[ error ] [8192]preg_match(): Passing null to parameter #2 ($subject) of type string is deprecated
[ error ] [8192]preg_match(): Passing null to parameter #2 ($subject) of type string is deprecated
[ error ] [8192]preg_match(): Passing null to parameter #2 ($subject) of type string is deprecated
[ error ] [8192]preg_match(): Passing null to parameter #2 ($subject) of type string is deprecated
[ error ] [8192]preg_match(): Passing null to parameter #2 ($subject) of type string is deprecated
[ error ] [8192]preg_match(): Passing null to parameter #2 ($subject) of type string is deprecated
[ error ] [8192]Automatic conversion of false to array is deprecated
---------------------------------------------------------------
[ 2026-03-16T16:01:25+08:00 ] 45.148.10.243 GET punalei.cn/ldcms/xiaogongshuaizhiliudianzifuzaiPNLxilie.html
[ error ] [8192]preg_match(): Passing null to parameter #2 ($subject) of type string is deprecated
[ error ] [8192]preg_match(): Passing null to parameter #2 ($subject) of type string is deprecated
[ error ] [8192]preg_match(): Passing null to parameter #2 ($subject) of type string is deprecated
[ error ] [8192]preg_match(): Passing null to parameter #2 ($subject) of type string is deprecated
[ error ] [8192]preg_match(): Passing null to parameter #2 ($subject) of type string is deprecated
[ error ] [8192]preg_match(): Passing null to parameter #2 ($subject) of type string is deprecated
[ error ] [8192]preg_match(): Passing null to parameter #2 ($subject) of type string is deprecated
[ error ] [8192]preg_match(): Passing null to parameter #2 ($subject) of type string is deprecated
---------------------------------------------------------------
[ 2026-03-16T16:01:25+08:00 ] 45.148.10.243 GET punalei.cn/ldcms/anguiceshiyiqixilie.html
[ error ] [8192]preg_match(): Passing null to parameter #2 ($subject) of type string is deprecated
[ error ] [8192]preg_match(): Passing null to parameter #2 ($subject) of type string is deprecated
[ error ] [8192]preg_match(): Passing null to parameter #2 ($subject) of type string is deprecated
[ error ] [8192]preg_match(): Passing null to parameter #2 ($subject) of type string is deprecated
[ error ] [8192]preg_match(): Passing null to parameter #2 ($subject) of type string is deprecated
[ error ] [8192]preg_match(): Passing null to parameter #2 ($subject) of type string is deprecated
[ error ] [8192]preg_match(): Passing null to parameter #2 ($subject) of type string is deprecated
[ error ] [8192]preg_match(): Passing null to parameter #2 ($subject) of type string is deprecated
---------------------------------------------------------------
[ 2026-03-16T16:01:26+08:00 ] 45.148.10.243 GET punalei.cn/ldcms/punaleiPNAI.html
[ error ] [8192]preg_match(): Passing null to parameter #2 ($subject) of type string is deprecated
[ error ] [8192]preg_match(): Passing null to parameter #2 ($subject) of type string is deprecated
[ error ] [8192]preg_match(): Passing null to parameter #2 ($subject) of type string is deprecated
[ error ] [8192]preg_match(): Passing null to parameter #2 ($subject) of type string is deprecated
[ error ] [8192]preg_match(): Passing null to parameter #2 ($subject) of type string is deprecated
[ error ] [8192]preg_match(): Passing null to parameter #2 ($subject) of type string is deprecated
[ error ] [8192]preg_match(): Passing null to parameter #2 ($subject) of type string is deprecated
[ error ] [8192]preg_match(): Passing null to parameter #2 ($subject) of type string is deprecated
[ error ] [8192]Automatic conversion of false to array is deprecated
---------------------------------------------------------------
[ 2026-03-16T16:01:26+08:00 ] 45.148.10.243 GET punalei.cn/index.html
[ error ] [8192]preg_match(): Passing null to parameter #2 ($subject) of type string is deprecated
[ error ] [8192]preg_match(): Passing null to parameter #2 ($subject) of type string is deprecated
[ error ] [8192]preg_match(): Passing null to parameter #2 ($subject) of type string is deprecated
[ error ] [8192]preg_match(): Passing null to parameter #2 ($subject) of type string is deprecated
[ error ] [8192]preg_match(): Passing null to parameter #2 ($subject) of type string is deprecated
[ error ] [8192]preg_match(): Passing null to parameter #2 ($subject) of type string is deprecated
---------------------------------------------------------------
[ 2026-03-16T16:01:26+08:00 ] 45.148.10.243 GET punalei.cn/xiazaizhongxin.html?type=1&name=产品型录
[ error ] [8192]preg_match(): Passing null to parameter #2 ($subject) of type string is deprecated
[ error ] [8192]preg_match(): Passing null to parameter #2 ($subject) of type string is deprecated
[ error ] [8192]preg_match(): Passing null to parameter #2 ($subject) of type string is deprecated
[ error ] [8192]preg_match(): Passing null to parameter #2 ($subject) of type string is deprecated
[ error ] [8192]preg_match(): Passing null to parameter #2 ($subject) of type string is deprecated
[ error ] [8192]preg_match(): Passing null to parameter #2 ($subject) of type string is deprecated
---------------------------------------------------------------
[ 2026-03-16T16:01:26+08:00 ] 45.148.10.243 GET punalei.cn/xiazaizhongxin.html
[ error ] [8192]preg_match(): Passing null to parameter #2 ($subject) of type string is deprecated
[ error ] [8192]preg_match(): Passing null to parameter #2 ($subject) of type string is deprecated
[ error ] [8192]preg_match(): Passing null to parameter #2 ($subject) of type string is deprecated
[ error ] [8192]preg_match(): Passing null to parameter #2 ($subject) of type string is deprecated
[ error ] [8192]preg_match(): Passing null to parameter #2 ($subject) of type string is deprecated
[ error ] [8192]preg_match(): Passing null to parameter #2 ($subject) of type string is deprecated
---------------------------------------------------------------
[ 2026-03-16T16:01:26+08:00 ] 45.148.10.243 GET punalei.cn/xiazaizhongxin.html?type=1&name=产品型录
[ error ] [8192]preg_match(): Passing null to parameter #2 ($subject) of type string is deprecated
[ error ] [8192]preg_match(): Passing null to parameter #2 ($subject) of type string is deprecated
[ error ] [8192]preg_match(): Passing null to parameter #2 ($subject) of type string is deprecated
[ error ] [8192]preg_match(): Passing null to parameter #2 ($subject) of type string is deprecated
[ error ] [8192]preg_match(): Passing null to parameter #2 ($subject) of type string is deprecated
[ error ] [8192]preg_match(): Passing null to parameter #2 ($subject) of type string is deprecated
---------------------------------------------------------------
[ 2026-03-16T16:01:26+08:00 ] 45.148.10.243 GET punalei.cn/xiazaizhongxin.html
[ error ] [8192]preg_match(): Passing null to parameter #2 ($subject) of type string is deprecated
[ error ] [8192]preg_match(): Passing null to parameter #2 ($subject) of type string is deprecated
[ error ] [8192]preg_match(): Passing null to parameter #2 ($subject) of type string is deprecated
[ error ] [8192]preg_match(): Passing null to parameter #2 ($subject) of type string is deprecated
[ error ] [8192]preg_match(): Passing null to parameter #2 ($subject) of type string is deprecated
[ error ] [8192]preg_match(): Passing null to parameter #2 ($subject) of type string is deprecated
---------------------------------------------------------------
[ 2026-03-16T16:01:26+08:00 ] 45.148.10.243 GET punalei.cn/ldcms/hangyedongtai/336.html
[ error ] [8192]preg_match(): Passing null to parameter #2 ($subject) of type string is deprecated
[ error ] [8192]preg_match(): Passing null to parameter #2 ($subject) of type string is deprecated
[ error ] [8192]preg_match(): Passing null to parameter #2 ($subject) of type string is deprecated
[ error ] [8192]preg_match(): Passing null to parameter #2 ($subject) of type string is deprecated
[ error ] [8192]preg_match(): Passing null to parameter #2 ($subject) of type string is deprecated
[ error ] [8192]preg_match(): Passing null to parameter #2 ($subject) of type string is deprecated
[ error ] [8192]preg_match(): Passing null to parameter #2 ($subject) of type string is deprecated
[ error ] [8192]preg_match(): Passing null to parameter #2 ($subject) of type string is deprecated
[ error ] [8192]Automatic conversion of false to array is deprecated
[ error ] [8192]Automatic conversion of false to array is deprecated
---------------------------------------------------------------
[ 2026-03-16T16:01:26+08:00 ] 45.148.10.243 GET punalei.cn/xiazaizhongxin.html?type=2&name=用户手册
[ error ] [8192]preg_match(): Passing null to parameter #2 ($subject) of type string is deprecated
[ error ] [8192]preg_match(): Passing null to parameter #2 ($subject) of type string is deprecated
[ error ] [8192]preg_match(): Passing null to parameter #2 ($subject) of type string is deprecated
[ error ] [8192]preg_match(): Passing null to parameter #2 ($subject) of type string is deprecated
[ error ] [8192]preg_match(): Passing null to parameter #2 ($subject) of type string is deprecated
[ error ] [8192]preg_match(): Passing null to parameter #2 ($subject) of type string is deprecated
---------------------------------------------------------------
[ 2026-03-16T16:01:27+08:00 ] 45.148.10.243 GET punalei.cn/ldcms/qiyexinwen/334.html
[ error ] [8192]preg_match(): Passing null to parameter #2 ($subject) of type string is deprecated
[ error ] [8192]preg_match(): Passing null to parameter #2 ($subject) of type string is deprecated
[ error ] [8192]preg_match(): Passing null to parameter #2 ($subject) of type string is deprecated
[ error ] [8192]preg_match(): Passing null to parameter #2 ($subject) of type string is deprecated
[ error ] [8192]preg_match(): Passing null to parameter #2 ($subject) of type string is deprecated
[ error ] [8192]preg_match(): Passing null to parameter #2 ($subject) of type string is deprecated
[ error ] [8192]preg_match(): Passing null to parameter #2 ($subject) of type string is deprecated
[ error ] [8192]preg_match(): Passing null to parameter #2 ($subject) of type string is deprecated
---------------------------------------------------------------
[ 2026-03-16T16:01:27+08:00 ] 45.148.10.243 GET punalei.cn/xiazaizhongxin.html?type=3&name=通讯协议
[ error ] [8192]preg_match(): Passing null to parameter #2 ($subject) of type string is deprecated
[ error ] [8192]preg_match(): Passing null to parameter #2 ($subject) of type string is deprecated
[ error ] [8192]preg_match(): Passing null to parameter #2 ($subject) of type string is deprecated
[ error ] [8192]preg_match(): Passing null to parameter #2 ($subject) of type string is deprecated
[ error ] [8192]preg_match(): Passing null to parameter #2 ($subject) of type string is deprecated
[ error ] [8192]preg_match(): Passing null to parameter #2 ($subject) of type string is deprecated
---------------------------------------------------------------
[ 2026-03-16T16:01:27+08:00 ] 45.148.10.243 GET punalei.cn/xiazaizhongxin.html?type=2&name=用户手册
[ error ] [8192]preg_match(): Passing null to parameter #2 ($subject) of type string is deprecated
[ error ] [8192]preg_match(): Passing null to parameter #2 ($subject) of type string is deprecated
[ error ] [8192]preg_match(): Passing null to parameter #2 ($subject) of type string is deprecated
[ error ] [8192]preg_match(): Passing null to parameter #2 ($subject) of type string is deprecated
[ error ] [8192]preg_match(): Passing null to parameter #2 ($subject) of type string is deprecated
[ error ] [8192]preg_match(): Passing null to parameter #2 ($subject) of type string is deprecated
---------------------------------------------------------------
[ 2026-03-16T16:01:27+08:00 ] 45.148.10.243 GET punalei.cn/xiazaizhongxin.html?type=3&name=通讯协议
[ error ] [8192]preg_match(): Passing null to parameter #2 ($subject) of type string is deprecated
[ error ] [8192]preg_match(): Passing null to parameter #2 ($subject) of type string is deprecated
[ error ] [8192]preg_match(): Passing null to parameter #2 ($subject) of type string is deprecated
[ error ] [8192]preg_match(): Passing null to parameter #2 ($subject) of type string is deprecated
[ error ] [8192]preg_match(): Passing null to parameter #2 ($subject) of type string is deprecated
[ error ] [8192]preg_match(): Passing null to parameter #2 ($subject) of type string is deprecated
---------------------------------------------------------------
[ 2026-03-16T16:01:27+08:00 ] 45.148.10.243 GET punalei.cn/xiazaizhongxin.html?type=4&name=应用驱动软件
[ error ] [8192]preg_match(): Passing null to parameter #2 ($subject) of type string is deprecated
[ error ] [8192]preg_match(): Passing null to parameter #2 ($subject) of type string is deprecated
[ error ] [8192]preg_match(): Passing null to parameter #2 ($subject) of type string is deprecated
[ error ] [8192]preg_match(): Passing null to parameter #2 ($subject) of type string is deprecated
[ error ] [8192]preg_match(): Passing null to parameter #2 ($subject) of type string is deprecated
[ error ] [8192]preg_match(): Passing null to parameter #2 ($subject) of type string is deprecated
---------------------------------------------------------------
[ 2026-03-16T16:01:27+08:00 ] 45.148.10.243 GET punalei.cn/xiazaizhongxin.html?type=4&name=应用驱动软件
[ error ] [8192]preg_match(): Passing null to parameter #2 ($subject) of type string is deprecated
[ error ] [8192]preg_match(): Passing null to parameter #2 ($subject) of type string is deprecated
[ error ] [8192]preg_match(): Passing null to parameter #2 ($subject) of type string is deprecated
[ error ] [8192]preg_match(): Passing null to parameter #2 ($subject) of type string is deprecated
[ error ] [8192]preg_match(): Passing null to parameter #2 ($subject) of type string is deprecated
[ error ] [8192]preg_match(): Passing null to parameter #2 ($subject) of type string is deprecated
---------------------------------------------------------------
[ 2026-03-16T16:01:27+08:00 ] 45.148.10.243 GET punalei.cn/guanyupunalei.html
[ error ] [8192]preg_match(): Passing null to parameter #2 ($subject) of type string is deprecated
[ error ] [8192]preg_match(): Passing null to parameter #2 ($subject) of type string is deprecated
[ error ] [8192]preg_match(): Passing null to parameter #2 ($subject) of type string is deprecated
[ error ] [8192]preg_match(): Passing null to parameter #2 ($subject) of type string is deprecated
[ error ] [8192]preg_match(): Passing null to parameter #2 ($subject) of type string is deprecated
[ error ] [8192]preg_match(): Passing null to parameter #2 ($subject) of type string is deprecated
---------------------------------------------------------------
[ 2026-03-16T16:01:27+08:00 ] 45.148.10.243 GET punalei.cn/lianxiwomen.html
[ error ] [8192]preg_match(): Passing null to parameter #2 ($subject) of type string is deprecated
[ error ] [8192]preg_match(): Passing null to parameter #2 ($subject) of type string is deprecated
[ error ] [8192]preg_match(): Passing null to parameter #2 ($subject) of type string is deprecated
[ error ] [8192]preg_match(): Passing null to parameter #2 ($subject) of type string is deprecated
[ error ] [8192]preg_match(): Passing null to parameter #2 ($subject) of type string is deprecated
[ error ] [8192]preg_match(): Passing null to parameter #2 ($subject) of type string is deprecated
---------------------------------------------------------------
[ 2026-03-16T16:01:27+08:00 ] 45.148.10.243 GET punalei.cn/guanyupunalei.html
[ error ] [8192]preg_match(): Passing null to parameter #2 ($subject) of type string is deprecated
[ error ] [8192]preg_match(): Passing null to parameter #2 ($subject) of type string is deprecated
[ error ] [8192]preg_match(): Passing null to parameter #2 ($subject) of type string is deprecated
[ error ] [8192]preg_match(): Passing null to parameter #2 ($subject) of type string is deprecated
[ error ] [8192]preg_match(): Passing null to parameter #2 ($subject) of type string is deprecated
[ error ] [8192]preg_match(): Passing null to parameter #2 ($subject) of type string is deprecated
---------------------------------------------------------------
[ 2026-03-16T16:01:27+08:00 ] 45.148.10.243 GET punalei.cn/lianxiwomen.html
[ error ] [8192]preg_match(): Passing null to parameter #2 ($subject) of type string is deprecated
[ error ] [8192]preg_match(): Passing null to parameter #2 ($subject) of type string is deprecated
[ error ] [8192]preg_match(): Passing null to parameter #2 ($subject) of type string is deprecated
[ error ] [8192]preg_match(): Passing null to parameter #2 ($subject) of type string is deprecated
[ error ] [8192]preg_match(): Passing null to parameter #2 ($subject) of type string is deprecated
[ error ] [8192]preg_match(): Passing null to parameter #2 ($subject) of type string is deprecated
---------------------------------------------------------------
[ 2026-03-16T16:01:29+08:00 ] 45.148.10.243 GET punalei.cn/ldcms/ceshiyiqixilie.html
[ error ] [8192]preg_match(): Passing null to parameter #2 ($subject) of type string is deprecated
[ error ] [8192]preg_match(): Passing null to parameter #2 ($subject) of type string is deprecated
[ error ] [8192]preg_match(): Passing null to parameter #2 ($subject) of type string is deprecated
[ error ] [8192]preg_match(): Passing null to parameter #2 ($subject) of type string is deprecated
[ error ] [8192]preg_match(): Passing null to parameter #2 ($subject) of type string is deprecated
[ error ] [8192]preg_match(): Passing null to parameter #2 ($subject) of type string is deprecated
[ error ] [8192]preg_match(): Passing null to parameter #2 ($subject) of type string is deprecated
[ error ] [8192]preg_match(): Passing null to parameter #2 ($subject) of type string is deprecated
[ error ] [8192]Automatic conversion of false to array is deprecated
---------------------------------------------------------------
[ 2026-03-16T16:01:29+08:00 ] 45.148.10.243 GET punalei.cn/xiazaizhongxin.html?type=5&name=应用产品资料
[ error ] [8192]preg_match(): Passing null to parameter #2 ($subject) of type string is deprecated
[ error ] [8192]preg_match(): Passing null to parameter #2 ($subject) of type string is deprecated
[ error ] [8192]preg_match(): Passing null to parameter #2 ($subject) of type string is deprecated
[ error ] [8192]preg_match(): Passing null to parameter #2 ($subject) of type string is deprecated
[ error ] [8192]preg_match(): Passing null to parameter #2 ($subject) of type string is deprecated
[ error ] [8192]preg_match(): Passing null to parameter #2 ($subject) of type string is deprecated
---------------------------------------------------------------
[ 2026-03-16T16:01:29+08:00 ] 45.148.10.243 GET punalei.cn/xiazaizhongxin.html?type=5&name=应用产品资料
[ error ] [8192]preg_match(): Passing null to parameter #2 ($subject) of type string is deprecated
[ error ] [8192]preg_match(): Passing null to parameter #2 ($subject) of type string is deprecated
[ error ] [8192]preg_match(): Passing null to parameter #2 ($subject) of type string is deprecated
[ error ] [8192]preg_match(): Passing null to parameter #2 ($subject) of type string is deprecated
[ error ] [8192]preg_match(): Passing null to parameter #2 ($subject) of type string is deprecated
[ error ] [8192]preg_match(): Passing null to parameter #2 ($subject) of type string is deprecated
---------------------------------------------------------------
[ 2026-03-16T16:01:29+08:00 ] 45.148.10.243 GET punalei.cn/ldcms/xiazaizhongxin.html
[ error ] [8192]preg_match(): Passing null to parameter #2 ($subject) of type string is deprecated
[ error ] [8192]preg_match(): Passing null to parameter #2 ($subject) of type string is deprecated
[ error ] [8192]preg_match(): Passing null to parameter #2 ($subject) of type string is deprecated
[ error ] [8192]preg_match(): Passing null to parameter #2 ($subject) of type string is deprecated
[ error ] [8192]preg_match(): Passing null to parameter #2 ($subject) of type string is deprecated
[ error ] [8192]preg_match(): Passing null to parameter #2 ($subject) of type string is deprecated
[ error ] [8192]preg_match(): Passing null to parameter #2 ($subject) of type string is deprecated
[ error ] [8192]preg_match(): Passing null to parameter #2 ($subject) of type string is deprecated
[ error ] [8192]Automatic conversion of false to array is deprecated
[ download ] NULL
---------------------------------------------------------------
[ 2026-03-16T16:01:29+08:00 ] 45.148.10.243 GET punalei.cn/ldcms/xiazaizhongxin.html
[ download ] [{"id":242,"title":"1-300V\/45-400Hz \u4ea4\u6d41\u53d8\u9891\u7535\u6e90 P9510\\15\\20\\30\\45\\60-\\TSS\u7cfb\u5217","catalog":"https:\/\/qiniu.punalei.cn\/uploads\/20250630\/9f6157e1177e99e4fe3674e8d06014a8.pdf","handbook":"https:\/\/qiniu.punalei.cn\/uploads\/20250630\/9f6157e1177e99e4fe3674e8d06014a8.pdf","agreement":"","drive":"","resource":""},{"id":244,"title":"1-300V\/45-400Hz \u4ea4\u6d41\u53d8\u9891\u7535\u6e90 P9530\\60-\\GSD\\GSS\u7cfb\u5217","catalog":"https:\/\/qiniu.punalei.cn\/uploads\/20250630\/9f6157e1177e99e4fe3674e8d06014a8.pdf","handbook":"https:\/\/qiniu.punalei.cn\/uploads\/20250630\/9f6157e1177e99e4fe3674e8d06014a8.pdf","agreement":"","drive":"","resource":""},{"id":260,"title":"1-300V\/45-400Hz \u4ea4\u6d41\u53d8\u9891\u7535\u6e90 P9505\\10-\\D\u7cfb\u5217","catalog":"https:\/\/qiniu.punalei.cn\/uploads\/20250630\/9f6157e1177e99e4fe3674e8d06014a8.pdf","handbook":"https:\/\/qiniu.punalei.cn\/uploads\/20250630\/9f6157e1177e99e4fe3674e8d06014a8.pdf","agreement":"","drive":"","resource":""},{"id":262,"title":"\u5355\u76f8\u578bPNL300-A\u4ea4\u6d41\u7cfb\u52170.2\u7ea7","catalog":"https:\/\/qiniu.punalei.cn\/uploads\/20250630\/9f6157e1177e99e4fe3674e8d06014a8.pdf","handbook":"https:\/\/qiniu.punalei.cn\/uploads\/20260309\/ed50ce8156e54152582ff3356228093d.pdf","agreement":"","drive":"","resource":"https:\/\/qiniu.punalei.cn\/uploads\/20250811\/ed50ce8156e54152582ff3356228093d.pdf"},{"id":263,"title":"\u6cc4\u6f0f\u7535\u6d41\u6d4b\u8bd5\u4eeaPNL2675\u7cfb\u5217","catalog":"https:\/\/qiniu.punalei.cn\/uploads\/20250630\/9f6157e1177e99e4fe3674e8d06014a8.pdf","handbook":"https:\/\/qiniu.punalei.cn\/uploads\/20250630\/9f6157e1177e99e4fe3674e8d06014a8.pdf","agreement":"","drive":"","resource":""},{"id":264,"title":" \u63a5\u5730\u7535\u963b\u6d4b\u8bd5\u4eeaPNL2678XM\u7cfb\u5217","catalog":"https:\/\/qiniu.punalei.cn\/uploads\/20250630\/9f6157e1177e99e4fe3674e8d06014a8.pdf","handbook":"https:\/\/qiniu.punalei.cn\/uploads\/20250630\/9f6157e1177e99e4fe3674e8d06014a8.pdf","agreement":"","drive":"","resource":""},{"id":268,"title":"\u591a\u901a\u9053\u76f4\u6d41\u7535\u963b\u6d4b\u8bd5\u4eeaPNL2818-X\u7cfb\u5217","catalog":"https:\/\/qiniu.punalei.cn\/uploads\/20250630\/9f6157e1177e99e4fe3674e8d06014a8.pdf","handbook":"https:\/\/qiniu.punalei.cn\/uploads\/20250630\/9f6157e1177e99e4fe3674e8d06014a8.pdf","agreement":"","drive":"","resource":""},{"id":270,"title":"\u76f4\u6d41\u7535\u963b\u6d4b\u8bd5\u4eeaPNL2511\u6570\u7801\u7cfb\u5217","catalog":"https:\/\/qiniu.punalei.cn\/uploads\/20250630\/9f6157e1177e99e4fe3674e8d06014a8.pdf","handbook":"https:\/\/qiniu.punalei.cn\/uploads\/20250811\/405841dc3a1790083cdfb28d392a51b6.pdf","agreement":"","drive":"","resource":""},{"id":271,"title":"\u591a\u8def\u6e29\u5ea6\u5de1\u68c0\u6d4b\u8bd5\u4eeaP2000-X PLUS\u7cfb\u5217","catalog":"https:\/\/qiniu.punalei.cn\/uploads\/20250630\/9f6157e1177e99e4fe3674e8d06014a8.pdf","handbook":"https:\/\/qiniu.punalei.cn\/uploads\/20250811\/88bebf25cc9f75277abfb9945aa00ebc.pdf","agreement":"","drive":"","resource":""},{"id":272,"title":"\u624b\u6301\u591a\u8def\u6e29\u5ea6\u6d4b\u8bd5\u4eeaP300-S\u7cfb\u5217","catalog":"https:\/\/qiniu.punalei.cn\/uploads\/20250630\/9f6157e1177e99e4fe3674e8d06014a8.pdf","handbook":"https:\/\/qiniu.punalei.cn\/uploads\/20250811\/4eeb7970b89981df90d0560b8dbe2ff8.pdf","agreement":"","drive":"","resource":""},{"id":290,"title":"\u4ea4\u6d41\u6052\u6d41\u6e90","catalog":"","handbook":"","agreement":"","drive":"","resource":""},{"id":291,"title":"\u4e09\u76f8\u578bPNL300-S\u7cfb\u52170.2\u7ea7","catalog":"","handbook":"https:\/\/qiniu.punalei.cn\/uploads\/20250811\/5f7e3f318e22f4a79790e06a66ac2625.pdf","agreement":"","drive":"","resource":"https:\/\/qiniu.punalei.cn\/uploads\/20250811\/5f7e3f318e22f4a79790e06a66ac2625.pdf"},{"id":295,"title":"\u5c0f\u529f\u7387\u76f4\u6d41\u7535\u5b50\u8d1f\u8f7d","catalog":"","handbook":"https:\/\/qiniu.punalei.cn\/uploads\/20250811\/3c0024e1494ae6a3a5ee57c6e55308d8.pdf","agreement":"","drive":"","resource":""},{"id":298,"title":"\u533b\u7528\u6cc4\u6f0f\u7535\u6d41\u6d4b\u8bd5\u4eea","catalog":"","handbook":"","agreement":"","drive":"","resource":""},{"id":299,"title":"\u5927\u529f\u7387\u76f4\u6d41\u7535\u6e90\u6db2\u66763U\u7cfb\u5217","catalog":"","handbook":"","agreement":"","drive":"","resource":""},{"id":300,"title":"\u5927\u529f\u7387\u76f4\u6d41\u7535\u6e90\u6570\u7801PNL-Y 10kw-15kw\u7cfb\u5217","catalog":"","handbook":"https:\/\/qiniu.punalei.cn\/uploads\/20250811\/6991e7a5b3190aa67ef71fc5ef74964e.pdf","agreement":"","drive":"","resource":""},{"id":303,"title":"\u5b89\u89c4\u7efc\u5408\u6821\u51c6\u70b9\u68c0\u5de5\u88c5","catalog":"","handbook":"","agreement":"","drive":"","resource":""},{"id":304,"title":"\u8010\u538b\u6d4b\u8bd5\u4eea5KV\u7cfb\u5217","catalog":"","handbook":"","agreement":"","drive":"","resource":""},{"id":306,"title":"\u8010\u538b\u6d4b\u8bd5\u4eea10KV\u7cfb\u5217","catalog":"https:\/\/qiniu.punalei.cn\/uploads\/20250630\/9f6157e1177e99e4fe3674e8d06014a8.pdf","handbook":"https:\/\/qiniu.punalei.cn\/uploads\/20250630\/9f6157e1177e99e4fe3674e8d06014a8.pdf","agreement":"","drive":"","resource":""},{"id":307,"title":"\u8010\u538b\u6d4b\u8bd5\u4eea20KV\u7cfb\u5217","catalog":"https:\/\/qiniu.punalei.cn\/uploads\/20250630\/9f6157e1177e99e4fe3674e8d06014a8.pdf","handbook":"https:\/\/qiniu.punalei.cn\/uploads\/20250630\/9f6157e1177e99e4fe3674e8d06014a8.pdf","agreement":"","drive":"","resource":""},{"id":308,"title":"\u7a0b\u63a7\u8010\u538b\u7edd\u7f18PNL7110\\PNL7122\u7cfb\u5217","catalog":"https:\/\/qiniu.punalei.cn\/uploads\/20250630\/9f6157e1177e99e4fe3674e8d06014a8.pdf","handbook":"https:\/\/qiniu.punalei.cn\/uploads\/20250630\/9f6157e1177e99e4fe3674e8d06014a8.pdf","agreement":"","drive":"","resource":""},{"id":309,"title":"\u5b89\u5168\u7efc\u5408\u6027\u80fd\u5206\u6790\u4eeaPNL9950\u7cfb\u5217","catalog":"https:\/\/qiniu.punalei.cn\/uploads\/20250630\/9f6157e1177e99e4fe3674e8d06014a8.pdf","handbook":"https:\/\/qiniu.punalei.cn\/uploads\/20250630\/9f6157e1177e99e4fe3674e8d06014a8.pdf","agreement":"","drive":"","resource":""},{"id":311,"title":"\u5355\u4e09\u76f8 - \u5b89\u5168\u7efc\u5408\u6027\u80fd\u5206\u6790\u4eeaPNL9950-C\u7cfb\u5217","catalog":"https:\/\/qiniu.punalei.cn\/uploads\/20250630\/9f6157e1177e99e4fe3674e8d06014a8.pdf","handbook":"https:\/\/qiniu.punalei.cn\/uploads\/20250630\/9f6157e1177e99e4fe3674e8d06014a8.pdf","agreement":"","drive":"","resource":""},{"id":312,"title":"1-300V\/45-400Hz \u4ea4\u6d41\u53d8\u9891\u7535\u6e90 P9515\\20\\30\\45\\60-\\TSD\u7cfb\u5217","catalog":"https:\/\/qiniu.punalei.cn\/uploads\/20250630\/9f6157e1177e99e4fe3674e8d06014a8.pdf","handbook":"https:\/\/qiniu.punalei.cn\/uploads\/20250630\/9f6157e1177e99e4fe3674e8d06014a8.pdf","agreement":"","drive":"","resource":""},{"id":314,"title":"1-300V\/45-400Hz \u4ea4\u6d41\u53d8\u9891\u7535\u6e90 P9520\\30-\\D\u7cfb\u5217","catalog":"https:\/\/qiniu.punalei.cn\/uploads\/20250630\/9f6157e1177e99e4fe3674e8d06014a8.pdf","handbook":"https:\/\/qiniu.punalei.cn\/uploads\/20250630\/9f6157e1177e99e4fe3674e8d06014a8.pdf","agreement":"","drive":"","resource":""},{"id":315,"title":"\u7edd\u7f18\u7535\u963b\u6d4b\u8bd5\u4eeaPNL2682N\u7cfb\u5217","catalog":"https:\/\/qiniu.punalei.cn\/uploads\/20250630\/9f6157e1177e99e4fe3674e8d06014a8.pdf","handbook":"https:\/\/qiniu.punalei.cn\/uploads\/20250811\/7c63757a23e5e98e594bf1b4bf50445a.pdf","agreement":"","drive":"","resource":""},{"id":316,"title":"1-300V\/45-400Hz \u4ea4\u6d41\u53d8\u9891\u7535\u6e90 P9510\\15\\20-\\TD\u7cfb\u5217","catalog":"https:\/\/qiniu.punalei.cn\/uploads\/20250630\/9f6157e1177e99e4fe3674e8d06014a8.pdf","handbook":"https:\/\/qiniu.punalei.cn\/uploads\/20250630\/9f6157e1177e99e4fe3674e8d06014a8.pdf","agreement":"","drive":"","resource":""},{"id":317,"title":"1-300V\/45-400Hz \u4ea4\u6d41\u53d8\u9891\u7535\u6e90 P9530\\50-\\G\\D\u7cfb\u5217","catalog":"https:\/\/qiniu.punalei.cn\/uploads\/20250630\/9f6157e1177e99e4fe3674e8d06014a8.pdf","handbook":"https:\/\/qiniu.punalei.cn\/uploads\/20250630\/9f6157e1177e99e4fe3674e8d06014a8.pdf","agreement":"","drive":"","resource":""},{"id":318,"title":"\u4e09\u76f8\u578b\u8c10\u6ce2PNL300-SX\u7cfb\u52170.2\u7ea7","catalog":"","handbook":"https:\/\/qiniu.punalei.cn\/uploads\/20250811\/c3915be2288c668d42fab75c77d557b6.pdf","agreement":"","drive":"","resource":"https:\/\/qiniu.punalei.cn\/uploads\/20250811\/c3915be2288c668d42fab75c77d557b6.pdf"},{"id":319,"title":"\u7edd\u7f18\u7535\u963b\u6d4b\u8bd5\u4eeaPNL2683AL\u7cfb\u5217","catalog":"https:\/\/qiniu.punalei.cn\/uploads\/20250630\/9f6157e1177e99e4fe3674e8d06014a8.pdf","handbook":"https:\/\/qiniu.punalei.cn\/uploads\/20250811\/29f9570871ea60e153dce0b05698a13e.pdf","agreement":"","drive":"","resource":""},{"id":320,"title":"\u5bbd\u8303\u56f4\u76f4\u6d41\u7535\u963b\u6d4b\u8bd5\u4eeaPNL2513\/15\u7cfb\u5217","catalog":"https:\/\/qiniu.punalei.cn\/uploads\/20250630\/9f6157e1177e99e4fe3674e8d06014a8.pdf","handbook":"https:\/\/qiniu.punalei.cn\/uploads\/20250811\/d94e60f7d79a2b3b6d9b106bf787c6db.pdf","agreement":"","drive":"","resource":""},{"id":321,"title":"\u5927\u529f\u7387\u76f4\u6d41\u7535\u6e90\u6db2\u66764U\u7cfb\u5217","catalog":"","handbook":"","agreement":"","drive":"","resource":""},{"id":322,"title":"\u5927\u529f\u7387\u76f4\u6d41\u7535\u6e90\u6db2\u66765U\u7cfb\u5217","catalog":"","handbook":"","agreement":"","drive":"","resource":""},{"id":323,"title":"\u5927\u529f\u7387\u76f4\u6d41\u7535\u6e90\u6db2\u667620K\u7cfb\u5217","catalog":"","handbook":"","agreement":"","drive":"","resource":""},{"id":324,"title":"\u5927\u529f\u7387\u76f4\u6d41\u7535\u6e90\u6db2\u667640K\u7cfb\u5217","catalog":"","handbook":"","agreement":"","drive":"","resource":""},{"id":325,"title":"\u5927\u529f\u7387\u76f4\u6d41\u7535\u6e90\u6db2\u667660K\u7cfb\u5217","catalog":"","handbook":"","agreement":"","drive":"","resource":""},{"id":326,"title":"\u5927\u529f\u7387\u76f4\u6d41\u7535\u6e90\u6570\u7801PNL-Y 20kw-30kw\u7cfb\u5217","catalog":"","handbook":"https:\/\/qiniu.punalei.cn\/uploads\/20250811\/6991e7a5b3190aa67ef71fc5ef74964e.pdf","agreement":"","drive":"","resource":""},{"id":327,"title":"\u5927\u529f\u7387\u76f4\u6d41\u7535\u6e90\u6570\u7801PNL-Y 40kw-60kw\u7cfb\u5217","catalog":"","handbook":"https:\/\/qiniu.punalei.cn\/uploads\/20250811\/6991e7a5b3190aa67ef71fc5ef74964e.pdf","agreement":"","drive":"","resource":""},{"id":328,"title":"\u5927\u529f\u7387\u76f4\u6d41\u7535\u6e90\u6570\u7801PNL-Y 75kw-90kw\u7cfb\u5217","catalog":"","handbook":"https:\/\/qiniu.punalei.cn\/uploads\/20250811\/6991e7a5b3190aa67ef71fc5ef74964e.pdf","agreement":"","drive":"","resource":""},{"id":329,"title":"\u5927\u529f\u7387\u76f4\u6d41\u7535\u6e90\u6570\u7801PNL-U \u9ad8\u538b\u7cfb\u5217","catalog":"","handbook":"https:\/\/qiniu.punalei.cn\/uploads\/20250811\/6991e7a5b3190aa67ef71fc5ef74964e.pdf","agreement":"","drive":"","resource":""},{"id":330,"title":"\u4ea4\u6d41\u7535\u5b50\u8d1f\u8f7d","catalog":"","handbook":"https:\/\/qiniu.punalei.cn\/uploads\/20250811\/18ff267d1dc26e503128741d78be61d7.pdf","agreement":"","drive":"","resource":""},{"id":331,"title":"\u4ea4\u76f4\u6d41\u7535\u5b50\u8d1f\u8f7d","catalog":"","handbook":"https:\/\/qiniu.punalei.cn\/uploads\/20250811\/04725819a3c60dff3e1af918dc2ccaf2.pdf","agreement":"","drive":"","resource":""},{"id":332,"title":"\u5927\u529f\u7387\u76f4\u6d41\u7535\u5b50\u8d1f\u8f7d","catalog":"","handbook":"https:\/\/qiniu.punalei.cn\/uploads\/20250811\/639e5850541f700cdc64053f1d7a18a7.pdf","agreement":"","drive":"","resource":""},{"id":333,"title":"\u5927\u529f\u7387\u76f4\u6d41\u7535\u5b50\u8d1f\u8f7d","catalog":"","handbook":"https:\/\/qiniu.punalei.cn\/uploads\/20250811\/3c0024e1494ae6a3a5ee57c6e55308d8.pdf","agreement":"","drive":"","resource":""},{"id":337,"title":"\u5355\u76f8\u578bPNL300-C\u4ea4\u76f4\u6d41\u7cfb\u52170.2\u7ea7","catalog":"https:\/\/qiniu.punalei.cn\/uploads\/20250630\/9f6157e1177e99e4fe3674e8d06014a8.pdf","handbook":"https:\/\/qiniu.punalei.cn\/uploads\/20250811\/ed50ce8156e54152582ff3356228093d.pdf","agreement":"","drive":"","resource":"https:\/\/qiniu.punalei.cn\/uploads\/20250811\/ed50ce8156e54152582ff3356228093d.pdf"},{"id":338,"title":"\u80fd\u6548\u578bPNL300-E\u4ea4\u76f4\u6d41\u7cfb\u52170.2\u7ea7","catalog":"https:\/\/qiniu.punalei.cn\/uploads\/20250630\/9f6157e1177e99e4fe3674e8d06014a8.pdf","handbook":"https:\/\/qiniu.punalei.cn\/uploads\/20250811\/ed50ce8156e54152582ff3356228093d.pdf","agreement":"","drive":"","resource":"https:\/\/qiniu.punalei.cn\/uploads\/20250811\/ed50ce8156e54152582ff3356228093d.pdf"}]
---------------------------------------------------------------
[ 2026-03-16T16:01:29+08:00 ] 45.148.10.243 GET punalei.cn/ldcms/xiazaizhongxin.html
[ download ] [{"id":242,"name":"1-300V\/45-400Hz \u4ea4\u6d41\u53d8\u9891\u7535\u6e90 P9510\\15\\20\\30\\45\\60-\\TSS\u7cfb\u5217-\u4ea7\u54c1\u578b\u5f55","url":"https:\/\/qiniu.punalei.cn\/uploads\/20250630\/9f6157e1177e99e4fe3674e8d06014a8.pdf"},{"id":242,"name":"1-300V\/45-400Hz \u4ea4\u6d41\u53d8\u9891\u7535\u6e90 P9510\\15\\20\\30\\45\\60-\\TSS\u7cfb\u5217-\u7528\u6237\u624b\u518c","url":"https:\/\/qiniu.punalei.cn\/uploads\/20250630\/9f6157e1177e99e4fe3674e8d06014a8.pdf"},{"id":244,"name":"1-300V\/45-400Hz \u4ea4\u6d41\u53d8\u9891\u7535\u6e90 P9530\\60-\\GSD\\GSS\u7cfb\u5217-\u4ea7\u54c1\u578b\u5f55","url":"https:\/\/qiniu.punalei.cn\/uploads\/20250630\/9f6157e1177e99e4fe3674e8d06014a8.pdf"},{"id":244,"name":"1-300V\/45-400Hz \u4ea4\u6d41\u53d8\u9891\u7535\u6e90 P9530\\60-\\GSD\\GSS\u7cfb\u5217-\u7528\u6237\u624b\u518c","url":"https:\/\/qiniu.punalei.cn\/uploads\/20250630\/9f6157e1177e99e4fe3674e8d06014a8.pdf"},{"id":260,"name":"1-300V\/45-400Hz \u4ea4\u6d41\u53d8\u9891\u7535\u6e90 P9505\\10-\\D\u7cfb\u5217-\u4ea7\u54c1\u578b\u5f55","url":"https:\/\/qiniu.punalei.cn\/uploads\/20250630\/9f6157e1177e99e4fe3674e8d06014a8.pdf"},{"id":260,"name":"1-300V\/45-400Hz \u4ea4\u6d41\u53d8\u9891\u7535\u6e90 P9505\\10-\\D\u7cfb\u5217-\u7528\u6237\u624b\u518c","url":"https:\/\/qiniu.punalei.cn\/uploads\/20250630\/9f6157e1177e99e4fe3674e8d06014a8.pdf"},{"id":262,"name":"\u5355\u76f8\u578bPNL300-A\u4ea4\u6d41\u7cfb\u52170.2\u7ea7-\u4ea7\u54c1\u578b\u5f55","url":"https:\/\/qiniu.punalei.cn\/uploads\/20250630\/9f6157e1177e99e4fe3674e8d06014a8.pdf"},{"id":262,"name":"\u5355\u76f8\u578bPNL300-A\u4ea4\u6d41\u7cfb\u52170.2\u7ea7-\u7528\u6237\u624b\u518c","url":"https:\/\/qiniu.punalei.cn\/uploads\/20260309\/ed50ce8156e54152582ff3356228093d.pdf"},{"id":262,"name":"\u5355\u76f8\u578bPNL300-A\u4ea4\u6d41\u7cfb\u52170.2\u7ea7-\u5e94\u7528\u4ea7\u54c1\u8d44\u6599","url":"https:\/\/qiniu.punalei.cn\/uploads\/20250811\/ed50ce8156e54152582ff3356228093d.pdf"},{"id":263,"name":"\u6cc4\u6f0f\u7535\u6d41\u6d4b\u8bd5\u4eeaPNL2675\u7cfb\u5217-\u4ea7\u54c1\u578b\u5f55","url":"https:\/\/qiniu.punalei.cn\/uploads\/20250630\/9f6157e1177e99e4fe3674e8d06014a8.pdf"},{"id":263,"name":"\u6cc4\u6f0f\u7535\u6d41\u6d4b\u8bd5\u4eeaPNL2675\u7cfb\u5217-\u7528\u6237\u624b\u518c","url":"https:\/\/qiniu.punalei.cn\/uploads\/20250630\/9f6157e1177e99e4fe3674e8d06014a8.pdf"},{"id":264,"name":" \u63a5\u5730\u7535\u963b\u6d4b\u8bd5\u4eeaPNL2678XM\u7cfb\u5217-\u4ea7\u54c1\u578b\u5f55","url":"https:\/\/qiniu.punalei.cn\/uploads\/20250630\/9f6157e1177e99e4fe3674e8d06014a8.pdf"},{"id":264,"name":" \u63a5\u5730\u7535\u963b\u6d4b\u8bd5\u4eeaPNL2678XM\u7cfb\u5217-\u7528\u6237\u624b\u518c","url":"https:\/\/qiniu.punalei.cn\/uploads\/20250630\/9f6157e1177e99e4fe3674e8d06014a8.pdf"},{"id":268,"name":"\u591a\u901a\u9053\u76f4\u6d41\u7535\u963b\u6d4b\u8bd5\u4eeaPNL2818-X\u7cfb\u5217-\u4ea7\u54c1\u578b\u5f55","url":"https:\/\/qiniu.punalei.cn\/uploads\/20250630\/9f6157e1177e99e4fe3674e8d06014a8.pdf"},{"id":268,"name":"\u591a\u901a\u9053\u76f4\u6d41\u7535\u963b\u6d4b\u8bd5\u4eeaPNL2818-X\u7cfb\u5217-\u7528\u6237\u624b\u518c","url":"https:\/\/qiniu.punalei.cn\/uploads\/20250630\/9f6157e1177e99e4fe3674e8d06014a8.pdf"},{"id":270,"name":"\u76f4\u6d41\u7535\u963b\u6d4b\u8bd5\u4eeaPNL2511\u6570\u7801\u7cfb\u5217-\u4ea7\u54c1\u578b\u5f55","url":"https:\/\/qiniu.punalei.cn\/uploads\/20250630\/9f6157e1177e99e4fe3674e8d06014a8.pdf"},{"id":270,"name":"\u76f4\u6d41\u7535\u963b\u6d4b\u8bd5\u4eeaPNL2511\u6570\u7801\u7cfb\u5217-\u7528\u6237\u624b\u518c","url":"https:\/\/qiniu.punalei.cn\/uploads\/20250811\/405841dc3a1790083cdfb28d392a51b6.pdf"},{"id":271,"name":"\u591a\u8def\u6e29\u5ea6\u5de1\u68c0\u6d4b\u8bd5\u4eeaP2000-X PLUS\u7cfb\u5217-\u4ea7\u54c1\u578b\u5f55","url":"https:\/\/qiniu.punalei.cn\/uploads\/20250630\/9f6157e1177e99e4fe3674e8d06014a8.pdf"},{"id":271,"name":"\u591a\u8def\u6e29\u5ea6\u5de1\u68c0\u6d4b\u8bd5\u4eeaP2000-X PLUS\u7cfb\u5217-\u7528\u6237\u624b\u518c","url":"https:\/\/qiniu.punalei.cn\/uploads\/20250811\/88bebf25cc9f75277abfb9945aa00ebc.pdf"},{"id":272,"name":"\u624b\u6301\u591a\u8def\u6e29\u5ea6\u6d4b\u8bd5\u4eeaP300-S\u7cfb\u5217-\u4ea7\u54c1\u578b\u5f55","url":"https:\/\/qiniu.punalei.cn\/uploads\/20250630\/9f6157e1177e99e4fe3674e8d06014a8.pdf"},{"id":272,"name":"\u624b\u6301\u591a\u8def\u6e29\u5ea6\u6d4b\u8bd5\u4eeaP300-S\u7cfb\u5217-\u7528\u6237\u624b\u518c","url":"https:\/\/qiniu.punalei.cn\/uploads\/20250811\/4eeb7970b89981df90d0560b8dbe2ff8.pdf"},{"id":291,"name":"\u4e09\u76f8\u578bPNL300-S\u7cfb\u52170.2\u7ea7-\u7528\u6237\u624b\u518c","url":"https:\/\/qiniu.punalei.cn\/uploads\/20250811\/5f7e3f318e22f4a79790e06a66ac2625.pdf"},{"id":291,"name":"\u4e09\u76f8\u578bPNL300-S\u7cfb\u52170.2\u7ea7-\u5e94\u7528\u4ea7\u54c1\u8d44\u6599","url":"https:\/\/qiniu.punalei.cn\/uploads\/20250811\/5f7e3f318e22f4a79790e06a66ac2625.pdf"},{"id":295,"name":"\u5c0f\u529f\u7387\u76f4\u6d41\u7535\u5b50\u8d1f\u8f7d-\u7528\u6237\u624b\u518c","url":"https:\/\/qiniu.punalei.cn\/uploads\/20250811\/3c0024e1494ae6a3a5ee57c6e55308d8.pdf"},{"id":300,"name":"\u5927\u529f\u7387\u76f4\u6d41\u7535\u6e90\u6570\u7801PNL-Y 10kw-15kw\u7cfb\u5217-\u7528\u6237\u624b\u518c","url":"https:\/\/qiniu.punalei.cn\/uploads\/20250811\/6991e7a5b3190aa67ef71fc5ef74964e.pdf"},{"id":306,"name":"\u8010\u538b\u6d4b\u8bd5\u4eea10KV\u7cfb\u5217-\u4ea7\u54c1\u578b\u5f55","url":"https:\/\/qiniu.punalei.cn\/uploads\/20250630\/9f6157e1177e99e4fe3674e8d06014a8.pdf"},{"id":306,"name":"\u8010\u538b\u6d4b\u8bd5\u4eea10KV\u7cfb\u5217-\u7528\u6237\u624b\u518c","url":"https:\/\/qiniu.punalei.cn\/uploads\/20250630\/9f6157e1177e99e4fe3674e8d06014a8.pdf"},{"id":307,"name":"\u8010\u538b\u6d4b\u8bd5\u4eea20KV\u7cfb\u5217-\u4ea7\u54c1\u578b\u5f55","url":"https:\/\/qiniu.punalei.cn\/uploads\/20250630\/9f6157e1177e99e4fe3674e8d06014a8.pdf"},{"id":307,"name":"\u8010\u538b\u6d4b\u8bd5\u4eea20KV\u7cfb\u5217-\u7528\u6237\u624b\u518c","url":"https:\/\/qiniu.punalei.cn\/uploads\/20250630\/9f6157e1177e99e4fe3674e8d06014a8.pdf"},{"id":308,"name":"\u7a0b\u63a7\u8010\u538b\u7edd\u7f18PNL7110\\PNL7122\u7cfb\u5217-\u4ea7\u54c1\u578b\u5f55","url":"https:\/\/qiniu.punalei.cn\/uploads\/20250630\/9f6157e1177e99e4fe3674e8d06014a8.pdf"},{"id":308,"name":"\u7a0b\u63a7\u8010\u538b\u7edd\u7f18PNL7110\\PNL7122\u7cfb\u5217-\u7528\u6237\u624b\u518c","url":"https:\/\/qiniu.punalei.cn\/uploads\/20250630\/9f6157e1177e99e4fe3674e8d06014a8.pdf"},{"id":309,"name":"\u5b89\u5168\u7efc\u5408\u6027\u80fd\u5206\u6790\u4eeaPNL9950\u7cfb\u5217-\u4ea7\u54c1\u578b\u5f55","url":"https:\/\/qiniu.punalei.cn\/uploads\/20250630\/9f6157e1177e99e4fe3674e8d06014a8.pdf"},{"id":309,"name":"\u5b89\u5168\u7efc\u5408\u6027\u80fd\u5206\u6790\u4eeaPNL9950\u7cfb\u5217-\u7528\u6237\u624b\u518c","url":"https:\/\/qiniu.punalei.cn\/uploads\/20250630\/9f6157e1177e99e4fe3674e8d06014a8.pdf"},{"id":311,"name":"\u5355\u4e09\u76f8 - \u5b89\u5168\u7efc\u5408\u6027\u80fd\u5206\u6790\u4eeaPNL9950-C\u7cfb\u5217-\u4ea7\u54c1\u578b\u5f55","url":"https:\/\/qiniu.punalei.cn\/uploads\/20250630\/9f6157e1177e99e4fe3674e8d06014a8.pdf"},{"id":311,"name":"\u5355\u4e09\u76f8 - \u5b89\u5168\u7efc\u5408\u6027\u80fd\u5206\u6790\u4eeaPNL9950-C\u7cfb\u5217-\u7528\u6237\u624b\u518c","url":"https:\/\/qiniu.punalei.cn\/uploads\/20250630\/9f6157e1177e99e4fe3674e8d06014a8.pdf"},{"id":312,"name":"1-300V\/45-400Hz \u4ea4\u6d41\u53d8\u9891\u7535\u6e90 P9515\\20\\30\\45\\60-\\TSD\u7cfb\u5217-\u4ea7\u54c1\u578b\u5f55","url":"https:\/\/qiniu.punalei.cn\/uploads\/20250630\/9f6157e1177e99e4fe3674e8d06014a8.pdf"},{"id":312,"name":"1-300V\/45-400Hz \u4ea4\u6d41\u53d8\u9891\u7535\u6e90 P9515\\20\\30\\45\\60-\\TSD\u7cfb\u5217-\u7528\u6237\u624b\u518c","url":"https:\/\/qiniu.punalei.cn\/uploads\/20250630\/9f6157e1177e99e4fe3674e8d06014a8.pdf"},{"id":314,"name":"1-300V\/45-400Hz \u4ea4\u6d41\u53d8\u9891\u7535\u6e90 P9520\\30-\\D\u7cfb\u5217-\u4ea7\u54c1\u578b\u5f55","url":"https:\/\/qiniu.punalei.cn\/uploads\/20250630\/9f6157e1177e99e4fe3674e8d06014a8.pdf"},{"id":314,"name":"1-300V\/45-400Hz \u4ea4\u6d41\u53d8\u9891\u7535\u6e90 P9520\\30-\\D\u7cfb\u5217-\u7528\u6237\u624b\u518c","url":"https:\/\/qiniu.punalei.cn\/uploads\/20250630\/9f6157e1177e99e4fe3674e8d06014a8.pdf"},{"id":315,"name":"\u7edd\u7f18\u7535\u963b\u6d4b\u8bd5\u4eeaPNL2682N\u7cfb\u5217-\u4ea7\u54c1\u578b\u5f55","url":"https:\/\/qiniu.punalei.cn\/uploads\/20250630\/9f6157e1177e99e4fe3674e8d06014a8.pdf"},{"id":315,"name":"\u7edd\u7f18\u7535\u963b\u6d4b\u8bd5\u4eeaPNL2682N\u7cfb\u5217-\u7528\u6237\u624b\u518c","url":"https:\/\/qiniu.punalei.cn\/uploads\/20250811\/7c63757a23e5e98e594bf1b4bf50445a.pdf"},{"id":316,"name":"1-300V\/45-400Hz \u4ea4\u6d41\u53d8\u9891\u7535\u6e90 P9510\\15\\20-\\TD\u7cfb\u5217-\u4ea7\u54c1\u578b\u5f55","url":"https:\/\/qiniu.punalei.cn\/uploads\/20250630\/9f6157e1177e99e4fe3674e8d06014a8.pdf"},{"id":316,"name":"1-300V\/45-400Hz \u4ea4\u6d41\u53d8\u9891\u7535\u6e90 P9510\\15\\20-\\TD\u7cfb\u5217-\u7528\u6237\u624b\u518c","url":"https:\/\/qiniu.punalei.cn\/uploads\/20250630\/9f6157e1177e99e4fe3674e8d06014a8.pdf"},{"id":317,"name":"1-300V\/45-400Hz \u4ea4\u6d41\u53d8\u9891\u7535\u6e90 P9530\\50-\\G\\D\u7cfb\u5217-\u4ea7\u54c1\u578b\u5f55","url":"https:\/\/qiniu.punalei.cn\/uploads\/20250630\/9f6157e1177e99e4fe3674e8d06014a8.pdf"},{"id":317,"name":"1-300V\/45-400Hz \u4ea4\u6d41\u53d8\u9891\u7535\u6e90 P9530\\50-\\G\\D\u7cfb\u5217-\u7528\u6237\u624b\u518c","url":"https:\/\/qiniu.punalei.cn\/uploads\/20250630\/9f6157e1177e99e4fe3674e8d06014a8.pdf"},{"id":318,"name":"\u4e09\u76f8\u578b\u8c10\u6ce2PNL300-SX\u7cfb\u52170.2\u7ea7-\u7528\u6237\u624b\u518c","url":"https:\/\/qiniu.punalei.cn\/uploads\/20250811\/c3915be2288c668d42fab75c77d557b6.pdf"},{"id":318,"name":"\u4e09\u76f8\u578b\u8c10\u6ce2PNL300-SX\u7cfb\u52170.2\u7ea7-\u5e94\u7528\u4ea7\u54c1\u8d44\u6599","url":"https:\/\/qiniu.punalei.cn\/uploads\/20250811\/c3915be2288c668d42fab75c77d557b6.pdf"},{"id":319,"name":"\u7edd\u7f18\u7535\u963b\u6d4b\u8bd5\u4eeaPNL2683AL\u7cfb\u5217-\u4ea7\u54c1\u578b\u5f55","url":"https:\/\/qiniu.punalei.cn\/uploads\/20250630\/9f6157e1177e99e4fe3674e8d06014a8.pdf"},{"id":319,"name":"\u7edd\u7f18\u7535\u963b\u6d4b\u8bd5\u4eeaPNL2683AL\u7cfb\u5217-\u7528\u6237\u624b\u518c","url":"https:\/\/qiniu.punalei.cn\/uploads\/20250811\/29f9570871ea60e153dce0b05698a13e.pdf"},{"id":320,"name":"\u5bbd\u8303\u56f4\u76f4\u6d41\u7535\u963b\u6d4b\u8bd5\u4eeaPNL2513\/15\u7cfb\u5217-\u4ea7\u54c1\u578b\u5f55","url":"https:\/\/qiniu.punalei.cn\/uploads\/20250630\/9f6157e1177e99e4fe3674e8d06014a8.pdf"},{"id":320,"name":"\u5bbd\u8303\u56f4\u76f4\u6d41\u7535\u963b\u6d4b\u8bd5\u4eeaPNL2513\/15\u7cfb\u5217-\u7528\u6237\u624b\u518c","url":"https:\/\/qiniu.punalei.cn\/uploads\/20250811\/d94e60f7d79a2b3b6d9b106bf787c6db.pdf"},{"id":326,"name":"\u5927\u529f\u7387\u76f4\u6d41\u7535\u6e90\u6570\u7801PNL-Y 20kw-30kw\u7cfb\u5217-\u7528\u6237\u624b\u518c","url":"https:\/\/qiniu.punalei.cn\/uploads\/20250811\/6991e7a5b3190aa67ef71fc5ef74964e.pdf"},{"id":327,"name":"\u5927\u529f\u7387\u76f4\u6d41\u7535\u6e90\u6570\u7801PNL-Y 40kw-60kw\u7cfb\u5217-\u7528\u6237\u624b\u518c","url":"https:\/\/qiniu.punalei.cn\/uploads\/20250811\/6991e7a5b3190aa67ef71fc5ef74964e.pdf"},{"id":328,"name":"\u5927\u529f\u7387\u76f4\u6d41\u7535\u6e90\u6570\u7801PNL-Y 75kw-90kw\u7cfb\u5217-\u7528\u6237\u624b\u518c","url":"https:\/\/qiniu.punalei.cn\/uploads\/20250811\/6991e7a5b3190aa67ef71fc5ef74964e.pdf"},{"id":329,"name":"\u5927\u529f\u7387\u76f4\u6d41\u7535\u6e90\u6570\u7801PNL-U \u9ad8\u538b\u7cfb\u5217-\u7528\u6237\u624b\u518c","url":"https:\/\/qiniu.punalei.cn\/uploads\/20250811\/6991e7a5b3190aa67ef71fc5ef74964e.pdf"},{"id":330,"name":"\u4ea4\u6d41\u7535\u5b50\u8d1f\u8f7d-\u7528\u6237\u624b\u518c","url":"https:\/\/qiniu.punalei.cn\/uploads\/20250811\/18ff267d1dc26e503128741d78be61d7.pdf"},{"id":331,"name":"\u4ea4\u76f4\u6d41\u7535\u5b50\u8d1f\u8f7d-\u7528\u6237\u624b\u518c","url":"https:\/\/qiniu.punalei.cn\/uploads\/20250811\/04725819a3c60dff3e1af918dc2ccaf2.pdf"},{"id":332,"name":"\u5927\u529f\u7387\u76f4\u6d41\u7535\u5b50\u8d1f\u8f7d-\u7528\u6237\u624b\u518c","url":"https:\/\/qiniu.punalei.cn\/uploads\/20250811\/639e5850541f700cdc64053f1d7a18a7.pdf"},{"id":333,"name":"\u5927\u529f\u7387\u76f4\u6d41\u7535\u5b50\u8d1f\u8f7d-\u7528\u6237\u624b\u518c","url":"https:\/\/qiniu.punalei.cn\/uploads\/20250811\/3c0024e1494ae6a3a5ee57c6e55308d8.pdf"},{"id":337,"name":"\u5355\u76f8\u578bPNL300-C\u4ea4\u76f4\u6d41\u7cfb\u52170.2\u7ea7-\u4ea7\u54c1\u578b\u5f55","url":"https:\/\/qiniu.punalei.cn\/uploads\/20250630\/9f6157e1177e99e4fe3674e8d06014a8.pdf"},{"id":337,"name":"\u5355\u76f8\u578bPNL300-C\u4ea4\u76f4\u6d41\u7cfb\u52170.2\u7ea7-\u7528\u6237\u624b\u518c","url":"https:\/\/qiniu.punalei.cn\/uploads\/20250811\/ed50ce8156e54152582ff3356228093d.pdf"},{"id":337,"name":"\u5355\u76f8\u578bPNL300-C\u4ea4\u76f4\u6d41\u7cfb\u52170.2\u7ea7-\u5e94\u7528\u4ea7\u54c1\u8d44\u6599","url":"https:\/\/qiniu.punalei.cn\/uploads\/20250811\/ed50ce8156e54152582ff3356228093d.pdf"},{"id":338,"name":"\u80fd\u6548\u578bPNL300-E\u4ea4\u76f4\u6d41\u7cfb\u52170.2\u7ea7-\u4ea7\u54c1\u578b\u5f55","url":"https:\/\/qiniu.punalei.cn\/uploads\/20250630\/9f6157e1177e99e4fe3674e8d06014a8.pdf"},{"id":338,"name":"\u80fd\u6548\u578bPNL300-E\u4ea4\u76f4\u6d41\u7cfb\u52170.2\u7ea7-\u7528\u6237\u624b\u518c","url":"https:\/\/qiniu.punalei.cn\/uploads\/20250811\/ed50ce8156e54152582ff3356228093d.pdf"},{"id":338,"name":"\u80fd\u6548\u578bPNL300-E\u4ea4\u76f4\u6d41\u7cfb\u52170.2\u7ea7-\u5e94\u7528\u4ea7\u54c1\u8d44\u6599","url":"https:\/\/qiniu.punalei.cn\/uploads\/20250811\/ed50ce8156e54152582ff3356228093d.pdf"}]
---------------------------------------------------------------
[ 2026-03-16T16:03:35+08:00 ] 47.97.225.15 GET hot-store.dbeta.me/api/v1/deal/auth?country=cn&language=zh-CN
[ error ] [8192]preg_match(): Passing null to parameter #2 ($subject) of type string is deprecated
[ error ] [8192]preg_match(): Passing null to parameter #2 ($subject) of type string is deprecated
[ error ] [8192]preg_match(): Passing null to parameter #2 ($subject) of type string is deprecated
[ error ] [8192]preg_match(): Passing null to parameter #2 ($subject) of type string is deprecated
[ error ] [8192]preg_match(): Passing null to parameter #2 ($subject) of type string is deprecated
[ error ] [8192]preg_match(): Passing null to parameter #2 ($subject) of type string is deprecated
---------------------------------------------------------------
[ 2026-03-16T16:03:35+08:00 ] 47.97.225.15 GET hot-store.dbeta.me/api/v1/deal/auth?country=cn&language=zh-CN
[ error ] [8192]preg_match(): Passing null to parameter #2 ($subject) of type string is deprecated
[ error ] [8192]preg_match(): Passing null to parameter #2 ($subject) of type string is deprecated
[ error ] [8192]preg_match(): Passing null to parameter #2 ($subject) of type string is deprecated
[ error ] [8192]preg_match(): Passing null to parameter #2 ($subject) of type string is deprecated
[ error ] [8192]preg_match(): Passing null to parameter #2 ($subject) of type string is deprecated
[ error ] [8192]preg_match(): Passing null to parameter #2 ($subject) of type string is deprecated
---------------------------------------------------------------
[ 2026-03-16T16:07:45+08:00 ] 20.169.105.44 GET 120.24.147.77/
[ error ] [8192]preg_match(): Passing null to parameter #2 ($subject) of type string is deprecated
[ error ] [8192]preg_match(): Passing null to parameter #2 ($subject) of type string is deprecated
[ error ] [8192]preg_match(): Passing null to parameter #2 ($subject) of type string is deprecated
[ error ] [8192]preg_match(): Passing null to parameter #2 ($subject) of type string is deprecated
[ error ] [8192]preg_match(): Passing null to parameter #2 ($subject) of type string is deprecated
[ error ] [8192]preg_match(): Passing null to parameter #2 ($subject) of type string is deprecated
[ error ] [8192]preg_match(): Passing null to parameter #2 ($subject) of type string is deprecated
[ error ] [8192]preg_match(): Passing null to parameter #2 ($subject) of type string is deprecated
[ error ] [8192]Automatic conversion of false to array is deprecated
[ error ] [2]Undefined array key "title"
[ error ] [2]Undefined array key "title"
[ error ] [2]Undefined array key "title"
[ error ] [2]Undefined array key "title"
---------------------------------------------------------------
[ 2026-03-16T16:15:20+08:00 ] 87.121.84.76 GET 120.24.147.77/
[ error ] [8192]preg_match(): Passing null to parameter #2 ($subject) of type string is deprecated
[ error ] [8192]preg_match(): Passing null to parameter #2 ($subject) of type string is deprecated
[ error ] [8192]preg_match(): Passing null to parameter #2 ($subject) of type string is deprecated
[ error ] [8192]preg_match(): Passing null to parameter #2 ($subject) of type string is deprecated
[ error ] [8192]preg_match(): Passing null to parameter #2 ($subject) of type string is deprecated
[ error ] [8192]preg_match(): Passing null to parameter #2 ($subject) of type string is deprecated
[ error ] [8192]preg_match(): Passing null to parameter #2 ($subject) of type string is deprecated
[ error ] [8192]preg_match(): Passing null to parameter #2 ($subject) of type string is deprecated
[ error ] [8192]Automatic conversion of false to array is deprecated
[ error ] [2]Undefined array key "title"
[ error ] [2]Undefined array key "title"
[ error ] [2]Undefined array key "title"
[ error ] [2]Undefined array key "title"
---------------------------------------------------------------
[ 2026-03-16T16:17:55+08:00 ] 159.203.45.92 GET punalei.cn/wp-login.php
[ error ] [8192]preg_match(): Passing null to parameter #2 ($subject) of type string is deprecated
[ error ] [8192]preg_match(): Passing null to parameter #2 ($subject) of type string is deprecated
[ error ] [8192]preg_match(): Passing null to parameter #2 ($subject) of type string is deprecated
[ error ] [8192]preg_match(): Passing null to parameter #2 ($subject) of type string is deprecated
[ error ] [8192]preg_match(): Passing null to parameter #2 ($subject) of type string is deprecated
[ error ] [8192]preg_match(): Passing null to parameter #2 ($subject) of type string is deprecated
---------------------------------------------------------------
[ 2026-03-16T16:20:21+08:00 ] 198.235.24.146 GET www.punalei.cn/
[ error ] [8192]preg_match(): Passing null to parameter #2 ($subject) of type string is deprecated
[ error ] [8192]preg_match(): Passing null to parameter #2 ($subject) of type string is deprecated
[ error ] [8192]preg_match(): Passing null to parameter #2 ($subject) of type string is deprecated
[ error ] [8192]preg_match(): Passing null to parameter #2 ($subject) of type string is deprecated
[ error ] [8192]preg_match(): Passing null to parameter #2 ($subject) of type string is deprecated
[ error ] [8192]preg_match(): Passing null to parameter #2 ($subject) of type string is deprecated
[ error ] [8192]preg_match(): Passing null to parameter #2 ($subject) of type string is deprecated
[ error ] [8192]preg_match(): Passing null to parameter #2 ($subject) of type string is deprecated
[ error ] [8192]Automatic conversion of false to array is deprecated
[ error ] [2]Undefined array key "title"
[ error ] [2]Undefined array key "title"
[ error ] [2]Undefined array key "title"
[ error ] [2]Undefined array key "title"
---------------------------------------------------------------
[ 2026-03-16T16:24:10+08:00 ] 45.148.10.174 GET www.punalei.cn/
[ error ] [8192]preg_match(): Passing null to parameter #2 ($subject) of type string is deprecated
[ error ] [8192]preg_match(): Passing null to parameter #2 ($subject) of type string is deprecated
[ error ] [8192]preg_match(): Passing null to parameter #2 ($subject) of type string is deprecated
[ error ] [8192]preg_match(): Passing null to parameter #2 ($subject) of type string is deprecated
[ error ] [8192]preg_match(): Passing null to parameter #2 ($subject) of type string is deprecated
[ error ] [8192]preg_match(): Passing null to parameter #2 ($subject) of type string is deprecated
[ error ] [8192]preg_match(): Passing null to parameter #2 ($subject) of type string is deprecated
[ error ] [8192]preg_match(): Passing null to parameter #2 ($subject) of type string is deprecated
[ error ] [8192]Automatic conversion of false to array is deprecated
[ error ] [2]Undefined array key "title"
[ error ] [2]Undefined array key "title"
[ error ] [2]Undefined array key "title"
[ error ] [2]Undefined array key "title"
---------------------------------------------------------------
[ 2026-03-16T16:24:10+08:00 ] 45.148.10.174 GET www.punalei.cn/.env
[ error ] [8192]preg_match(): Passing null to parameter #2 ($subject) of type string is deprecated
[ error ] [8192]preg_match(): Passing null to parameter #2 ($subject) of type string is deprecated
[ error ] [8192]preg_match(): Passing null to parameter #2 ($subject) of type string is deprecated
[ error ] [8192]preg_match(): Passing null to parameter #2 ($subject) of type string is deprecated
[ error ] [8192]preg_match(): Passing null to parameter #2 ($subject) of type string is deprecated
[ error ] [8192]preg_match(): Passing null to parameter #2 ($subject) of type string is deprecated
---------------------------------------------------------------
[ 2026-03-16T16:24:11+08:00 ] 45.148.10.174 GET www.punalei.cn/%22/assets/addons/ldcms/default/js/jquery-1.12.4.min.js?v=1.0.13"
[ error ] [8192]preg_match(): Passing null to parameter #2 ($subject) of type string is deprecated
[ error ] [8192]preg_match(): Passing null to parameter #2 ($subject) of type string is deprecated
[ error ] [8192]preg_match(): Passing null to parameter #2 ($subject) of type string is deprecated
[ error ] [8192]preg_match(): Passing null to parameter #2 ($subject) of type string is deprecated
[ error ] [8192]preg_match(): Passing null to parameter #2 ($subject) of type string is deprecated
[ error ] [8192]preg_match(): Passing null to parameter #2 ($subject) of type string is deprecated
---------------------------------------------------------------
[ 2026-03-16T16:24:11+08:00 ] 45.148.10.174 GET www.punalei.cn/%22/assets/addons/ldcms/default/js/countUp.js?v=1.0.13"
[ error ] [8192]preg_match(): Passing null to parameter #2 ($subject) of type string is deprecated
[ error ] [8192]preg_match(): Passing null to parameter #2 ($subject) of type string is deprecated
[ error ] [8192]preg_match(): Passing null to parameter #2 ($subject) of type string is deprecated
[ error ] [8192]preg_match(): Passing null to parameter #2 ($subject) of type string is deprecated
[ error ] [8192]preg_match(): Passing null to parameter #2 ($subject) of type string is deprecated
[ error ] [8192]preg_match(): Passing null to parameter #2 ($subject) of type string is deprecated
---------------------------------------------------------------
[ 2026-03-16T16:24:11+08:00 ] 45.148.10.174 GET www.punalei.cn/%22/assets/addons/ldcms/default/js/axios.min.js?v=1.0.13"
[ error ] [8192]preg_match(): Passing null to parameter #2 ($subject) of type string is deprecated
[ error ] [8192]preg_match(): Passing null to parameter #2 ($subject) of type string is deprecated
[ error ] [8192]preg_match(): Passing null to parameter #2 ($subject) of type string is deprecated
[ error ] [8192]preg_match(): Passing null to parameter #2 ($subject) of type string is deprecated
[ error ] [8192]preg_match(): Passing null to parameter #2 ($subject) of type string is deprecated
[ error ] [8192]preg_match(): Passing null to parameter #2 ($subject) of type string is deprecated
---------------------------------------------------------------
[ 2026-03-16T16:24:11+08:00 ] 45.148.10.174 GET www.punalei.cn/.env.bak
[ error ] [8192]preg_match(): Passing null to parameter #2 ($subject) of type string is deprecated
[ error ] [8192]preg_match(): Passing null to parameter #2 ($subject) of type string is deprecated
[ error ] [8192]preg_match(): Passing null to parameter #2 ($subject) of type string is deprecated
[ error ] [8192]preg_match(): Passing null to parameter #2 ($subject) of type string is deprecated
[ error ] [8192]preg_match(): Passing null to parameter #2 ($subject) of type string is deprecated
[ error ] [8192]preg_match(): Passing null to parameter #2 ($subject) of type string is deprecated
---------------------------------------------------------------
[ 2026-03-16T16:24:11+08:00 ] 45.148.10.174 GET www.punalei.cn/%22/assets/addons/ldcms/default/js/scrollreveal.js?v=1.0.13"
[ error ] [8192]preg_match(): Passing null to parameter #2 ($subject) of type string is deprecated
[ error ] [8192]preg_match(): Passing null to parameter #2 ($subject) of type string is deprecated
[ error ] [8192]preg_match(): Passing null to parameter #2 ($subject) of type string is deprecated
[ error ] [8192]preg_match(): Passing null to parameter #2 ($subject) of type string is deprecated
[ error ] [8192]preg_match(): Passing null to parameter #2 ($subject) of type string is deprecated
[ error ] [8192]preg_match(): Passing null to parameter #2 ($subject) of type string is deprecated
---------------------------------------------------------------
[ 2026-03-16T16:24:11+08:00 ] 45.148.10.174 GET www.punalei.cn/%22/assets/addons/ldcms/default/js/no.js?v=1.0.13"
[ error ] [8192]preg_match(): Passing null to parameter #2 ($subject) of type string is deprecated
[ error ] [8192]preg_match(): Passing null to parameter #2 ($subject) of type string is deprecated
[ error ] [8192]preg_match(): Passing null to parameter #2 ($subject) of type string is deprecated
[ error ] [8192]preg_match(): Passing null to parameter #2 ($subject) of type string is deprecated
[ error ] [8192]preg_match(): Passing null to parameter #2 ($subject) of type string is deprecated
[ error ] [8192]preg_match(): Passing null to parameter #2 ($subject) of type string is deprecated
---------------------------------------------------------------
[ 2026-03-16T16:24:11+08:00 ] 45.148.10.174 GET www.punalei.cn/%22/assets/addons/ldcms/default/js/ellipsis.js?v=1.0.13"
[ error ] [8192]preg_match(): Passing null to parameter #2 ($subject) of type string is deprecated
[ error ] [8192]preg_match(): Passing null to parameter #2 ($subject) of type string is deprecated
[ error ] [8192]preg_match(): Passing null to parameter #2 ($subject) of type string is deprecated
[ error ] [8192]preg_match(): Passing null to parameter #2 ($subject) of type string is deprecated
[ error ] [8192]preg_match(): Passing null to parameter #2 ($subject) of type string is deprecated
[ error ] [8192]preg_match(): Passing null to parameter #2 ($subject) of type string is deprecated
---------------------------------------------------------------
[ 2026-03-16T16:24:11+08:00 ] 45.148.10.174 GET www.punalei.cn/%22/assets/addons/ldcms/default/js/common.js?v=1.0.13"
[ error ] [8192]preg_match(): Passing null to parameter #2 ($subject) of type string is deprecated
[ error ] [8192]preg_match(): Passing null to parameter #2 ($subject) of type string is deprecated
[ error ] [8192]preg_match(): Passing null to parameter #2 ($subject) of type string is deprecated
[ error ] [8192]preg_match(): Passing null to parameter #2 ($subject) of type string is deprecated
[ error ] [8192]preg_match(): Passing null to parameter #2 ($subject) of type string is deprecated
[ error ] [8192]preg_match(): Passing null to parameter #2 ($subject) of type string is deprecated
---------------------------------------------------------------
[ 2026-03-16T16:24:11+08:00 ] 45.148.10.174 GET www.punalei.cn/%22/assets/addons/ldcms/default/js/element.js?v=1.0.13"
[ error ] [8192]preg_match(): Passing null to parameter #2 ($subject) of type string is deprecated
[ error ] [8192]preg_match(): Passing null to parameter #2 ($subject) of type string is deprecated
[ error ] [8192]preg_match(): Passing null to parameter #2 ($subject) of type string is deprecated
[ error ] [8192]preg_match(): Passing null to parameter #2 ($subject) of type string is deprecated
[ error ] [8192]preg_match(): Passing null to parameter #2 ($subject) of type string is deprecated
[ error ] [8192]preg_match(): Passing null to parameter #2 ($subject) of type string is deprecated
---------------------------------------------------------------
[ 2026-03-16T16:24:11+08:00 ] 45.148.10.174 GET www.punalei.cn/%22/assets/addons/ldcms/default/js/city.js?v=1.0.13"
[ error ] [8192]preg_match(): Passing null to parameter #2 ($subject) of type string is deprecated
[ error ] [8192]preg_match(): Passing null to parameter #2 ($subject) of type string is deprecated
[ error ] [8192]preg_match(): Passing null to parameter #2 ($subject) of type string is deprecated
[ error ] [8192]preg_match(): Passing null to parameter #2 ($subject) of type string is deprecated
[ error ] [8192]preg_match(): Passing null to parameter #2 ($subject) of type string is deprecated
[ error ] [8192]preg_match(): Passing null to parameter #2 ($subject) of type string is deprecated
---------------------------------------------------------------
[ 2026-03-16T16:24:11+08:00 ] 45.148.10.174 GET www.punalei.cn/%22/assets/addons/ldcms/default/js/bootstrap.min.js?v=1.0.13"
[ error ] [8192]preg_match(): Passing null to parameter #2 ($subject) of type string is deprecated
[ error ] [8192]preg_match(): Passing null to parameter #2 ($subject) of type string is deprecated
[ error ] [8192]preg_match(): Passing null to parameter #2 ($subject) of type string is deprecated
[ error ] [8192]preg_match(): Passing null to parameter #2 ($subject) of type string is deprecated
[ error ] [8192]preg_match(): Passing null to parameter #2 ($subject) of type string is deprecated
[ error ] [8192]preg_match(): Passing null to parameter #2 ($subject) of type string is deprecated
---------------------------------------------------------------
[ 2026-03-16T16:24:11+08:00 ] 45.148.10.174 GET www.punalei.cn/%22/assets/addons/ldcms/default/js/base.js?v=1.0.13"
[ error ] [8192]preg_match(): Passing null to parameter #2 ($subject) of type string is deprecated
[ error ] [8192]preg_match(): Passing null to parameter #2 ($subject) of type string is deprecated
[ error ] [8192]preg_match(): Passing null to parameter #2 ($subject) of type string is deprecated
[ error ] [8192]preg_match(): Passing null to parameter #2 ($subject) of type string is deprecated
[ error ] [8192]preg_match(): Passing null to parameter #2 ($subject) of type string is deprecated
[ error ] [8192]preg_match(): Passing null to parameter #2 ($subject) of type string is deprecated
---------------------------------------------------------------
[ 2026-03-16T16:24:11+08:00 ] 45.148.10.174 GET www.punalei.cn/%22/assets/addons/ldcms/default/js/vue.js?v=1.0.13"
[ error ] [8192]preg_match(): Passing null to parameter #2 ($subject) of type string is deprecated
[ error ] [8192]preg_match(): Passing null to parameter #2 ($subject) of type string is deprecated
[ error ] [8192]preg_match(): Passing null to parameter #2 ($subject) of type string is deprecated
[ error ] [8192]preg_match(): Passing null to parameter #2 ($subject) of type string is deprecated
[ error ] [8192]preg_match(): Passing null to parameter #2 ($subject) of type string is deprecated
[ error ] [8192]preg_match(): Passing null to parameter #2 ($subject) of type string is deprecated
---------------------------------------------------------------
[ 2026-03-16T16:24:11+08:00 ] 45.148.10.174 GET www.punalei.cn/%22/assets/addons/ldcms/default/js/jquery.fullpage.min.js?v=1.0.13"
[ error ] [8192]preg_match(): Passing null to parameter #2 ($subject) of type string is deprecated
[ error ] [8192]preg_match(): Passing null to parameter #2 ($subject) of type string is deprecated
[ error ] [8192]preg_match(): Passing null to parameter #2 ($subject) of type string is deprecated
[ error ] [8192]preg_match(): Passing null to parameter #2 ($subject) of type string is deprecated
[ error ] [8192]preg_match(): Passing null to parameter #2 ($subject) of type string is deprecated
[ error ] [8192]preg_match(): Passing null to parameter #2 ($subject) of type string is deprecated
---------------------------------------------------------------
[ 2026-03-16T16:24:11+08:00 ] 45.148.10.174 GET www.punalei.cn/%22/assets/addons/ldcms/default/js/omit.js?v=1.0.13"
[ error ] [8192]preg_match(): Passing null to parameter #2 ($subject) of type string is deprecated
[ error ] [8192]preg_match(): Passing null to parameter #2 ($subject) of type string is deprecated
[ error ] [8192]preg_match(): Passing null to parameter #2 ($subject) of type string is deprecated
[ error ] [8192]preg_match(): Passing null to parameter #2 ($subject) of type string is deprecated
[ error ] [8192]preg_match(): Passing null to parameter #2 ($subject) of type string is deprecated
[ error ] [8192]preg_match(): Passing null to parameter #2 ($subject) of type string is deprecated
---------------------------------------------------------------
[ 2026-03-16T16:24:11+08:00 ] 45.148.10.174 GET www.punalei.cn/%22/assets/addons/ldcms/default/js/swiper-bundle.min.js?v=1.0.13"
[ error ] [8192]preg_match(): Passing null to parameter #2 ($subject) of type string is deprecated
[ error ] [8192]preg_match(): Passing null to parameter #2 ($subject) of type string is deprecated
[ error ] [8192]preg_match(): Passing null to parameter #2 ($subject) of type string is deprecated
[ error ] [8192]preg_match(): Passing null to parameter #2 ($subject) of type string is deprecated
[ error ] [8192]preg_match(): Passing null to parameter #2 ($subject) of type string is deprecated
[ error ] [8192]preg_match(): Passing null to parameter #2 ($subject) of type string is deprecated
---------------------------------------------------------------
[ 2026-03-16T16:24:11+08:00 ] 45.148.10.174 GET www.punalei.cn/.env.save
[ error ] [8192]preg_match(): Passing null to parameter #2 ($subject) of type string is deprecated
[ error ] [8192]preg_match(): Passing null to parameter #2 ($subject) of type string is deprecated
[ error ] [8192]preg_match(): Passing null to parameter #2 ($subject) of type string is deprecated
[ error ] [8192]preg_match(): Passing null to parameter #2 ($subject) of type string is deprecated
[ error ] [8192]preg_match(): Passing null to parameter #2 ($subject) of type string is deprecated
[ error ] [8192]preg_match(): Passing null to parameter #2 ($subject) of type string is deprecated
---------------------------------------------------------------
[ 2026-03-16T16:24:12+08:00 ] 45.148.10.174 GET www.punalei.cn/.env.backup
[ error ] [8192]preg_match(): Passing null to parameter #2 ($subject) of type string is deprecated
[ error ] [8192]preg_match(): Passing null to parameter #2 ($subject) of type string is deprecated
[ error ] [8192]preg_match(): Passing null to parameter #2 ($subject) of type string is deprecated
[ error ] [8192]preg_match(): Passing null to parameter #2 ($subject) of type string is deprecated
[ error ] [8192]preg_match(): Passing null to parameter #2 ($subject) of type string is deprecated
[ error ] [8192]preg_match(): Passing null to parameter #2 ($subject) of type string is deprecated
---------------------------------------------------------------
[ 2026-03-16T16:24:12+08:00 ] 45.148.10.174 GET www.punalei.cn/backend/.env
[ error ] [8192]preg_match(): Passing null to parameter #2 ($subject) of type string is deprecated
[ error ] [8192]preg_match(): Passing null to parameter #2 ($subject) of type string is deprecated
[ error ] [8192]preg_match(): Passing null to parameter #2 ($subject) of type string is deprecated
[ error ] [8192]preg_match(): Passing null to parameter #2 ($subject) of type string is deprecated
[ error ] [8192]preg_match(): Passing null to parameter #2 ($subject) of type string is deprecated
[ error ] [8192]preg_match(): Passing null to parameter #2 ($subject) of type string is deprecated
---------------------------------------------------------------
[ 2026-03-16T16:24:12+08:00 ] 45.148.10.174 GET www.punalei.cn/admin/.env
[ error ] [8192]preg_match(): Passing null to parameter #2 ($subject) of type string is deprecated
[ error ] [8192]preg_match(): Passing null to parameter #2 ($subject) of type string is deprecated
[ error ] [8192]preg_match(): Passing null to parameter #2 ($subject) of type string is deprecated
[ error ] [8192]preg_match(): Passing null to parameter #2 ($subject) of type string is deprecated
[ error ] [8192]preg_match(): Passing null to parameter #2 ($subject) of type string is deprecated
[ error ] [8192]preg_match(): Passing null to parameter #2 ($subject) of type string is deprecated
---------------------------------------------------------------
[ 2026-03-16T16:24:12+08:00 ] 45.148.10.174 GET www.punalei.cn/.git/config
[ error ] [8192]preg_match(): Passing null to parameter #2 ($subject) of type string is deprecated
[ error ] [8192]preg_match(): Passing null to parameter #2 ($subject) of type string is deprecated
[ error ] [8192]preg_match(): Passing null to parameter #2 ($subject) of type string is deprecated
[ error ] [8192]preg_match(): Passing null to parameter #2 ($subject) of type string is deprecated
[ error ] [8192]preg_match(): Passing null to parameter #2 ($subject) of type string is deprecated
[ error ] [8192]preg_match(): Passing null to parameter #2 ($subject) of type string is deprecated
---------------------------------------------------------------
[ 2026-03-16T16:24:13+08:00 ] 45.148.10.174 GET www.punalei.cn/wp-config.php
[ error ] [8192]preg_match(): Passing null to parameter #2 ($subject) of type string is deprecated
[ error ] [8192]preg_match(): Passing null to parameter #2 ($subject) of type string is deprecated
[ error ] [8192]preg_match(): Passing null to parameter #2 ($subject) of type string is deprecated
[ error ] [8192]preg_match(): Passing null to parameter #2 ($subject) of type string is deprecated
[ error ] [8192]preg_match(): Passing null to parameter #2 ($subject) of type string is deprecated
[ error ] [8192]preg_match(): Passing null to parameter #2 ($subject) of type string is deprecated
---------------------------------------------------------------
[ 2026-03-16T16:24:13+08:00 ] 45.148.10.174 GET www.punalei.cn/config.js
[ error ] [8192]preg_match(): Passing null to parameter #2 ($subject) of type string is deprecated
[ error ] [8192]preg_match(): Passing null to parameter #2 ($subject) of type string is deprecated
[ error ] [8192]preg_match(): Passing null to parameter #2 ($subject) of type string is deprecated
[ error ] [8192]preg_match(): Passing null to parameter #2 ($subject) of type string is deprecated
[ error ] [8192]preg_match(): Passing null to parameter #2 ($subject) of type string is deprecated
[ error ] [8192]preg_match(): Passing null to parameter #2 ($subject) of type string is deprecated
---------------------------------------------------------------
[ 2026-03-16T16:24:13+08:00 ] 45.148.10.174 GET www.punalei.cn/aws-config.js
[ error ] [8192]preg_match(): Passing null to parameter #2 ($subject) of type string is deprecated
[ error ] [8192]preg_match(): Passing null to parameter #2 ($subject) of type string is deprecated
[ error ] [8192]preg_match(): Passing null to parameter #2 ($subject) of type string is deprecated
[ error ] [8192]preg_match(): Passing null to parameter #2 ($subject) of type string is deprecated
[ error ] [8192]preg_match(): Passing null to parameter #2 ($subject) of type string is deprecated
[ error ] [8192]preg_match(): Passing null to parameter #2 ($subject) of type string is deprecated
---------------------------------------------------------------
[ 2026-03-16T16:24:13+08:00 ] 45.148.10.174 GET www.punalei.cn/aws.config.js
[ error ] [8192]preg_match(): Passing null to parameter #2 ($subject) of type string is deprecated
[ error ] [8192]preg_match(): Passing null to parameter #2 ($subject) of type string is deprecated
[ error ] [8192]preg_match(): Passing null to parameter #2 ($subject) of type string is deprecated
[ error ] [8192]preg_match(): Passing null to parameter #2 ($subject) of type string is deprecated
[ error ] [8192]preg_match(): Passing null to parameter #2 ($subject) of type string is deprecated
[ error ] [8192]preg_match(): Passing null to parameter #2 ($subject) of type string is deprecated
---------------------------------------------------------------
[ 2026-03-16T16:24:14+08:00 ] 45.148.10.174 GET www.punalei.cn/_debugbar/
[ error ] [8192]preg_match(): Passing null to parameter #2 ($subject) of type string is deprecated
[ error ] [8192]preg_match(): Passing null to parameter #2 ($subject) of type string is deprecated
[ error ] [8192]preg_match(): Passing null to parameter #2 ($subject) of type string is deprecated
[ error ] [8192]preg_match(): Passing null to parameter #2 ($subject) of type string is deprecated
[ error ] [8192]preg_match(): Passing null to parameter #2 ($subject) of type string is deprecated
[ error ] [8192]preg_match(): Passing null to parameter #2 ($subject) of type string is deprecated
---------------------------------------------------------------
[ 2026-03-16T16:24:14+08:00 ] 45.148.10.174 GET www.punalei.cn/_debugbar/
[ error ] [8192]preg_match(): Passing null to parameter #2 ($subject) of type string is deprecated
[ error ] [8192]preg_match(): Passing null to parameter #2 ($subject) of type string is deprecated
[ error ] [8192]preg_match(): Passing null to parameter #2 ($subject) of type string is deprecated
[ error ] [8192]preg_match(): Passing null to parameter #2 ($subject) of type string is deprecated
[ error ] [8192]preg_match(): Passing null to parameter #2 ($subject) of type string is deprecated
[ error ] [8192]preg_match(): Passing null to parameter #2 ($subject) of type string is deprecated
---------------------------------------------------------------
[ 2026-03-16T16:24:14+08:00 ] 45.148.10.174 GET www.punalei.cn/debugbar/
[ error ] [8192]preg_match(): Passing null to parameter #2 ($subject) of type string is deprecated
[ error ] [8192]preg_match(): Passing null to parameter #2 ($subject) of type string is deprecated
[ error ] [8192]preg_match(): Passing null to parameter #2 ($subject) of type string is deprecated
[ error ] [8192]preg_match(): Passing null to parameter #2 ($subject) of type string is deprecated
[ error ] [8192]preg_match(): Passing null to parameter #2 ($subject) of type string is deprecated
[ error ] [8192]preg_match(): Passing null to parameter #2 ($subject) of type string is deprecated
---------------------------------------------------------------
[ 2026-03-16T16:24:14+08:00 ] 45.148.10.174 GET www.punalei.cn/debugbar/
[ error ] [8192]preg_match(): Passing null to parameter #2 ($subject) of type string is deprecated
[ error ] [8192]preg_match(): Passing null to parameter #2 ($subject) of type string is deprecated
[ error ] [8192]preg_match(): Passing null to parameter #2 ($subject) of type string is deprecated
[ error ] [8192]preg_match(): Passing null to parameter #2 ($subject) of type string is deprecated
[ error ] [8192]preg_match(): Passing null to parameter #2 ($subject) of type string is deprecated
[ error ] [8192]preg_match(): Passing null to parameter #2 ($subject) of type string is deprecated
---------------------------------------------------------------
[ 2026-03-16T16:24:14+08:00 ] 45.148.10.174 GET www.punalei.cn/debug/
[ error ] [8192]preg_match(): Passing null to parameter #2 ($subject) of type string is deprecated
[ error ] [8192]preg_match(): Passing null to parameter #2 ($subject) of type string is deprecated
[ error ] [8192]preg_match(): Passing null to parameter #2 ($subject) of type string is deprecated
[ error ] [8192]preg_match(): Passing null to parameter #2 ($subject) of type string is deprecated
[ error ] [8192]preg_match(): Passing null to parameter #2 ($subject) of type string is deprecated
[ error ] [8192]preg_match(): Passing null to parameter #2 ($subject) of type string is deprecated
---------------------------------------------------------------
[ 2026-03-16T16:24:14+08:00 ] 45.148.10.174 GET www.punalei.cn/debug/
[ error ] [8192]preg_match(): Passing null to parameter #2 ($subject) of type string is deprecated
[ error ] [8192]preg_match(): Passing null to parameter #2 ($subject) of type string is deprecated
[ error ] [8192]preg_match(): Passing null to parameter #2 ($subject) of type string is deprecated
[ error ] [8192]preg_match(): Passing null to parameter #2 ($subject) of type string is deprecated
[ error ] [8192]preg_match(): Passing null to parameter #2 ($subject) of type string is deprecated
[ error ] [8192]preg_match(): Passing null to parameter #2 ($subject) of type string is deprecated
---------------------------------------------------------------
[ 2026-03-16T16:24:14+08:00 ] 45.148.10.174 GET www.punalei.cn/phpinfo.php
[ error ] [8192]preg_match(): Passing null to parameter #2 ($subject) of type string is deprecated
[ error ] [8192]preg_match(): Passing null to parameter #2 ($subject) of type string is deprecated
[ error ] [8192]preg_match(): Passing null to parameter #2 ($subject) of type string is deprecated
[ error ] [8192]preg_match(): Passing null to parameter #2 ($subject) of type string is deprecated
[ error ] [8192]preg_match(): Passing null to parameter #2 ($subject) of type string is deprecated
[ error ] [8192]preg_match(): Passing null to parameter #2 ($subject) of type string is deprecated
---------------------------------------------------------------
[ 2026-03-16T16:24:15+08:00 ] 45.148.10.174 GET www.punalei.cn/info.php
[ error ] [8192]preg_match(): Passing null to parameter #2 ($subject) of type string is deprecated
[ error ] [8192]preg_match(): Passing null to parameter #2 ($subject) of type string is deprecated
[ error ] [8192]preg_match(): Passing null to parameter #2 ($subject) of type string is deprecated
[ error ] [8192]preg_match(): Passing null to parameter #2 ($subject) of type string is deprecated
[ error ] [8192]preg_match(): Passing null to parameter #2 ($subject) of type string is deprecated
[ error ] [8192]preg_match(): Passing null to parameter #2 ($subject) of type string is deprecated
---------------------------------------------------------------
[ 2026-03-16T16:24:15+08:00 ] 45.148.10.174 GET www.punalei.cn/test.php
[ error ] [8192]preg_match(): Passing null to parameter #2 ($subject) of type string is deprecated
[ error ] [8192]preg_match(): Passing null to parameter #2 ($subject) of type string is deprecated
[ error ] [8192]preg_match(): Passing null to parameter #2 ($subject) of type string is deprecated
[ error ] [8192]preg_match(): Passing null to parameter #2 ($subject) of type string is deprecated
[ error ] [8192]preg_match(): Passing null to parameter #2 ($subject) of type string is deprecated
[ error ] [8192]preg_match(): Passing null to parameter #2 ($subject) of type string is deprecated
---------------------------------------------------------------
[ 2026-03-16T16:24:15+08:00 ] 45.148.10.174 GET www.punalei.cn/.aws/credentials
[ error ] [8192]preg_match(): Passing null to parameter #2 ($subject) of type string is deprecated
[ error ] [8192]preg_match(): Passing null to parameter #2 ($subject) of type string is deprecated
[ error ] [8192]preg_match(): Passing null to parameter #2 ($subject) of type string is deprecated
[ error ] [8192]preg_match(): Passing null to parameter #2 ($subject) of type string is deprecated
[ error ] [8192]preg_match(): Passing null to parameter #2 ($subject) of type string is deprecated
[ error ] [8192]preg_match(): Passing null to parameter #2 ($subject) of type string is deprecated
---------------------------------------------------------------
[ 2026-03-16T16:24:15+08:00 ] 45.148.10.174 GET www.punalei.cn/.aws/credentials
[ error ] [8192]preg_match(): Passing null to parameter #2 ($subject) of type string is deprecated
[ error ] [8192]preg_match(): Passing null to parameter #2 ($subject) of type string is deprecated
[ error ] [8192]preg_match(): Passing null to parameter #2 ($subject) of type string is deprecated
[ error ] [8192]preg_match(): Passing null to parameter #2 ($subject) of type string is deprecated
[ error ] [8192]preg_match(): Passing null to parameter #2 ($subject) of type string is deprecated
[ error ] [8192]preg_match(): Passing null to parameter #2 ($subject) of type string is deprecated
---------------------------------------------------------------
[ 2026-03-16T16:24:16+08:00 ] 45.148.10.174 GET www.punalei.cn/.aws/config
[ error ] [8192]preg_match(): Passing null to parameter #2 ($subject) of type string is deprecated
[ error ] [8192]preg_match(): Passing null to parameter #2 ($subject) of type string is deprecated
[ error ] [8192]preg_match(): Passing null to parameter #2 ($subject) of type string is deprecated
[ error ] [8192]preg_match(): Passing null to parameter #2 ($subject) of type string is deprecated
[ error ] [8192]preg_match(): Passing null to parameter #2 ($subject) of type string is deprecated
[ error ] [8192]preg_match(): Passing null to parameter #2 ($subject) of type string is deprecated
---------------------------------------------------------------
[ 2026-03-16T16:24:16+08:00 ] 45.148.10.174 GET www.punalei.cn/.aws/config
[ error ] [8192]preg_match(): Passing null to parameter #2 ($subject) of type string is deprecated
[ error ] [8192]preg_match(): Passing null to parameter #2 ($subject) of type string is deprecated
[ error ] [8192]preg_match(): Passing null to parameter #2 ($subject) of type string is deprecated
[ error ] [8192]preg_match(): Passing null to parameter #2 ($subject) of type string is deprecated
[ error ] [8192]preg_match(): Passing null to parameter #2 ($subject) of type string is deprecated
[ error ] [8192]preg_match(): Passing null to parameter #2 ($subject) of type string is deprecated
---------------------------------------------------------------
[ 2026-03-16T16:24:16+08:00 ] 45.148.10.174 GET www.punalei.cn/aws-credentials
[ error ] [8192]preg_match(): Passing null to parameter #2 ($subject) of type string is deprecated
[ error ] [8192]preg_match(): Passing null to parameter #2 ($subject) of type string is deprecated
[ error ] [8192]preg_match(): Passing null to parameter #2 ($subject) of type string is deprecated
[ error ] [8192]preg_match(): Passing null to parameter #2 ($subject) of type string is deprecated
[ error ] [8192]preg_match(): Passing null to parameter #2 ($subject) of type string is deprecated
[ error ] [8192]preg_match(): Passing null to parameter #2 ($subject) of type string is deprecated
---------------------------------------------------------------
[ 2026-03-16T16:24:16+08:00 ] 45.148.10.174 GET www.punalei.cn/aws-credentials
[ error ] [8192]preg_match(): Passing null to parameter #2 ($subject) of type string is deprecated
[ error ] [8192]preg_match(): Passing null to parameter #2 ($subject) of type string is deprecated
[ error ] [8192]preg_match(): Passing null to parameter #2 ($subject) of type string is deprecated
[ error ] [8192]preg_match(): Passing null to parameter #2 ($subject) of type string is deprecated
[ error ] [8192]preg_match(): Passing null to parameter #2 ($subject) of type string is deprecated
[ error ] [8192]preg_match(): Passing null to parameter #2 ($subject) of type string is deprecated
---------------------------------------------------------------
[ 2026-03-16T16:24:16+08:00 ] 45.148.10.174 GET www.punalei.cn/aws.json
[ error ] [8192]preg_match(): Passing null to parameter #2 ($subject) of type string is deprecated
[ error ] [8192]preg_match(): Passing null to parameter #2 ($subject) of type string is deprecated
[ error ] [8192]preg_match(): Passing null to parameter #2 ($subject) of type string is deprecated
[ error ] [8192]preg_match(): Passing null to parameter #2 ($subject) of type string is deprecated
[ error ] [8192]preg_match(): Passing null to parameter #2 ($subject) of type string is deprecated
[ error ] [8192]preg_match(): Passing null to parameter #2 ($subject) of type string is deprecated
---------------------------------------------------------------
[ 2026-03-16T16:24:16+08:00 ] 45.148.10.174 GET www.punalei.cn/aws.json
[ error ] [8192]preg_match(): Passing null to parameter #2 ($subject) of type string is deprecated
[ error ] [8192]preg_match(): Passing null to parameter #2 ($subject) of type string is deprecated
[ error ] [8192]preg_match(): Passing null to parameter #2 ($subject) of type string is deprecated
[ error ] [8192]preg_match(): Passing null to parameter #2 ($subject) of type string is deprecated
[ error ] [8192]preg_match(): Passing null to parameter #2 ($subject) of type string is deprecated
[ error ] [8192]preg_match(): Passing null to parameter #2 ($subject) of type string is deprecated
---------------------------------------------------------------
[ 2026-03-16T16:24:16+08:00 ] 45.148.10.174 GET www.punalei.cn/.s3cfg
[ error ] [8192]preg_match(): Passing null to parameter #2 ($subject) of type string is deprecated
[ error ] [8192]preg_match(): Passing null to parameter #2 ($subject) of type string is deprecated
[ error ] [8192]preg_match(): Passing null to parameter #2 ($subject) of type string is deprecated
[ error ] [8192]preg_match(): Passing null to parameter #2 ($subject) of type string is deprecated
[ error ] [8192]preg_match(): Passing null to parameter #2 ($subject) of type string is deprecated
[ error ] [8192]preg_match(): Passing null to parameter #2 ($subject) of type string is deprecated
---------------------------------------------------------------
[ 2026-03-16T16:24:16+08:00 ] 45.148.10.174 GET www.punalei.cn/.s3cfg
[ error ] [8192]preg_match(): Passing null to parameter #2 ($subject) of type string is deprecated
[ error ] [8192]preg_match(): Passing null to parameter #2 ($subject) of type string is deprecated
[ error ] [8192]preg_match(): Passing null to parameter #2 ($subject) of type string is deprecated
[ error ] [8192]preg_match(): Passing null to parameter #2 ($subject) of type string is deprecated
[ error ] [8192]preg_match(): Passing null to parameter #2 ($subject) of type string is deprecated
[ error ] [8192]preg_match(): Passing null to parameter #2 ($subject) of type string is deprecated
---------------------------------------------------------------
[ 2026-03-16T16:34:20+08:00 ] 35.235.104.67 OPTIONS 120.24.147.77/
[ error ] [8192]preg_match(): Passing null to parameter #2 ($subject) of type string is deprecated
[ error ] [8192]preg_match(): Passing null to parameter #2 ($subject) of type string is deprecated
[ error ] [8192]preg_match(): Passing null to parameter #2 ($subject) of type string is deprecated
[ error ] [8192]preg_match(): Passing null to parameter #2 ($subject) of type string is deprecated
[ error ] [8192]preg_match(): Passing null to parameter #2 ($subject) of type string is deprecated
[ error ] [8192]preg_match(): Passing null to parameter #2 ($subject) of type string is deprecated
[ error ] [8192]preg_match(): Passing null to parameter #2 ($subject) of type string is deprecated
[ error ] [8192]preg_match(): Passing null to parameter #2 ($subject) of type string is deprecated
[ error ] [8192]Automatic conversion of false to array is deprecated
[ error ] [2]Undefined array key "title"
[ error ] [2]Undefined array key "title"
[ error ] [2]Undefined array key "title"
[ error ] [2]Undefined array key "title"
---------------------------------------------------------------
[ 2026-03-16T17:11:03+08:00 ] 77.83.39.82 GET 120.24.147.77/.env
[ error ] [8192]preg_match(): Passing null to parameter #2 ($subject) of type string is deprecated
[ error ] [8192]preg_match(): Passing null to parameter #2 ($subject) of type string is deprecated
[ error ] [8192]preg_match(): Passing null to parameter #2 ($subject) of type string is deprecated
[ error ] [8192]preg_match(): Passing null to parameter #2 ($subject) of type string is deprecated
[ error ] [8192]preg_match(): Passing null to parameter #2 ($subject) of type string is deprecated
[ error ] [8192]preg_match(): Passing null to parameter #2 ($subject) of type string is deprecated
---------------------------------------------------------------
[ 2026-03-16T17:20:25+08:00 ] 176.65.149.234 GET 120.24.147.77/
[ error ] [8192]preg_match(): Passing null to parameter #2 ($subject) of type string is deprecated
[ error ] [8192]preg_match(): Passing null to parameter #2 ($subject) of type string is deprecated
[ error ] [8192]preg_match(): Passing null to parameter #2 ($subject) of type string is deprecated
[ error ] [8192]preg_match(): Passing null to parameter #2 ($subject) of type string is deprecated
[ error ] [8192]preg_match(): Passing null to parameter #2 ($subject) of type string is deprecated
[ error ] [8192]preg_match(): Passing null to parameter #2 ($subject) of type string is deprecated
[ error ] [8192]preg_match(): Passing null to parameter #2 ($subject) of type string is deprecated
[ error ] [8192]preg_match(): Passing null to parameter #2 ($subject) of type string is deprecated
[ error ] [8192]Automatic conversion of false to array is deprecated
[ error ] [2]Undefined array key "title"
[ error ] [2]Undefined array key "title"
[ error ] [2]Undefined array key "title"
[ error ] [2]Undefined array key "title"
---------------------------------------------------------------
[ 2026-03-16T17:50:19+08:00 ] 162.142.125.39 GET 120.24.147.77/
[ error ] [8192]preg_match(): Passing null to parameter #2 ($subject) of type string is deprecated
[ error ] [8192]preg_match(): Passing null to parameter #2 ($subject) of type string is deprecated
[ error ] [8192]preg_match(): Passing null to parameter #2 ($subject) of type string is deprecated
[ error ] [8192]preg_match(): Passing null to parameter #2 ($subject) of type string is deprecated
[ error ] [8192]preg_match(): Passing null to parameter #2 ($subject) of type string is deprecated
[ error ] [8192]preg_match(): Passing null to parameter #2 ($subject) of type string is deprecated
[ error ] [8192]preg_match(): Passing null to parameter #2 ($subject) of type string is deprecated
[ error ] [8192]preg_match(): Passing null to parameter #2 ($subject) of type string is deprecated
[ error ] [8192]Automatic conversion of false to array is deprecated
[ error ] [2]Undefined array key "title"
[ error ] [2]Undefined array key "title"
[ error ] [2]Undefined array key "title"
[ error ] [2]Undefined array key "title"
---------------------------------------------------------------
[ 2026-03-16T17:50:36+08:00 ] 162.142.125.39 GET 120.24.147.77/favicon.ico
[ error ] [8192]preg_match(): Passing null to parameter #2 ($subject) of type string is deprecated
[ error ] [8192]preg_match(): Passing null to parameter #2 ($subject) of type string is deprecated
[ error ] [8192]preg_match(): Passing null to parameter #2 ($subject) of type string is deprecated
[ error ] [8192]preg_match(): Passing null to parameter #2 ($subject) of type string is deprecated
[ error ] [8192]preg_match(): Passing null to parameter #2 ($subject) of type string is deprecated
[ error ] [8192]preg_match(): Passing null to parameter #2 ($subject) of type string is deprecated
---------------------------------------------------------------
[ 2026-03-16T17:50:37+08:00 ] 162.142.125.39 GET 120.24.147.77/favicon.ico
[ error ] [8192]preg_match(): Passing null to parameter #2 ($subject) of type string is deprecated
[ error ] [8192]preg_match(): Passing null to parameter #2 ($subject) of type string is deprecated
[ error ] [8192]preg_match(): Passing null to parameter #2 ($subject) of type string is deprecated
[ error ] [8192]preg_match(): Passing null to parameter #2 ($subject) of type string is deprecated
[ error ] [8192]preg_match(): Passing null to parameter #2 ($subject) of type string is deprecated
[ error ] [8192]preg_match(): Passing null to parameter #2 ($subject) of type string is deprecated
---------------------------------------------------------------
[ 2026-03-16T17:52:47+08:00 ] 162.142.125.39 GET 120.24.147.77/security.txt
[ error ] [8192]preg_match(): Passing null to parameter #2 ($subject) of type string is deprecated
[ error ] [8192]preg_match(): Passing null to parameter #2 ($subject) of type string is deprecated
[ error ] [8192]preg_match(): Passing null to parameter #2 ($subject) of type string is deprecated
[ error ] [8192]preg_match(): Passing null to parameter #2 ($subject) of type string is deprecated
[ error ] [8192]preg_match(): Passing null to parameter #2 ($subject) of type string is deprecated
[ error ] [8192]preg_match(): Passing null to parameter #2 ($subject) of type string is deprecated
---------------------------------------------------------------
[ 2026-03-16T17:52:47+08:00 ] 162.142.125.39 GET 120.24.147.77/security.txt
[ error ] [8192]preg_match(): Passing null to parameter #2 ($subject) of type string is deprecated
[ error ] [8192]preg_match(): Passing null to parameter #2 ($subject) of type string is deprecated
[ error ] [8192]preg_match(): Passing null to parameter #2 ($subject) of type string is deprecated
[ error ] [8192]preg_match(): Passing null to parameter #2 ($subject) of type string is deprecated
[ error ] [8192]preg_match(): Passing null to parameter #2 ($subject) of type string is deprecated
[ error ] [8192]preg_match(): Passing null to parameter #2 ($subject) of type string is deprecated
---------------------------------------------------------------
[ 2026-03-16T18:22:13+08:00 ] 149.86.227.60 GET 120.24.147.77/
[ error ] [8192]preg_match(): Passing null to parameter #2 ($subject) of type string is deprecated
[ error ] [8192]preg_match(): Passing null to parameter #2 ($subject) of type string is deprecated
[ error ] [8192]preg_match(): Passing null to parameter #2 ($subject) of type string is deprecated
[ error ] [8192]preg_match(): Passing null to parameter #2 ($subject) of type string is deprecated
[ error ] [8192]preg_match(): Passing null to parameter #2 ($subject) of type string is deprecated
[ error ] [8192]preg_match(): Passing null to parameter #2 ($subject) of type string is deprecated
[ error ] [8192]preg_match(): Passing null to parameter #2 ($subject) of type string is deprecated
[ error ] [8192]preg_match(): Passing null to parameter #2 ($subject) of type string is deprecated
[ error ] [8192]Automatic conversion of false to array is deprecated
[ error ] [2]Undefined array key "title"
[ error ] [2]Undefined array key "title"
[ error ] [2]Undefined array key "title"
[ error ] [2]Undefined array key "title"
---------------------------------------------------------------
[ 2026-03-16T18:22:48+08:00 ] 40.77.167.26 GET www.punalei.cn/ldcms/jueyuandianzuceshiyi/319.html
[ error ] [8192]preg_match(): Passing null to parameter #2 ($subject) of type string is deprecated
[ error ] [8192]preg_match(): Passing null to parameter #2 ($subject) of type string is deprecated
[ error ] [8192]preg_match(): Passing null to parameter #2 ($subject) of type string is deprecated
[ error ] [8192]preg_match(): Passing null to parameter #2 ($subject) of type string is deprecated
[ error ] [8192]preg_match(): Passing null to parameter #2 ($subject) of type string is deprecated
[ error ] [8192]preg_match(): Passing null to parameter #2 ($subject) of type string is deprecated
[ error ] [8192]preg_match(): Passing null to parameter #2 ($subject) of type string is deprecated
[ error ] [8192]preg_match(): Passing null to parameter #2 ($subject) of type string is deprecated
[ error ] [8192]Automatic conversion of false to array is deprecated
---------------------------------------------------------------
[ 2026-03-16T18:28:52+08:00 ] 34.1.14.100 GET punalei.cn/
[ error ] [8192]preg_match(): Passing null to parameter #2 ($subject) of type string is deprecated
[ error ] [8192]preg_match(): Passing null to parameter #2 ($subject) of type string is deprecated
[ error ] [8192]preg_match(): Passing null to parameter #2 ($subject) of type string is deprecated
[ error ] [8192]preg_match(): Passing null to parameter #2 ($subject) of type string is deprecated
[ error ] [8192]preg_match(): Passing null to parameter #2 ($subject) of type string is deprecated
[ error ] [8192]preg_match(): Passing null to parameter #2 ($subject) of type string is deprecated
[ error ] [8192]preg_match(): Passing null to parameter #2 ($subject) of type string is deprecated
[ error ] [8192]preg_match(): Passing null to parameter #2 ($subject) of type string is deprecated
[ error ] [8192]Automatic conversion of false to array is deprecated
[ error ] [2]Undefined array key "title"
[ error ] [2]Undefined array key "title"
[ error ] [2]Undefined array key "title"
[ error ] [2]Undefined array key "title"
---------------------------------------------------------------
[ 2026-03-16T18:28:59+08:00 ] 34.1.14.100 GET punalei.cn/llms.txt
[ error ] [8192]preg_match(): Passing null to parameter #2 ($subject) of type string is deprecated
[ error ] [8192]preg_match(): Passing null to parameter #2 ($subject) of type string is deprecated
[ error ] [8192]preg_match(): Passing null to parameter #2 ($subject) of type string is deprecated
[ error ] [8192]preg_match(): Passing null to parameter #2 ($subject) of type string is deprecated
[ error ] [8192]preg_match(): Passing null to parameter #2 ($subject) of type string is deprecated
[ error ] [8192]preg_match(): Passing null to parameter #2 ($subject) of type string is deprecated
---------------------------------------------------------------
[ 2026-03-16T18:28:59+08:00 ] 34.1.14.100 GET punalei.cn/llms.txt
[ error ] [8192]preg_match(): Passing null to parameter #2 ($subject) of type string is deprecated
[ error ] [8192]preg_match(): Passing null to parameter #2 ($subject) of type string is deprecated
[ error ] [8192]preg_match(): Passing null to parameter #2 ($subject) of type string is deprecated
[ error ] [8192]preg_match(): Passing null to parameter #2 ($subject) of type string is deprecated
[ error ] [8192]preg_match(): Passing null to parameter #2 ($subject) of type string is deprecated
[ error ] [8192]preg_match(): Passing null to parameter #2 ($subject) of type string is deprecated
---------------------------------------------------------------
[ 2026-03-16T18:54:40+08:00 ] 34.171.127.28 POST www.punalei.cn/
[ error ] [8192]preg_match(): Passing null to parameter #2 ($subject) of type string is deprecated
[ error ] [8192]preg_match(): Passing null to parameter #2 ($subject) of type string is deprecated
[ error ] [8192]preg_match(): Passing null to parameter #2 ($subject) of type string is deprecated
[ error ] [8192]preg_match(): Passing null to parameter #2 ($subject) of type string is deprecated
[ error ] [8192]preg_match(): Passing null to parameter #2 ($subject) of type string is deprecated
[ error ] [8192]preg_match(): Passing null to parameter #2 ($subject) of type string is deprecated
[ error ] [8192]preg_match(): Passing null to parameter #2 ($subject) of type string is deprecated
[ error ] [8192]preg_match(): Passing null to parameter #2 ($subject) of type string is deprecated
[ error ] [8192]Automatic conversion of false to array is deprecated
[ error ] [2]Undefined array key "title"
[ error ] [2]Undefined array key "title"
[ error ] [2]Undefined array key "title"
[ error ] [2]Undefined array key "title"
---------------------------------------------------------------
[ 2026-03-16T19:03:17+08:00 ] 34.122.245.253 POST www.punalei.cn/
[ error ] [8192]preg_match(): Passing null to parameter #2 ($subject) of type string is deprecated
[ error ] [8192]preg_match(): Passing null to parameter #2 ($subject) of type string is deprecated
[ error ] [8192]preg_match(): Passing null to parameter #2 ($subject) of type string is deprecated
[ error ] [8192]preg_match(): Passing null to parameter #2 ($subject) of type string is deprecated
[ error ] [8192]preg_match(): Passing null to parameter #2 ($subject) of type string is deprecated
[ error ] [8192]preg_match(): Passing null to parameter #2 ($subject) of type string is deprecated
[ error ] [8192]preg_match(): Passing null to parameter #2 ($subject) of type string is deprecated
[ error ] [8192]preg_match(): Passing null to parameter #2 ($subject) of type string is deprecated
[ error ] [8192]Automatic conversion of false to array is deprecated
[ error ] [2]Undefined array key "title"
[ error ] [2]Undefined array key "title"
[ error ] [2]Undefined array key "title"
[ error ] [2]Undefined array key "title"
---------------------------------------------------------------
[ 2026-03-16T19:04:32+08:00 ] 74.7.241.2 GET www.punalei.cn/
[ error ] [8192]preg_match(): Passing null to parameter #2 ($subject) of type string is deprecated
[ error ] [8192]preg_match(): Passing null to parameter #2 ($subject) of type string is deprecated
[ error ] [8192]preg_match(): Passing null to parameter #2 ($subject) of type string is deprecated
[ error ] [8192]preg_match(): Passing null to parameter #2 ($subject) of type string is deprecated
[ error ] [8192]preg_match(): Passing null to parameter #2 ($subject) of type string is deprecated
[ error ] [8192]preg_match(): Passing null to parameter #2 ($subject) of type string is deprecated
[ error ] [8192]preg_match(): Passing null to parameter #2 ($subject) of type string is deprecated
[ error ] [8192]preg_match(): Passing null to parameter #2 ($subject) of type string is deprecated
[ error ] [8192]Automatic conversion of false to array is deprecated
[ error ] [2]Undefined array key "title"
[ error ] [2]Undefined array key "title"
[ error ] [2]Undefined array key "title"
[ error ] [2]Undefined array key "title"
---------------------------------------------------------------
[ 2026-03-16T19:05:01+08:00 ] 74.7.241.2 GET www.punalei.cn/ldcms/qiyexinwen.html
[ error ] [2]Undefined variable $content
[ error ] [2]Trying to access array offset on value of type null
---------------------------------------------------------------
[ 2026-03-16T19:05:14+08:00 ] 74.7.241.2 GET www.punalei.cn/ldcms/xiazaizhongxin.html
[ download ] NULL
---------------------------------------------------------------
[ 2026-03-16T19:05:14+08:00 ] 74.7.241.2 GET www.punalei.cn/ldcms/xiazaizhongxin.html
[ download ] [{"id":242,"title":"1-300V\/45-400Hz \u4ea4\u6d41\u53d8\u9891\u7535\u6e90 P9510\\15\\20\\30\\45\\60-\\TSS\u7cfb\u5217","catalog":"https:\/\/qiniu.punalei.cn\/uploads\/20250630\/9f6157e1177e99e4fe3674e8d06014a8.pdf","handbook":"https:\/\/qiniu.punalei.cn\/uploads\/20250630\/9f6157e1177e99e4fe3674e8d06014a8.pdf","agreement":"","drive":"","resource":""},{"id":244,"title":"1-300V\/45-400Hz \u4ea4\u6d41\u53d8\u9891\u7535\u6e90 P9530\\60-\\GSD\\GSS\u7cfb\u5217","catalog":"https:\/\/qiniu.punalei.cn\/uploads\/20250630\/9f6157e1177e99e4fe3674e8d06014a8.pdf","handbook":"https:\/\/qiniu.punalei.cn\/uploads\/20250630\/9f6157e1177e99e4fe3674e8d06014a8.pdf","agreement":"","drive":"","resource":""},{"id":260,"title":"1-300V\/45-400Hz \u4ea4\u6d41\u53d8\u9891\u7535\u6e90 P9505\\10-\\D\u7cfb\u5217","catalog":"https:\/\/qiniu.punalei.cn\/uploads\/20250630\/9f6157e1177e99e4fe3674e8d06014a8.pdf","handbook":"https:\/\/qiniu.punalei.cn\/uploads\/20250630\/9f6157e1177e99e4fe3674e8d06014a8.pdf","agreement":"","drive":"","resource":""},{"id":262,"title":"\u5355\u76f8\u578bPNL300-A\u4ea4\u6d41\u7cfb\u52170.2\u7ea7","catalog":"https:\/\/qiniu.punalei.cn\/uploads\/20250630\/9f6157e1177e99e4fe3674e8d06014a8.pdf","handbook":"https:\/\/qiniu.punalei.cn\/uploads\/20260309\/ed50ce8156e54152582ff3356228093d.pdf","agreement":"","drive":"","resource":"https:\/\/qiniu.punalei.cn\/uploads\/20250811\/ed50ce8156e54152582ff3356228093d.pdf"},{"id":263,"title":"\u6cc4\u6f0f\u7535\u6d41\u6d4b\u8bd5\u4eeaPNL2675\u7cfb\u5217","catalog":"https:\/\/qiniu.punalei.cn\/uploads\/20250630\/9f6157e1177e99e4fe3674e8d06014a8.pdf","handbook":"https:\/\/qiniu.punalei.cn\/uploads\/20250630\/9f6157e1177e99e4fe3674e8d06014a8.pdf","agreement":"","drive":"","resource":""},{"id":264,"title":" \u63a5\u5730\u7535\u963b\u6d4b\u8bd5\u4eeaPNL2678XM\u7cfb\u5217","catalog":"https:\/\/qiniu.punalei.cn\/uploads\/20250630\/9f6157e1177e99e4fe3674e8d06014a8.pdf","handbook":"https:\/\/qiniu.punalei.cn\/uploads\/20250630\/9f6157e1177e99e4fe3674e8d06014a8.pdf","agreement":"","drive":"","resource":""},{"id":268,"title":"\u591a\u901a\u9053\u76f4\u6d41\u7535\u963b\u6d4b\u8bd5\u4eeaPNL2818-X\u7cfb\u5217","catalog":"https:\/\/qiniu.punalei.cn\/uploads\/20250630\/9f6157e1177e99e4fe3674e8d06014a8.pdf","handbook":"https:\/\/qiniu.punalei.cn\/uploads\/20250630\/9f6157e1177e99e4fe3674e8d06014a8.pdf","agreement":"","drive":"","resource":""},{"id":270,"title":"\u76f4\u6d41\u7535\u963b\u6d4b\u8bd5\u4eeaPNL2511\u6570\u7801\u7cfb\u5217","catalog":"https:\/\/qiniu.punalei.cn\/uploads\/20250630\/9f6157e1177e99e4fe3674e8d06014a8.pdf","handbook":"https:\/\/qiniu.punalei.cn\/uploads\/20250811\/405841dc3a1790083cdfb28d392a51b6.pdf","agreement":"","drive":"","resource":""},{"id":271,"title":"\u591a\u8def\u6e29\u5ea6\u5de1\u68c0\u6d4b\u8bd5\u4eeaP2000-X PLUS\u7cfb\u5217","catalog":"https:\/\/qiniu.punalei.cn\/uploads\/20250630\/9f6157e1177e99e4fe3674e8d06014a8.pdf","handbook":"https:\/\/qiniu.punalei.cn\/uploads\/20250811\/88bebf25cc9f75277abfb9945aa00ebc.pdf","agreement":"","drive":"","resource":""},{"id":272,"title":"\u624b\u6301\u591a\u8def\u6e29\u5ea6\u6d4b\u8bd5\u4eeaP300-S\u7cfb\u5217","catalog":"https:\/\/qiniu.punalei.cn\/uploads\/20250630\/9f6157e1177e99e4fe3674e8d06014a8.pdf","handbook":"https:\/\/qiniu.punalei.cn\/uploads\/20250811\/4eeb7970b89981df90d0560b8dbe2ff8.pdf","agreement":"","drive":"","resource":""},{"id":290,"title":"\u4ea4\u6d41\u6052\u6d41\u6e90","catalog":"","handbook":"","agreement":"","drive":"","resource":""},{"id":291,"title":"\u4e09\u76f8\u578bPNL300-S\u7cfb\u52170.2\u7ea7","catalog":"","handbook":"https:\/\/qiniu.punalei.cn\/uploads\/20250811\/5f7e3f318e22f4a79790e06a66ac2625.pdf","agreement":"","drive":"","resource":"https:\/\/qiniu.punalei.cn\/uploads\/20250811\/5f7e3f318e22f4a79790e06a66ac2625.pdf"},{"id":295,"title":"\u5c0f\u529f\u7387\u76f4\u6d41\u7535\u5b50\u8d1f\u8f7d","catalog":"","handbook":"https:\/\/qiniu.punalei.cn\/uploads\/20250811\/3c0024e1494ae6a3a5ee57c6e55308d8.pdf","agreement":"","drive":"","resource":""},{"id":298,"title":"\u533b\u7528\u6cc4\u6f0f\u7535\u6d41\u6d4b\u8bd5\u4eea","catalog":"","handbook":"","agreement":"","drive":"","resource":""},{"id":299,"title":"\u5927\u529f\u7387\u76f4\u6d41\u7535\u6e90\u6db2\u66763U\u7cfb\u5217","catalog":"","handbook":"","agreement":"","drive":"","resource":""},{"id":300,"title":"\u5927\u529f\u7387\u76f4\u6d41\u7535\u6e90\u6570\u7801PNL-Y 10kw-15kw\u7cfb\u5217","catalog":"","handbook":"https:\/\/qiniu.punalei.cn\/uploads\/20250811\/6991e7a5b3190aa67ef71fc5ef74964e.pdf","agreement":"","drive":"","resource":""},{"id":303,"title":"\u5b89\u89c4\u7efc\u5408\u6821\u51c6\u70b9\u68c0\u5de5\u88c5","catalog":"","handbook":"","agreement":"","drive":"","resource":""},{"id":304,"title":"\u8010\u538b\u6d4b\u8bd5\u4eea5KV\u7cfb\u5217","catalog":"","handbook":"","agreement":"","drive":"","resource":""},{"id":306,"title":"\u8010\u538b\u6d4b\u8bd5\u4eea10KV\u7cfb\u5217","catalog":"https:\/\/qiniu.punalei.cn\/uploads\/20250630\/9f6157e1177e99e4fe3674e8d06014a8.pdf","handbook":"https:\/\/qiniu.punalei.cn\/uploads\/20250630\/9f6157e1177e99e4fe3674e8d06014a8.pdf","agreement":"","drive":"","resource":""},{"id":307,"title":"\u8010\u538b\u6d4b\u8bd5\u4eea20KV\u7cfb\u5217","catalog":"https:\/\/qiniu.punalei.cn\/uploads\/20250630\/9f6157e1177e99e4fe3674e8d06014a8.pdf","handbook":"https:\/\/qiniu.punalei.cn\/uploads\/20250630\/9f6157e1177e99e4fe3674e8d06014a8.pdf","agreement":"","drive":"","resource":""},{"id":308,"title":"\u7a0b\u63a7\u8010\u538b\u7edd\u7f18PNL7110\\PNL7122\u7cfb\u5217","catalog":"https:\/\/qiniu.punalei.cn\/uploads\/20250630\/9f6157e1177e99e4fe3674e8d06014a8.pdf","handbook":"https:\/\/qiniu.punalei.cn\/uploads\/20250630\/9f6157e1177e99e4fe3674e8d06014a8.pdf","agreement":"","drive":"","resource":""},{"id":309,"title":"\u5b89\u5168\u7efc\u5408\u6027\u80fd\u5206\u6790\u4eeaPNL9950\u7cfb\u5217","catalog":"https:\/\/qiniu.punalei.cn\/uploads\/20250630\/9f6157e1177e99e4fe3674e8d06014a8.pdf","handbook":"https:\/\/qiniu.punalei.cn\/uploads\/20250630\/9f6157e1177e99e4fe3674e8d06014a8.pdf","agreement":"","drive":"","resource":""},{"id":311,"title":"\u5355\u4e09\u76f8 - \u5b89\u5168\u7efc\u5408\u6027\u80fd\u5206\u6790\u4eeaPNL9950-C\u7cfb\u5217","catalog":"https:\/\/qiniu.punalei.cn\/uploads\/20250630\/9f6157e1177e99e4fe3674e8d06014a8.pdf","handbook":"https:\/\/qiniu.punalei.cn\/uploads\/20250630\/9f6157e1177e99e4fe3674e8d06014a8.pdf","agreement":"","drive":"","resource":""},{"id":312,"title":"1-300V\/45-400Hz \u4ea4\u6d41\u53d8\u9891\u7535\u6e90 P9515\\20\\30\\45\\60-\\TSD\u7cfb\u5217","catalog":"https:\/\/qiniu.punalei.cn\/uploads\/20250630\/9f6157e1177e99e4fe3674e8d06014a8.pdf","handbook":"https:\/\/qiniu.punalei.cn\/uploads\/20250630\/9f6157e1177e99e4fe3674e8d06014a8.pdf","agreement":"","drive":"","resource":""},{"id":314,"title":"1-300V\/45-400Hz \u4ea4\u6d41\u53d8\u9891\u7535\u6e90 P9520\\30-\\D\u7cfb\u5217","catalog":"https:\/\/qiniu.punalei.cn\/uploads\/20250630\/9f6157e1177e99e4fe3674e8d06014a8.pdf","handbook":"https:\/\/qiniu.punalei.cn\/uploads\/20250630\/9f6157e1177e99e4fe3674e8d06014a8.pdf","agreement":"","drive":"","resource":""},{"id":315,"title":"\u7edd\u7f18\u7535\u963b\u6d4b\u8bd5\u4eeaPNL2682N\u7cfb\u5217","catalog":"https:\/\/qiniu.punalei.cn\/uploads\/20250630\/9f6157e1177e99e4fe3674e8d06014a8.pdf","handbook":"https:\/\/qiniu.punalei.cn\/uploads\/20250811\/7c63757a23e5e98e594bf1b4bf50445a.pdf","agreement":"","drive":"","resource":""},{"id":316,"title":"1-300V\/45-400Hz \u4ea4\u6d41\u53d8\u9891\u7535\u6e90 P9510\\15\\20-\\TD\u7cfb\u5217","catalog":"https:\/\/qiniu.punalei.cn\/uploads\/20250630\/9f6157e1177e99e4fe3674e8d06014a8.pdf","handbook":"https:\/\/qiniu.punalei.cn\/uploads\/20250630\/9f6157e1177e99e4fe3674e8d06014a8.pdf","agreement":"","drive":"","resource":""},{"id":317,"title":"1-300V\/45-400Hz \u4ea4\u6d41\u53d8\u9891\u7535\u6e90 P9530\\50-\\G\\D\u7cfb\u5217","catalog":"https:\/\/qiniu.punalei.cn\/uploads\/20250630\/9f6157e1177e99e4fe3674e8d06014a8.pdf","handbook":"https:\/\/qiniu.punalei.cn\/uploads\/20250630\/9f6157e1177e99e4fe3674e8d06014a8.pdf","agreement":"","drive":"","resource":""},{"id":318,"title":"\u4e09\u76f8\u578b\u8c10\u6ce2PNL300-SX\u7cfb\u52170.2\u7ea7","catalog":"","handbook":"https:\/\/qiniu.punalei.cn\/uploads\/20250811\/c3915be2288c668d42fab75c77d557b6.pdf","agreement":"","drive":"","resource":"https:\/\/qiniu.punalei.cn\/uploads\/20250811\/c3915be2288c668d42fab75c77d557b6.pdf"},{"id":319,"title":"\u7edd\u7f18\u7535\u963b\u6d4b\u8bd5\u4eeaPNL2683AL\u7cfb\u5217","catalog":"https:\/\/qiniu.punalei.cn\/uploads\/20250630\/9f6157e1177e99e4fe3674e8d06014a8.pdf","handbook":"https:\/\/qiniu.punalei.cn\/uploads\/20250811\/29f9570871ea60e153dce0b05698a13e.pdf","agreement":"","drive":"","resource":""},{"id":320,"title":"\u5bbd\u8303\u56f4\u76f4\u6d41\u7535\u963b\u6d4b\u8bd5\u4eeaPNL2513\/15\u7cfb\u5217","catalog":"https:\/\/qiniu.punalei.cn\/uploads\/20250630\/9f6157e1177e99e4fe3674e8d06014a8.pdf","handbook":"https:\/\/qiniu.punalei.cn\/uploads\/20250811\/d94e60f7d79a2b3b6d9b106bf787c6db.pdf","agreement":"","drive":"","resource":""},{"id":321,"title":"\u5927\u529f\u7387\u76f4\u6d41\u7535\u6e90\u6db2\u66764U\u7cfb\u5217","catalog":"","handbook":"","agreement":"","drive":"","resource":""},{"id":322,"title":"\u5927\u529f\u7387\u76f4\u6d41\u7535\u6e90\u6db2\u66765U\u7cfb\u5217","catalog":"","handbook":"","agreement":"","drive":"","resource":""},{"id":323,"title":"\u5927\u529f\u7387\u76f4\u6d41\u7535\u6e90\u6db2\u667620K\u7cfb\u5217","catalog":"","handbook":"","agreement":"","drive":"","resource":""},{"id":324,"title":"\u5927\u529f\u7387\u76f4\u6d41\u7535\u6e90\u6db2\u667640K\u7cfb\u5217","catalog":"","handbook":"","agreement":"","drive":"","resource":""},{"id":325,"title":"\u5927\u529f\u7387\u76f4\u6d41\u7535\u6e90\u6db2\u667660K\u7cfb\u5217","catalog":"","handbook":"","agreement":"","drive":"","resource":""},{"id":326,"title":"\u5927\u529f\u7387\u76f4\u6d41\u7535\u6e90\u6570\u7801PNL-Y 20kw-30kw\u7cfb\u5217","catalog":"","handbook":"https:\/\/qiniu.punalei.cn\/uploads\/20250811\/6991e7a5b3190aa67ef71fc5ef74964e.pdf","agreement":"","drive":"","resource":""},{"id":327,"title":"\u5927\u529f\u7387\u76f4\u6d41\u7535\u6e90\u6570\u7801PNL-Y 40kw-60kw\u7cfb\u5217","catalog":"","handbook":"https:\/\/qiniu.punalei.cn\/uploads\/20250811\/6991e7a5b3190aa67ef71fc5ef74964e.pdf","agreement":"","drive":"","resource":""},{"id":328,"title":"\u5927\u529f\u7387\u76f4\u6d41\u7535\u6e90\u6570\u7801PNL-Y 75kw-90kw\u7cfb\u5217","catalog":"","handbook":"https:\/\/qiniu.punalei.cn\/uploads\/20250811\/6991e7a5b3190aa67ef71fc5ef74964e.pdf","agreement":"","drive":"","resource":""},{"id":329,"title":"\u5927\u529f\u7387\u76f4\u6d41\u7535\u6e90\u6570\u7801PNL-U \u9ad8\u538b\u7cfb\u5217","catalog":"","handbook":"https:\/\/qiniu.punalei.cn\/uploads\/20250811\/6991e7a5b3190aa67ef71fc5ef74964e.pdf","agreement":"","drive":"","resource":""},{"id":330,"title":"\u4ea4\u6d41\u7535\u5b50\u8d1f\u8f7d","catalog":"","handbook":"https:\/\/qiniu.punalei.cn\/uploads\/20250811\/18ff267d1dc26e503128741d78be61d7.pdf","agreement":"","drive":"","resource":""},{"id":331,"title":"\u4ea4\u76f4\u6d41\u7535\u5b50\u8d1f\u8f7d","catalog":"","handbook":"https:\/\/qiniu.punalei.cn\/uploads\/20250811\/04725819a3c60dff3e1af918dc2ccaf2.pdf","agreement":"","drive":"","resource":""},{"id":332,"title":"\u5927\u529f\u7387\u76f4\u6d41\u7535\u5b50\u8d1f\u8f7d","catalog":"","handbook":"https:\/\/qiniu.punalei.cn\/uploads\/20250811\/639e5850541f700cdc64053f1d7a18a7.pdf","agreement":"","drive":"","resource":""},{"id":333,"title":"\u5927\u529f\u7387\u76f4\u6d41\u7535\u5b50\u8d1f\u8f7d","catalog":"","handbook":"https:\/\/qiniu.punalei.cn\/uploads\/20250811\/3c0024e1494ae6a3a5ee57c6e55308d8.pdf","agreement":"","drive":"","resource":""},{"id":337,"title":"\u5355\u76f8\u578bPNL300-C\u4ea4\u76f4\u6d41\u7cfb\u52170.2\u7ea7","catalog":"https:\/\/qiniu.punalei.cn\/uploads\/20250630\/9f6157e1177e99e4fe3674e8d06014a8.pdf","handbook":"https:\/\/qiniu.punalei.cn\/uploads\/20250811\/ed50ce8156e54152582ff3356228093d.pdf","agreement":"","drive":"","resource":"https:\/\/qiniu.punalei.cn\/uploads\/20250811\/ed50ce8156e54152582ff3356228093d.pdf"},{"id":338,"title":"\u80fd\u6548\u578bPNL300-E\u4ea4\u76f4\u6d41\u7cfb\u52170.2\u7ea7","catalog":"https:\/\/qiniu.punalei.cn\/uploads\/20250630\/9f6157e1177e99e4fe3674e8d06014a8.pdf","handbook":"https:\/\/qiniu.punalei.cn\/uploads\/20250811\/ed50ce8156e54152582ff3356228093d.pdf","agreement":"","drive":"","resource":"https:\/\/qiniu.punalei.cn\/uploads\/20250811\/ed50ce8156e54152582ff3356228093d.pdf"}]
---------------------------------------------------------------
[ 2026-03-16T19:05:14+08:00 ] 74.7.241.2 GET www.punalei.cn/ldcms/xiazaizhongxin.html
[ download ] [{"id":242,"name":"1-300V\/45-400Hz \u4ea4\u6d41\u53d8\u9891\u7535\u6e90 P9510\\15\\20\\30\\45\\60-\\TSS\u7cfb\u5217-\u4ea7\u54c1\u578b\u5f55","url":"https:\/\/qiniu.punalei.cn\/uploads\/20250630\/9f6157e1177e99e4fe3674e8d06014a8.pdf"},{"id":242,"name":"1-300V\/45-400Hz \u4ea4\u6d41\u53d8\u9891\u7535\u6e90 P9510\\15\\20\\30\\45\\60-\\TSS\u7cfb\u5217-\u7528\u6237\u624b\u518c","url":"https:\/\/qiniu.punalei.cn\/uploads\/20250630\/9f6157e1177e99e4fe3674e8d06014a8.pdf"},{"id":244,"name":"1-300V\/45-400Hz \u4ea4\u6d41\u53d8\u9891\u7535\u6e90 P9530\\60-\\GSD\\GSS\u7cfb\u5217-\u4ea7\u54c1\u578b\u5f55","url":"https:\/\/qiniu.punalei.cn\/uploads\/20250630\/9f6157e1177e99e4fe3674e8d06014a8.pdf"},{"id":244,"name":"1-300V\/45-400Hz \u4ea4\u6d41\u53d8\u9891\u7535\u6e90 P9530\\60-\\GSD\\GSS\u7cfb\u5217-\u7528\u6237\u624b\u518c","url":"https:\/\/qiniu.punalei.cn\/uploads\/20250630\/9f6157e1177e99e4fe3674e8d06014a8.pdf"},{"id":260,"name":"1-300V\/45-400Hz \u4ea4\u6d41\u53d8\u9891\u7535\u6e90 P9505\\10-\\D\u7cfb\u5217-\u4ea7\u54c1\u578b\u5f55","url":"https:\/\/qiniu.punalei.cn\/uploads\/20250630\/9f6157e1177e99e4fe3674e8d06014a8.pdf"},{"id":260,"name":"1-300V\/45-400Hz \u4ea4\u6d41\u53d8\u9891\u7535\u6e90 P9505\\10-\\D\u7cfb\u5217-\u7528\u6237\u624b\u518c","url":"https:\/\/qiniu.punalei.cn\/uploads\/20250630\/9f6157e1177e99e4fe3674e8d06014a8.pdf"},{"id":262,"name":"\u5355\u76f8\u578bPNL300-A\u4ea4\u6d41\u7cfb\u52170.2\u7ea7-\u4ea7\u54c1\u578b\u5f55","url":"https:\/\/qiniu.punalei.cn\/uploads\/20250630\/9f6157e1177e99e4fe3674e8d06014a8.pdf"},{"id":262,"name":"\u5355\u76f8\u578bPNL300-A\u4ea4\u6d41\u7cfb\u52170.2\u7ea7-\u7528\u6237\u624b\u518c","url":"https:\/\/qiniu.punalei.cn\/uploads\/20260309\/ed50ce8156e54152582ff3356228093d.pdf"},{"id":262,"name":"\u5355\u76f8\u578bPNL300-A\u4ea4\u6d41\u7cfb\u52170.2\u7ea7-\u5e94\u7528\u4ea7\u54c1\u8d44\u6599","url":"https:\/\/qiniu.punalei.cn\/uploads\/20250811\/ed50ce8156e54152582ff3356228093d.pdf"},{"id":263,"name":"\u6cc4\u6f0f\u7535\u6d41\u6d4b\u8bd5\u4eeaPNL2675\u7cfb\u5217-\u4ea7\u54c1\u578b\u5f55","url":"https:\/\/qiniu.punalei.cn\/uploads\/20250630\/9f6157e1177e99e4fe3674e8d06014a8.pdf"},{"id":263,"name":"\u6cc4\u6f0f\u7535\u6d41\u6d4b\u8bd5\u4eeaPNL2675\u7cfb\u5217-\u7528\u6237\u624b\u518c","url":"https:\/\/qiniu.punalei.cn\/uploads\/20250630\/9f6157e1177e99e4fe3674e8d06014a8.pdf"},{"id":264,"name":" \u63a5\u5730\u7535\u963b\u6d4b\u8bd5\u4eeaPNL2678XM\u7cfb\u5217-\u4ea7\u54c1\u578b\u5f55","url":"https:\/\/qiniu.punalei.cn\/uploads\/20250630\/9f6157e1177e99e4fe3674e8d06014a8.pdf"},{"id":264,"name":" \u63a5\u5730\u7535\u963b\u6d4b\u8bd5\u4eeaPNL2678XM\u7cfb\u5217-\u7528\u6237\u624b\u518c","url":"https:\/\/qiniu.punalei.cn\/uploads\/20250630\/9f6157e1177e99e4fe3674e8d06014a8.pdf"},{"id":268,"name":"\u591a\u901a\u9053\u76f4\u6d41\u7535\u963b\u6d4b\u8bd5\u4eeaPNL2818-X\u7cfb\u5217-\u4ea7\u54c1\u578b\u5f55","url":"https:\/\/qiniu.punalei.cn\/uploads\/20250630\/9f6157e1177e99e4fe3674e8d06014a8.pdf"},{"id":268,"name":"\u591a\u901a\u9053\u76f4\u6d41\u7535\u963b\u6d4b\u8bd5\u4eeaPNL2818-X\u7cfb\u5217-\u7528\u6237\u624b\u518c","url":"https:\/\/qiniu.punalei.cn\/uploads\/20250630\/9f6157e1177e99e4fe3674e8d06014a8.pdf"},{"id":270,"name":"\u76f4\u6d41\u7535\u963b\u6d4b\u8bd5\u4eeaPNL2511\u6570\u7801\u7cfb\u5217-\u4ea7\u54c1\u578b\u5f55","url":"https:\/\/qiniu.punalei.cn\/uploads\/20250630\/9f6157e1177e99e4fe3674e8d06014a8.pdf"},{"id":270,"name":"\u76f4\u6d41\u7535\u963b\u6d4b\u8bd5\u4eeaPNL2511\u6570\u7801\u7cfb\u5217-\u7528\u6237\u624b\u518c","url":"https:\/\/qiniu.punalei.cn\/uploads\/20250811\/405841dc3a1790083cdfb28d392a51b6.pdf"},{"id":271,"name":"\u591a\u8def\u6e29\u5ea6\u5de1\u68c0\u6d4b\u8bd5\u4eeaP2000-X PLUS\u7cfb\u5217-\u4ea7\u54c1\u578b\u5f55","url":"https:\/\/qiniu.punalei.cn\/uploads\/20250630\/9f6157e1177e99e4fe3674e8d06014a8.pdf"},{"id":271,"name":"\u591a\u8def\u6e29\u5ea6\u5de1\u68c0\u6d4b\u8bd5\u4eeaP2000-X PLUS\u7cfb\u5217-\u7528\u6237\u624b\u518c","url":"https:\/\/qiniu.punalei.cn\/uploads\/20250811\/88bebf25cc9f75277abfb9945aa00ebc.pdf"},{"id":272,"name":"\u624b\u6301\u591a\u8def\u6e29\u5ea6\u6d4b\u8bd5\u4eeaP300-S\u7cfb\u5217-\u4ea7\u54c1\u578b\u5f55","url":"https:\/\/qiniu.punalei.cn\/uploads\/20250630\/9f6157e1177e99e4fe3674e8d06014a8.pdf"},{"id":272,"name":"\u624b\u6301\u591a\u8def\u6e29\u5ea6\u6d4b\u8bd5\u4eeaP300-S\u7cfb\u5217-\u7528\u6237\u624b\u518c","url":"https:\/\/qiniu.punalei.cn\/uploads\/20250811\/4eeb7970b89981df90d0560b8dbe2ff8.pdf"},{"id":291,"name":"\u4e09\u76f8\u578bPNL300-S\u7cfb\u52170.2\u7ea7-\u7528\u6237\u624b\u518c","url":"https:\/\/qiniu.punalei.cn\/uploads\/20250811\/5f7e3f318e22f4a79790e06a66ac2625.pdf"},{"id":291,"name":"\u4e09\u76f8\u578bPNL300-S\u7cfb\u52170.2\u7ea7-\u5e94\u7528\u4ea7\u54c1\u8d44\u6599","url":"https:\/\/qiniu.punalei.cn\/uploads\/20250811\/5f7e3f318e22f4a79790e06a66ac2625.pdf"},{"id":295,"name":"\u5c0f\u529f\u7387\u76f4\u6d41\u7535\u5b50\u8d1f\u8f7d-\u7528\u6237\u624b\u518c","url":"https:\/\/qiniu.punalei.cn\/uploads\/20250811\/3c0024e1494ae6a3a5ee57c6e55308d8.pdf"},{"id":300,"name":"\u5927\u529f\u7387\u76f4\u6d41\u7535\u6e90\u6570\u7801PNL-Y 10kw-15kw\u7cfb\u5217-\u7528\u6237\u624b\u518c","url":"https:\/\/qiniu.punalei.cn\/uploads\/20250811\/6991e7a5b3190aa67ef71fc5ef74964e.pdf"},{"id":306,"name":"\u8010\u538b\u6d4b\u8bd5\u4eea10KV\u7cfb\u5217-\u4ea7\u54c1\u578b\u5f55","url":"https:\/\/qiniu.punalei.cn\/uploads\/20250630\/9f6157e1177e99e4fe3674e8d06014a8.pdf"},{"id":306,"name":"\u8010\u538b\u6d4b\u8bd5\u4eea10KV\u7cfb\u5217-\u7528\u6237\u624b\u518c","url":"https:\/\/qiniu.punalei.cn\/uploads\/20250630\/9f6157e1177e99e4fe3674e8d06014a8.pdf"},{"id":307,"name":"\u8010\u538b\u6d4b\u8bd5\u4eea20KV\u7cfb\u5217-\u4ea7\u54c1\u578b\u5f55","url":"https:\/\/qiniu.punalei.cn\/uploads\/20250630\/9f6157e1177e99e4fe3674e8d06014a8.pdf"},{"id":307,"name":"\u8010\u538b\u6d4b\u8bd5\u4eea20KV\u7cfb\u5217-\u7528\u6237\u624b\u518c","url":"https:\/\/qiniu.punalei.cn\/uploads\/20250630\/9f6157e1177e99e4fe3674e8d06014a8.pdf"},{"id":308,"name":"\u7a0b\u63a7\u8010\u538b\u7edd\u7f18PNL7110\\PNL7122\u7cfb\u5217-\u4ea7\u54c1\u578b\u5f55","url":"https:\/\/qiniu.punalei.cn\/uploads\/20250630\/9f6157e1177e99e4fe3674e8d06014a8.pdf"},{"id":308,"name":"\u7a0b\u63a7\u8010\u538b\u7edd\u7f18PNL7110\\PNL7122\u7cfb\u5217-\u7528\u6237\u624b\u518c","url":"https:\/\/qiniu.punalei.cn\/uploads\/20250630\/9f6157e1177e99e4fe3674e8d06014a8.pdf"},{"id":309,"name":"\u5b89\u5168\u7efc\u5408\u6027\u80fd\u5206\u6790\u4eeaPNL9950\u7cfb\u5217-\u4ea7\u54c1\u578b\u5f55","url":"https:\/\/qiniu.punalei.cn\/uploads\/20250630\/9f6157e1177e99e4fe3674e8d06014a8.pdf"},{"id":309,"name":"\u5b89\u5168\u7efc\u5408\u6027\u80fd\u5206\u6790\u4eeaPNL9950\u7cfb\u5217-\u7528\u6237\u624b\u518c","url":"https:\/\/qiniu.punalei.cn\/uploads\/20250630\/9f6157e1177e99e4fe3674e8d06014a8.pdf"},{"id":311,"name":"\u5355\u4e09\u76f8 - \u5b89\u5168\u7efc\u5408\u6027\u80fd\u5206\u6790\u4eeaPNL9950-C\u7cfb\u5217-\u4ea7\u54c1\u578b\u5f55","url":"https:\/\/qiniu.punalei.cn\/uploads\/20250630\/9f6157e1177e99e4fe3674e8d06014a8.pdf"},{"id":311,"name":"\u5355\u4e09\u76f8 - \u5b89\u5168\u7efc\u5408\u6027\u80fd\u5206\u6790\u4eeaPNL9950-C\u7cfb\u5217-\u7528\u6237\u624b\u518c","url":"https:\/\/qiniu.punalei.cn\/uploads\/20250630\/9f6157e1177e99e4fe3674e8d06014a8.pdf"},{"id":312,"name":"1-300V\/45-400Hz \u4ea4\u6d41\u53d8\u9891\u7535\u6e90 P9515\\20\\30\\45\\60-\\TSD\u7cfb\u5217-\u4ea7\u54c1\u578b\u5f55","url":"https:\/\/qiniu.punalei.cn\/uploads\/20250630\/9f6157e1177e99e4fe3674e8d06014a8.pdf"},{"id":312,"name":"1-300V\/45-400Hz \u4ea4\u6d41\u53d8\u9891\u7535\u6e90 P9515\\20\\30\\45\\60-\\TSD\u7cfb\u5217-\u7528\u6237\u624b\u518c","url":"https:\/\/qiniu.punalei.cn\/uploads\/20250630\/9f6157e1177e99e4fe3674e8d06014a8.pdf"},{"id":314,"name":"1-300V\/45-400Hz \u4ea4\u6d41\u53d8\u9891\u7535\u6e90 P9520\\30-\\D\u7cfb\u5217-\u4ea7\u54c1\u578b\u5f55","url":"https:\/\/qiniu.punalei.cn\/uploads\/20250630\/9f6157e1177e99e4fe3674e8d06014a8.pdf"},{"id":314,"name":"1-300V\/45-400Hz \u4ea4\u6d41\u53d8\u9891\u7535\u6e90 P9520\\30-\\D\u7cfb\u5217-\u7528\u6237\u624b\u518c","url":"https:\/\/qiniu.punalei.cn\/uploads\/20250630\/9f6157e1177e99e4fe3674e8d06014a8.pdf"},{"id":315,"name":"\u7edd\u7f18\u7535\u963b\u6d4b\u8bd5\u4eeaPNL2682N\u7cfb\u5217-\u4ea7\u54c1\u578b\u5f55","url":"https:\/\/qiniu.punalei.cn\/uploads\/20250630\/9f6157e1177e99e4fe3674e8d06014a8.pdf"},{"id":315,"name":"\u7edd\u7f18\u7535\u963b\u6d4b\u8bd5\u4eeaPNL2682N\u7cfb\u5217-\u7528\u6237\u624b\u518c","url":"https:\/\/qiniu.punalei.cn\/uploads\/20250811\/7c63757a23e5e98e594bf1b4bf50445a.pdf"},{"id":316,"name":"1-300V\/45-400Hz \u4ea4\u6d41\u53d8\u9891\u7535\u6e90 P9510\\15\\20-\\TD\u7cfb\u5217-\u4ea7\u54c1\u578b\u5f55","url":"https:\/\/qiniu.punalei.cn\/uploads\/20250630\/9f6157e1177e99e4fe3674e8d06014a8.pdf"},{"id":316,"name":"1-300V\/45-400Hz \u4ea4\u6d41\u53d8\u9891\u7535\u6e90 P9510\\15\\20-\\TD\u7cfb\u5217-\u7528\u6237\u624b\u518c","url":"https:\/\/qiniu.punalei.cn\/uploads\/20250630\/9f6157e1177e99e4fe3674e8d06014a8.pdf"},{"id":317,"name":"1-300V\/45-400Hz \u4ea4\u6d41\u53d8\u9891\u7535\u6e90 P9530\\50-\\G\\D\u7cfb\u5217-\u4ea7\u54c1\u578b\u5f55","url":"https:\/\/qiniu.punalei.cn\/uploads\/20250630\/9f6157e1177e99e4fe3674e8d06014a8.pdf"},{"id":317,"name":"1-300V\/45-400Hz \u4ea4\u6d41\u53d8\u9891\u7535\u6e90 P9530\\50-\\G\\D\u7cfb\u5217-\u7528\u6237\u624b\u518c","url":"https:\/\/qiniu.punalei.cn\/uploads\/20250630\/9f6157e1177e99e4fe3674e8d06014a8.pdf"},{"id":318,"name":"\u4e09\u76f8\u578b\u8c10\u6ce2PNL300-SX\u7cfb\u52170.2\u7ea7-\u7528\u6237\u624b\u518c","url":"https:\/\/qiniu.punalei.cn\/uploads\/20250811\/c3915be2288c668d42fab75c77d557b6.pdf"},{"id":318,"name":"\u4e09\u76f8\u578b\u8c10\u6ce2PNL300-SX\u7cfb\u52170.2\u7ea7-\u5e94\u7528\u4ea7\u54c1\u8d44\u6599","url":"https:\/\/qiniu.punalei.cn\/uploads\/20250811\/c3915be2288c668d42fab75c77d557b6.pdf"},{"id":319,"name":"\u7edd\u7f18\u7535\u963b\u6d4b\u8bd5\u4eeaPNL2683AL\u7cfb\u5217-\u4ea7\u54c1\u578b\u5f55","url":"https:\/\/qiniu.punalei.cn\/uploads\/20250630\/9f6157e1177e99e4fe3674e8d06014a8.pdf"},{"id":319,"name":"\u7edd\u7f18\u7535\u963b\u6d4b\u8bd5\u4eeaPNL2683AL\u7cfb\u5217-\u7528\u6237\u624b\u518c","url":"https:\/\/qiniu.punalei.cn\/uploads\/20250811\/29f9570871ea60e153dce0b05698a13e.pdf"},{"id":320,"name":"\u5bbd\u8303\u56f4\u76f4\u6d41\u7535\u963b\u6d4b\u8bd5\u4eeaPNL2513\/15\u7cfb\u5217-\u4ea7\u54c1\u578b\u5f55","url":"https:\/\/qiniu.punalei.cn\/uploads\/20250630\/9f6157e1177e99e4fe3674e8d06014a8.pdf"},{"id":320,"name":"\u5bbd\u8303\u56f4\u76f4\u6d41\u7535\u963b\u6d4b\u8bd5\u4eeaPNL2513\/15\u7cfb\u5217-\u7528\u6237\u624b\u518c","url":"https:\/\/qiniu.punalei.cn\/uploads\/20250811\/d94e60f7d79a2b3b6d9b106bf787c6db.pdf"},{"id":326,"name":"\u5927\u529f\u7387\u76f4\u6d41\u7535\u6e90\u6570\u7801PNL-Y 20kw-30kw\u7cfb\u5217-\u7528\u6237\u624b\u518c","url":"https:\/\/qiniu.punalei.cn\/uploads\/20250811\/6991e7a5b3190aa67ef71fc5ef74964e.pdf"},{"id":327,"name":"\u5927\u529f\u7387\u76f4\u6d41\u7535\u6e90\u6570\u7801PNL-Y 40kw-60kw\u7cfb\u5217-\u7528\u6237\u624b\u518c","url":"https:\/\/qiniu.punalei.cn\/uploads\/20250811\/6991e7a5b3190aa67ef71fc5ef74964e.pdf"},{"id":328,"name":"\u5927\u529f\u7387\u76f4\u6d41\u7535\u6e90\u6570\u7801PNL-Y 75kw-90kw\u7cfb\u5217-\u7528\u6237\u624b\u518c","url":"https:\/\/qiniu.punalei.cn\/uploads\/20250811\/6991e7a5b3190aa67ef71fc5ef74964e.pdf"},{"id":329,"name":"\u5927\u529f\u7387\u76f4\u6d41\u7535\u6e90\u6570\u7801PNL-U \u9ad8\u538b\u7cfb\u5217-\u7528\u6237\u624b\u518c","url":"https:\/\/qiniu.punalei.cn\/uploads\/20250811\/6991e7a5b3190aa67ef71fc5ef74964e.pdf"},{"id":330,"name":"\u4ea4\u6d41\u7535\u5b50\u8d1f\u8f7d-\u7528\u6237\u624b\u518c","url":"https:\/\/qiniu.punalei.cn\/uploads\/20250811\/18ff267d1dc26e503128741d78be61d7.pdf"},{"id":331,"name":"\u4ea4\u76f4\u6d41\u7535\u5b50\u8d1f\u8f7d-\u7528\u6237\u624b\u518c","url":"https:\/\/qiniu.punalei.cn\/uploads\/20250811\/04725819a3c60dff3e1af918dc2ccaf2.pdf"},{"id":332,"name":"\u5927\u529f\u7387\u76f4\u6d41\u7535\u5b50\u8d1f\u8f7d-\u7528\u6237\u624b\u518c","url":"https:\/\/qiniu.punalei.cn\/uploads\/20250811\/639e5850541f700cdc64053f1d7a18a7.pdf"},{"id":333,"name":"\u5927\u529f\u7387\u76f4\u6d41\u7535\u5b50\u8d1f\u8f7d-\u7528\u6237\u624b\u518c","url":"https:\/\/qiniu.punalei.cn\/uploads\/20250811\/3c0024e1494ae6a3a5ee57c6e55308d8.pdf"},{"id":337,"name":"\u5355\u76f8\u578bPNL300-C\u4ea4\u76f4\u6d41\u7cfb\u52170.2\u7ea7-\u4ea7\u54c1\u578b\u5f55","url":"https:\/\/qiniu.punalei.cn\/uploads\/20250630\/9f6157e1177e99e4fe3674e8d06014a8.pdf"},{"id":337,"name":"\u5355\u76f8\u578bPNL300-C\u4ea4\u76f4\u6d41\u7cfb\u52170.2\u7ea7-\u7528\u6237\u624b\u518c","url":"https:\/\/qiniu.punalei.cn\/uploads\/20250811\/ed50ce8156e54152582ff3356228093d.pdf"},{"id":337,"name":"\u5355\u76f8\u578bPNL300-C\u4ea4\u76f4\u6d41\u7cfb\u52170.2\u7ea7-\u5e94\u7528\u4ea7\u54c1\u8d44\u6599","url":"https:\/\/qiniu.punalei.cn\/uploads\/20250811\/ed50ce8156e54152582ff3356228093d.pdf"},{"id":338,"name":"\u80fd\u6548\u578bPNL300-E\u4ea4\u76f4\u6d41\u7cfb\u52170.2\u7ea7-\u4ea7\u54c1\u578b\u5f55","url":"https:\/\/qiniu.punalei.cn\/uploads\/20250630\/9f6157e1177e99e4fe3674e8d06014a8.pdf"},{"id":338,"name":"\u80fd\u6548\u578bPNL300-E\u4ea4\u76f4\u6d41\u7cfb\u52170.2\u7ea7-\u7528\u6237\u624b\u518c","url":"https:\/\/qiniu.punalei.cn\/uploads\/20250811\/ed50ce8156e54152582ff3356228093d.pdf"},{"id":338,"name":"\u80fd\u6548\u578bPNL300-E\u4ea4\u76f4\u6d41\u7cfb\u52170.2\u7ea7-\u5e94\u7528\u4ea7\u54c1\u8d44\u6599","url":"https:\/\/qiniu.punalei.cn\/uploads\/20250811\/ed50ce8156e54152582ff3356228093d.pdf"}]
---------------------------------------------------------------
[ 2026-03-16T19:05:16+08:00 ] 74.7.241.2 GET www.punalei.cn/ldcms/hangyedongtai.html
[ error ] [2]Undefined variable $content
[ error ] [2]Trying to access array offset on value of type null
---------------------------------------------------------------
[ 2026-03-16T19:05:16+08:00 ] 74.7.241.2 GET www.punalei.cn/ldcms/punaleizixun.html
[ error ] [2]Undefined variable $content
[ error ] [2]Trying to access array offset on value of type null
---------------------------------------------------------------
[ 2026-03-16T19:10:16+08:00 ] 46.151.182.72 GET 120.24.147.77/.env
[ error ] [8192]preg_match(): Passing null to parameter #2 ($subject) of type string is deprecated
[ error ] [8192]preg_match(): Passing null to parameter #2 ($subject) of type string is deprecated
[ error ] [8192]preg_match(): Passing null to parameter #2 ($subject) of type string is deprecated
[ error ] [8192]preg_match(): Passing null to parameter #2 ($subject) of type string is deprecated
[ error ] [8192]preg_match(): Passing null to parameter #2 ($subject) of type string is deprecated
[ error ] [8192]preg_match(): Passing null to parameter #2 ($subject) of type string is deprecated
---------------------------------------------------------------
[ 2026-03-16T19:10:17+08:00 ] 46.151.182.72 GET 120.24.147.77/wp-content/
[ error ] [8192]preg_match(): Passing null to parameter #2 ($subject) of type string is deprecated
[ error ] [8192]preg_match(): Passing null to parameter #2 ($subject) of type string is deprecated
[ error ] [8192]preg_match(): Passing null to parameter #2 ($subject) of type string is deprecated
[ error ] [8192]preg_match(): Passing null to parameter #2 ($subject) of type string is deprecated
[ error ] [8192]preg_match(): Passing null to parameter #2 ($subject) of type string is deprecated
[ error ] [8192]preg_match(): Passing null to parameter #2 ($subject) of type string is deprecated
---------------------------------------------------------------
[ 2026-03-16T19:10:17+08:00 ] 46.151.182.72 GET 120.24.147.77/wp-content/
[ error ] [8192]preg_match(): Passing null to parameter #2 ($subject) of type string is deprecated
[ error ] [8192]preg_match(): Passing null to parameter #2 ($subject) of type string is deprecated
[ error ] [8192]preg_match(): Passing null to parameter #2 ($subject) of type string is deprecated
[ error ] [8192]preg_match(): Passing null to parameter #2 ($subject) of type string is deprecated
[ error ] [8192]preg_match(): Passing null to parameter #2 ($subject) of type string is deprecated
[ error ] [8192]preg_match(): Passing null to parameter #2 ($subject) of type string is deprecated
---------------------------------------------------------------
[ 2026-03-16T19:17:24+08:00 ] 40.77.167.22 GET www.punalei.cn/ldcms/qiyexinwen.html
[ error ] [8192]preg_match(): Passing null to parameter #2 ($subject) of type string is deprecated
[ error ] [8192]preg_match(): Passing null to parameter #2 ($subject) of type string is deprecated
[ error ] [8192]preg_match(): Passing null to parameter #2 ($subject) of type string is deprecated
[ error ] [8192]preg_match(): Passing null to parameter #2 ($subject) of type string is deprecated
[ error ] [8192]preg_match(): Passing null to parameter #2 ($subject) of type string is deprecated
[ error ] [8192]preg_match(): Passing null to parameter #2 ($subject) of type string is deprecated
[ error ] [8192]preg_match(): Passing null to parameter #2 ($subject) of type string is deprecated
[ error ] [8192]preg_match(): Passing null to parameter #2 ($subject) of type string is deprecated
[ error ] [8192]Automatic conversion of false to array is deprecated
[ error ] [2]Undefined variable $content
[ error ] [2]Trying to access array offset on value of type null
---------------------------------------------------------------
[ 2026-03-16T19:22:45+08:00 ] 212.73.148.20 GET 120.24.147.77/
[ error ] [8192]preg_match(): Passing null to parameter #2 ($subject) of type string is deprecated
[ error ] [8192]preg_match(): Passing null to parameter #2 ($subject) of type string is deprecated
[ error ] [8192]preg_match(): Passing null to parameter #2 ($subject) of type string is deprecated
[ error ] [8192]preg_match(): Passing null to parameter #2 ($subject) of type string is deprecated
[ error ] [8192]preg_match(): Passing null to parameter #2 ($subject) of type string is deprecated
[ error ] [8192]preg_match(): Passing null to parameter #2 ($subject) of type string is deprecated
[ error ] [8192]preg_match(): Passing null to parameter #2 ($subject) of type string is deprecated
[ error ] [8192]preg_match(): Passing null to parameter #2 ($subject) of type string is deprecated
[ error ] [8192]Automatic conversion of false to array is deprecated
[ error ] [2]Undefined array key "title"
[ error ] [2]Undefined array key "title"
[ error ] [2]Undefined array key "title"
[ error ] [2]Undefined array key "title"
---------------------------------------------------------------
[ 2026-03-16T19:28:14+08:00 ] 23.27.145.200 GET punalei.cn/
[ error ] [8192]preg_match(): Passing null to parameter #2 ($subject) of type string is deprecated
[ error ] [8192]preg_match(): Passing null to parameter #2 ($subject) of type string is deprecated
[ error ] [8192]preg_match(): Passing null to parameter #2 ($subject) of type string is deprecated
[ error ] [8192]preg_match(): Passing null to parameter #2 ($subject) of type string is deprecated
[ error ] [8192]preg_match(): Passing null to parameter #2 ($subject) of type string is deprecated
[ error ] [8192]preg_match(): Passing null to parameter #2 ($subject) of type string is deprecated
[ error ] [8192]preg_match(): Passing null to parameter #2 ($subject) of type string is deprecated
[ error ] [8192]preg_match(): Passing null to parameter #2 ($subject) of type string is deprecated
[ error ] [8192]Automatic conversion of false to array is deprecated
[ error ] [2]Undefined array key "title"
[ error ] [2]Undefined array key "title"
[ error ] [2]Undefined array key "title"
[ error ] [2]Undefined array key "title"
---------------------------------------------------------------
[ 2026-03-16T19:42:57+08:00 ] 185.12.59.118 GET 120.24.147.77/Dr0v
[ error ] [8192]preg_match(): Passing null to parameter #2 ($subject) of type string is deprecated
[ error ] [8192]preg_match(): Passing null to parameter #2 ($subject) of type string is deprecated
[ error ] [8192]preg_match(): Passing null to parameter #2 ($subject) of type string is deprecated
[ error ] [8192]preg_match(): Passing null to parameter #2 ($subject) of type string is deprecated
[ error ] [8192]preg_match(): Passing null to parameter #2 ($subject) of type string is deprecated
[ error ] [8192]preg_match(): Passing null to parameter #2 ($subject) of type string is deprecated
---------------------------------------------------------------
[ 2026-03-16T19:42:57+08:00 ] 185.12.59.118 GET 120.24.147.77/Dr0v
[ error ] [8192]preg_match(): Passing null to parameter #2 ($subject) of type string is deprecated
[ error ] [8192]preg_match(): Passing null to parameter #2 ($subject) of type string is deprecated
[ error ] [8192]preg_match(): Passing null to parameter #2 ($subject) of type string is deprecated
[ error ] [8192]preg_match(): Passing null to parameter #2 ($subject) of type string is deprecated
[ error ] [8192]preg_match(): Passing null to parameter #2 ($subject) of type string is deprecated
[ error ] [8192]preg_match(): Passing null to parameter #2 ($subject) of type string is deprecated
---------------------------------------------------------------
[ 2026-03-16T19:47:18+08:00 ] 35.233.96.49 GET 120.24.147.77/
[ error ] [8192]preg_match(): Passing null to parameter #2 ($subject) of type string is deprecated
[ error ] [8192]preg_match(): Passing null to parameter #2 ($subject) of type string is deprecated
[ error ] [8192]preg_match(): Passing null to parameter #2 ($subject) of type string is deprecated
[ error ] [8192]preg_match(): Passing null to parameter #2 ($subject) of type string is deprecated
[ error ] [8192]preg_match(): Passing null to parameter #2 ($subject) of type string is deprecated
[ error ] [8192]preg_match(): Passing null to parameter #2 ($subject) of type string is deprecated
[ error ] [8192]preg_match(): Passing null to parameter #2 ($subject) of type string is deprecated
[ error ] [8192]preg_match(): Passing null to parameter #2 ($subject) of type string is deprecated
[ error ] [8192]Automatic conversion of false to array is deprecated
[ error ] [2]Undefined array key "title"
[ error ] [2]Undefined array key "title"
[ error ] [2]Undefined array key "title"
[ error ] [2]Undefined array key "title"
---------------------------------------------------------------
[ 2026-03-16T19:48:42+08:00 ] 185.247.137.221 GET 120.24.147.77/
[ error ] [8192]preg_match(): Passing null to parameter #2 ($subject) of type string is deprecated
[ error ] [8192]preg_match(): Passing null to parameter #2 ($subject) of type string is deprecated
[ error ] [8192]preg_match(): Passing null to parameter #2 ($subject) of type string is deprecated
[ error ] [8192]preg_match(): Passing null to parameter #2 ($subject) of type string is deprecated
[ error ] [8192]preg_match(): Passing null to parameter #2 ($subject) of type string is deprecated
[ error ] [8192]preg_match(): Passing null to parameter #2 ($subject) of type string is deprecated
[ error ] [8192]preg_match(): Passing null to parameter #2 ($subject) of type string is deprecated
[ error ] [8192]preg_match(): Passing null to parameter #2 ($subject) of type string is deprecated
[ error ] [8192]Automatic conversion of false to array is deprecated
[ error ] [2]Undefined array key "title"
[ error ] [2]Undefined array key "title"
[ error ] [2]Undefined array key "title"
[ error ] [2]Undefined array key "title"
---------------------------------------------------------------
[ 2026-03-16T19:57:36+08:00 ] 34.178.92.171 GET www.punalei.cn/
[ error ] [8192]preg_match(): Passing null to parameter #2 ($subject) of type string is deprecated
[ error ] [8192]preg_match(): Passing null to parameter #2 ($subject) of type string is deprecated
[ error ] [8192]preg_match(): Passing null to parameter #2 ($subject) of type string is deprecated
[ error ] [8192]preg_match(): Passing null to parameter #2 ($subject) of type string is deprecated
[ error ] [8192]preg_match(): Passing null to parameter #2 ($subject) of type string is deprecated
[ error ] [8192]preg_match(): Passing null to parameter #2 ($subject) of type string is deprecated
[ error ] [8192]preg_match(): Passing null to parameter #2 ($subject) of type string is deprecated
[ error ] [8192]preg_match(): Passing null to parameter #2 ($subject) of type string is deprecated
[ error ] [8192]Automatic conversion of false to array is deprecated
[ error ] [2]Undefined array key "title"
[ error ] [2]Undefined array key "title"
[ error ] [2]Undefined array key "title"
[ error ] [2]Undefined array key "title"
---------------------------------------------------------------
[ 2026-03-16T20:11:03+08:00 ] 35.204.210.122 GET punalei.cn/
[ error ] [8192]preg_match(): Passing null to parameter #2 ($subject) of type string is deprecated
[ error ] [8192]preg_match(): Passing null to parameter #2 ($subject) of type string is deprecated
[ error ] [8192]preg_match(): Passing null to parameter #2 ($subject) of type string is deprecated
[ error ] [8192]preg_match(): Passing null to parameter #2 ($subject) of type string is deprecated
[ error ] [8192]preg_match(): Passing null to parameter #2 ($subject) of type string is deprecated
[ error ] [8192]preg_match(): Passing null to parameter #2 ($subject) of type string is deprecated
[ error ] [8192]preg_match(): Passing null to parameter #2 ($subject) of type string is deprecated
[ error ] [8192]preg_match(): Passing null to parameter #2 ($subject) of type string is deprecated
[ error ] [8192]Automatic conversion of false to array is deprecated
[ error ] [2]Undefined array key "title"
[ error ] [2]Undefined array key "title"
[ error ] [2]Undefined array key "title"
[ error ] [2]Undefined array key "title"
---------------------------------------------------------------
[ 2026-03-16T20:15:10+08:00 ] 8.229.95.71 OPTIONS 120.24.147.77/
[ error ] [8192]preg_match(): Passing null to parameter #2 ($subject) of type string is deprecated
[ error ] [8192]preg_match(): Passing null to parameter #2 ($subject) of type string is deprecated
[ error ] [8192]preg_match(): Passing null to parameter #2 ($subject) of type string is deprecated
[ error ] [8192]preg_match(): Passing null to parameter #2 ($subject) of type string is deprecated
[ error ] [8192]preg_match(): Passing null to parameter #2 ($subject) of type string is deprecated
[ error ] [8192]preg_match(): Passing null to parameter #2 ($subject) of type string is deprecated
[ error ] [8192]preg_match(): Passing null to parameter #2 ($subject) of type string is deprecated
[ error ] [8192]preg_match(): Passing null to parameter #2 ($subject) of type string is deprecated
[ error ] [8192]Automatic conversion of false to array is deprecated
[ error ] [2]Undefined array key "title"
[ error ] [2]Undefined array key "title"
[ error ] [2]Undefined array key "title"
[ error ] [2]Undefined array key "title"
---------------------------------------------------------------
[ 2026-03-16T20:44:21+08:00 ] 185.244.104.207 GET 120.24.147.77/
[ error ] [8192]preg_match(): Passing null to parameter #2 ($subject) of type string is deprecated
[ error ] [8192]preg_match(): Passing null to parameter #2 ($subject) of type string is deprecated
[ error ] [8192]preg_match(): Passing null to parameter #2 ($subject) of type string is deprecated
[ error ] [8192]preg_match(): Passing null to parameter #2 ($subject) of type string is deprecated
[ error ] [8192]preg_match(): Passing null to parameter #2 ($subject) of type string is deprecated
[ error ] [8192]preg_match(): Passing null to parameter #2 ($subject) of type string is deprecated
[ error ] [8192]preg_match(): Passing null to parameter #2 ($subject) of type string is deprecated
[ error ] [8192]preg_match(): Passing null to parameter #2 ($subject) of type string is deprecated
[ error ] [8192]Automatic conversion of false to array is deprecated
[ error ] [2]Undefined array key "title"
[ error ] [2]Undefined array key "title"
[ error ] [2]Undefined array key "title"
[ error ] [2]Undefined array key "title"
---------------------------------------------------------------
[ 2026-03-16T20:47:09+08:00 ] 66.132.153.126 GET 120.24.147.77/favicon.ico
[ error ] [8192]preg_match(): Passing null to parameter #2 ($subject) of type string is deprecated
[ error ] [8192]preg_match(): Passing null to parameter #2 ($subject) of type string is deprecated
[ error ] [8192]preg_match(): Passing null to parameter #2 ($subject) of type string is deprecated
[ error ] [8192]preg_match(): Passing null to parameter #2 ($subject) of type string is deprecated
[ error ] [8192]preg_match(): Passing null to parameter #2 ($subject) of type string is deprecated
[ error ] [8192]preg_match(): Passing null to parameter #2 ($subject) of type string is deprecated
---------------------------------------------------------------
[ 2026-03-16T20:47:09+08:00 ] 66.132.153.126 GET 120.24.147.77/favicon.ico
[ error ] [8192]preg_match(): Passing null to parameter #2 ($subject) of type string is deprecated
[ error ] [8192]preg_match(): Passing null to parameter #2 ($subject) of type string is deprecated
[ error ] [8192]preg_match(): Passing null to parameter #2 ($subject) of type string is deprecated
[ error ] [8192]preg_match(): Passing null to parameter #2 ($subject) of type string is deprecated
[ error ] [8192]preg_match(): Passing null to parameter #2 ($subject) of type string is deprecated
[ error ] [8192]preg_match(): Passing null to parameter #2 ($subject) of type string is deprecated
---------------------------------------------------------------
[ 2026-03-16T20:47:14+08:00 ] 66.132.153.126 GET 120.24.147.77/y0yo5h5rcka3ddyn
[ error ] [8192]preg_match(): Passing null to parameter #2 ($subject) of type string is deprecated
[ error ] [8192]preg_match(): Passing null to parameter #2 ($subject) of type string is deprecated
[ error ] [8192]preg_match(): Passing null to parameter #2 ($subject) of type string is deprecated
[ error ] [8192]preg_match(): Passing null to parameter #2 ($subject) of type string is deprecated
[ error ] [8192]preg_match(): Passing null to parameter #2 ($subject) of type string is deprecated
[ error ] [8192]preg_match(): Passing null to parameter #2 ($subject) of type string is deprecated
---------------------------------------------------------------
[ 2026-03-16T20:47:14+08:00 ] 66.132.153.126 GET 120.24.147.77/y0yo5h5rcka3ddyn
[ error ] [8192]preg_match(): Passing null to parameter #2 ($subject) of type string is deprecated
[ error ] [8192]preg_match(): Passing null to parameter #2 ($subject) of type string is deprecated
[ error ] [8192]preg_match(): Passing null to parameter #2 ($subject) of type string is deprecated
[ error ] [8192]preg_match(): Passing null to parameter #2 ($subject) of type string is deprecated
[ error ] [8192]preg_match(): Passing null to parameter #2 ($subject) of type string is deprecated
[ error ] [8192]preg_match(): Passing null to parameter #2 ($subject) of type string is deprecated
---------------------------------------------------------------
[ 2026-03-16T21:02:28+08:00 ] 20.65.194.128 GET 120.24.147.77/druid/index.html
[ error ] [8192]preg_match(): Passing null to parameter #2 ($subject) of type string is deprecated
[ error ] [8192]preg_match(): Passing null to parameter #2 ($subject) of type string is deprecated
[ error ] [8192]preg_match(): Passing null to parameter #2 ($subject) of type string is deprecated
[ error ] [8192]preg_match(): Passing null to parameter #2 ($subject) of type string is deprecated
[ error ] [8192]preg_match(): Passing null to parameter #2 ($subject) of type string is deprecated
[ error ] [8192]preg_match(): Passing null to parameter #2 ($subject) of type string is deprecated
---------------------------------------------------------------
[ 2026-03-16T21:02:28+08:00 ] 20.65.194.128 GET 120.24.147.77/druid/index.html
[ error ] [8192]preg_match(): Passing null to parameter #2 ($subject) of type string is deprecated
[ error ] [8192]preg_match(): Passing null to parameter #2 ($subject) of type string is deprecated
[ error ] [8192]preg_match(): Passing null to parameter #2 ($subject) of type string is deprecated
[ error ] [8192]preg_match(): Passing null to parameter #2 ($subject) of type string is deprecated
[ error ] [8192]preg_match(): Passing null to parameter #2 ($subject) of type string is deprecated
[ error ] [8192]preg_match(): Passing null to parameter #2 ($subject) of type string is deprecated
---------------------------------------------------------------
[ 2026-03-16T21:29:36+08:00 ] 204.76.203.18 GET 120.24.147.77/
[ error ] [8192]preg_match(): Passing null to parameter #2 ($subject) of type string is deprecated
[ error ] [8192]preg_match(): Passing null to parameter #2 ($subject) of type string is deprecated
[ error ] [8192]preg_match(): Passing null to parameter #2 ($subject) of type string is deprecated
[ error ] [8192]preg_match(): Passing null to parameter #2 ($subject) of type string is deprecated
[ error ] [8192]preg_match(): Passing null to parameter #2 ($subject) of type string is deprecated
[ error ] [8192]preg_match(): Passing null to parameter #2 ($subject) of type string is deprecated
[ error ] [8192]preg_match(): Passing null to parameter #2 ($subject) of type string is deprecated
[ error ] [8192]preg_match(): Passing null to parameter #2 ($subject) of type string is deprecated
[ error ] [8192]Automatic conversion of false to array is deprecated
[ error ] [2]Undefined array key "title"
[ error ] [2]Undefined array key "title"
[ error ] [2]Undefined array key "title"
[ error ] [2]Undefined array key "title"
---------------------------------------------------------------
[ 2026-03-16T21:29:38+08:00 ] 204.76.203.18 GET 120.24.147.77/
[ error ] [8192]preg_match(): Passing null to parameter #2 ($subject) of type string is deprecated
[ error ] [8192]preg_match(): Passing null to parameter #2 ($subject) of type string is deprecated
[ error ] [8192]preg_match(): Passing null to parameter #2 ($subject) of type string is deprecated
[ error ] [8192]preg_match(): Passing null to parameter #2 ($subject) of type string is deprecated
[ error ] [8192]preg_match(): Passing null to parameter #2 ($subject) of type string is deprecated
[ error ] [8192]preg_match(): Passing null to parameter #2 ($subject) of type string is deprecated
[ error ] [8192]preg_match(): Passing null to parameter #2 ($subject) of type string is deprecated
[ error ] [8192]preg_match(): Passing null to parameter #2 ($subject) of type string is deprecated
[ error ] [8192]Automatic conversion of false to array is deprecated
[ error ] [2]Undefined array key "title"
[ error ] [2]Undefined array key "title"
[ error ] [2]Undefined array key "title"
[ error ] [2]Undefined array key "title"
---------------------------------------------------------------
[ 2026-03-16T21:29:40+08:00 ] 204.76.203.18 GET 120.24.147.77/
[ error ] [8192]preg_match(): Passing null to parameter #2 ($subject) of type string is deprecated
[ error ] [8192]preg_match(): Passing null to parameter #2 ($subject) of type string is deprecated
[ error ] [8192]preg_match(): Passing null to parameter #2 ($subject) of type string is deprecated
[ error ] [8192]preg_match(): Passing null to parameter #2 ($subject) of type string is deprecated
[ error ] [8192]preg_match(): Passing null to parameter #2 ($subject) of type string is deprecated
[ error ] [8192]preg_match(): Passing null to parameter #2 ($subject) of type string is deprecated
[ error ] [8192]preg_match(): Passing null to parameter #2 ($subject) of type string is deprecated
[ error ] [8192]preg_match(): Passing null to parameter #2 ($subject) of type string is deprecated
[ error ] [8192]Automatic conversion of false to array is deprecated
[ error ] [2]Undefined array key "title"
[ error ] [2]Undefined array key "title"
[ error ] [2]Undefined array key "title"
[ error ] [2]Undefined array key "title"
---------------------------------------------------------------
[ 2026-03-16T21:29:41+08:00 ] 204.76.203.18 GET 120.24.147.77/
[ error ] [8192]preg_match(): Passing null to parameter #2 ($subject) of type string is deprecated
[ error ] [8192]preg_match(): Passing null to parameter #2 ($subject) of type string is deprecated
[ error ] [8192]preg_match(): Passing null to parameter #2 ($subject) of type string is deprecated
[ error ] [8192]preg_match(): Passing null to parameter #2 ($subject) of type string is deprecated
[ error ] [8192]preg_match(): Passing null to parameter #2 ($subject) of type string is deprecated
[ error ] [8192]preg_match(): Passing null to parameter #2 ($subject) of type string is deprecated
[ error ] [8192]preg_match(): Passing null to parameter #2 ($subject) of type string is deprecated
[ error ] [8192]preg_match(): Passing null to parameter #2 ($subject) of type string is deprecated
[ error ] [8192]Automatic conversion of false to array is deprecated
[ error ] [2]Undefined array key "title"
[ error ] [2]Undefined array key "title"
[ error ] [2]Undefined array key "title"
[ error ] [2]Undefined array key "title"
---------------------------------------------------------------
[ 2026-03-16T22:00:20+08:00 ] 71.6.232.22 GET 120.24.147.77/
[ error ] [8192]preg_match(): Passing null to parameter #2 ($subject) of type string is deprecated
[ error ] [8192]preg_match(): Passing null to parameter #2 ($subject) of type string is deprecated
[ error ] [8192]preg_match(): Passing null to parameter #2 ($subject) of type string is deprecated
[ error ] [8192]preg_match(): Passing null to parameter #2 ($subject) of type string is deprecated
[ error ] [8192]preg_match(): Passing null to parameter #2 ($subject) of type string is deprecated
[ error ] [8192]preg_match(): Passing null to parameter #2 ($subject) of type string is deprecated
[ error ] [8192]preg_match(): Passing null to parameter #2 ($subject) of type string is deprecated
[ error ] [8192]preg_match(): Passing null to parameter #2 ($subject) of type string is deprecated
[ error ] [8192]Automatic conversion of false to array is deprecated
[ error ] [2]Undefined array key "title"
[ error ] [2]Undefined array key "title"
[ error ] [2]Undefined array key "title"
[ error ] [2]Undefined array key "title"
---------------------------------------------------------------
[ 2026-03-16T22:03:57+08:00 ] 52.167.144.158 GET www.punalei.cn/ldcms/punaleiPNAIdangongnenganguixilie/304.html
[ error ] [8192]preg_match(): Passing null to parameter #2 ($subject) of type string is deprecated
[ error ] [8192]preg_match(): Passing null to parameter #2 ($subject) of type string is deprecated
[ error ] [8192]preg_match(): Passing null to parameter #2 ($subject) of type string is deprecated
[ error ] [8192]preg_match(): Passing null to parameter #2 ($subject) of type string is deprecated
[ error ] [8192]preg_match(): Passing null to parameter #2 ($subject) of type string is deprecated
[ error ] [8192]preg_match(): Passing null to parameter #2 ($subject) of type string is deprecated
[ error ] [8192]preg_match(): Passing null to parameter #2 ($subject) of type string is deprecated
[ error ] [8192]preg_match(): Passing null to parameter #2 ($subject) of type string is deprecated
[ error ] [8192]Automatic conversion of false to array is deprecated
---------------------------------------------------------------
[ 2026-03-16T22:09:45+08:00 ] 172.94.9.253 GET 120.24.147.77/.git/config
[ error ] [8192]preg_match(): Passing null to parameter #2 ($subject) of type string is deprecated
[ error ] [8192]preg_match(): Passing null to parameter #2 ($subject) of type string is deprecated
[ error ] [8192]preg_match(): Passing null to parameter #2 ($subject) of type string is deprecated
[ error ] [8192]preg_match(): Passing null to parameter #2 ($subject) of type string is deprecated
[ error ] [8192]preg_match(): Passing null to parameter #2 ($subject) of type string is deprecated
[ error ] [8192]preg_match(): Passing null to parameter #2 ($subject) of type string is deprecated
---------------------------------------------------------------
[ 2026-03-16T22:13:34+08:00 ] 34.61.82.184 GET 120.24.147.77/
[ error ] [8192]preg_match(): Passing null to parameter #2 ($subject) of type string is deprecated
[ error ] [8192]preg_match(): Passing null to parameter #2 ($subject) of type string is deprecated
[ error ] [8192]preg_match(): Passing null to parameter #2 ($subject) of type string is deprecated
[ error ] [8192]preg_match(): Passing null to parameter #2 ($subject) of type string is deprecated
[ error ] [8192]preg_match(): Passing null to parameter #2 ($subject) of type string is deprecated
[ error ] [8192]preg_match(): Passing null to parameter #2 ($subject) of type string is deprecated
[ error ] [8192]preg_match(): Passing null to parameter #2 ($subject) of type string is deprecated
[ error ] [8192]preg_match(): Passing null to parameter #2 ($subject) of type string is deprecated
[ error ] [8192]Automatic conversion of false to array is deprecated
[ error ] [2]Undefined array key "title"
[ error ] [2]Undefined array key "title"
[ error ] [2]Undefined array key "title"
[ error ] [2]Undefined array key "title"
---------------------------------------------------------------
[ 2026-03-16T22:14:37+08:00 ] 113.215.189.72 GET punalei.cn/
[ error ] [8192]preg_match(): Passing null to parameter #2 ($subject) of type string is deprecated
[ error ] [8192]preg_match(): Passing null to parameter #2 ($subject) of type string is deprecated
[ error ] [8192]preg_match(): Passing null to parameter #2 ($subject) of type string is deprecated
[ error ] [8192]preg_match(): Passing null to parameter #2 ($subject) of type string is deprecated
[ error ] [8192]preg_match(): Passing null to parameter #2 ($subject) of type string is deprecated
[ error ] [8192]preg_match(): Passing null to parameter #2 ($subject) of type string is deprecated
[ error ] [8192]preg_match(): Passing null to parameter #2 ($subject) of type string is deprecated
[ error ] [8192]preg_match(): Passing null to parameter #2 ($subject) of type string is deprecated
[ error ] [8192]Automatic conversion of false to array is deprecated
[ error ] [2]Undefined array key "title"
[ error ] [2]Undefined array key "title"
[ error ] [2]Undefined array key "title"
[ error ] [2]Undefined array key "title"
---------------------------------------------------------------
[ 2026-03-16T22:14:37+08:00 ] 113.215.189.72 GET punalei.cn/
[ error ] [2]Undefined array key "title"
[ error ] [2]Undefined array key "title"
[ error ] [2]Undefined array key "title"
[ error ] [2]Undefined array key "title"
---------------------------------------------------------------
[ 2026-03-16T22:14:52+08:00 ] 113.215.189.72 GET punalei.cn/
[ error ] [2]Undefined array key "title"
[ error ] [2]Undefined array key "title"
[ error ] [2]Undefined array key "title"
[ error ] [2]Undefined array key "title"
---------------------------------------------------------------
[ 2026-03-16T22:14:53+08:00 ] 113.215.189.72 GET punalei.cn/
[ error ] [2]Undefined array key "title"
[ error ] [2]Undefined array key "title"
[ error ] [2]Undefined array key "title"
[ error ] [2]Undefined array key "title"
---------------------------------------------------------------
[ 2026-03-16T22:14:53+08:00 ] 113.215.189.72 GET punalei.cn/
[ error ] [2]Undefined array key "title"
[ error ] [2]Undefined array key "title"
[ error ] [2]Undefined array key "title"
[ error ] [2]Undefined array key "title"
---------------------------------------------------------------
[ 2026-03-16T22:14:53+08:00 ] 113.215.189.72 GET punalei.cn/
[ error ] [2]Undefined array key "title"
[ error ] [2]Undefined array key "title"
[ error ] [2]Undefined array key "title"
[ error ] [2]Undefined array key "title"
---------------------------------------------------------------
[ 2026-03-16T22:14:54+08:00 ] 113.215.189.72 GET punalei.cn/
[ error ] [2]Undefined array key "title"
[ error ] [2]Undefined array key "title"
[ error ] [2]Undefined array key "title"
[ error ] [2]Undefined array key "title"
---------------------------------------------------------------
[ 2026-03-16T22:18:48+08:00 ] 192.3.101.25 GET 120.24.147.77/guacamole/
[ error ] [8192]preg_match(): Passing null to parameter #2 ($subject) of type string is deprecated
[ error ] [8192]preg_match(): Passing null to parameter #2 ($subject) of type string is deprecated
[ error ] [8192]preg_match(): Passing null to parameter #2 ($subject) of type string is deprecated
[ error ] [8192]preg_match(): Passing null to parameter #2 ($subject) of type string is deprecated
[ error ] [8192]preg_match(): Passing null to parameter #2 ($subject) of type string is deprecated
[ error ] [8192]preg_match(): Passing null to parameter #2 ($subject) of type string is deprecated
---------------------------------------------------------------
[ 2026-03-16T22:18:48+08:00 ] 192.3.101.25 GET 120.24.147.77/guacamole/
[ error ] [8192]preg_match(): Passing null to parameter #2 ($subject) of type string is deprecated
[ error ] [8192]preg_match(): Passing null to parameter #2 ($subject) of type string is deprecated
[ error ] [8192]preg_match(): Passing null to parameter #2 ($subject) of type string is deprecated
[ error ] [8192]preg_match(): Passing null to parameter #2 ($subject) of type string is deprecated
[ error ] [8192]preg_match(): Passing null to parameter #2 ($subject) of type string is deprecated
[ error ] [8192]preg_match(): Passing null to parameter #2 ($subject) of type string is deprecated
---------------------------------------------------------------
[ 2026-03-16T22:19:01+08:00 ] 40.77.167.73 GET www.punalei.cn/ldcms/zhiliudianzifuzai/332.html
[ error ] [8192]preg_match(): Passing null to parameter #2 ($subject) of type string is deprecated
[ error ] [8192]preg_match(): Passing null to parameter #2 ($subject) of type string is deprecated
[ error ] [8192]preg_match(): Passing null to parameter #2 ($subject) of type string is deprecated
[ error ] [8192]preg_match(): Passing null to parameter #2 ($subject) of type string is deprecated
[ error ] [8192]preg_match(): Passing null to parameter #2 ($subject) of type string is deprecated
[ error ] [8192]preg_match(): Passing null to parameter #2 ($subject) of type string is deprecated
[ error ] [8192]preg_match(): Passing null to parameter #2 ($subject) of type string is deprecated
[ error ] [8192]preg_match(): Passing null to parameter #2 ($subject) of type string is deprecated
[ error ] [8192]Automatic conversion of false to array is deprecated
---------------------------------------------------------------
[ 2026-03-16T22:19:12+08:00 ] 27.21.28.16 GET www.punalei.cn/
[ error ] [8192]preg_match(): Passing null to parameter #2 ($subject) of type string is deprecated
[ error ] [8192]preg_match(): Passing null to parameter #2 ($subject) of type string is deprecated
[ error ] [8192]preg_match(): Passing null to parameter #2 ($subject) of type string is deprecated
[ error ] [8192]preg_match(): Passing null to parameter #2 ($subject) of type string is deprecated
[ error ] [8192]preg_match(): Passing null to parameter #2 ($subject) of type string is deprecated
[ error ] [8192]preg_match(): Passing null to parameter #2 ($subject) of type string is deprecated
[ error ] [8192]preg_match(): Passing null to parameter #2 ($subject) of type string is deprecated
[ error ] [8192]preg_match(): Passing null to parameter #2 ($subject) of type string is deprecated
[ error ] [8192]Automatic conversion of false to array is deprecated
[ error ] [2]Undefined array key "title"
[ error ] [2]Undefined array key "title"
[ error ] [2]Undefined array key "title"
[ error ] [2]Undefined array key "title"
---------------------------------------------------------------
[ 2026-03-16T22:19:12+08:00 ] 27.21.28.16 GET www.punalei.cn/ldcms/lianxiwomen.html
[ error ] [8192]preg_match(): Passing null to parameter #2 ($subject) of type string is deprecated
[ error ] [8192]preg_match(): Passing null to parameter #2 ($subject) of type string is deprecated
[ error ] [8192]preg_match(): Passing null to parameter #2 ($subject) of type string is deprecated
[ error ] [8192]preg_match(): Passing null to parameter #2 ($subject) of type string is deprecated
[ error ] [8192]preg_match(): Passing null to parameter #2 ($subject) of type string is deprecated
[ error ] [8192]preg_match(): Passing null to parameter #2 ($subject) of type string is deprecated
[ error ] [8192]preg_match(): Passing null to parameter #2 ($subject) of type string is deprecated
[ error ] [8192]preg_match(): Passing null to parameter #2 ($subject) of type string is deprecated
[ error ] [8192]Automatic conversion of false to array is deprecated
---------------------------------------------------------------
[ 2026-03-16T22:19:12+08:00 ] 27.21.28.16 GET www.punalei.cn/lianxiwomen.html
[ error ] [8192]preg_match(): Passing null to parameter #2 ($subject) of type string is deprecated
[ error ] [8192]preg_match(): Passing null to parameter #2 ($subject) of type string is deprecated
[ error ] [8192]preg_match(): Passing null to parameter #2 ($subject) of type string is deprecated
[ error ] [8192]preg_match(): Passing null to parameter #2 ($subject) of type string is deprecated
[ error ] [8192]preg_match(): Passing null to parameter #2 ($subject) of type string is deprecated
[ error ] [8192]preg_match(): Passing null to parameter #2 ($subject) of type string is deprecated
---------------------------------------------------------------
[ 2026-03-16T22:19:12+08:00 ] 27.21.28.16 GET www.punalei.cn/lianxiwomen.html
[ error ] [8192]preg_match(): Passing null to parameter #2 ($subject) of type string is deprecated
[ error ] [8192]preg_match(): Passing null to parameter #2 ($subject) of type string is deprecated
[ error ] [8192]preg_match(): Passing null to parameter #2 ($subject) of type string is deprecated
[ error ] [8192]preg_match(): Passing null to parameter #2 ($subject) of type string is deprecated
[ error ] [8192]preg_match(): Passing null to parameter #2 ($subject) of type string is deprecated
[ error ] [8192]preg_match(): Passing null to parameter #2 ($subject) of type string is deprecated
---------------------------------------------------------------
[ 2026-03-16T22:23:59+08:00 ] 194.233.90.212 GET 120.24.147.77/
[ error ] [8192]preg_match(): Passing null to parameter #2 ($subject) of type string is deprecated
[ error ] [8192]preg_match(): Passing null to parameter #2 ($subject) of type string is deprecated
[ error ] [8192]preg_match(): Passing null to parameter #2 ($subject) of type string is deprecated
[ error ] [8192]preg_match(): Passing null to parameter #2 ($subject) of type string is deprecated
[ error ] [8192]preg_match(): Passing null to parameter #2 ($subject) of type string is deprecated
[ error ] [8192]preg_match(): Passing null to parameter #2 ($subject) of type string is deprecated
[ error ] [8192]preg_match(): Passing null to parameter #2 ($subject) of type string is deprecated
[ error ] [8192]preg_match(): Passing null to parameter #2 ($subject) of type string is deprecated
[ error ] [8192]Automatic conversion of false to array is deprecated
[ error ] [2]Undefined array key "title"
[ error ] [2]Undefined array key "title"
[ error ] [2]Undefined array key "title"
[ error ] [2]Undefined array key "title"
---------------------------------------------------------------
[ 2026-03-16T22:37:25+08:00 ] 77.83.39.103 GET 120.24.147.77/.env
[ error ] [8192]preg_match(): Passing null to parameter #2 ($subject) of type string is deprecated
[ error ] [8192]preg_match(): Passing null to parameter #2 ($subject) of type string is deprecated
[ error ] [8192]preg_match(): Passing null to parameter #2 ($subject) of type string is deprecated
[ error ] [8192]preg_match(): Passing null to parameter #2 ($subject) of type string is deprecated
[ error ] [8192]preg_match(): Passing null to parameter #2 ($subject) of type string is deprecated
[ error ] [8192]preg_match(): Passing null to parameter #2 ($subject) of type string is deprecated
---------------------------------------------------------------
[ 2026-03-16T22:37:27+08:00 ] 77.83.39.103 GET 120.24.147.77/.env
[ error ] [8192]preg_match(): Passing null to parameter #2 ($subject) of type string is deprecated
[ error ] [8192]preg_match(): Passing null to parameter #2 ($subject) of type string is deprecated
[ error ] [8192]preg_match(): Passing null to parameter #2 ($subject) of type string is deprecated
[ error ] [8192]preg_match(): Passing null to parameter #2 ($subject) of type string is deprecated
[ error ] [8192]preg_match(): Passing null to parameter #2 ($subject) of type string is deprecated
[ error ] [8192]preg_match(): Passing null to parameter #2 ($subject) of type string is deprecated
---------------------------------------------------------------
[ 2026-03-16T22:48:18+08:00 ] 27.14.175.204 GET nice2user-prod.topchao.cn/api/v1/physical-products/PHY-01KKV3BYNG7C7FYRAZDT1QNHPK
[ error ] [8192]preg_match(): Passing null to parameter #2 ($subject) of type string is deprecated
[ error ] [8192]preg_match(): Passing null to parameter #2 ($subject) of type string is deprecated
[ error ] [8192]preg_match(): Passing null to parameter #2 ($subject) of type string is deprecated
[ error ] [8192]preg_match(): Passing null to parameter #2 ($subject) of type string is deprecated
[ error ] [8192]preg_match(): Passing null to parameter #2 ($subject) of type string is deprecated
[ error ] [8192]preg_match(): Passing null to parameter #2 ($subject) of type string is deprecated
---------------------------------------------------------------
[ 2026-03-16T22:48:18+08:00 ] 27.14.175.204 GET nice2user-prod.topchao.cn/api/v1/physical-products/PHY-01KKV3BYNG7C7FYRAZDT1QNHPK
[ error ] [8192]preg_match(): Passing null to parameter #2 ($subject) of type string is deprecated
[ error ] [8192]preg_match(): Passing null to parameter #2 ($subject) of type string is deprecated
[ error ] [8192]preg_match(): Passing null to parameter #2 ($subject) of type string is deprecated
[ error ] [8192]preg_match(): Passing null to parameter #2 ($subject) of type string is deprecated
[ error ] [8192]preg_match(): Passing null to parameter #2 ($subject) of type string is deprecated
[ error ] [8192]preg_match(): Passing null to parameter #2 ($subject) of type string is deprecated
---------------------------------------------------------------
[ 2026-03-16T22:52:09+08:00 ] 43.135.2.147 GET www.punalei.cn/
[ error ] [8192]preg_match(): Passing null to parameter #2 ($subject) of type string is deprecated
[ error ] [8192]preg_match(): Passing null to parameter #2 ($subject) of type string is deprecated
[ error ] [8192]preg_match(): Passing null to parameter #2 ($subject) of type string is deprecated
[ error ] [8192]preg_match(): Passing null to parameter #2 ($subject) of type string is deprecated
[ error ] [8192]preg_match(): Passing null to parameter #2 ($subject) of type string is deprecated
[ error ] [8192]preg_match(): Passing null to parameter #2 ($subject) of type string is deprecated
[ error ] [8192]preg_match(): Passing null to parameter #2 ($subject) of type string is deprecated
[ error ] [8192]preg_match(): Passing null to parameter #2 ($subject) of type string is deprecated
[ error ] [8192]Automatic conversion of false to array is deprecated
[ error ] [2]Undefined array key "title"
[ error ] [2]Undefined array key "title"
[ error ] [2]Undefined array key "title"
[ error ] [2]Undefined array key "title"
---------------------------------------------------------------
[ 2026-03-16T22:52:23+08:00 ] 43.135.2.147 GET www.punalei.cn/
[ error ] [8192]preg_match(): Passing null to parameter #2 ($subject) of type string is deprecated
[ error ] [8192]preg_match(): Passing null to parameter #2 ($subject) of type string is deprecated
[ error ] [8192]preg_match(): Passing null to parameter #2 ($subject) of type string is deprecated
[ error ] [8192]preg_match(): Passing null to parameter #2 ($subject) of type string is deprecated
[ error ] [8192]preg_match(): Passing null to parameter #2 ($subject) of type string is deprecated
[ error ] [8192]preg_match(): Passing null to parameter #2 ($subject) of type string is deprecated
[ error ] [8192]preg_match(): Passing null to parameter #2 ($subject) of type string is deprecated
[ error ] [8192]preg_match(): Passing null to parameter #2 ($subject) of type string is deprecated
[ error ] [8192]Automatic conversion of false to array is deprecated
[ error ] [2]Undefined array key "title"
[ error ] [2]Undefined array key "title"
[ error ] [2]Undefined array key "title"
[ error ] [2]Undefined array key "title"
---------------------------------------------------------------
[ 2026-03-16T22:56:56+08:00 ] 39.100.77.127 GET 120.24.147.77/
[ error ] [8192]preg_match(): Passing null to parameter #2 ($subject) of type string is deprecated
[ error ] [8192]preg_match(): Passing null to parameter #2 ($subject) of type string is deprecated
[ error ] [8192]preg_match(): Passing null to parameter #2 ($subject) of type string is deprecated
[ error ] [8192]preg_match(): Passing null to parameter #2 ($subject) of type string is deprecated
[ error ] [8192]preg_match(): Passing null to parameter #2 ($subject) of type string is deprecated
[ error ] [8192]preg_match(): Passing null to parameter #2 ($subject) of type string is deprecated
[ error ] [8192]preg_match(): Passing null to parameter #2 ($subject) of type string is deprecated
[ error ] [8192]preg_match(): Passing null to parameter #2 ($subject) of type string is deprecated
[ error ] [8192]Automatic conversion of false to array is deprecated
[ error ] [2]Undefined array key "title"
[ error ] [2]Undefined array key "title"
[ error ] [2]Undefined array key "title"
[ error ] [2]Undefined array key "title"
---------------------------------------------------------------
[ 2026-03-16T22:58:19+08:00 ] 81.29.142.6 GET 120.24.147.77/
[ error ] [8192]preg_match(): Passing null to parameter #2 ($subject) of type string is deprecated
[ error ] [8192]preg_match(): Passing null to parameter #2 ($subject) of type string is deprecated
[ error ] [8192]preg_match(): Passing null to parameter #2 ($subject) of type string is deprecated
[ error ] [8192]preg_match(): Passing null to parameter #2 ($subject) of type string is deprecated
[ error ] [8192]preg_match(): Passing null to parameter #2 ($subject) of type string is deprecated
[ error ] [8192]preg_match(): Passing null to parameter #2 ($subject) of type string is deprecated
[ error ] [8192]preg_match(): Passing null to parameter #2 ($subject) of type string is deprecated
[ error ] [8192]preg_match(): Passing null to parameter #2 ($subject) of type string is deprecated
[ error ] [8192]Automatic conversion of false to array is deprecated
[ error ] [2]Undefined array key "title"
[ error ] [2]Undefined array key "title"
[ error ] [2]Undefined array key "title"
[ error ] [2]Undefined array key "title"
---------------------------------------------------------------
[ 2026-03-16T22:58:23+08:00 ] 81.29.142.6 GET 120.24.147.77/.well-known/security.txt
[ error ] [8192]preg_match(): Passing null to parameter #2 ($subject) of type string is deprecated
[ error ] [8192]preg_match(): Passing null to parameter #2 ($subject) of type string is deprecated
[ error ] [8192]preg_match(): Passing null to parameter #2 ($subject) of type string is deprecated
[ error ] [8192]preg_match(): Passing null to parameter #2 ($subject) of type string is deprecated
[ error ] [8192]preg_match(): Passing null to parameter #2 ($subject) of type string is deprecated
[ error ] [8192]preg_match(): Passing null to parameter #2 ($subject) of type string is deprecated
---------------------------------------------------------------
[ 2026-03-16T22:58:25+08:00 ] 81.29.142.6 GET 120.24.147.77/favicon.ico
[ error ] [8192]preg_match(): Passing null to parameter #2 ($subject) of type string is deprecated
[ error ] [8192]preg_match(): Passing null to parameter #2 ($subject) of type string is deprecated
[ error ] [8192]preg_match(): Passing null to parameter #2 ($subject) of type string is deprecated
[ error ] [8192]preg_match(): Passing null to parameter #2 ($subject) of type string is deprecated
[ error ] [8192]preg_match(): Passing null to parameter #2 ($subject) of type string is deprecated
[ error ] [8192]preg_match(): Passing null to parameter #2 ($subject) of type string is deprecated
---------------------------------------------------------------
[ 2026-03-16T22:58:25+08:00 ] 81.29.142.6 GET 120.24.147.77/favicon.ico
[ error ] [8192]preg_match(): Passing null to parameter #2 ($subject) of type string is deprecated
[ error ] [8192]preg_match(): Passing null to parameter #2 ($subject) of type string is deprecated
[ error ] [8192]preg_match(): Passing null to parameter #2 ($subject) of type string is deprecated
[ error ] [8192]preg_match(): Passing null to parameter #2 ($subject) of type string is deprecated
[ error ] [8192]preg_match(): Passing null to parameter #2 ($subject) of type string is deprecated
[ error ] [8192]preg_match(): Passing null to parameter #2 ($subject) of type string is deprecated
---------------------------------------------------------------
[ 2026-03-16T22:58:28+08:00 ] 81.29.142.6 GET 120.24.147.77/security.txt
[ error ] [8192]preg_match(): Passing null to parameter #2 ($subject) of type string is deprecated
[ error ] [8192]preg_match(): Passing null to parameter #2 ($subject) of type string is deprecated
[ error ] [8192]preg_match(): Passing null to parameter #2 ($subject) of type string is deprecated
[ error ] [8192]preg_match(): Passing null to parameter #2 ($subject) of type string is deprecated
[ error ] [8192]preg_match(): Passing null to parameter #2 ($subject) of type string is deprecated
[ error ] [8192]preg_match(): Passing null to parameter #2 ($subject) of type string is deprecated
---------------------------------------------------------------
[ 2026-03-16T22:58:28+08:00 ] 81.29.142.6 GET 120.24.147.77/security.txt
[ error ] [8192]preg_match(): Passing null to parameter #2 ($subject) of type string is deprecated
[ error ] [8192]preg_match(): Passing null to parameter #2 ($subject) of type string is deprecated
[ error ] [8192]preg_match(): Passing null to parameter #2 ($subject) of type string is deprecated
[ error ] [8192]preg_match(): Passing null to parameter #2 ($subject) of type string is deprecated
[ error ] [8192]preg_match(): Passing null to parameter #2 ($subject) of type string is deprecated
[ error ] [8192]preg_match(): Passing null to parameter #2 ($subject) of type string is deprecated
---------------------------------------------------------------
[ 2026-03-16T22:58:30+08:00 ] 81.29.142.6 GET 120.24.147.77/favicon.ico
[ error ] [8192]preg_match(): Passing null to parameter #2 ($subject) of type string is deprecated
[ error ] [8192]preg_match(): Passing null to parameter #2 ($subject) of type string is deprecated
[ error ] [8192]preg_match(): Passing null to parameter #2 ($subject) of type string is deprecated
[ error ] [8192]preg_match(): Passing null to parameter #2 ($subject) of type string is deprecated
[ error ] [8192]preg_match(): Passing null to parameter #2 ($subject) of type string is deprecated
[ error ] [8192]preg_match(): Passing null to parameter #2 ($subject) of type string is deprecated
---------------------------------------------------------------
[ 2026-03-16T22:58:30+08:00 ] 81.29.142.6 GET 120.24.147.77/favicon.ico
[ error ] [8192]preg_match(): Passing null to parameter #2 ($subject) of type string is deprecated
[ error ] [8192]preg_match(): Passing null to parameter #2 ($subject) of type string is deprecated
[ error ] [8192]preg_match(): Passing null to parameter #2 ($subject) of type string is deprecated
[ error ] [8192]preg_match(): Passing null to parameter #2 ($subject) of type string is deprecated
[ error ] [8192]preg_match(): Passing null to parameter #2 ($subject) of type string is deprecated
[ error ] [8192]preg_match(): Passing null to parameter #2 ($subject) of type string is deprecated
---------------------------------------------------------------
[ 2026-03-16T23:08:15+08:00 ] 39.98.33.133 GET 120.24.147.77/
[ error ] [8192]preg_match(): Passing null to parameter #2 ($subject) of type string is deprecated
[ error ] [8192]preg_match(): Passing null to parameter #2 ($subject) of type string is deprecated
[ error ] [8192]preg_match(): Passing null to parameter #2 ($subject) of type string is deprecated
[ error ] [8192]preg_match(): Passing null to parameter #2 ($subject) of type string is deprecated
[ error ] [8192]preg_match(): Passing null to parameter #2 ($subject) of type string is deprecated
[ error ] [8192]preg_match(): Passing null to parameter #2 ($subject) of type string is deprecated
[ error ] [8192]preg_match(): Passing null to parameter #2 ($subject) of type string is deprecated
[ error ] [8192]preg_match(): Passing null to parameter #2 ($subject) of type string is deprecated
[ error ] [8192]Automatic conversion of false to array is deprecated
[ error ] [2]Undefined array key "title"
[ error ] [2]Undefined array key "title"
[ error ] [2]Undefined array key "title"
[ error ] [2]Undefined array key "title"
---------------------------------------------------------------
[ 2026-03-16T23:08:18+08:00 ] 45.148.10.238 GET punalei.cn/.git/config
[ error ] [8192]preg_match(): Passing null to parameter #2 ($subject) of type string is deprecated
[ error ] [8192]preg_match(): Passing null to parameter #2 ($subject) of type string is deprecated
[ error ] [8192]preg_match(): Passing null to parameter #2 ($subject) of type string is deprecated
[ error ] [8192]preg_match(): Passing null to parameter #2 ($subject) of type string is deprecated
[ error ] [8192]preg_match(): Passing null to parameter #2 ($subject) of type string is deprecated
[ error ] [8192]preg_match(): Passing null to parameter #2 ($subject) of type string is deprecated
---------------------------------------------------------------
[ 2026-03-16T23:10:12+08:00 ] 149.86.227.60 GET 120.24.147.77/
[ error ] [8192]preg_match(): Passing null to parameter #2 ($subject) of type string is deprecated
[ error ] [8192]preg_match(): Passing null to parameter #2 ($subject) of type string is deprecated
[ error ] [8192]preg_match(): Passing null to parameter #2 ($subject) of type string is deprecated
[ error ] [8192]preg_match(): Passing null to parameter #2 ($subject) of type string is deprecated
[ error ] [8192]preg_match(): Passing null to parameter #2 ($subject) of type string is deprecated
[ error ] [8192]preg_match(): Passing null to parameter #2 ($subject) of type string is deprecated
[ error ] [8192]preg_match(): Passing null to parameter #2 ($subject) of type string is deprecated
[ error ] [8192]preg_match(): Passing null to parameter #2 ($subject) of type string is deprecated
[ error ] [8192]Automatic conversion of false to array is deprecated
[ error ] [2]Undefined array key "title"
[ error ] [2]Undefined array key "title"
[ error ] [2]Undefined array key "title"
[ error ] [2]Undefined array key "title"
---------------------------------------------------------------
[ 2026-03-16T23:11:16+08:00 ] 43.135.2.147 POST www.punalei.cn/admin/upload/upload
[ error ] [8192]preg_match(): Passing null to parameter #2 ($subject) of type string is deprecated
[ error ] [8192]preg_match(): Passing null to parameter #2 ($subject) of type string is deprecated
[ error ] [8192]preg_match(): Passing null to parameter #2 ($subject) of type string is deprecated
[ error ] [8192]preg_match(): Passing null to parameter #2 ($subject) of type string is deprecated
[ error ] [8192]preg_match(): Passing null to parameter #2 ($subject) of type string is deprecated
[ error ] [8192]preg_match(): Passing null to parameter #2 ($subject) of type string is deprecated
---------------------------------------------------------------
[ 2026-03-16T23:11:16+08:00 ] 43.135.2.147 GET www.punalei.cn/admin/upload/upload
[ error ] [8192]preg_match(): Passing null to parameter #2 ($subject) of type string is deprecated
[ error ] [8192]preg_match(): Passing null to parameter #2 ($subject) of type string is deprecated
[ error ] [8192]preg_match(): Passing null to parameter #2 ($subject) of type string is deprecated
[ error ] [8192]preg_match(): Passing null to parameter #2 ($subject) of type string is deprecated
[ error ] [8192]preg_match(): Passing null to parameter #2 ($subject) of type string is deprecated
[ error ] [8192]preg_match(): Passing null to parameter #2 ($subject) of type string is deprecated
---------------------------------------------------------------
[ 2026-03-16T23:11:30+08:00 ] 43.135.2.147 POST www.punalei.cn/admin/upload/upload
[ error ] [8192]preg_match(): Passing null to parameter #2 ($subject) of type string is deprecated
[ error ] [8192]preg_match(): Passing null to parameter #2 ($subject) of type string is deprecated
[ error ] [8192]preg_match(): Passing null to parameter #2 ($subject) of type string is deprecated
[ error ] [8192]preg_match(): Passing null to parameter #2 ($subject) of type string is deprecated
[ error ] [8192]preg_match(): Passing null to parameter #2 ($subject) of type string is deprecated
[ error ] [8192]preg_match(): Passing null to parameter #2 ($subject) of type string is deprecated
---------------------------------------------------------------
[ 2026-03-16T23:11:35+08:00 ] 43.135.2.147 POST www.punalei.cn/admin/upload/upload
[ error ] [8192]preg_match(): Passing null to parameter #2 ($subject) of type string is deprecated
[ error ] [8192]preg_match(): Passing null to parameter #2 ($subject) of type string is deprecated
[ error ] [8192]preg_match(): Passing null to parameter #2 ($subject) of type string is deprecated
[ error ] [8192]preg_match(): Passing null to parameter #2 ($subject) of type string is deprecated
[ error ] [8192]preg_match(): Passing null to parameter #2 ($subject) of type string is deprecated
[ error ] [8192]preg_match(): Passing null to parameter #2 ($subject) of type string is deprecated
---------------------------------------------------------------
[ 2026-03-16T23:11:35+08:00 ] 43.135.2.147 GET www.punalei.cn/admin/upload/upload
[ error ] [8192]preg_match(): Passing null to parameter #2 ($subject) of type string is deprecated
[ error ] [8192]preg_match(): Passing null to parameter #2 ($subject) of type string is deprecated
[ error ] [8192]preg_match(): Passing null to parameter #2 ($subject) of type string is deprecated
[ error ] [8192]preg_match(): Passing null to parameter #2 ($subject) of type string is deprecated
[ error ] [8192]preg_match(): Passing null to parameter #2 ($subject) of type string is deprecated
[ error ] [8192]preg_match(): Passing null to parameter #2 ($subject) of type string is deprecated
---------------------------------------------------------------
[ 2026-03-16T23:11:58+08:00 ] 43.135.2.147 POST www.punalei.cn/admin/upload/upload
[ error ] [8192]preg_match(): Passing null to parameter #2 ($subject) of type string is deprecated
[ error ] [8192]preg_match(): Passing null to parameter #2 ($subject) of type string is deprecated
[ error ] [8192]preg_match(): Passing null to parameter #2 ($subject) of type string is deprecated
[ error ] [8192]preg_match(): Passing null to parameter #2 ($subject) of type string is deprecated
[ error ] [8192]preg_match(): Passing null to parameter #2 ($subject) of type string is deprecated
[ error ] [8192]preg_match(): Passing null to parameter #2 ($subject) of type string is deprecated
---------------------------------------------------------------
[ 2026-03-16T23:11:58+08:00 ] 43.135.2.147 GET www.punalei.cn/admin/upload/upload
[ error ] [8192]preg_match(): Passing null to parameter #2 ($subject) of type string is deprecated
[ error ] [8192]preg_match(): Passing null to parameter #2 ($subject) of type string is deprecated
[ error ] [8192]preg_match(): Passing null to parameter #2 ($subject) of type string is deprecated
[ error ] [8192]preg_match(): Passing null to parameter #2 ($subject) of type string is deprecated
[ error ] [8192]preg_match(): Passing null to parameter #2 ($subject) of type string is deprecated
[ error ] [8192]preg_match(): Passing null to parameter #2 ($subject) of type string is deprecated
---------------------------------------------------------------
[ 2026-03-16T23:11:58+08:00 ] 43.135.2.147 POST www.punalei.cn/admin/upload/upload
[ error ] [8192]preg_match(): Passing null to parameter #2 ($subject) of type string is deprecated
[ error ] [8192]preg_match(): Passing null to parameter #2 ($subject) of type string is deprecated
[ error ] [8192]preg_match(): Passing null to parameter #2 ($subject) of type string is deprecated
[ error ] [8192]preg_match(): Passing null to parameter #2 ($subject) of type string is deprecated
[ error ] [8192]preg_match(): Passing null to parameter #2 ($subject) of type string is deprecated
[ error ] [8192]preg_match(): Passing null to parameter #2 ($subject) of type string is deprecated
---------------------------------------------------------------
[ 2026-03-16T23:11:58+08:00 ] 43.135.2.147 GET www.punalei.cn/admin/upload/upload
[ error ] [8192]preg_match(): Passing null to parameter #2 ($subject) of type string is deprecated
[ error ] [8192]preg_match(): Passing null to parameter #2 ($subject) of type string is deprecated
[ error ] [8192]preg_match(): Passing null to parameter #2 ($subject) of type string is deprecated
[ error ] [8192]preg_match(): Passing null to parameter #2 ($subject) of type string is deprecated
[ error ] [8192]preg_match(): Passing null to parameter #2 ($subject) of type string is deprecated
[ error ] [8192]preg_match(): Passing null to parameter #2 ($subject) of type string is deprecated
---------------------------------------------------------------
[ 2026-03-16T23:19:36+08:00 ] 40.77.167.131 GET www.punalei.cn/ldcms/dianzifuzaixilie.html
[ error ] [8192]preg_match(): Passing null to parameter #2 ($subject) of type string is deprecated
[ error ] [8192]preg_match(): Passing null to parameter #2 ($subject) of type string is deprecated
[ error ] [8192]preg_match(): Passing null to parameter #2 ($subject) of type string is deprecated
[ error ] [8192]preg_match(): Passing null to parameter #2 ($subject) of type string is deprecated
[ error ] [8192]preg_match(): Passing null to parameter #2 ($subject) of type string is deprecated
[ error ] [8192]preg_match(): Passing null to parameter #2 ($subject) of type string is deprecated
[ error ] [8192]preg_match(): Passing null to parameter #2 ($subject) of type string is deprecated
[ error ] [8192]preg_match(): Passing null to parameter #2 ($subject) of type string is deprecated
[ error ] [8192]Automatic conversion of false to array is deprecated
---------------------------------------------------------------
[ 2026-03-16T23:30:48+08:00 ] 2.57.122.173 GET punalei.cn/.env
[ error ] [8192]preg_match(): Passing null to parameter #2 ($subject) of type string is deprecated
[ error ] [8192]preg_match(): Passing null to parameter #2 ($subject) of type string is deprecated
[ error ] [8192]preg_match(): Passing null to parameter #2 ($subject) of type string is deprecated
[ error ] [8192]preg_match(): Passing null to parameter #2 ($subject) of type string is deprecated
[ error ] [8192]preg_match(): Passing null to parameter #2 ($subject) of type string is deprecated
[ error ] [8192]preg_match(): Passing null to parameter #2 ($subject) of type string is deprecated
---------------------------------------------------------------
[ 2026-03-16T23:31:06+08:00 ] 20.163.3.234 GET 120.24.147.77/
[ error ] [8192]preg_match(): Passing null to parameter #2 ($subject) of type string is deprecated
[ error ] [8192]preg_match(): Passing null to parameter #2 ($subject) of type string is deprecated
[ error ] [8192]preg_match(): Passing null to parameter #2 ($subject) of type string is deprecated
[ error ] [8192]preg_match(): Passing null to parameter #2 ($subject) of type string is deprecated
[ error ] [8192]preg_match(): Passing null to parameter #2 ($subject) of type string is deprecated
[ error ] [8192]preg_match(): Passing null to parameter #2 ($subject) of type string is deprecated
[ error ] [8192]preg_match(): Passing null to parameter #2 ($subject) of type string is deprecated
[ error ] [8192]preg_match(): Passing null to parameter #2 ($subject) of type string is deprecated
[ error ] [8192]Automatic conversion of false to array is deprecated
[ error ] [2]Undefined array key "title"
[ error ] [2]Undefined array key "title"
[ error ] [2]Undefined array key "title"
[ error ] [2]Undefined array key "title"
---------------------------------------------------------------
[ 2026-03-16T23:36:29+08:00 ] 43.135.2.147 POST www.punalei.cn/admin/upload
[ error ] [8192]preg_match(): Passing null to parameter #2 ($subject) of type string is deprecated
[ error ] [8192]preg_match(): Passing null to parameter #2 ($subject) of type string is deprecated
[ error ] [8192]preg_match(): Passing null to parameter #2 ($subject) of type string is deprecated
[ error ] [8192]preg_match(): Passing null to parameter #2 ($subject) of type string is deprecated
[ error ] [8192]preg_match(): Passing null to parameter #2 ($subject) of type string is deprecated
[ error ] [8192]preg_match(): Passing null to parameter #2 ($subject) of type string is deprecated
---------------------------------------------------------------
[ 2026-03-16T23:36:29+08:00 ] 43.135.2.147 GET www.punalei.cn/admin/upload
[ error ] [8192]preg_match(): Passing null to parameter #2 ($subject) of type string is deprecated
[ error ] [8192]preg_match(): Passing null to parameter #2 ($subject) of type string is deprecated
[ error ] [8192]preg_match(): Passing null to parameter #2 ($subject) of type string is deprecated
[ error ] [8192]preg_match(): Passing null to parameter #2 ($subject) of type string is deprecated
[ error ] [8192]preg_match(): Passing null to parameter #2 ($subject) of type string is deprecated
[ error ] [8192]preg_match(): Passing null to parameter #2 ($subject) of type string is deprecated
---------------------------------------------------------------
[ 2026-03-16T23:36:29+08:00 ] 43.135.2.147 POST www.punalei.cn/admin/upload
[ error ] [8192]preg_match(): Passing null to parameter #2 ($subject) of type string is deprecated
[ error ] [8192]preg_match(): Passing null to parameter #2 ($subject) of type string is deprecated
[ error ] [8192]preg_match(): Passing null to parameter #2 ($subject) of type string is deprecated
[ error ] [8192]preg_match(): Passing null to parameter #2 ($subject) of type string is deprecated
[ error ] [8192]preg_match(): Passing null to parameter #2 ($subject) of type string is deprecated
[ error ] [8192]preg_match(): Passing null to parameter #2 ($subject) of type string is deprecated
---------------------------------------------------------------
[ 2026-03-16T23:36:29+08:00 ] 43.135.2.147 GET www.punalei.cn/admin/upload
[ error ] [8192]preg_match(): Passing null to parameter #2 ($subject) of type string is deprecated
[ error ] [8192]preg_match(): Passing null to parameter #2 ($subject) of type string is deprecated
[ error ] [8192]preg_match(): Passing null to parameter #2 ($subject) of type string is deprecated
[ error ] [8192]preg_match(): Passing null to parameter #2 ($subject) of type string is deprecated
[ error ] [8192]preg_match(): Passing null to parameter #2 ($subject) of type string is deprecated
[ error ] [8192]preg_match(): Passing null to parameter #2 ($subject) of type string is deprecated
---------------------------------------------------------------
[ 2026-03-16T23:36:29+08:00 ] 43.135.2.147 POST www.punalei.cn/admin/upload
[ error ] [8192]preg_match(): Passing null to parameter #2 ($subject) of type string is deprecated
[ error ] [8192]preg_match(): Passing null to parameter #2 ($subject) of type string is deprecated
[ error ] [8192]preg_match(): Passing null to parameter #2 ($subject) of type string is deprecated
[ error ] [8192]preg_match(): Passing null to parameter #2 ($subject) of type string is deprecated
[ error ] [8192]preg_match(): Passing null to parameter #2 ($subject) of type string is deprecated
[ error ] [8192]preg_match(): Passing null to parameter #2 ($subject) of type string is deprecated
---------------------------------------------------------------
[ 2026-03-16T23:36:29+08:00 ] 43.135.2.147 GET www.punalei.cn/admin/upload
[ error ] [8192]preg_match(): Passing null to parameter #2 ($subject) of type string is deprecated
[ error ] [8192]preg_match(): Passing null to parameter #2 ($subject) of type string is deprecated
[ error ] [8192]preg_match(): Passing null to parameter #2 ($subject) of type string is deprecated
[ error ] [8192]preg_match(): Passing null to parameter #2 ($subject) of type string is deprecated
[ error ] [8192]preg_match(): Passing null to parameter #2 ($subject) of type string is deprecated
[ error ] [8192]preg_match(): Passing null to parameter #2 ($subject) of type string is deprecated
---------------------------------------------------------------
[ 2026-03-16T23:36:29+08:00 ] 43.135.2.147 POST www.punalei.cn/admin/upload
[ error ] [8192]preg_match(): Passing null to parameter #2 ($subject) of type string is deprecated
[ error ] [8192]preg_match(): Passing null to parameter #2 ($subject) of type string is deprecated
[ error ] [8192]preg_match(): Passing null to parameter #2 ($subject) of type string is deprecated
[ error ] [8192]preg_match(): Passing null to parameter #2 ($subject) of type string is deprecated
[ error ] [8192]preg_match(): Passing null to parameter #2 ($subject) of type string is deprecated
[ error ] [8192]preg_match(): Passing null to parameter #2 ($subject) of type string is deprecated
---------------------------------------------------------------
[ 2026-03-16T23:36:29+08:00 ] 43.135.2.147 GET www.punalei.cn/admin/upload
[ error ] [8192]preg_match(): Passing null to parameter #2 ($subject) of type string is deprecated
[ error ] [8192]preg_match(): Passing null to parameter #2 ($subject) of type string is deprecated
[ error ] [8192]preg_match(): Passing null to parameter #2 ($subject) of type string is deprecated
[ error ] [8192]preg_match(): Passing null to parameter #2 ($subject) of type string is deprecated
[ error ] [8192]preg_match(): Passing null to parameter #2 ($subject) of type string is deprecated
[ error ] [8192]preg_match(): Passing null to parameter #2 ($subject) of type string is deprecated
---------------------------------------------------------------
[ 2026-03-16T23:50:25+08:00 ] 136.119.24.209 GET punalei.cn/
[ error ] [8192]preg_match(): Passing null to parameter #2 ($subject) of type string is deprecated
[ error ] [8192]preg_match(): Passing null to parameter #2 ($subject) of type string is deprecated
[ error ] [8192]preg_match(): Passing null to parameter #2 ($subject) of type string is deprecated
[ error ] [8192]preg_match(): Passing null to parameter #2 ($subject) of type string is deprecated
[ error ] [8192]preg_match(): Passing null to parameter #2 ($subject) of type string is deprecated
[ error ] [8192]preg_match(): Passing null to parameter #2 ($subject) of type string is deprecated
[ error ] [8192]preg_match(): Passing null to parameter #2 ($subject) of type string is deprecated
[ error ] [8192]preg_match(): Passing null to parameter #2 ($subject) of type string is deprecated
[ error ] [8192]Automatic conversion of false to array is deprecated
[ error ] [2]Undefined array key "title"
[ error ] [2]Undefined array key "title"
[ error ] [2]Undefined array key "title"
[ error ] [2]Undefined array key "title"
---------------------------------------------------------------
[ 2026-03-16T23:54:40+08:00 ] 216.73.216.50 GET www.punalei.cn/sitemap.xml
[ error ] [8192]preg_match(): Passing null to parameter #2 ($subject) of type string is deprecated
[ error ] [8192]preg_match(): Passing null to parameter #2 ($subject) of type string is deprecated
[ error ] [8192]preg_match(): Passing null to parameter #2 ($subject) of type string is deprecated
[ error ] [8192]preg_match(): Passing null to parameter #2 ($subject) of type string is deprecated
[ error ] [8192]preg_match(): Passing null to parameter #2 ($subject) of type string is deprecated
[ error ] [8192]preg_match(): Passing null to parameter #2 ($subject) of type string is deprecated
---------------------------------------------------------------
[ 2026-03-16T23:54:40+08:00 ] 216.73.216.50 GET www.punalei.cn/sitemap.xml
[ error ] [8192]preg_match(): Passing null to parameter #2 ($subject) of type string is deprecated
[ error ] [8192]preg_match(): Passing null to parameter #2 ($subject) of type string is deprecated
[ error ] [8192]preg_match(): Passing null to parameter #2 ($subject) of type string is deprecated
[ error ] [8192]preg_match(): Passing null to parameter #2 ($subject) of type string is deprecated
[ error ] [8192]preg_match(): Passing null to parameter #2 ($subject) of type string is deprecated
[ error ] [8192]preg_match(): Passing null to parameter #2 ($subject) of type string is deprecated
---------------------------------------------------------------
[ 2026-03-16T23:58:48+08:00 ] 104.154.236.135 GET www.punalei.cn/
[ error ] [8192]preg_match(): Passing null to parameter #2 ($subject) of type string is deprecated
[ error ] [8192]preg_match(): Passing null to parameter #2 ($subject) of type string is deprecated
[ error ] [8192]preg_match(): Passing null to parameter #2 ($subject) of type string is deprecated
[ error ] [8192]preg_match(): Passing null to parameter #2 ($subject) of type string is deprecated
[ error ] [8192]preg_match(): Passing null to parameter #2 ($subject) of type string is deprecated
[ error ] [8192]preg_match(): Passing null to parameter #2 ($subject) of type string is deprecated
[ error ] [8192]preg_match(): Passing null to parameter #2 ($subject) of type string is deprecated
[ error ] [8192]preg_match(): Passing null to parameter #2 ($subject) of type string is deprecated
[ error ] [8192]Automatic conversion of false to array is deprecated
[ error ] [2]Undefined array key "title"
[ error ] [2]Undefined array key "title"
[ error ] [2]Undefined array key "title"
[ error ] [2]Undefined array key "title"
---------------------------------------------------------------
[ 2026-03-16T23:59:37+08:00 ] 195.178.110.162 GET 120.24.147.77/.git/config
[ error ] [8192]preg_match(): Passing null to parameter #2 ($subject) of type string is deprecated
[ error ] [8192]preg_match(): Passing null to parameter #2 ($subject) of type string is deprecated
[ error ] [8192]preg_match(): Passing null to parameter #2 ($subject) of type string is deprecated
[ error ] [8192]preg_match(): Passing null to parameter #2 ($subject) of type string is deprecated
[ error ] [8192]preg_match(): Passing null to parameter #2 ($subject) of type string is deprecated
[ error ] [8192]preg_match(): Passing null to parameter #2 ($subject) of type string is deprecated
