---------------------------------------------------------------
[ 2026-03-20T00:00:20+08:00 ] 43.135.2.147 GET www.punalei.cn/admin/upload.php
[ error ] [8192]preg_match(): Passing null to parameter #2 ($subject) of type string is deprecated
[ error ] [8192]preg_match(): Passing null to parameter #2 ($subject) of type string is deprecated
[ error ] [8192]preg_match(): Passing null to parameter #2 ($subject) of type string is deprecated
[ error ] [8192]preg_match(): Passing null to parameter #2 ($subject) of type string is deprecated
[ error ] [8192]preg_match(): Passing null to parameter #2 ($subject) of type string is deprecated
[ error ] [8192]preg_match(): Passing null to parameter #2 ($subject) of type string is deprecated
---------------------------------------------------------------
[ 2026-03-20T00:00:20+08:00 ] 43.135.2.147 GET www.punalei.cn/admin/upload.php
[ error ] [8192]preg_match(): Passing null to parameter #2 ($subject) of type string is deprecated
[ error ] [8192]preg_match(): Passing null to parameter #2 ($subject) of type string is deprecated
[ error ] [8192]preg_match(): Passing null to parameter #2 ($subject) of type string is deprecated
[ error ] [8192]preg_match(): Passing null to parameter #2 ($subject) of type string is deprecated
[ error ] [8192]preg_match(): Passing null to parameter #2 ($subject) of type string is deprecated
[ error ] [8192]preg_match(): Passing null to parameter #2 ($subject) of type string is deprecated
---------------------------------------------------------------
[ 2026-03-20T00:00:20+08:00 ] 43.135.2.147 GET www.punalei.cn/admin/upload.php
[ error ] [8192]preg_match(): Passing null to parameter #2 ($subject) of type string is deprecated
[ error ] [8192]preg_match(): Passing null to parameter #2 ($subject) of type string is deprecated
[ error ] [8192]preg_match(): Passing null to parameter #2 ($subject) of type string is deprecated
[ error ] [8192]preg_match(): Passing null to parameter #2 ($subject) of type string is deprecated
[ error ] [8192]preg_match(): Passing null to parameter #2 ($subject) of type string is deprecated
[ error ] [8192]preg_match(): Passing null to parameter #2 ($subject) of type string is deprecated
---------------------------------------------------------------
[ 2026-03-20T00:00:20+08:00 ] 43.135.2.147 GET www.punalei.cn/admin/upload.php
[ error ] [8192]preg_match(): Passing null to parameter #2 ($subject) of type string is deprecated
[ error ] [8192]preg_match(): Passing null to parameter #2 ($subject) of type string is deprecated
[ error ] [8192]preg_match(): Passing null to parameter #2 ($subject) of type string is deprecated
[ error ] [8192]preg_match(): Passing null to parameter #2 ($subject) of type string is deprecated
[ error ] [8192]preg_match(): Passing null to parameter #2 ($subject) of type string is deprecated
[ error ] [8192]preg_match(): Passing null to parameter #2 ($subject) of type string is deprecated
---------------------------------------------------------------
[ 2026-03-20T00:08:33+08:00 ] 103.203.59.1 GET 120.24.147.77/
[ error ] [8192]preg_match(): Passing null to parameter #2 ($subject) of type string is deprecated
[ error ] [8192]preg_match(): Passing null to parameter #2 ($subject) of type string is deprecated
[ error ] [8192]preg_match(): Passing null to parameter #2 ($subject) of type string is deprecated
[ error ] [8192]preg_match(): Passing null to parameter #2 ($subject) of type string is deprecated
[ error ] [8192]preg_match(): Passing null to parameter #2 ($subject) of type string is deprecated
[ error ] [8192]preg_match(): Passing null to parameter #2 ($subject) of type string is deprecated
[ error ] [8192]preg_match(): Passing null to parameter #2 ($subject) of type string is deprecated
[ error ] [8192]preg_match(): Passing null to parameter #2 ($subject) of type string is deprecated
[ error ] [8192]Automatic conversion of false to array is deprecated
[ error ] [2]Undefined array key "title"
[ error ] [2]Undefined array key "title"
[ error ] [2]Undefined array key "title"
[ error ] [2]Undefined array key "title"
---------------------------------------------------------------
[ 2026-03-20T00:17:14+08:00 ] 167.94.138.56 GET 120.24.147.77/
[ error ] [8192]preg_match(): Passing null to parameter #2 ($subject) of type string is deprecated
[ error ] [8192]preg_match(): Passing null to parameter #2 ($subject) of type string is deprecated
[ error ] [8192]preg_match(): Passing null to parameter #2 ($subject) of type string is deprecated
[ error ] [8192]preg_match(): Passing null to parameter #2 ($subject) of type string is deprecated
[ error ] [8192]preg_match(): Passing null to parameter #2 ($subject) of type string is deprecated
[ error ] [8192]preg_match(): Passing null to parameter #2 ($subject) of type string is deprecated
[ error ] [8192]preg_match(): Passing null to parameter #2 ($subject) of type string is deprecated
[ error ] [8192]preg_match(): Passing null to parameter #2 ($subject) of type string is deprecated
[ error ] [8192]Automatic conversion of false to array is deprecated
[ error ] [2]Undefined array key "title"
[ error ] [2]Undefined array key "title"
[ error ] [2]Undefined array key "title"
[ error ] [2]Undefined array key "title"
---------------------------------------------------------------
[ 2026-03-20T00:17:17+08:00 ] 167.94.138.56 GET 120.24.147.77/favicon.ico
[ error ] [8192]preg_match(): Passing null to parameter #2 ($subject) of type string is deprecated
[ error ] [8192]preg_match(): Passing null to parameter #2 ($subject) of type string is deprecated
[ error ] [8192]preg_match(): Passing null to parameter #2 ($subject) of type string is deprecated
[ error ] [8192]preg_match(): Passing null to parameter #2 ($subject) of type string is deprecated
[ error ] [8192]preg_match(): Passing null to parameter #2 ($subject) of type string is deprecated
[ error ] [8192]preg_match(): Passing null to parameter #2 ($subject) of type string is deprecated
---------------------------------------------------------------
[ 2026-03-20T00:17:17+08:00 ] 167.94.138.56 GET 120.24.147.77/favicon.ico
[ error ] [8192]preg_match(): Passing null to parameter #2 ($subject) of type string is deprecated
[ error ] [8192]preg_match(): Passing null to parameter #2 ($subject) of type string is deprecated
[ error ] [8192]preg_match(): Passing null to parameter #2 ($subject) of type string is deprecated
[ error ] [8192]preg_match(): Passing null to parameter #2 ($subject) of type string is deprecated
[ error ] [8192]preg_match(): Passing null to parameter #2 ($subject) of type string is deprecated
[ error ] [8192]preg_match(): Passing null to parameter #2 ($subject) of type string is deprecated
---------------------------------------------------------------
[ 2026-03-20T00:17:38+08:00 ] 167.94.138.56 GET 120.24.147.77/favicon.ico
[ error ] [8192]preg_match(): Passing null to parameter #2 ($subject) of type string is deprecated
[ error ] [8192]preg_match(): Passing null to parameter #2 ($subject) of type string is deprecated
[ error ] [8192]preg_match(): Passing null to parameter #2 ($subject) of type string is deprecated
[ error ] [8192]preg_match(): Passing null to parameter #2 ($subject) of type string is deprecated
[ error ] [8192]preg_match(): Passing null to parameter #2 ($subject) of type string is deprecated
[ error ] [8192]preg_match(): Passing null to parameter #2 ($subject) of type string is deprecated
---------------------------------------------------------------
[ 2026-03-20T00:17:38+08:00 ] 167.94.138.56 GET 120.24.147.77/favicon.ico
[ error ] [8192]preg_match(): Passing null to parameter #2 ($subject) of type string is deprecated
[ error ] [8192]preg_match(): Passing null to parameter #2 ($subject) of type string is deprecated
[ error ] [8192]preg_match(): Passing null to parameter #2 ($subject) of type string is deprecated
[ error ] [8192]preg_match(): Passing null to parameter #2 ($subject) of type string is deprecated
[ error ] [8192]preg_match(): Passing null to parameter #2 ($subject) of type string is deprecated
[ error ] [8192]preg_match(): Passing null to parameter #2 ($subject) of type string is deprecated
---------------------------------------------------------------
[ 2026-03-20T00:17:39+08:00 ] 167.94.138.56 GET 120.24.147.77/mvk1dgjrima
[ error ] [8192]preg_match(): Passing null to parameter #2 ($subject) of type string is deprecated
[ error ] [8192]preg_match(): Passing null to parameter #2 ($subject) of type string is deprecated
[ error ] [8192]preg_match(): Passing null to parameter #2 ($subject) of type string is deprecated
[ error ] [8192]preg_match(): Passing null to parameter #2 ($subject) of type string is deprecated
[ error ] [8192]preg_match(): Passing null to parameter #2 ($subject) of type string is deprecated
[ error ] [8192]preg_match(): Passing null to parameter #2 ($subject) of type string is deprecated
---------------------------------------------------------------
[ 2026-03-20T00:17:39+08:00 ] 167.94.138.56 GET 120.24.147.77/mvk1dgjrima
[ error ] [8192]preg_match(): Passing null to parameter #2 ($subject) of type string is deprecated
[ error ] [8192]preg_match(): Passing null to parameter #2 ($subject) of type string is deprecated
[ error ] [8192]preg_match(): Passing null to parameter #2 ($subject) of type string is deprecated
[ error ] [8192]preg_match(): Passing null to parameter #2 ($subject) of type string is deprecated
[ error ] [8192]preg_match(): Passing null to parameter #2 ($subject) of type string is deprecated
[ error ] [8192]preg_match(): Passing null to parameter #2 ($subject) of type string is deprecated
---------------------------------------------------------------
[ 2026-03-20T00:20:04+08:00 ] 40.77.167.48 GET www.punalei.cn/ldcms/punaleiPNAIanguijiaozhunzhuangzhi/303.html
[ error ] [8192]preg_match(): Passing null to parameter #2 ($subject) of type string is deprecated
[ error ] [8192]preg_match(): Passing null to parameter #2 ($subject) of type string is deprecated
[ error ] [8192]preg_match(): Passing null to parameter #2 ($subject) of type string is deprecated
[ error ] [8192]preg_match(): Passing null to parameter #2 ($subject) of type string is deprecated
[ error ] [8192]preg_match(): Passing null to parameter #2 ($subject) of type string is deprecated
[ error ] [8192]preg_match(): Passing null to parameter #2 ($subject) of type string is deprecated
[ error ] [8192]preg_match(): Passing null to parameter #2 ($subject) of type string is deprecated
[ error ] [8192]preg_match(): Passing null to parameter #2 ($subject) of type string is deprecated
[ error ] [8192]Automatic conversion of false to array is deprecated
---------------------------------------------------------------
[ 2026-03-20T00:25:41+08:00 ] 43.135.2.147 GET www.punalei.cn/admin/uploadify.php
[ error ] [8192]preg_match(): Passing null to parameter #2 ($subject) of type string is deprecated
[ error ] [8192]preg_match(): Passing null to parameter #2 ($subject) of type string is deprecated
[ error ] [8192]preg_match(): Passing null to parameter #2 ($subject) of type string is deprecated
[ error ] [8192]preg_match(): Passing null to parameter #2 ($subject) of type string is deprecated
[ error ] [8192]preg_match(): Passing null to parameter #2 ($subject) of type string is deprecated
[ error ] [8192]preg_match(): Passing null to parameter #2 ($subject) of type string is deprecated
---------------------------------------------------------------
[ 2026-03-20T00:25:42+08:00 ] 43.135.2.147 GET www.punalei.cn/admin/uploadify.php
[ error ] [8192]preg_match(): Passing null to parameter #2 ($subject) of type string is deprecated
[ error ] [8192]preg_match(): Passing null to parameter #2 ($subject) of type string is deprecated
[ error ] [8192]preg_match(): Passing null to parameter #2 ($subject) of type string is deprecated
[ error ] [8192]preg_match(): Passing null to parameter #2 ($subject) of type string is deprecated
[ error ] [8192]preg_match(): Passing null to parameter #2 ($subject) of type string is deprecated
[ error ] [8192]preg_match(): Passing null to parameter #2 ($subject) of type string is deprecated
---------------------------------------------------------------
[ 2026-03-20T00:25:44+08:00 ] 43.135.2.147 GET www.punalei.cn/admin/uploadify.php
[ error ] [8192]preg_match(): Passing null to parameter #2 ($subject) of type string is deprecated
[ error ] [8192]preg_match(): Passing null to parameter #2 ($subject) of type string is deprecated
[ error ] [8192]preg_match(): Passing null to parameter #2 ($subject) of type string is deprecated
[ error ] [8192]preg_match(): Passing null to parameter #2 ($subject) of type string is deprecated
[ error ] [8192]preg_match(): Passing null to parameter #2 ($subject) of type string is deprecated
[ error ] [8192]preg_match(): Passing null to parameter #2 ($subject) of type string is deprecated
---------------------------------------------------------------
[ 2026-03-20T00:25:49+08:00 ] 43.135.2.147 GET www.punalei.cn/admin/uploadify.php
[ error ] [8192]preg_match(): Passing null to parameter #2 ($subject) of type string is deprecated
[ error ] [8192]preg_match(): Passing null to parameter #2 ($subject) of type string is deprecated
[ error ] [8192]preg_match(): Passing null to parameter #2 ($subject) of type string is deprecated
[ error ] [8192]preg_match(): Passing null to parameter #2 ($subject) of type string is deprecated
[ error ] [8192]preg_match(): Passing null to parameter #2 ($subject) of type string is deprecated
[ error ] [8192]preg_match(): Passing null to parameter #2 ($subject) of type string is deprecated
---------------------------------------------------------------
[ 2026-03-20T00:29:30+08:00 ] 91.230.168.202 GET 120.24.147.77/
[ error ] [8192]preg_match(): Passing null to parameter #2 ($subject) of type string is deprecated
[ error ] [8192]preg_match(): Passing null to parameter #2 ($subject) of type string is deprecated
[ error ] [8192]preg_match(): Passing null to parameter #2 ($subject) of type string is deprecated
[ error ] [8192]preg_match(): Passing null to parameter #2 ($subject) of type string is deprecated
[ error ] [8192]preg_match(): Passing null to parameter #2 ($subject) of type string is deprecated
[ error ] [8192]preg_match(): Passing null to parameter #2 ($subject) of type string is deprecated
[ error ] [8192]preg_match(): Passing null to parameter #2 ($subject) of type string is deprecated
[ error ] [8192]preg_match(): Passing null to parameter #2 ($subject) of type string is deprecated
[ error ] [8192]Automatic conversion of false to array is deprecated
[ error ] [2]Undefined array key "title"
[ error ] [2]Undefined array key "title"
[ error ] [2]Undefined array key "title"
[ error ] [2]Undefined array key "title"
---------------------------------------------------------------
[ 2026-03-20T00:32:32+08:00 ] 91.230.168.201 GET 120.24.147.77/uploads/20250705/93a02783e7874deb423d980c973e71dc.jpg
[ error ] [8192]preg_match(): Passing null to parameter #2 ($subject) of type string is deprecated
[ error ] [8192]preg_match(): Passing null to parameter #2 ($subject) of type string is deprecated
[ error ] [8192]preg_match(): Passing null to parameter #2 ($subject) of type string is deprecated
[ error ] [8192]preg_match(): Passing null to parameter #2 ($subject) of type string is deprecated
[ error ] [8192]preg_match(): Passing null to parameter #2 ($subject) of type string is deprecated
[ error ] [8192]preg_match(): Passing null to parameter #2 ($subject) of type string is deprecated
---------------------------------------------------------------
[ 2026-03-20T00:46:15+08:00 ] 207.46.13.155 GET www.punalei.cn/ldcms/zhiliudianzifuzai/332.html
[ error ] [8192]preg_match(): Passing null to parameter #2 ($subject) of type string is deprecated
[ error ] [8192]preg_match(): Passing null to parameter #2 ($subject) of type string is deprecated
[ error ] [8192]preg_match(): Passing null to parameter #2 ($subject) of type string is deprecated
[ error ] [8192]preg_match(): Passing null to parameter #2 ($subject) of type string is deprecated
[ error ] [8192]preg_match(): Passing null to parameter #2 ($subject) of type string is deprecated
[ error ] [8192]preg_match(): Passing null to parameter #2 ($subject) of type string is deprecated
[ error ] [8192]preg_match(): Passing null to parameter #2 ($subject) of type string is deprecated
[ error ] [8192]preg_match(): Passing null to parameter #2 ($subject) of type string is deprecated
[ error ] [8192]Automatic conversion of false to array is deprecated
---------------------------------------------------------------
[ 2026-03-20T00:50:56+08:00 ] 43.135.2.147 GET www.punalei.cn/tool/upload.php
[ error ] [8192]preg_match(): Passing null to parameter #2 ($subject) of type string is deprecated
[ error ] [8192]preg_match(): Passing null to parameter #2 ($subject) of type string is deprecated
[ error ] [8192]preg_match(): Passing null to parameter #2 ($subject) of type string is deprecated
[ error ] [8192]preg_match(): Passing null to parameter #2 ($subject) of type string is deprecated
[ error ] [8192]preg_match(): Passing null to parameter #2 ($subject) of type string is deprecated
[ error ] [8192]preg_match(): Passing null to parameter #2 ($subject) of type string is deprecated
---------------------------------------------------------------
[ 2026-03-20T00:50:57+08:00 ] 43.135.2.147 GET www.punalei.cn/tool/upload.php
[ error ] [8192]preg_match(): Passing null to parameter #2 ($subject) of type string is deprecated
[ error ] [8192]preg_match(): Passing null to parameter #2 ($subject) of type string is deprecated
[ error ] [8192]preg_match(): Passing null to parameter #2 ($subject) of type string is deprecated
[ error ] [8192]preg_match(): Passing null to parameter #2 ($subject) of type string is deprecated
[ error ] [8192]preg_match(): Passing null to parameter #2 ($subject) of type string is deprecated
[ error ] [8192]preg_match(): Passing null to parameter #2 ($subject) of type string is deprecated
---------------------------------------------------------------
[ 2026-03-20T00:50:59+08:00 ] 43.135.2.147 GET www.punalei.cn/tool/upload.php
[ error ] [8192]preg_match(): Passing null to parameter #2 ($subject) of type string is deprecated
[ error ] [8192]preg_match(): Passing null to parameter #2 ($subject) of type string is deprecated
[ error ] [8192]preg_match(): Passing null to parameter #2 ($subject) of type string is deprecated
[ error ] [8192]preg_match(): Passing null to parameter #2 ($subject) of type string is deprecated
[ error ] [8192]preg_match(): Passing null to parameter #2 ($subject) of type string is deprecated
[ error ] [8192]preg_match(): Passing null to parameter #2 ($subject) of type string is deprecated
---------------------------------------------------------------
[ 2026-03-20T00:51:02+08:00 ] 43.135.2.147 GET www.punalei.cn/tool/upload.php
[ error ] [8192]preg_match(): Passing null to parameter #2 ($subject) of type string is deprecated
[ error ] [8192]preg_match(): Passing null to parameter #2 ($subject) of type string is deprecated
[ error ] [8192]preg_match(): Passing null to parameter #2 ($subject) of type string is deprecated
[ error ] [8192]preg_match(): Passing null to parameter #2 ($subject) of type string is deprecated
[ error ] [8192]preg_match(): Passing null to parameter #2 ($subject) of type string is deprecated
[ error ] [8192]preg_match(): Passing null to parameter #2 ($subject) of type string is deprecated
---------------------------------------------------------------
[ 2026-03-20T00:56:39+08:00 ] 176.65.149.234 GET 120.24.147.77/
[ error ] [8192]preg_match(): Passing null to parameter #2 ($subject) of type string is deprecated
[ error ] [8192]preg_match(): Passing null to parameter #2 ($subject) of type string is deprecated
[ error ] [8192]preg_match(): Passing null to parameter #2 ($subject) of type string is deprecated
[ error ] [8192]preg_match(): Passing null to parameter #2 ($subject) of type string is deprecated
[ error ] [8192]preg_match(): Passing null to parameter #2 ($subject) of type string is deprecated
[ error ] [8192]preg_match(): Passing null to parameter #2 ($subject) of type string is deprecated
[ error ] [8192]preg_match(): Passing null to parameter #2 ($subject) of type string is deprecated
[ error ] [8192]preg_match(): Passing null to parameter #2 ($subject) of type string is deprecated
[ error ] [8192]Automatic conversion of false to array is deprecated
[ error ] [2]Undefined array key "title"
[ error ] [2]Undefined array key "title"
[ error ] [2]Undefined array key "title"
[ error ] [2]Undefined array key "title"
---------------------------------------------------------------
[ 2026-03-20T01:00:05+08:00 ] 180.153.236.66 GET punalei.cn/
[ error ] [8192]preg_match(): Passing null to parameter #2 ($subject) of type string is deprecated
[ error ] [8192]preg_match(): Passing null to parameter #2 ($subject) of type string is deprecated
[ error ] [8192]preg_match(): Passing null to parameter #2 ($subject) of type string is deprecated
[ error ] [8192]preg_match(): Passing null to parameter #2 ($subject) of type string is deprecated
[ error ] [8192]preg_match(): Passing null to parameter #2 ($subject) of type string is deprecated
[ error ] [8192]preg_match(): Passing null to parameter #2 ($subject) of type string is deprecated
[ error ] [8192]preg_match(): Passing null to parameter #2 ($subject) of type string is deprecated
[ error ] [8192]preg_match(): Passing null to parameter #2 ($subject) of type string is deprecated
[ error ] [8192]Automatic conversion of false to array is deprecated
[ error ] [2]Undefined array key "title"
[ error ] [2]Undefined array key "title"
[ error ] [2]Undefined array key "title"
[ error ] [2]Undefined array key "title"
---------------------------------------------------------------
[ 2026-03-20T01:04:59+08:00 ] 40.77.167.0 GET www.punalei.cn/ldcms/zhiliudianzuceshiyiPNL2511xilie/270.html
[ error ] [8192]preg_match(): Passing null to parameter #2 ($subject) of type string is deprecated
[ error ] [8192]preg_match(): Passing null to parameter #2 ($subject) of type string is deprecated
[ error ] [8192]preg_match(): Passing null to parameter #2 ($subject) of type string is deprecated
[ error ] [8192]preg_match(): Passing null to parameter #2 ($subject) of type string is deprecated
[ error ] [8192]preg_match(): Passing null to parameter #2 ($subject) of type string is deprecated
[ error ] [8192]preg_match(): Passing null to parameter #2 ($subject) of type string is deprecated
[ error ] [8192]preg_match(): Passing null to parameter #2 ($subject) of type string is deprecated
[ error ] [8192]preg_match(): Passing null to parameter #2 ($subject) of type string is deprecated
[ error ] [8192]Automatic conversion of false to array is deprecated
---------------------------------------------------------------
[ 2026-03-20T01:16:24+08:00 ] 188.166.241.2 GET 120.24.147.77/
[ error ] [8192]preg_match(): Passing null to parameter #2 ($subject) of type string is deprecated
[ error ] [8192]preg_match(): Passing null to parameter #2 ($subject) of type string is deprecated
[ error ] [8192]preg_match(): Passing null to parameter #2 ($subject) of type string is deprecated
[ error ] [8192]preg_match(): Passing null to parameter #2 ($subject) of type string is deprecated
[ error ] [8192]preg_match(): Passing null to parameter #2 ($subject) of type string is deprecated
[ error ] [8192]preg_match(): Passing null to parameter #2 ($subject) of type string is deprecated
[ error ] [8192]preg_match(): Passing null to parameter #2 ($subject) of type string is deprecated
[ error ] [8192]preg_match(): Passing null to parameter #2 ($subject) of type string is deprecated
[ error ] [8192]Automatic conversion of false to array is deprecated
[ error ] [2]Undefined array key "title"
[ error ] [2]Undefined array key "title"
[ error ] [2]Undefined array key "title"
[ error ] [2]Undefined array key "title"
---------------------------------------------------------------
[ 2026-03-20T01:18:09+08:00 ] 68.183.238.42 GET 120.24.147.77/
[ error ] [8192]preg_match(): Passing null to parameter #2 ($subject) of type string is deprecated
[ error ] [8192]preg_match(): Passing null to parameter #2 ($subject) of type string is deprecated
[ error ] [8192]preg_match(): Passing null to parameter #2 ($subject) of type string is deprecated
[ error ] [8192]preg_match(): Passing null to parameter #2 ($subject) of type string is deprecated
[ error ] [8192]preg_match(): Passing null to parameter #2 ($subject) of type string is deprecated
[ error ] [8192]preg_match(): Passing null to parameter #2 ($subject) of type string is deprecated
[ error ] [8192]preg_match(): Passing null to parameter #2 ($subject) of type string is deprecated
[ error ] [8192]preg_match(): Passing null to parameter #2 ($subject) of type string is deprecated
[ error ] [8192]Automatic conversion of false to array is deprecated
[ error ] [2]Undefined array key "title"
[ error ] [2]Undefined array key "title"
[ error ] [2]Undefined array key "title"
[ error ] [2]Undefined array key "title"
---------------------------------------------------------------
[ 2026-03-20T01:19:08+08:00 ] 87.121.84.76 GET 120.24.147.77/
[ error ] [8192]preg_match(): Passing null to parameter #2 ($subject) of type string is deprecated
[ error ] [8192]preg_match(): Passing null to parameter #2 ($subject) of type string is deprecated
[ error ] [8192]preg_match(): Passing null to parameter #2 ($subject) of type string is deprecated
[ error ] [8192]preg_match(): Passing null to parameter #2 ($subject) of type string is deprecated
[ error ] [8192]preg_match(): Passing null to parameter #2 ($subject) of type string is deprecated
[ error ] [8192]preg_match(): Passing null to parameter #2 ($subject) of type string is deprecated
[ error ] [8192]preg_match(): Passing null to parameter #2 ($subject) of type string is deprecated
[ error ] [8192]preg_match(): Passing null to parameter #2 ($subject) of type string is deprecated
[ error ] [8192]Automatic conversion of false to array is deprecated
[ error ] [2]Undefined array key "title"
[ error ] [2]Undefined array key "title"
[ error ] [2]Undefined array key "title"
[ error ] [2]Undefined array key "title"
---------------------------------------------------------------
[ 2026-03-20T01:25:51+08:00 ] 3.131.220.121 GET 120.24.147.77/
[ error ] [8192]preg_match(): Passing null to parameter #2 ($subject) of type string is deprecated
[ error ] [8192]preg_match(): Passing null to parameter #2 ($subject) of type string is deprecated
[ error ] [8192]preg_match(): Passing null to parameter #2 ($subject) of type string is deprecated
[ error ] [8192]preg_match(): Passing null to parameter #2 ($subject) of type string is deprecated
[ error ] [8192]preg_match(): Passing null to parameter #2 ($subject) of type string is deprecated
[ error ] [8192]preg_match(): Passing null to parameter #2 ($subject) of type string is deprecated
[ error ] [8192]preg_match(): Passing null to parameter #2 ($subject) of type string is deprecated
[ error ] [8192]preg_match(): Passing null to parameter #2 ($subject) of type string is deprecated
[ error ] [8192]Automatic conversion of false to array is deprecated
[ error ] [2]Undefined array key "title"
[ error ] [2]Undefined array key "title"
[ error ] [2]Undefined array key "title"
[ error ] [2]Undefined array key "title"
---------------------------------------------------------------
[ 2026-03-20T01:27:24+08:00 ] 188.166.234.87 GET 120.24.147.77/
[ error ] [8192]preg_match(): Passing null to parameter #2 ($subject) of type string is deprecated
[ error ] [8192]preg_match(): Passing null to parameter #2 ($subject) of type string is deprecated
[ error ] [8192]preg_match(): Passing null to parameter #2 ($subject) of type string is deprecated
[ error ] [8192]preg_match(): Passing null to parameter #2 ($subject) of type string is deprecated
[ error ] [8192]preg_match(): Passing null to parameter #2 ($subject) of type string is deprecated
[ error ] [8192]preg_match(): Passing null to parameter #2 ($subject) of type string is deprecated
[ error ] [8192]preg_match(): Passing null to parameter #2 ($subject) of type string is deprecated
[ error ] [8192]preg_match(): Passing null to parameter #2 ($subject) of type string is deprecated
[ error ] [8192]Automatic conversion of false to array is deprecated
[ error ] [2]Undefined array key "title"
[ error ] [2]Undefined array key "title"
[ error ] [2]Undefined array key "title"
[ error ] [2]Undefined array key "title"
---------------------------------------------------------------
[ 2026-03-20T01:41:19+08:00 ] 48.217.87.78 GET 120.24.147.77/owa/auth/logon.aspx
[ error ] [8192]preg_match(): Passing null to parameter #2 ($subject) of type string is deprecated
[ error ] [8192]preg_match(): Passing null to parameter #2 ($subject) of type string is deprecated
[ error ] [8192]preg_match(): Passing null to parameter #2 ($subject) of type string is deprecated
[ error ] [8192]preg_match(): Passing null to parameter #2 ($subject) of type string is deprecated
[ error ] [8192]preg_match(): Passing null to parameter #2 ($subject) of type string is deprecated
[ error ] [8192]preg_match(): Passing null to parameter #2 ($subject) of type string is deprecated
---------------------------------------------------------------
[ 2026-03-20T01:41:19+08:00 ] 48.217.87.78 GET 120.24.147.77/owa/auth/logon.aspx
[ error ] [8192]preg_match(): Passing null to parameter #2 ($subject) of type string is deprecated
[ error ] [8192]preg_match(): Passing null to parameter #2 ($subject) of type string is deprecated
[ error ] [8192]preg_match(): Passing null to parameter #2 ($subject) of type string is deprecated
[ error ] [8192]preg_match(): Passing null to parameter #2 ($subject) of type string is deprecated
[ error ] [8192]preg_match(): Passing null to parameter #2 ($subject) of type string is deprecated
[ error ] [8192]preg_match(): Passing null to parameter #2 ($subject) of type string is deprecated
---------------------------------------------------------------
[ 2026-03-20T01:48:02+08:00 ] 40.77.167.0 GET www.punalei.cn/ldcms/jiaozhiliudianyuanxilie.html
[ error ] [8192]preg_match(): Passing null to parameter #2 ($subject) of type string is deprecated
[ error ] [8192]preg_match(): Passing null to parameter #2 ($subject) of type string is deprecated
[ error ] [8192]preg_match(): Passing null to parameter #2 ($subject) of type string is deprecated
[ error ] [8192]preg_match(): Passing null to parameter #2 ($subject) of type string is deprecated
[ error ] [8192]preg_match(): Passing null to parameter #2 ($subject) of type string is deprecated
[ error ] [8192]preg_match(): Passing null to parameter #2 ($subject) of type string is deprecated
[ error ] [8192]preg_match(): Passing null to parameter #2 ($subject) of type string is deprecated
[ error ] [8192]preg_match(): Passing null to parameter #2 ($subject) of type string is deprecated
[ error ] [8192]Automatic conversion of false to array is deprecated
---------------------------------------------------------------
[ 2026-03-20T02:08:50+08:00 ] 149.86.227.60 GET 120.24.147.77/
[ error ] [8192]preg_match(): Passing null to parameter #2 ($subject) of type string is deprecated
[ error ] [8192]preg_match(): Passing null to parameter #2 ($subject) of type string is deprecated
[ error ] [8192]preg_match(): Passing null to parameter #2 ($subject) of type string is deprecated
[ error ] [8192]preg_match(): Passing null to parameter #2 ($subject) of type string is deprecated
[ error ] [8192]preg_match(): Passing null to parameter #2 ($subject) of type string is deprecated
[ error ] [8192]preg_match(): Passing null to parameter #2 ($subject) of type string is deprecated
[ error ] [8192]preg_match(): Passing null to parameter #2 ($subject) of type string is deprecated
[ error ] [8192]preg_match(): Passing null to parameter #2 ($subject) of type string is deprecated
[ error ] [8192]Automatic conversion of false to array is deprecated
[ error ] [2]Undefined array key "title"
[ error ] [2]Undefined array key "title"
[ error ] [2]Undefined array key "title"
[ error ] [2]Undefined array key "title"
---------------------------------------------------------------
[ 2026-03-20T02:14:54+08:00 ] 157.55.39.49 GET www.punalei.cn/ldcms/punaleiPNAIduogongnenganguixilie/311.html
[ error ] [8192]preg_match(): Passing null to parameter #2 ($subject) of type string is deprecated
[ error ] [8192]preg_match(): Passing null to parameter #2 ($subject) of type string is deprecated
[ error ] [8192]preg_match(): Passing null to parameter #2 ($subject) of type string is deprecated
[ error ] [8192]preg_match(): Passing null to parameter #2 ($subject) of type string is deprecated
[ error ] [8192]preg_match(): Passing null to parameter #2 ($subject) of type string is deprecated
[ error ] [8192]preg_match(): Passing null to parameter #2 ($subject) of type string is deprecated
[ error ] [8192]preg_match(): Passing null to parameter #2 ($subject) of type string is deprecated
[ error ] [8192]preg_match(): Passing null to parameter #2 ($subject) of type string is deprecated
[ error ] [8192]Automatic conversion of false to array is deprecated
---------------------------------------------------------------
[ 2026-03-20T02:24:37+08:00 ] 59.82.135.86 GET www.punalei.cn/
[ error ] [8192]preg_match(): Passing null to parameter #2 ($subject) of type string is deprecated
[ error ] [8192]preg_match(): Passing null to parameter #2 ($subject) of type string is deprecated
[ error ] [8192]preg_match(): Passing null to parameter #2 ($subject) of type string is deprecated
[ error ] [8192]preg_match(): Passing null to parameter #2 ($subject) of type string is deprecated
[ error ] [8192]preg_match(): Passing null to parameter #2 ($subject) of type string is deprecated
[ error ] [8192]preg_match(): Passing null to parameter #2 ($subject) of type string is deprecated
[ error ] [8192]preg_match(): Passing null to parameter #2 ($subject) of type string is deprecated
[ error ] [8192]preg_match(): Passing null to parameter #2 ($subject) of type string is deprecated
[ error ] [8192]Automatic conversion of false to array is deprecated
[ error ] [2]Undefined array key "title"
[ error ] [2]Undefined array key "title"
[ error ] [2]Undefined array key "title"
[ error ] [2]Undefined array key "title"
---------------------------------------------------------------
[ 2026-03-20T02:24:37+08:00 ] 59.82.135.86 GET www.punalei.cn/
[ error ] [2]Undefined array key "title"
[ error ] [2]Undefined array key "title"
[ error ] [2]Undefined array key "title"
[ error ] [2]Undefined array key "title"
---------------------------------------------------------------
[ 2026-03-20T02:25:07+08:00 ] 185.12.59.118 GET 120.24.147.77/
[ error ] [8192]preg_match(): Passing null to parameter #2 ($subject) of type string is deprecated
[ error ] [8192]preg_match(): Passing null to parameter #2 ($subject) of type string is deprecated
[ error ] [8192]preg_match(): Passing null to parameter #2 ($subject) of type string is deprecated
[ error ] [8192]preg_match(): Passing null to parameter #2 ($subject) of type string is deprecated
[ error ] [8192]preg_match(): Passing null to parameter #2 ($subject) of type string is deprecated
[ error ] [8192]preg_match(): Passing null to parameter #2 ($subject) of type string is deprecated
[ error ] [8192]preg_match(): Passing null to parameter #2 ($subject) of type string is deprecated
[ error ] [8192]preg_match(): Passing null to parameter #2 ($subject) of type string is deprecated
[ error ] [8192]Automatic conversion of false to array is deprecated
[ error ] [2]Undefined array key "title"
[ error ] [2]Undefined array key "title"
[ error ] [2]Undefined array key "title"
[ error ] [2]Undefined array key "title"
---------------------------------------------------------------
[ 2026-03-20T02:30:41+08:00 ] 106.75.155.110 GET 120.24.147.77/
[ error ] [8192]preg_match(): Passing null to parameter #2 ($subject) of type string is deprecated
[ error ] [8192]preg_match(): Passing null to parameter #2 ($subject) of type string is deprecated
[ error ] [8192]preg_match(): Passing null to parameter #2 ($subject) of type string is deprecated
[ error ] [8192]preg_match(): Passing null to parameter #2 ($subject) of type string is deprecated
[ error ] [8192]preg_match(): Passing null to parameter #2 ($subject) of type string is deprecated
[ error ] [8192]preg_match(): Passing null to parameter #2 ($subject) of type string is deprecated
[ error ] [8192]preg_match(): Passing null to parameter #2 ($subject) of type string is deprecated
[ error ] [8192]preg_match(): Passing null to parameter #2 ($subject) of type string is deprecated
[ error ] [8192]Automatic conversion of false to array is deprecated
[ error ] [2]Undefined array key "title"
[ error ] [2]Undefined array key "title"
[ error ] [2]Undefined array key "title"
[ error ] [2]Undefined array key "title"
---------------------------------------------------------------
[ 2026-03-20T02:36:40+08:00 ] 79.124.40.174 GET 120.24.147.77/?XDEBUG_SESSION_START=phpstorm
[ error ] [8192]preg_match(): Passing null to parameter #2 ($subject) of type string is deprecated
[ error ] [8192]preg_match(): Passing null to parameter #2 ($subject) of type string is deprecated
[ error ] [8192]preg_match(): Passing null to parameter #2 ($subject) of type string is deprecated
[ error ] [8192]preg_match(): Passing null to parameter #2 ($subject) of type string is deprecated
[ error ] [8192]preg_match(): Passing null to parameter #2 ($subject) of type string is deprecated
[ error ] [8192]preg_match(): Passing null to parameter #2 ($subject) of type string is deprecated
[ error ] [8192]preg_match(): Passing null to parameter #2 ($subject) of type string is deprecated
[ error ] [8192]preg_match(): Passing null to parameter #2 ($subject) of type string is deprecated
[ error ] [8192]Automatic conversion of false to array is deprecated
[ error ] [2]Undefined array key "title"
[ error ] [2]Undefined array key "title"
[ error ] [2]Undefined array key "title"
[ error ] [2]Undefined array key "title"
---------------------------------------------------------------
[ 2026-03-20T02:54:51+08:00 ] 167.94.138.193 GET 120.24.147.77/favicon.ico
[ error ] [8192]preg_match(): Passing null to parameter #2 ($subject) of type string is deprecated
[ error ] [8192]preg_match(): Passing null to parameter #2 ($subject) of type string is deprecated
[ error ] [8192]preg_match(): Passing null to parameter #2 ($subject) of type string is deprecated
[ error ] [8192]preg_match(): Passing null to parameter #2 ($subject) of type string is deprecated
[ error ] [8192]preg_match(): Passing null to parameter #2 ($subject) of type string is deprecated
[ error ] [8192]preg_match(): Passing null to parameter #2 ($subject) of type string is deprecated
---------------------------------------------------------------
[ 2026-03-20T02:54:51+08:00 ] 167.94.138.193 GET 120.24.147.77/favicon.ico
[ error ] [8192]preg_match(): Passing null to parameter #2 ($subject) of type string is deprecated
[ error ] [8192]preg_match(): Passing null to parameter #2 ($subject) of type string is deprecated
[ error ] [8192]preg_match(): Passing null to parameter #2 ($subject) of type string is deprecated
[ error ] [8192]preg_match(): Passing null to parameter #2 ($subject) of type string is deprecated
[ error ] [8192]preg_match(): Passing null to parameter #2 ($subject) of type string is deprecated
[ error ] [8192]preg_match(): Passing null to parameter #2 ($subject) of type string is deprecated
---------------------------------------------------------------
[ 2026-03-20T02:54:53+08:00 ] 167.94.138.193 GET 120.24.147.77/cs18fx7egxi4hy
[ error ] [8192]preg_match(): Passing null to parameter #2 ($subject) of type string is deprecated
[ error ] [8192]preg_match(): Passing null to parameter #2 ($subject) of type string is deprecated
[ error ] [8192]preg_match(): Passing null to parameter #2 ($subject) of type string is deprecated
[ error ] [8192]preg_match(): Passing null to parameter #2 ($subject) of type string is deprecated
[ error ] [8192]preg_match(): Passing null to parameter #2 ($subject) of type string is deprecated
[ error ] [8192]preg_match(): Passing null to parameter #2 ($subject) of type string is deprecated
---------------------------------------------------------------
[ 2026-03-20T02:54:53+08:00 ] 167.94.138.193 GET 120.24.147.77/cs18fx7egxi4hy
[ error ] [8192]preg_match(): Passing null to parameter #2 ($subject) of type string is deprecated
[ error ] [8192]preg_match(): Passing null to parameter #2 ($subject) of type string is deprecated
[ error ] [8192]preg_match(): Passing null to parameter #2 ($subject) of type string is deprecated
[ error ] [8192]preg_match(): Passing null to parameter #2 ($subject) of type string is deprecated
[ error ] [8192]preg_match(): Passing null to parameter #2 ($subject) of type string is deprecated
[ error ] [8192]preg_match(): Passing null to parameter #2 ($subject) of type string is deprecated
---------------------------------------------------------------
[ 2026-03-20T02:55:51+08:00 ] 162.142.125.40 GET 120.24.147.77/favicon.ico
[ error ] [8192]preg_match(): Passing null to parameter #2 ($subject) of type string is deprecated
[ error ] [8192]preg_match(): Passing null to parameter #2 ($subject) of type string is deprecated
[ error ] [8192]preg_match(): Passing null to parameter #2 ($subject) of type string is deprecated
[ error ] [8192]preg_match(): Passing null to parameter #2 ($subject) of type string is deprecated
[ error ] [8192]preg_match(): Passing null to parameter #2 ($subject) of type string is deprecated
[ error ] [8192]preg_match(): Passing null to parameter #2 ($subject) of type string is deprecated
---------------------------------------------------------------
[ 2026-03-20T02:55:51+08:00 ] 162.142.125.40 GET 120.24.147.77/favicon.ico
[ error ] [8192]preg_match(): Passing null to parameter #2 ($subject) of type string is deprecated
[ error ] [8192]preg_match(): Passing null to parameter #2 ($subject) of type string is deprecated
[ error ] [8192]preg_match(): Passing null to parameter #2 ($subject) of type string is deprecated
[ error ] [8192]preg_match(): Passing null to parameter #2 ($subject) of type string is deprecated
[ error ] [8192]preg_match(): Passing null to parameter #2 ($subject) of type string is deprecated
[ error ] [8192]preg_match(): Passing null to parameter #2 ($subject) of type string is deprecated
---------------------------------------------------------------
[ 2026-03-20T02:55:54+08:00 ] 162.142.125.40 GET 120.24.147.77/bavwwr1ipra6x5ncp1
[ error ] [8192]preg_match(): Passing null to parameter #2 ($subject) of type string is deprecated
[ error ] [8192]preg_match(): Passing null to parameter #2 ($subject) of type string is deprecated
[ error ] [8192]preg_match(): Passing null to parameter #2 ($subject) of type string is deprecated
[ error ] [8192]preg_match(): Passing null to parameter #2 ($subject) of type string is deprecated
[ error ] [8192]preg_match(): Passing null to parameter #2 ($subject) of type string is deprecated
[ error ] [8192]preg_match(): Passing null to parameter #2 ($subject) of type string is deprecated
---------------------------------------------------------------
[ 2026-03-20T02:55:54+08:00 ] 162.142.125.40 GET 120.24.147.77/bavwwr1ipra6x5ncp1
[ error ] [8192]preg_match(): Passing null to parameter #2 ($subject) of type string is deprecated
[ error ] [8192]preg_match(): Passing null to parameter #2 ($subject) of type string is deprecated
[ error ] [8192]preg_match(): Passing null to parameter #2 ($subject) of type string is deprecated
[ error ] [8192]preg_match(): Passing null to parameter #2 ($subject) of type string is deprecated
[ error ] [8192]preg_match(): Passing null to parameter #2 ($subject) of type string is deprecated
[ error ] [8192]preg_match(): Passing null to parameter #2 ($subject) of type string is deprecated
---------------------------------------------------------------
[ 2026-03-20T03:22:06+08:00 ] 81.29.142.100 GET 120.24.147.77/
[ error ] [8192]preg_match(): Passing null to parameter #2 ($subject) of type string is deprecated
[ error ] [8192]preg_match(): Passing null to parameter #2 ($subject) of type string is deprecated
[ error ] [8192]preg_match(): Passing null to parameter #2 ($subject) of type string is deprecated
[ error ] [8192]preg_match(): Passing null to parameter #2 ($subject) of type string is deprecated
[ error ] [8192]preg_match(): Passing null to parameter #2 ($subject) of type string is deprecated
[ error ] [8192]preg_match(): Passing null to parameter #2 ($subject) of type string is deprecated
[ error ] [8192]preg_match(): Passing null to parameter #2 ($subject) of type string is deprecated
[ error ] [8192]preg_match(): Passing null to parameter #2 ($subject) of type string is deprecated
[ error ] [8192]Automatic conversion of false to array is deprecated
[ error ] [2]Undefined array key "title"
[ error ] [2]Undefined array key "title"
[ error ] [2]Undefined array key "title"
[ error ] [2]Undefined array key "title"
---------------------------------------------------------------
[ 2026-03-20T03:22:11+08:00 ] 81.29.142.100 GET 120.24.147.77/.well-known/security.txt
[ error ] [8192]preg_match(): Passing null to parameter #2 ($subject) of type string is deprecated
[ error ] [8192]preg_match(): Passing null to parameter #2 ($subject) of type string is deprecated
[ error ] [8192]preg_match(): Passing null to parameter #2 ($subject) of type string is deprecated
[ error ] [8192]preg_match(): Passing null to parameter #2 ($subject) of type string is deprecated
[ error ] [8192]preg_match(): Passing null to parameter #2 ($subject) of type string is deprecated
[ error ] [8192]preg_match(): Passing null to parameter #2 ($subject) of type string is deprecated
---------------------------------------------------------------
[ 2026-03-20T03:22:13+08:00 ] 81.29.142.100 GET 120.24.147.77/favicon.ico
[ error ] [8192]preg_match(): Passing null to parameter #2 ($subject) of type string is deprecated
[ error ] [8192]preg_match(): Passing null to parameter #2 ($subject) of type string is deprecated
[ error ] [8192]preg_match(): Passing null to parameter #2 ($subject) of type string is deprecated
[ error ] [8192]preg_match(): Passing null to parameter #2 ($subject) of type string is deprecated
[ error ] [8192]preg_match(): Passing null to parameter #2 ($subject) of type string is deprecated
[ error ] [8192]preg_match(): Passing null to parameter #2 ($subject) of type string is deprecated
---------------------------------------------------------------
[ 2026-03-20T03:22:13+08:00 ] 81.29.142.100 GET 120.24.147.77/favicon.ico
[ error ] [8192]preg_match(): Passing null to parameter #2 ($subject) of type string is deprecated
[ error ] [8192]preg_match(): Passing null to parameter #2 ($subject) of type string is deprecated
[ error ] [8192]preg_match(): Passing null to parameter #2 ($subject) of type string is deprecated
[ error ] [8192]preg_match(): Passing null to parameter #2 ($subject) of type string is deprecated
[ error ] [8192]preg_match(): Passing null to parameter #2 ($subject) of type string is deprecated
[ error ] [8192]preg_match(): Passing null to parameter #2 ($subject) of type string is deprecated
---------------------------------------------------------------
[ 2026-03-20T03:22:16+08:00 ] 81.29.142.100 GET 120.24.147.77/security.txt
[ error ] [8192]preg_match(): Passing null to parameter #2 ($subject) of type string is deprecated
[ error ] [8192]preg_match(): Passing null to parameter #2 ($subject) of type string is deprecated
[ error ] [8192]preg_match(): Passing null to parameter #2 ($subject) of type string is deprecated
[ error ] [8192]preg_match(): Passing null to parameter #2 ($subject) of type string is deprecated
[ error ] [8192]preg_match(): Passing null to parameter #2 ($subject) of type string is deprecated
[ error ] [8192]preg_match(): Passing null to parameter #2 ($subject) of type string is deprecated
---------------------------------------------------------------
[ 2026-03-20T03:22:16+08:00 ] 81.29.142.100 GET 120.24.147.77/security.txt
[ error ] [8192]preg_match(): Passing null to parameter #2 ($subject) of type string is deprecated
[ error ] [8192]preg_match(): Passing null to parameter #2 ($subject) of type string is deprecated
[ error ] [8192]preg_match(): Passing null to parameter #2 ($subject) of type string is deprecated
[ error ] [8192]preg_match(): Passing null to parameter #2 ($subject) of type string is deprecated
[ error ] [8192]preg_match(): Passing null to parameter #2 ($subject) of type string is deprecated
[ error ] [8192]preg_match(): Passing null to parameter #2 ($subject) of type string is deprecated
---------------------------------------------------------------
[ 2026-03-20T03:22:18+08:00 ] 81.29.142.100 GET 120.24.147.77/favicon.ico
[ error ] [8192]preg_match(): Passing null to parameter #2 ($subject) of type string is deprecated
[ error ] [8192]preg_match(): Passing null to parameter #2 ($subject) of type string is deprecated
[ error ] [8192]preg_match(): Passing null to parameter #2 ($subject) of type string is deprecated
[ error ] [8192]preg_match(): Passing null to parameter #2 ($subject) of type string is deprecated
[ error ] [8192]preg_match(): Passing null to parameter #2 ($subject) of type string is deprecated
[ error ] [8192]preg_match(): Passing null to parameter #2 ($subject) of type string is deprecated
---------------------------------------------------------------
[ 2026-03-20T03:22:18+08:00 ] 81.29.142.100 GET 120.24.147.77/favicon.ico
[ error ] [8192]preg_match(): Passing null to parameter #2 ($subject) of type string is deprecated
[ error ] [8192]preg_match(): Passing null to parameter #2 ($subject) of type string is deprecated
[ error ] [8192]preg_match(): Passing null to parameter #2 ($subject) of type string is deprecated
[ error ] [8192]preg_match(): Passing null to parameter #2 ($subject) of type string is deprecated
[ error ] [8192]preg_match(): Passing null to parameter #2 ($subject) of type string is deprecated
[ error ] [8192]preg_match(): Passing null to parameter #2 ($subject) of type string is deprecated
---------------------------------------------------------------
[ 2026-03-20T03:24:30+08:00 ] 59.82.135.251 GET punalei.cn/
[ error ] [8192]preg_match(): Passing null to parameter #2 ($subject) of type string is deprecated
[ error ] [8192]preg_match(): Passing null to parameter #2 ($subject) of type string is deprecated
[ error ] [8192]preg_match(): Passing null to parameter #2 ($subject) of type string is deprecated
[ error ] [8192]preg_match(): Passing null to parameter #2 ($subject) of type string is deprecated
[ error ] [8192]preg_match(): Passing null to parameter #2 ($subject) of type string is deprecated
[ error ] [8192]preg_match(): Passing null to parameter #2 ($subject) of type string is deprecated
[ error ] [8192]preg_match(): Passing null to parameter #2 ($subject) of type string is deprecated
[ error ] [8192]preg_match(): Passing null to parameter #2 ($subject) of type string is deprecated
[ error ] [8192]Automatic conversion of false to array is deprecated
[ error ] [2]Undefined array key "title"
[ error ] [2]Undefined array key "title"
[ error ] [2]Undefined array key "title"
[ error ] [2]Undefined array key "title"
---------------------------------------------------------------
[ 2026-03-20T03:24:30+08:00 ] 59.82.135.251 GET punalei.cn/
[ error ] [2]Undefined array key "title"
[ error ] [2]Undefined array key "title"
[ error ] [2]Undefined array key "title"
[ error ] [2]Undefined array key "title"
---------------------------------------------------------------
[ 2026-03-20T03:24:32+08:00 ] 59.82.135.251 GET punalei.cn/
[ error ] [2]Undefined array key "title"
[ error ] [2]Undefined array key "title"
[ error ] [2]Undefined array key "title"
[ error ] [2]Undefined array key "title"
---------------------------------------------------------------
[ 2026-03-20T03:24:33+08:00 ] 59.82.135.238 GET punalei.cn/
[ error ] [2]Undefined array key "title"
[ error ] [2]Undefined array key "title"
[ error ] [2]Undefined array key "title"
[ error ] [2]Undefined array key "title"
---------------------------------------------------------------
[ 2026-03-20T03:24:33+08:00 ] 59.82.135.251 GET punalei.cn/
[ error ] [2]Undefined array key "title"
[ error ] [2]Undefined array key "title"
[ error ] [2]Undefined array key "title"
[ error ] [2]Undefined array key "title"
---------------------------------------------------------------
[ 2026-03-20T03:24:33+08:00 ] 59.82.135.238 GET punalei.cn/
[ error ] [2]Undefined array key "title"
[ error ] [2]Undefined array key "title"
[ error ] [2]Undefined array key "title"
[ error ] [2]Undefined array key "title"
---------------------------------------------------------------
[ 2026-03-20T03:24:33+08:00 ] 59.82.135.251 GET punalei.cn/
[ error ] [2]Undefined array key "title"
[ error ] [2]Undefined array key "title"
[ error ] [2]Undefined array key "title"
[ error ] [2]Undefined array key "title"
---------------------------------------------------------------
[ 2026-03-20T03:38:51+08:00 ] 59.82.83.49 GET www.punalei.cn/
[ error ] [8192]preg_match(): Passing null to parameter #2 ($subject) of type string is deprecated
[ error ] [8192]preg_match(): Passing null to parameter #2 ($subject) of type string is deprecated
[ error ] [8192]preg_match(): Passing null to parameter #2 ($subject) of type string is deprecated
[ error ] [8192]preg_match(): Passing null to parameter #2 ($subject) of type string is deprecated
[ error ] [8192]preg_match(): Passing null to parameter #2 ($subject) of type string is deprecated
[ error ] [8192]preg_match(): Passing null to parameter #2 ($subject) of type string is deprecated
[ error ] [8192]preg_match(): Passing null to parameter #2 ($subject) of type string is deprecated
[ error ] [8192]preg_match(): Passing null to parameter #2 ($subject) of type string is deprecated
[ error ] [8192]Automatic conversion of false to array is deprecated
[ error ] [2]Undefined array key "title"
[ error ] [2]Undefined array key "title"
[ error ] [2]Undefined array key "title"
[ error ] [2]Undefined array key "title"
---------------------------------------------------------------
[ 2026-03-20T03:38:52+08:00 ] 59.82.83.49 GET www.punalei.cn/
[ error ] [2]Undefined array key "title"
[ error ] [2]Undefined array key "title"
[ error ] [2]Undefined array key "title"
[ error ] [2]Undefined array key "title"
---------------------------------------------------------------
[ 2026-03-20T03:38:54+08:00 ] 52.167.144.173 GET www.punalei.cn/ldcms/anguiceshiyiqixilie.html
[ error ] [8192]preg_match(): Passing null to parameter #2 ($subject) of type string is deprecated
[ error ] [8192]preg_match(): Passing null to parameter #2 ($subject) of type string is deprecated
[ error ] [8192]preg_match(): Passing null to parameter #2 ($subject) of type string is deprecated
[ error ] [8192]preg_match(): Passing null to parameter #2 ($subject) of type string is deprecated
[ error ] [8192]preg_match(): Passing null to parameter #2 ($subject) of type string is deprecated
[ error ] [8192]preg_match(): Passing null to parameter #2 ($subject) of type string is deprecated
[ error ] [8192]preg_match(): Passing null to parameter #2 ($subject) of type string is deprecated
[ error ] [8192]preg_match(): Passing null to parameter #2 ($subject) of type string is deprecated
[ error ] [8192]Automatic conversion of false to array is deprecated
---------------------------------------------------------------
[ 2026-03-20T04:18:25+08:00 ] 79.124.40.174 GET 120.24.147.77/actuator/gateway/routes
[ error ] [8192]preg_match(): Passing null to parameter #2 ($subject) of type string is deprecated
[ error ] [8192]preg_match(): Passing null to parameter #2 ($subject) of type string is deprecated
[ error ] [8192]preg_match(): Passing null to parameter #2 ($subject) of type string is deprecated
[ error ] [8192]preg_match(): Passing null to parameter #2 ($subject) of type string is deprecated
[ error ] [8192]preg_match(): Passing null to parameter #2 ($subject) of type string is deprecated
[ error ] [8192]preg_match(): Passing null to parameter #2 ($subject) of type string is deprecated
---------------------------------------------------------------
[ 2026-03-20T04:18:25+08:00 ] 79.124.40.174 GET 120.24.147.77/actuator/gateway/routes
[ error ] [8192]preg_match(): Passing null to parameter #2 ($subject) of type string is deprecated
[ error ] [8192]preg_match(): Passing null to parameter #2 ($subject) of type string is deprecated
[ error ] [8192]preg_match(): Passing null to parameter #2 ($subject) of type string is deprecated
[ error ] [8192]preg_match(): Passing null to parameter #2 ($subject) of type string is deprecated
[ error ] [8192]preg_match(): Passing null to parameter #2 ($subject) of type string is deprecated
[ error ] [8192]preg_match(): Passing null to parameter #2 ($subject) of type string is deprecated
---------------------------------------------------------------
[ 2026-03-20T04:22:41+08:00 ] 176.65.149.235 GET 120.24.147.77/
[ error ] [8192]preg_match(): Passing null to parameter #2 ($subject) of type string is deprecated
[ error ] [8192]preg_match(): Passing null to parameter #2 ($subject) of type string is deprecated
[ error ] [8192]preg_match(): Passing null to parameter #2 ($subject) of type string is deprecated
[ error ] [8192]preg_match(): Passing null to parameter #2 ($subject) of type string is deprecated
[ error ] [8192]preg_match(): Passing null to parameter #2 ($subject) of type string is deprecated
[ error ] [8192]preg_match(): Passing null to parameter #2 ($subject) of type string is deprecated
[ error ] [8192]preg_match(): Passing null to parameter #2 ($subject) of type string is deprecated
[ error ] [8192]preg_match(): Passing null to parameter #2 ($subject) of type string is deprecated
[ error ] [8192]Automatic conversion of false to array is deprecated
[ error ] [2]Undefined array key "title"
[ error ] [2]Undefined array key "title"
[ error ] [2]Undefined array key "title"
[ error ] [2]Undefined array key "title"
---------------------------------------------------------------
[ 2026-03-20T04:37:40+08:00 ] 47.92.231.136 GET 120.24.147.77/
[ error ] [8192]preg_match(): Passing null to parameter #2 ($subject) of type string is deprecated
[ error ] [8192]preg_match(): Passing null to parameter #2 ($subject) of type string is deprecated
[ error ] [8192]preg_match(): Passing null to parameter #2 ($subject) of type string is deprecated
[ error ] [8192]preg_match(): Passing null to parameter #2 ($subject) of type string is deprecated
[ error ] [8192]preg_match(): Passing null to parameter #2 ($subject) of type string is deprecated
[ error ] [8192]preg_match(): Passing null to parameter #2 ($subject) of type string is deprecated
[ error ] [8192]preg_match(): Passing null to parameter #2 ($subject) of type string is deprecated
[ error ] [8192]preg_match(): Passing null to parameter #2 ($subject) of type string is deprecated
[ error ] [8192]Automatic conversion of false to array is deprecated
[ error ] [2]Undefined array key "title"
[ error ] [2]Undefined array key "title"
[ error ] [2]Undefined array key "title"
[ error ] [2]Undefined array key "title"
---------------------------------------------------------------
[ 2026-03-20T04:40:18+08:00 ] 77.83.39.82 GET 120.24.147.77/.env
[ error ] [8192]preg_match(): Passing null to parameter #2 ($subject) of type string is deprecated
[ error ] [8192]preg_match(): Passing null to parameter #2 ($subject) of type string is deprecated
[ error ] [8192]preg_match(): Passing null to parameter #2 ($subject) of type string is deprecated
[ error ] [8192]preg_match(): Passing null to parameter #2 ($subject) of type string is deprecated
[ error ] [8192]preg_match(): Passing null to parameter #2 ($subject) of type string is deprecated
[ error ] [8192]preg_match(): Passing null to parameter #2 ($subject) of type string is deprecated
---------------------------------------------------------------
[ 2026-03-20T04:43:10+08:00 ] 164.90.161.49 GET 120.24.147.77/query?q=SHOW+DIAGNOSTICS
[ error ] [8192]preg_match(): Passing null to parameter #2 ($subject) of type string is deprecated
[ error ] [8192]preg_match(): Passing null to parameter #2 ($subject) of type string is deprecated
[ error ] [8192]preg_match(): Passing null to parameter #2 ($subject) of type string is deprecated
[ error ] [8192]preg_match(): Passing null to parameter #2 ($subject) of type string is deprecated
[ error ] [8192]preg_match(): Passing null to parameter #2 ($subject) of type string is deprecated
[ error ] [8192]preg_match(): Passing null to parameter #2 ($subject) of type string is deprecated
---------------------------------------------------------------
[ 2026-03-20T04:43:10+08:00 ] 164.90.161.49 GET 120.24.147.77/query?q=SHOW+DIAGNOSTICS
[ error ] [8192]preg_match(): Passing null to parameter #2 ($subject) of type string is deprecated
[ error ] [8192]preg_match(): Passing null to parameter #2 ($subject) of type string is deprecated
[ error ] [8192]preg_match(): Passing null to parameter #2 ($subject) of type string is deprecated
[ error ] [8192]preg_match(): Passing null to parameter #2 ($subject) of type string is deprecated
[ error ] [8192]preg_match(): Passing null to parameter #2 ($subject) of type string is deprecated
[ error ] [8192]preg_match(): Passing null to parameter #2 ($subject) of type string is deprecated
---------------------------------------------------------------
[ 2026-03-20T05:04:49+08:00 ] 50.16.162.130 GET 120.24.147.77/
[ error ] [8192]preg_match(): Passing null to parameter #2 ($subject) of type string is deprecated
[ error ] [8192]preg_match(): Passing null to parameter #2 ($subject) of type string is deprecated
[ error ] [8192]preg_match(): Passing null to parameter #2 ($subject) of type string is deprecated
[ error ] [8192]preg_match(): Passing null to parameter #2 ($subject) of type string is deprecated
[ error ] [8192]preg_match(): Passing null to parameter #2 ($subject) of type string is deprecated
[ error ] [8192]preg_match(): Passing null to parameter #2 ($subject) of type string is deprecated
[ error ] [8192]preg_match(): Passing null to parameter #2 ($subject) of type string is deprecated
[ error ] [8192]preg_match(): Passing null to parameter #2 ($subject) of type string is deprecated
[ error ] [8192]Automatic conversion of false to array is deprecated
[ error ] [2]Undefined array key "title"
[ error ] [2]Undefined array key "title"
[ error ] [2]Undefined array key "title"
[ error ] [2]Undefined array key "title"
---------------------------------------------------------------
[ 2026-03-20T05:22:35+08:00 ] 34.158.79.105 GET 120.24.147.77/.env
[ error ] [8192]preg_match(): Passing null to parameter #2 ($subject) of type string is deprecated
[ error ] [8192]preg_match(): Passing null to parameter #2 ($subject) of type string is deprecated
[ error ] [8192]preg_match(): Passing null to parameter #2 ($subject) of type string is deprecated
[ error ] [8192]preg_match(): Passing null to parameter #2 ($subject) of type string is deprecated
[ error ] [8192]preg_match(): Passing null to parameter #2 ($subject) of type string is deprecated
[ error ] [8192]preg_match(): Passing null to parameter #2 ($subject) of type string is deprecated
---------------------------------------------------------------
[ 2026-03-20T05:22:36+08:00 ] 34.158.79.105 GET 120.24.147.77/.env
[ error ] [8192]preg_match(): Passing null to parameter #2 ($subject) of type string is deprecated
[ error ] [8192]preg_match(): Passing null to parameter #2 ($subject) of type string is deprecated
[ error ] [8192]preg_match(): Passing null to parameter #2 ($subject) of type string is deprecated
[ error ] [8192]preg_match(): Passing null to parameter #2 ($subject) of type string is deprecated
[ error ] [8192]preg_match(): Passing null to parameter #2 ($subject) of type string is deprecated
[ error ] [8192]preg_match(): Passing null to parameter #2 ($subject) of type string is deprecated
---------------------------------------------------------------
[ 2026-03-20T05:43:17+08:00 ] 135.119.88.104 GET 120.24.147.77/
[ error ] [8192]preg_match(): Passing null to parameter #2 ($subject) of type string is deprecated
[ error ] [8192]preg_match(): Passing null to parameter #2 ($subject) of type string is deprecated
[ error ] [8192]preg_match(): Passing null to parameter #2 ($subject) of type string is deprecated
[ error ] [8192]preg_match(): Passing null to parameter #2 ($subject) of type string is deprecated
[ error ] [8192]preg_match(): Passing null to parameter #2 ($subject) of type string is deprecated
[ error ] [8192]preg_match(): Passing null to parameter #2 ($subject) of type string is deprecated
[ error ] [8192]preg_match(): Passing null to parameter #2 ($subject) of type string is deprecated
[ error ] [8192]preg_match(): Passing null to parameter #2 ($subject) of type string is deprecated
[ error ] [8192]Automatic conversion of false to array is deprecated
[ error ] [2]Undefined array key "title"
[ error ] [2]Undefined array key "title"
[ error ] [2]Undefined array key "title"
[ error ] [2]Undefined array key "title"
---------------------------------------------------------------
[ 2026-03-20T05:48:38+08:00 ] 185.242.226.45 GET 120.24.147.77/
[ error ] [8192]preg_match(): Passing null to parameter #2 ($subject) of type string is deprecated
[ error ] [8192]preg_match(): Passing null to parameter #2 ($subject) of type string is deprecated
[ error ] [8192]preg_match(): Passing null to parameter #2 ($subject) of type string is deprecated
[ error ] [8192]preg_match(): Passing null to parameter #2 ($subject) of type string is deprecated
[ error ] [8192]preg_match(): Passing null to parameter #2 ($subject) of type string is deprecated
[ error ] [8192]preg_match(): Passing null to parameter #2 ($subject) of type string is deprecated
[ error ] [8192]preg_match(): Passing null to parameter #2 ($subject) of type string is deprecated
[ error ] [8192]preg_match(): Passing null to parameter #2 ($subject) of type string is deprecated
[ error ] [8192]Automatic conversion of false to array is deprecated
[ error ] [2]Undefined array key "title"
[ error ] [2]Undefined array key "title"
[ error ] [2]Undefined array key "title"
[ error ] [2]Undefined array key "title"
---------------------------------------------------------------
[ 2026-03-20T05:59:25+08:00 ] 20.118.227.29 GET 120.24.147.77/druid/index.html
[ error ] [8192]preg_match(): Passing null to parameter #2 ($subject) of type string is deprecated
[ error ] [8192]preg_match(): Passing null to parameter #2 ($subject) of type string is deprecated
[ error ] [8192]preg_match(): Passing null to parameter #2 ($subject) of type string is deprecated
[ error ] [8192]preg_match(): Passing null to parameter #2 ($subject) of type string is deprecated
[ error ] [8192]preg_match(): Passing null to parameter #2 ($subject) of type string is deprecated
[ error ] [8192]preg_match(): Passing null to parameter #2 ($subject) of type string is deprecated
---------------------------------------------------------------
[ 2026-03-20T05:59:25+08:00 ] 20.118.227.29 GET 120.24.147.77/druid/index.html
[ error ] [8192]preg_match(): Passing null to parameter #2 ($subject) of type string is deprecated
[ error ] [8192]preg_match(): Passing null to parameter #2 ($subject) of type string is deprecated
[ error ] [8192]preg_match(): Passing null to parameter #2 ($subject) of type string is deprecated
[ error ] [8192]preg_match(): Passing null to parameter #2 ($subject) of type string is deprecated
[ error ] [8192]preg_match(): Passing null to parameter #2 ($subject) of type string is deprecated
[ error ] [8192]preg_match(): Passing null to parameter #2 ($subject) of type string is deprecated
---------------------------------------------------------------
[ 2026-03-20T06:06:43+08:00 ] 20.65.194.40 GET 120.24.147.77/developmentserver/metadatauploader
[ error ] [8192]preg_match(): Passing null to parameter #2 ($subject) of type string is deprecated
[ error ] [8192]preg_match(): Passing null to parameter #2 ($subject) of type string is deprecated
[ error ] [8192]preg_match(): Passing null to parameter #2 ($subject) of type string is deprecated
[ error ] [8192]preg_match(): Passing null to parameter #2 ($subject) of type string is deprecated
[ error ] [8192]preg_match(): Passing null to parameter #2 ($subject) of type string is deprecated
[ error ] [8192]preg_match(): Passing null to parameter #2 ($subject) of type string is deprecated
---------------------------------------------------------------
[ 2026-03-20T06:06:43+08:00 ] 20.65.194.40 GET 120.24.147.77/developmentserver/metadatauploader
[ error ] [8192]preg_match(): Passing null to parameter #2 ($subject) of type string is deprecated
[ error ] [8192]preg_match(): Passing null to parameter #2 ($subject) of type string is deprecated
[ error ] [8192]preg_match(): Passing null to parameter #2 ($subject) of type string is deprecated
[ error ] [8192]preg_match(): Passing null to parameter #2 ($subject) of type string is deprecated
[ error ] [8192]preg_match(): Passing null to parameter #2 ($subject) of type string is deprecated
[ error ] [8192]preg_match(): Passing null to parameter #2 ($subject) of type string is deprecated
---------------------------------------------------------------
[ 2026-03-20T06:12:50+08:00 ] 176.65.149.235 GET 120.24.147.77/
[ error ] [8192]preg_match(): Passing null to parameter #2 ($subject) of type string is deprecated
[ error ] [8192]preg_match(): Passing null to parameter #2 ($subject) of type string is deprecated
[ error ] [8192]preg_match(): Passing null to parameter #2 ($subject) of type string is deprecated
[ error ] [8192]preg_match(): Passing null to parameter #2 ($subject) of type string is deprecated
[ error ] [8192]preg_match(): Passing null to parameter #2 ($subject) of type string is deprecated
[ error ] [8192]preg_match(): Passing null to parameter #2 ($subject) of type string is deprecated
[ error ] [8192]preg_match(): Passing null to parameter #2 ($subject) of type string is deprecated
[ error ] [8192]preg_match(): Passing null to parameter #2 ($subject) of type string is deprecated
[ error ] [8192]Automatic conversion of false to array is deprecated
[ error ] [2]Undefined array key "title"
[ error ] [2]Undefined array key "title"
[ error ] [2]Undefined array key "title"
[ error ] [2]Undefined array key "title"
---------------------------------------------------------------
[ 2026-03-20T06:32:36+08:00 ] 149.86.227.60 GET 120.24.147.77/
[ error ] [8192]preg_match(): Passing null to parameter #2 ($subject) of type string is deprecated
[ error ] [8192]preg_match(): Passing null to parameter #2 ($subject) of type string is deprecated
[ error ] [8192]preg_match(): Passing null to parameter #2 ($subject) of type string is deprecated
[ error ] [8192]preg_match(): Passing null to parameter #2 ($subject) of type string is deprecated
[ error ] [8192]preg_match(): Passing null to parameter #2 ($subject) of type string is deprecated
[ error ] [8192]preg_match(): Passing null to parameter #2 ($subject) of type string is deprecated
[ error ] [8192]preg_match(): Passing null to parameter #2 ($subject) of type string is deprecated
[ error ] [8192]preg_match(): Passing null to parameter #2 ($subject) of type string is deprecated
[ error ] [8192]Automatic conversion of false to array is deprecated
[ error ] [2]Undefined array key "title"
[ error ] [2]Undefined array key "title"
[ error ] [2]Undefined array key "title"
[ error ] [2]Undefined array key "title"
---------------------------------------------------------------
[ 2026-03-20T06:33:49+08:00 ] 47.92.255.81 GET 120.24.147.77/
[ error ] [8192]preg_match(): Passing null to parameter #2 ($subject) of type string is deprecated
[ error ] [8192]preg_match(): Passing null to parameter #2 ($subject) of type string is deprecated
[ error ] [8192]preg_match(): Passing null to parameter #2 ($subject) of type string is deprecated
[ error ] [8192]preg_match(): Passing null to parameter #2 ($subject) of type string is deprecated
[ error ] [8192]preg_match(): Passing null to parameter #2 ($subject) of type string is deprecated
[ error ] [8192]preg_match(): Passing null to parameter #2 ($subject) of type string is deprecated
[ error ] [8192]preg_match(): Passing null to parameter #2 ($subject) of type string is deprecated
[ error ] [8192]preg_match(): Passing null to parameter #2 ($subject) of type string is deprecated
[ error ] [8192]Automatic conversion of false to array is deprecated
[ error ] [2]Undefined array key "title"
[ error ] [2]Undefined array key "title"
[ error ] [2]Undefined array key "title"
[ error ] [2]Undefined array key "title"
---------------------------------------------------------------
[ 2026-03-20T06:42:39+08:00 ] 40.77.167.241 GET www.punalei.cn/ldcms/gaosutongdaocaijiwenduceshiyiPNL2000PLUSxilie/271.html
[ error ] [8192]preg_match(): Passing null to parameter #2 ($subject) of type string is deprecated
[ error ] [8192]preg_match(): Passing null to parameter #2 ($subject) of type string is deprecated
[ error ] [8192]preg_match(): Passing null to parameter #2 ($subject) of type string is deprecated
[ error ] [8192]preg_match(): Passing null to parameter #2 ($subject) of type string is deprecated
[ error ] [8192]preg_match(): Passing null to parameter #2 ($subject) of type string is deprecated
[ error ] [8192]preg_match(): Passing null to parameter #2 ($subject) of type string is deprecated
[ error ] [8192]preg_match(): Passing null to parameter #2 ($subject) of type string is deprecated
[ error ] [8192]preg_match(): Passing null to parameter #2 ($subject) of type string is deprecated
[ error ] [8192]Automatic conversion of false to array is deprecated
---------------------------------------------------------------
[ 2026-03-20T06:44:25+08:00 ] 204.76.203.50 GET 120.24.147.77/cgi-bin/luci/;stok=/locale
[ error ] [8192]preg_match(): Passing null to parameter #2 ($subject) of type string is deprecated
[ error ] [8192]preg_match(): Passing null to parameter #2 ($subject) of type string is deprecated
[ error ] [8192]preg_match(): Passing null to parameter #2 ($subject) of type string is deprecated
[ error ] [8192]preg_match(): Passing null to parameter #2 ($subject) of type string is deprecated
[ error ] [8192]preg_match(): Passing null to parameter #2 ($subject) of type string is deprecated
[ error ] [8192]preg_match(): Passing null to parameter #2 ($subject) of type string is deprecated
---------------------------------------------------------------
[ 2026-03-20T06:44:25+08:00 ] 204.76.203.50 GET 120.24.147.77/cgi-bin/luci/;stok=/locale
[ error ] [8192]preg_match(): Passing null to parameter #2 ($subject) of type string is deprecated
[ error ] [8192]preg_match(): Passing null to parameter #2 ($subject) of type string is deprecated
[ error ] [8192]preg_match(): Passing null to parameter #2 ($subject) of type string is deprecated
[ error ] [8192]preg_match(): Passing null to parameter #2 ($subject) of type string is deprecated
[ error ] [8192]preg_match(): Passing null to parameter #2 ($subject) of type string is deprecated
[ error ] [8192]preg_match(): Passing null to parameter #2 ($subject) of type string is deprecated
---------------------------------------------------------------
[ 2026-03-20T07:08:25+08:00 ] 20.55.24.39 GET 120.24.147.77/autodiscover/autodiscover.json?@zdi/Powershell
[ error ] [8192]preg_match(): Passing null to parameter #2 ($subject) of type string is deprecated
[ error ] [8192]preg_match(): Passing null to parameter #2 ($subject) of type string is deprecated
[ error ] [8192]preg_match(): Passing null to parameter #2 ($subject) of type string is deprecated
[ error ] [8192]preg_match(): Passing null to parameter #2 ($subject) of type string is deprecated
[ error ] [8192]preg_match(): Passing null to parameter #2 ($subject) of type string is deprecated
[ error ] [8192]preg_match(): Passing null to parameter #2 ($subject) of type string is deprecated
---------------------------------------------------------------
[ 2026-03-20T07:08:25+08:00 ] 20.55.24.39 GET 120.24.147.77/autodiscover/autodiscover.json?@zdi/Powershell
[ error ] [8192]preg_match(): Passing null to parameter #2 ($subject) of type string is deprecated
[ error ] [8192]preg_match(): Passing null to parameter #2 ($subject) of type string is deprecated
[ error ] [8192]preg_match(): Passing null to parameter #2 ($subject) of type string is deprecated
[ error ] [8192]preg_match(): Passing null to parameter #2 ($subject) of type string is deprecated
[ error ] [8192]preg_match(): Passing null to parameter #2 ($subject) of type string is deprecated
[ error ] [8192]preg_match(): Passing null to parameter #2 ($subject) of type string is deprecated
---------------------------------------------------------------
[ 2026-03-20T07:24:25+08:00 ] 35.203.210.91 GET 120.24.147.77/
[ error ] [8192]preg_match(): Passing null to parameter #2 ($subject) of type string is deprecated
[ error ] [8192]preg_match(): Passing null to parameter #2 ($subject) of type string is deprecated
[ error ] [8192]preg_match(): Passing null to parameter #2 ($subject) of type string is deprecated
[ error ] [8192]preg_match(): Passing null to parameter #2 ($subject) of type string is deprecated
[ error ] [8192]preg_match(): Passing null to parameter #2 ($subject) of type string is deprecated
[ error ] [8192]preg_match(): Passing null to parameter #2 ($subject) of type string is deprecated
[ error ] [8192]preg_match(): Passing null to parameter #2 ($subject) of type string is deprecated
[ error ] [8192]preg_match(): Passing null to parameter #2 ($subject) of type string is deprecated
[ error ] [8192]Automatic conversion of false to array is deprecated
[ error ] [2]Undefined array key "title"
[ error ] [2]Undefined array key "title"
[ error ] [2]Undefined array key "title"
[ error ] [2]Undefined array key "title"
---------------------------------------------------------------
[ 2026-03-20T07:28:05+08:00 ] 59.82.135.116 GET punalei.cn/
[ error ] [8192]preg_match(): Passing null to parameter #2 ($subject) of type string is deprecated
[ error ] [8192]preg_match(): Passing null to parameter #2 ($subject) of type string is deprecated
[ error ] [8192]preg_match(): Passing null to parameter #2 ($subject) of type string is deprecated
[ error ] [8192]preg_match(): Passing null to parameter #2 ($subject) of type string is deprecated
[ error ] [8192]preg_match(): Passing null to parameter #2 ($subject) of type string is deprecated
[ error ] [8192]preg_match(): Passing null to parameter #2 ($subject) of type string is deprecated
[ error ] [8192]preg_match(): Passing null to parameter #2 ($subject) of type string is deprecated
[ error ] [8192]preg_match(): Passing null to parameter #2 ($subject) of type string is deprecated
[ error ] [8192]Automatic conversion of false to array is deprecated
[ error ] [2]Undefined array key "title"
[ error ] [2]Undefined array key "title"
[ error ] [2]Undefined array key "title"
[ error ] [2]Undefined array key "title"
---------------------------------------------------------------
[ 2026-03-20T07:33:04+08:00 ] 176.65.149.253 GET 120.24.147.77/config.json
[ error ] [8192]preg_match(): Passing null to parameter #2 ($subject) of type string is deprecated
[ error ] [8192]preg_match(): Passing null to parameter #2 ($subject) of type string is deprecated
[ error ] [8192]preg_match(): Passing null to parameter #2 ($subject) of type string is deprecated
[ error ] [8192]preg_match(): Passing null to parameter #2 ($subject) of type string is deprecated
[ error ] [8192]preg_match(): Passing null to parameter #2 ($subject) of type string is deprecated
[ error ] [8192]preg_match(): Passing null to parameter #2 ($subject) of type string is deprecated
---------------------------------------------------------------
[ 2026-03-20T07:33:04+08:00 ] 176.65.149.253 GET 120.24.147.77/config.json
[ error ] [8192]preg_match(): Passing null to parameter #2 ($subject) of type string is deprecated
[ error ] [8192]preg_match(): Passing null to parameter #2 ($subject) of type string is deprecated
[ error ] [8192]preg_match(): Passing null to parameter #2 ($subject) of type string is deprecated
[ error ] [8192]preg_match(): Passing null to parameter #2 ($subject) of type string is deprecated
[ error ] [8192]preg_match(): Passing null to parameter #2 ($subject) of type string is deprecated
[ error ] [8192]preg_match(): Passing null to parameter #2 ($subject) of type string is deprecated
---------------------------------------------------------------
[ 2026-03-20T07:49:04+08:00 ] 205.210.31.197 GET punalei.cn/
[ error ] [8192]preg_match(): Passing null to parameter #2 ($subject) of type string is deprecated
[ error ] [8192]preg_match(): Passing null to parameter #2 ($subject) of type string is deprecated
[ error ] [8192]preg_match(): Passing null to parameter #2 ($subject) of type string is deprecated
[ error ] [8192]preg_match(): Passing null to parameter #2 ($subject) of type string is deprecated
[ error ] [8192]preg_match(): Passing null to parameter #2 ($subject) of type string is deprecated
[ error ] [8192]preg_match(): Passing null to parameter #2 ($subject) of type string is deprecated
[ error ] [8192]preg_match(): Passing null to parameter #2 ($subject) of type string is deprecated
[ error ] [8192]preg_match(): Passing null to parameter #2 ($subject) of type string is deprecated
[ error ] [8192]Automatic conversion of false to array is deprecated
[ error ] [2]Undefined array key "title"
[ error ] [2]Undefined array key "title"
[ error ] [2]Undefined array key "title"
[ error ] [2]Undefined array key "title"
---------------------------------------------------------------
[ 2026-03-20T07:49:25+08:00 ] 162.142.125.218 GET 120.24.147.77/
[ error ] [8192]preg_match(): Passing null to parameter #2 ($subject) of type string is deprecated
[ error ] [8192]preg_match(): Passing null to parameter #2 ($subject) of type string is deprecated
[ error ] [8192]preg_match(): Passing null to parameter #2 ($subject) of type string is deprecated
[ error ] [8192]preg_match(): Passing null to parameter #2 ($subject) of type string is deprecated
[ error ] [8192]preg_match(): Passing null to parameter #2 ($subject) of type string is deprecated
[ error ] [8192]preg_match(): Passing null to parameter #2 ($subject) of type string is deprecated
[ error ] [8192]preg_match(): Passing null to parameter #2 ($subject) of type string is deprecated
[ error ] [8192]preg_match(): Passing null to parameter #2 ($subject) of type string is deprecated
[ error ] [8192]Automatic conversion of false to array is deprecated
[ error ] [2]Undefined array key "title"
[ error ] [2]Undefined array key "title"
[ error ] [2]Undefined array key "title"
[ error ] [2]Undefined array key "title"
---------------------------------------------------------------
[ 2026-03-20T07:49:31+08:00 ] 162.142.125.218 GET 120.24.147.77/favicon.ico
[ error ] [8192]preg_match(): Passing null to parameter #2 ($subject) of type string is deprecated
[ error ] [8192]preg_match(): Passing null to parameter #2 ($subject) of type string is deprecated
[ error ] [8192]preg_match(): Passing null to parameter #2 ($subject) of type string is deprecated
[ error ] [8192]preg_match(): Passing null to parameter #2 ($subject) of type string is deprecated
[ error ] [8192]preg_match(): Passing null to parameter #2 ($subject) of type string is deprecated
[ error ] [8192]preg_match(): Passing null to parameter #2 ($subject) of type string is deprecated
---------------------------------------------------------------
[ 2026-03-20T07:49:31+08:00 ] 162.142.125.218 GET 120.24.147.77/favicon.ico
[ error ] [8192]preg_match(): Passing null to parameter #2 ($subject) of type string is deprecated
[ error ] [8192]preg_match(): Passing null to parameter #2 ($subject) of type string is deprecated
[ error ] [8192]preg_match(): Passing null to parameter #2 ($subject) of type string is deprecated
[ error ] [8192]preg_match(): Passing null to parameter #2 ($subject) of type string is deprecated
[ error ] [8192]preg_match(): Passing null to parameter #2 ($subject) of type string is deprecated
[ error ] [8192]preg_match(): Passing null to parameter #2 ($subject) of type string is deprecated
---------------------------------------------------------------
[ 2026-03-20T07:49:58+08:00 ] 162.142.125.218 GET 120.24.147.77/login
[ error ] [8192]preg_match(): Passing null to parameter #2 ($subject) of type string is deprecated
[ error ] [8192]preg_match(): Passing null to parameter #2 ($subject) of type string is deprecated
[ error ] [8192]preg_match(): Passing null to parameter #2 ($subject) of type string is deprecated
[ error ] [8192]preg_match(): Passing null to parameter #2 ($subject) of type string is deprecated
[ error ] [8192]preg_match(): Passing null to parameter #2 ($subject) of type string is deprecated
[ error ] [8192]preg_match(): Passing null to parameter #2 ($subject) of type string is deprecated
---------------------------------------------------------------
[ 2026-03-20T07:49:59+08:00 ] 162.142.125.218 GET 120.24.147.77/login
[ error ] [8192]preg_match(): Passing null to parameter #2 ($subject) of type string is deprecated
[ error ] [8192]preg_match(): Passing null to parameter #2 ($subject) of type string is deprecated
[ error ] [8192]preg_match(): Passing null to parameter #2 ($subject) of type string is deprecated
[ error ] [8192]preg_match(): Passing null to parameter #2 ($subject) of type string is deprecated
[ error ] [8192]preg_match(): Passing null to parameter #2 ($subject) of type string is deprecated
[ error ] [8192]preg_match(): Passing null to parameter #2 ($subject) of type string is deprecated
---------------------------------------------------------------
[ 2026-03-20T08:02:16+08:00 ] 65.49.1.182 GET 120.24.147.77/
[ error ] [8192]preg_match(): Passing null to parameter #2 ($subject) of type string is deprecated
[ error ] [8192]preg_match(): Passing null to parameter #2 ($subject) of type string is deprecated
[ error ] [8192]preg_match(): Passing null to parameter #2 ($subject) of type string is deprecated
[ error ] [8192]preg_match(): Passing null to parameter #2 ($subject) of type string is deprecated
[ error ] [8192]preg_match(): Passing null to parameter #2 ($subject) of type string is deprecated
[ error ] [8192]preg_match(): Passing null to parameter #2 ($subject) of type string is deprecated
[ error ] [8192]preg_match(): Passing null to parameter #2 ($subject) of type string is deprecated
[ error ] [8192]preg_match(): Passing null to parameter #2 ($subject) of type string is deprecated
[ error ] [8192]Automatic conversion of false to array is deprecated
[ error ] [2]Undefined array key "title"
[ error ] [2]Undefined array key "title"
[ error ] [2]Undefined array key "title"
[ error ] [2]Undefined array key "title"
---------------------------------------------------------------
[ 2026-03-20T08:03:50+08:00 ] 65.49.1.182 GET 120.24.147.77/webui/
[ error ] [8192]preg_match(): Passing null to parameter #2 ($subject) of type string is deprecated
[ error ] [8192]preg_match(): Passing null to parameter #2 ($subject) of type string is deprecated
[ error ] [8192]preg_match(): Passing null to parameter #2 ($subject) of type string is deprecated
[ error ] [8192]preg_match(): Passing null to parameter #2 ($subject) of type string is deprecated
[ error ] [8192]preg_match(): Passing null to parameter #2 ($subject) of type string is deprecated
[ error ] [8192]preg_match(): Passing null to parameter #2 ($subject) of type string is deprecated
---------------------------------------------------------------
[ 2026-03-20T08:03:50+08:00 ] 65.49.1.182 GET 120.24.147.77/webui/
[ error ] [8192]preg_match(): Passing null to parameter #2 ($subject) of type string is deprecated
[ error ] [8192]preg_match(): Passing null to parameter #2 ($subject) of type string is deprecated
[ error ] [8192]preg_match(): Passing null to parameter #2 ($subject) of type string is deprecated
[ error ] [8192]preg_match(): Passing null to parameter #2 ($subject) of type string is deprecated
[ error ] [8192]preg_match(): Passing null to parameter #2 ($subject) of type string is deprecated
[ error ] [8192]preg_match(): Passing null to parameter #2 ($subject) of type string is deprecated
---------------------------------------------------------------
[ 2026-03-20T08:05:49+08:00 ] 65.49.1.185 GET 120.24.147.77/favicon.ico
[ error ] [8192]preg_match(): Passing null to parameter #2 ($subject) of type string is deprecated
[ error ] [8192]preg_match(): Passing null to parameter #2 ($subject) of type string is deprecated
[ error ] [8192]preg_match(): Passing null to parameter #2 ($subject) of type string is deprecated
[ error ] [8192]preg_match(): Passing null to parameter #2 ($subject) of type string is deprecated
[ error ] [8192]preg_match(): Passing null to parameter #2 ($subject) of type string is deprecated
[ error ] [8192]preg_match(): Passing null to parameter #2 ($subject) of type string is deprecated
---------------------------------------------------------------
[ 2026-03-20T08:05:49+08:00 ] 65.49.1.185 GET 120.24.147.77/favicon.ico
[ error ] [8192]preg_match(): Passing null to parameter #2 ($subject) of type string is deprecated
[ error ] [8192]preg_match(): Passing null to parameter #2 ($subject) of type string is deprecated
[ error ] [8192]preg_match(): Passing null to parameter #2 ($subject) of type string is deprecated
[ error ] [8192]preg_match(): Passing null to parameter #2 ($subject) of type string is deprecated
[ error ] [8192]preg_match(): Passing null to parameter #2 ($subject) of type string is deprecated
[ error ] [8192]preg_match(): Passing null to parameter #2 ($subject) of type string is deprecated
---------------------------------------------------------------
[ 2026-03-20T08:06:55+08:00 ] 65.49.1.182 GET 120.24.147.77/geoserver/web/
[ error ] [8192]preg_match(): Passing null to parameter #2 ($subject) of type string is deprecated
[ error ] [8192]preg_match(): Passing null to parameter #2 ($subject) of type string is deprecated
[ error ] [8192]preg_match(): Passing null to parameter #2 ($subject) of type string is deprecated
[ error ] [8192]preg_match(): Passing null to parameter #2 ($subject) of type string is deprecated
[ error ] [8192]preg_match(): Passing null to parameter #2 ($subject) of type string is deprecated
[ error ] [8192]preg_match(): Passing null to parameter #2 ($subject) of type string is deprecated
---------------------------------------------------------------
[ 2026-03-20T08:06:55+08:00 ] 65.49.1.182 GET 120.24.147.77/geoserver/web/
[ error ] [8192]preg_match(): Passing null to parameter #2 ($subject) of type string is deprecated
[ error ] [8192]preg_match(): Passing null to parameter #2 ($subject) of type string is deprecated
[ error ] [8192]preg_match(): Passing null to parameter #2 ($subject) of type string is deprecated
[ error ] [8192]preg_match(): Passing null to parameter #2 ($subject) of type string is deprecated
[ error ] [8192]preg_match(): Passing null to parameter #2 ($subject) of type string is deprecated
[ error ] [8192]preg_match(): Passing null to parameter #2 ($subject) of type string is deprecated
---------------------------------------------------------------
[ 2026-03-20T08:07:44+08:00 ] 20.64.104.177 GET 120.24.147.77/developmentserver/metadatauploader
[ error ] [8192]preg_match(): Passing null to parameter #2 ($subject) of type string is deprecated
[ error ] [8192]preg_match(): Passing null to parameter #2 ($subject) of type string is deprecated
[ error ] [8192]preg_match(): Passing null to parameter #2 ($subject) of type string is deprecated
[ error ] [8192]preg_match(): Passing null to parameter #2 ($subject) of type string is deprecated
[ error ] [8192]preg_match(): Passing null to parameter #2 ($subject) of type string is deprecated
[ error ] [8192]preg_match(): Passing null to parameter #2 ($subject) of type string is deprecated
---------------------------------------------------------------
[ 2026-03-20T08:07:44+08:00 ] 20.64.104.177 GET 120.24.147.77/developmentserver/metadatauploader
[ error ] [8192]preg_match(): Passing null to parameter #2 ($subject) of type string is deprecated
[ error ] [8192]preg_match(): Passing null to parameter #2 ($subject) of type string is deprecated
[ error ] [8192]preg_match(): Passing null to parameter #2 ($subject) of type string is deprecated
[ error ] [8192]preg_match(): Passing null to parameter #2 ($subject) of type string is deprecated
[ error ] [8192]preg_match(): Passing null to parameter #2 ($subject) of type string is deprecated
[ error ] [8192]preg_match(): Passing null to parameter #2 ($subject) of type string is deprecated
---------------------------------------------------------------
[ 2026-03-20T08:16:07+08:00 ] 139.59.138.84 GET 120.24.147.77/
[ error ] [8192]preg_match(): Passing null to parameter #2 ($subject) of type string is deprecated
[ error ] [8192]preg_match(): Passing null to parameter #2 ($subject) of type string is deprecated
[ error ] [8192]preg_match(): Passing null to parameter #2 ($subject) of type string is deprecated
[ error ] [8192]preg_match(): Passing null to parameter #2 ($subject) of type string is deprecated
[ error ] [8192]preg_match(): Passing null to parameter #2 ($subject) of type string is deprecated
[ error ] [8192]preg_match(): Passing null to parameter #2 ($subject) of type string is deprecated
[ error ] [8192]preg_match(): Passing null to parameter #2 ($subject) of type string is deprecated
[ error ] [8192]preg_match(): Passing null to parameter #2 ($subject) of type string is deprecated
[ error ] [8192]Automatic conversion of false to array is deprecated
[ error ] [2]Undefined array key "title"
[ error ] [2]Undefined array key "title"
[ error ] [2]Undefined array key "title"
[ error ] [2]Undefined array key "title"
---------------------------------------------------------------
[ 2026-03-20T08:45:59+08:00 ] 111.33.154.219 HEAD punalei.cn/
[ error ] [8192]preg_match(): Passing null to parameter #2 ($subject) of type string is deprecated
[ error ] [8192]preg_match(): Passing null to parameter #2 ($subject) of type string is deprecated
[ error ] [8192]preg_match(): Passing null to parameter #2 ($subject) of type string is deprecated
[ error ] [8192]preg_match(): Passing null to parameter #2 ($subject) of type string is deprecated
[ error ] [8192]preg_match(): Passing null to parameter #2 ($subject) of type string is deprecated
[ error ] [8192]preg_match(): Passing null to parameter #2 ($subject) of type string is deprecated
[ error ] [8192]preg_match(): Passing null to parameter #2 ($subject) of type string is deprecated
[ error ] [8192]preg_match(): Passing null to parameter #2 ($subject) of type string is deprecated
[ error ] [8192]Automatic conversion of false to array is deprecated
[ error ] [2]Undefined array key "title"
[ error ] [2]Undefined array key "title"
[ error ] [2]Undefined array key "title"
[ error ] [2]Undefined array key "title"
---------------------------------------------------------------
[ 2026-03-20T09:01:29+08:00 ] 188.166.241.2 GET 120.24.147.77/
[ error ] [8192]preg_match(): Passing null to parameter #2 ($subject) of type string is deprecated
[ error ] [8192]preg_match(): Passing null to parameter #2 ($subject) of type string is deprecated
[ error ] [8192]preg_match(): Passing null to parameter #2 ($subject) of type string is deprecated
[ error ] [8192]preg_match(): Passing null to parameter #2 ($subject) of type string is deprecated
[ error ] [8192]preg_match(): Passing null to parameter #2 ($subject) of type string is deprecated
[ error ] [8192]preg_match(): Passing null to parameter #2 ($subject) of type string is deprecated
[ error ] [8192]preg_match(): Passing null to parameter #2 ($subject) of type string is deprecated
[ error ] [8192]preg_match(): Passing null to parameter #2 ($subject) of type string is deprecated
[ error ] [8192]Automatic conversion of false to array is deprecated
[ error ] [2]Undefined array key "title"
[ error ] [2]Undefined array key "title"
[ error ] [2]Undefined array key "title"
[ error ] [2]Undefined array key "title"
---------------------------------------------------------------
[ 2026-03-20T09:02:13+08:00 ] 40.77.167.77 GET www.punalei.cn/ldcms/punaleiPNAIdangongnenganguixilie/298.html
[ error ] [8192]preg_match(): Passing null to parameter #2 ($subject) of type string is deprecated
[ error ] [8192]preg_match(): Passing null to parameter #2 ($subject) of type string is deprecated
[ error ] [8192]preg_match(): Passing null to parameter #2 ($subject) of type string is deprecated
[ error ] [8192]preg_match(): Passing null to parameter #2 ($subject) of type string is deprecated
[ error ] [8192]preg_match(): Passing null to parameter #2 ($subject) of type string is deprecated
[ error ] [8192]preg_match(): Passing null to parameter #2 ($subject) of type string is deprecated
[ error ] [8192]preg_match(): Passing null to parameter #2 ($subject) of type string is deprecated
[ error ] [8192]preg_match(): Passing null to parameter #2 ($subject) of type string is deprecated
[ error ] [8192]Automatic conversion of false to array is deprecated
---------------------------------------------------------------
[ 2026-03-20T09:09:21+08:00 ] 27.21.28.16 GET www.punalei.cn/
[ error ] [8192]preg_match(): Passing null to parameter #2 ($subject) of type string is deprecated
[ error ] [8192]preg_match(): Passing null to parameter #2 ($subject) of type string is deprecated
[ error ] [8192]preg_match(): Passing null to parameter #2 ($subject) of type string is deprecated
[ error ] [8192]preg_match(): Passing null to parameter #2 ($subject) of type string is deprecated
[ error ] [8192]preg_match(): Passing null to parameter #2 ($subject) of type string is deprecated
[ error ] [8192]preg_match(): Passing null to parameter #2 ($subject) of type string is deprecated
[ error ] [8192]preg_match(): Passing null to parameter #2 ($subject) of type string is deprecated
[ error ] [8192]preg_match(): Passing null to parameter #2 ($subject) of type string is deprecated
[ error ] [8192]Automatic conversion of false to array is deprecated
[ error ] [2]Undefined array key "title"
[ error ] [2]Undefined array key "title"
[ error ] [2]Undefined array key "title"
[ error ] [2]Undefined array key "title"
---------------------------------------------------------------
[ 2026-03-20T09:09:21+08:00 ] 27.21.28.16 GET www.punalei.cn/ldcms/lianxiwomen.html
[ error ] [8192]preg_match(): Passing null to parameter #2 ($subject) of type string is deprecated
[ error ] [8192]preg_match(): Passing null to parameter #2 ($subject) of type string is deprecated
[ error ] [8192]preg_match(): Passing null to parameter #2 ($subject) of type string is deprecated
[ error ] [8192]preg_match(): Passing null to parameter #2 ($subject) of type string is deprecated
[ error ] [8192]preg_match(): Passing null to parameter #2 ($subject) of type string is deprecated
[ error ] [8192]preg_match(): Passing null to parameter #2 ($subject) of type string is deprecated
[ error ] [8192]preg_match(): Passing null to parameter #2 ($subject) of type string is deprecated
[ error ] [8192]preg_match(): Passing null to parameter #2 ($subject) of type string is deprecated
[ error ] [8192]Automatic conversion of false to array is deprecated
---------------------------------------------------------------
[ 2026-03-20T09:09:21+08:00 ] 27.21.28.16 GET www.punalei.cn/lianxiwomen.html
[ error ] [8192]preg_match(): Passing null to parameter #2 ($subject) of type string is deprecated
[ error ] [8192]preg_match(): Passing null to parameter #2 ($subject) of type string is deprecated
[ error ] [8192]preg_match(): Passing null to parameter #2 ($subject) of type string is deprecated
[ error ] [8192]preg_match(): Passing null to parameter #2 ($subject) of type string is deprecated
[ error ] [8192]preg_match(): Passing null to parameter #2 ($subject) of type string is deprecated
[ error ] [8192]preg_match(): Passing null to parameter #2 ($subject) of type string is deprecated
---------------------------------------------------------------
[ 2026-03-20T09:09:21+08:00 ] 27.21.28.16 GET www.punalei.cn/lianxiwomen.html
[ error ] [8192]preg_match(): Passing null to parameter #2 ($subject) of type string is deprecated
[ error ] [8192]preg_match(): Passing null to parameter #2 ($subject) of type string is deprecated
[ error ] [8192]preg_match(): Passing null to parameter #2 ($subject) of type string is deprecated
[ error ] [8192]preg_match(): Passing null to parameter #2 ($subject) of type string is deprecated
[ error ] [8192]preg_match(): Passing null to parameter #2 ($subject) of type string is deprecated
[ error ] [8192]preg_match(): Passing null to parameter #2 ($subject) of type string is deprecated
---------------------------------------------------------------
[ 2026-03-20T09:19:29+08:00 ] 34.158.79.105 GET 120.24.147.77/.env
[ error ] [8192]preg_match(): Passing null to parameter #2 ($subject) of type string is deprecated
[ error ] [8192]preg_match(): Passing null to parameter #2 ($subject) of type string is deprecated
[ error ] [8192]preg_match(): Passing null to parameter #2 ($subject) of type string is deprecated
[ error ] [8192]preg_match(): Passing null to parameter #2 ($subject) of type string is deprecated
[ error ] [8192]preg_match(): Passing null to parameter #2 ($subject) of type string is deprecated
[ error ] [8192]preg_match(): Passing null to parameter #2 ($subject) of type string is deprecated
---------------------------------------------------------------
[ 2026-03-20T09:41:27+08:00 ] 121.41.164.100 GET 120.24.147.77/
[ error ] [8192]preg_match(): Passing null to parameter #2 ($subject) of type string is deprecated
[ error ] [8192]preg_match(): Passing null to parameter #2 ($subject) of type string is deprecated
[ error ] [8192]preg_match(): Passing null to parameter #2 ($subject) of type string is deprecated
[ error ] [8192]preg_match(): Passing null to parameter #2 ($subject) of type string is deprecated
[ error ] [8192]preg_match(): Passing null to parameter #2 ($subject) of type string is deprecated
[ error ] [8192]preg_match(): Passing null to parameter #2 ($subject) of type string is deprecated
[ error ] [8192]preg_match(): Passing null to parameter #2 ($subject) of type string is deprecated
[ error ] [8192]preg_match(): Passing null to parameter #2 ($subject) of type string is deprecated
[ error ] [8192]Automatic conversion of false to array is deprecated
[ error ] [2]Undefined array key "title"
[ error ] [2]Undefined array key "title"
[ error ] [2]Undefined array key "title"
[ error ] [2]Undefined array key "title"
---------------------------------------------------------------
[ 2026-03-20T09:41:49+08:00 ] 121.41.164.100 POST 120.24.147.77/sdk
[ error ] [8192]preg_match(): Passing null to parameter #2 ($subject) of type string is deprecated
[ error ] [8192]preg_match(): Passing null to parameter #2 ($subject) of type string is deprecated
[ error ] [8192]preg_match(): Passing null to parameter #2 ($subject) of type string is deprecated
[ error ] [8192]preg_match(): Passing null to parameter #2 ($subject) of type string is deprecated
[ error ] [8192]preg_match(): Passing null to parameter #2 ($subject) of type string is deprecated
[ error ] [8192]preg_match(): Passing null to parameter #2 ($subject) of type string is deprecated
---------------------------------------------------------------
[ 2026-03-20T09:41:49+08:00 ] 121.41.164.100 GET 120.24.147.77/nmaplowercheck1773970908
[ error ] [8192]preg_match(): Passing null to parameter #2 ($subject) of type string is deprecated
[ error ] [8192]preg_match(): Passing null to parameter #2 ($subject) of type string is deprecated
[ error ] [8192]preg_match(): Passing null to parameter #2 ($subject) of type string is deprecated
[ error ] [8192]preg_match(): Passing null to parameter #2 ($subject) of type string is deprecated
[ error ] [8192]preg_match(): Passing null to parameter #2 ($subject) of type string is deprecated
[ error ] [8192]preg_match(): Passing null to parameter #2 ($subject) of type string is deprecated
---------------------------------------------------------------
[ 2026-03-20T09:41:49+08:00 ] 121.41.164.100 POST 120.24.147.77/sdk
[ error ] [8192]preg_match(): Passing null to parameter #2 ($subject) of type string is deprecated
[ error ] [8192]preg_match(): Passing null to parameter #2 ($subject) of type string is deprecated
[ error ] [8192]preg_match(): Passing null to parameter #2 ($subject) of type string is deprecated
[ error ] [8192]preg_match(): Passing null to parameter #2 ($subject) of type string is deprecated
[ error ] [8192]preg_match(): Passing null to parameter #2 ($subject) of type string is deprecated
[ error ] [8192]preg_match(): Passing null to parameter #2 ($subject) of type string is deprecated
---------------------------------------------------------------
[ 2026-03-20T09:41:49+08:00 ] 121.41.164.100 GET 120.24.147.77/sdk
[ error ] [8192]preg_match(): Passing null to parameter #2 ($subject) of type string is deprecated
[ error ] [8192]preg_match(): Passing null to parameter #2 ($subject) of type string is deprecated
[ error ] [8192]preg_match(): Passing null to parameter #2 ($subject) of type string is deprecated
[ error ] [8192]preg_match(): Passing null to parameter #2 ($subject) of type string is deprecated
[ error ] [8192]preg_match(): Passing null to parameter #2 ($subject) of type string is deprecated
[ error ] [8192]preg_match(): Passing null to parameter #2 ($subject) of type string is deprecated
---------------------------------------------------------------
[ 2026-03-20T09:41:49+08:00 ] 121.41.164.100 GET 120.24.147.77/nmaplowercheck1773970908
[ error ] [8192]preg_match(): Passing null to parameter #2 ($subject) of type string is deprecated
[ error ] [8192]preg_match(): Passing null to parameter #2 ($subject) of type string is deprecated
[ error ] [8192]preg_match(): Passing null to parameter #2 ($subject) of type string is deprecated
[ error ] [8192]preg_match(): Passing null to parameter #2 ($subject) of type string is deprecated
[ error ] [8192]preg_match(): Passing null to parameter #2 ($subject) of type string is deprecated
[ error ] [8192]preg_match(): Passing null to parameter #2 ($subject) of type string is deprecated
---------------------------------------------------------------
[ 2026-03-20T09:41:49+08:00 ] 121.41.164.100 GET 120.24.147.77/nmaplowercheck1773970908
[ error ] [8192]preg_match(): Passing null to parameter #2 ($subject) of type string is deprecated
[ error ] [8192]preg_match(): Passing null to parameter #2 ($subject) of type string is deprecated
[ error ] [8192]preg_match(): Passing null to parameter #2 ($subject) of type string is deprecated
[ error ] [8192]preg_match(): Passing null to parameter #2 ($subject) of type string is deprecated
[ error ] [8192]preg_match(): Passing null to parameter #2 ($subject) of type string is deprecated
[ error ] [8192]preg_match(): Passing null to parameter #2 ($subject) of type string is deprecated
---------------------------------------------------------------
[ 2026-03-20T09:41:49+08:00 ] 121.41.164.100 GET 120.24.147.77/sdk
[ error ] [8192]preg_match(): Passing null to parameter #2 ($subject) of type string is deprecated
[ error ] [8192]preg_match(): Passing null to parameter #2 ($subject) of type string is deprecated
[ error ] [8192]preg_match(): Passing null to parameter #2 ($subject) of type string is deprecated
[ error ] [8192]preg_match(): Passing null to parameter #2 ($subject) of type string is deprecated
[ error ] [8192]preg_match(): Passing null to parameter #2 ($subject) of type string is deprecated
[ error ] [8192]preg_match(): Passing null to parameter #2 ($subject) of type string is deprecated
---------------------------------------------------------------
[ 2026-03-20T09:41:49+08:00 ] 121.41.164.100 GET 120.24.147.77/nmaplowercheck1773970908
[ error ] [8192]preg_match(): Passing null to parameter #2 ($subject) of type string is deprecated
[ error ] [8192]preg_match(): Passing null to parameter #2 ($subject) of type string is deprecated
[ error ] [8192]preg_match(): Passing null to parameter #2 ($subject) of type string is deprecated
[ error ] [8192]preg_match(): Passing null to parameter #2 ($subject) of type string is deprecated
[ error ] [8192]preg_match(): Passing null to parameter #2 ($subject) of type string is deprecated
[ error ] [8192]preg_match(): Passing null to parameter #2 ($subject) of type string is deprecated
---------------------------------------------------------------
[ 2026-03-20T09:41:49+08:00 ] 121.41.164.100 GET 120.24.147.77/HNAP1
[ error ] [8192]preg_match(): Passing null to parameter #2 ($subject) of type string is deprecated
[ error ] [8192]preg_match(): Passing null to parameter #2 ($subject) of type string is deprecated
[ error ] [8192]preg_match(): Passing null to parameter #2 ($subject) of type string is deprecated
[ error ] [8192]preg_match(): Passing null to parameter #2 ($subject) of type string is deprecated
[ error ] [8192]preg_match(): Passing null to parameter #2 ($subject) of type string is deprecated
[ error ] [8192]preg_match(): Passing null to parameter #2 ($subject) of type string is deprecated
---------------------------------------------------------------
[ 2026-03-20T09:41:49+08:00 ] 121.41.164.100 GET 120.24.147.77/HNAP1
[ error ] [8192]preg_match(): Passing null to parameter #2 ($subject) of type string is deprecated
[ error ] [8192]preg_match(): Passing null to parameter #2 ($subject) of type string is deprecated
[ error ] [8192]preg_match(): Passing null to parameter #2 ($subject) of type string is deprecated
[ error ] [8192]preg_match(): Passing null to parameter #2 ($subject) of type string is deprecated
[ error ] [8192]preg_match(): Passing null to parameter #2 ($subject) of type string is deprecated
[ error ] [8192]preg_match(): Passing null to parameter #2 ($subject) of type string is deprecated
---------------------------------------------------------------
[ 2026-03-20T09:41:49+08:00 ] 121.41.164.100 GET 120.24.147.77/evox/about
[ error ] [8192]preg_match(): Passing null to parameter #2 ($subject) of type string is deprecated
[ error ] [8192]preg_match(): Passing null to parameter #2 ($subject) of type string is deprecated
[ error ] [8192]preg_match(): Passing null to parameter #2 ($subject) of type string is deprecated
[ error ] [8192]preg_match(): Passing null to parameter #2 ($subject) of type string is deprecated
[ error ] [8192]preg_match(): Passing null to parameter #2 ($subject) of type string is deprecated
[ error ] [8192]preg_match(): Passing null to parameter #2 ($subject) of type string is deprecated
---------------------------------------------------------------
[ 2026-03-20T09:41:49+08:00 ] 121.41.164.100 GET 120.24.147.77/evox/about
[ error ] [8192]preg_match(): Passing null to parameter #2 ($subject) of type string is deprecated
[ error ] [8192]preg_match(): Passing null to parameter #2 ($subject) of type string is deprecated
[ error ] [8192]preg_match(): Passing null to parameter #2 ($subject) of type string is deprecated
[ error ] [8192]preg_match(): Passing null to parameter #2 ($subject) of type string is deprecated
[ error ] [8192]preg_match(): Passing null to parameter #2 ($subject) of type string is deprecated
[ error ] [8192]preg_match(): Passing null to parameter #2 ($subject) of type string is deprecated
---------------------------------------------------------------
[ 2026-03-20T09:41:49+08:00 ] 121.41.164.100 GET 120.24.147.77/evox/about
[ error ] [8192]preg_match(): Passing null to parameter #2 ($subject) of type string is deprecated
[ error ] [8192]preg_match(): Passing null to parameter #2 ($subject) of type string is deprecated
[ error ] [8192]preg_match(): Passing null to parameter #2 ($subject) of type string is deprecated
[ error ] [8192]preg_match(): Passing null to parameter #2 ($subject) of type string is deprecated
[ error ] [8192]preg_match(): Passing null to parameter #2 ($subject) of type string is deprecated
[ error ] [8192]preg_match(): Passing null to parameter #2 ($subject) of type string is deprecated
---------------------------------------------------------------
[ 2026-03-20T09:41:49+08:00 ] 121.41.164.100 GET 120.24.147.77/HNAP1
[ error ] [8192]preg_match(): Passing null to parameter #2 ($subject) of type string is deprecated
[ error ] [8192]preg_match(): Passing null to parameter #2 ($subject) of type string is deprecated
[ error ] [8192]preg_match(): Passing null to parameter #2 ($subject) of type string is deprecated
[ error ] [8192]preg_match(): Passing null to parameter #2 ($subject) of type string is deprecated
[ error ] [8192]preg_match(): Passing null to parameter #2 ($subject) of type string is deprecated
[ error ] [8192]preg_match(): Passing null to parameter #2 ($subject) of type string is deprecated
---------------------------------------------------------------
[ 2026-03-20T09:41:49+08:00 ] 121.41.164.100 GET 120.24.147.77/evox/about
[ error ] [8192]preg_match(): Passing null to parameter #2 ($subject) of type string is deprecated
[ error ] [8192]preg_match(): Passing null to parameter #2 ($subject) of type string is deprecated
[ error ] [8192]preg_match(): Passing null to parameter #2 ($subject) of type string is deprecated
[ error ] [8192]preg_match(): Passing null to parameter #2 ($subject) of type string is deprecated
[ error ] [8192]preg_match(): Passing null to parameter #2 ($subject) of type string is deprecated
[ error ] [8192]preg_match(): Passing null to parameter #2 ($subject) of type string is deprecated
---------------------------------------------------------------
[ 2026-03-20T09:41:49+08:00 ] 121.41.164.100 GET 120.24.147.77/HNAP1
[ error ] [8192]preg_match(): Passing null to parameter #2 ($subject) of type string is deprecated
[ error ] [8192]preg_match(): Passing null to parameter #2 ($subject) of type string is deprecated
[ error ] [8192]preg_match(): Passing null to parameter #2 ($subject) of type string is deprecated
[ error ] [8192]preg_match(): Passing null to parameter #2 ($subject) of type string is deprecated
[ error ] [8192]preg_match(): Passing null to parameter #2 ($subject) of type string is deprecated
[ error ] [8192]preg_match(): Passing null to parameter #2 ($subject) of type string is deprecated
---------------------------------------------------------------
[ 2026-03-20T09:42:09+08:00 ] 121.41.164.100 GET 120.24.147.77/
[ error ] [8192]preg_match(): Passing null to parameter #2 ($subject) of type string is deprecated
[ error ] [8192]preg_match(): Passing null to parameter #2 ($subject) of type string is deprecated
[ error ] [8192]preg_match(): Passing null to parameter #2 ($subject) of type string is deprecated
[ error ] [8192]preg_match(): Passing null to parameter #2 ($subject) of type string is deprecated
[ error ] [8192]preg_match(): Passing null to parameter #2 ($subject) of type string is deprecated
[ error ] [8192]preg_match(): Passing null to parameter #2 ($subject) of type string is deprecated
[ error ] [8192]preg_match(): Passing null to parameter #2 ($subject) of type string is deprecated
[ error ] [8192]preg_match(): Passing null to parameter #2 ($subject) of type string is deprecated
[ error ] [8192]Automatic conversion of false to array is deprecated
[ error ] [8192]Automatic conversion of false to array is deprecated
[ error ] [2]Undefined array key "title"
[ error ] [2]Undefined array key "title"
[ error ] [2]Undefined array key "title"
[ error ] [2]Undefined array key "title"
---------------------------------------------------------------
[ 2026-03-20T09:42:09+08:00 ] 121.41.164.100 GET 120.24.147.77/
[ error ] [8192]preg_match(): Passing null to parameter #2 ($subject) of type string is deprecated
[ error ] [8192]preg_match(): Passing null to parameter #2 ($subject) of type string is deprecated
[ error ] [8192]preg_match(): Passing null to parameter #2 ($subject) of type string is deprecated
[ error ] [8192]preg_match(): Passing null to parameter #2 ($subject) of type string is deprecated
[ error ] [8192]preg_match(): Passing null to parameter #2 ($subject) of type string is deprecated
[ error ] [8192]preg_match(): Passing null to parameter #2 ($subject) of type string is deprecated
[ error ] [8192]preg_match(): Passing null to parameter #2 ($subject) of type string is deprecated
[ error ] [8192]preg_match(): Passing null to parameter #2 ($subject) of type string is deprecated
[ error ] [2]Undefined array key "title"
[ error ] [2]Undefined array key "title"
[ error ] [2]Undefined array key "title"
[ error ] [2]Undefined array key "title"
---------------------------------------------------------------
[ 2026-03-20T09:42:09+08:00 ] 121.41.164.100 GET 120.24.147.77/
[ error ] [8192]preg_match(): Passing null to parameter #2 ($subject) of type string is deprecated
[ error ] [8192]preg_match(): Passing null to parameter #2 ($subject) of type string is deprecated
[ error ] [8192]preg_match(): Passing null to parameter #2 ($subject) of type string is deprecated
[ error ] [8192]preg_match(): Passing null to parameter #2 ($subject) of type string is deprecated
[ error ] [8192]preg_match(): Passing null to parameter #2 ($subject) of type string is deprecated
[ error ] [8192]preg_match(): Passing null to parameter #2 ($subject) of type string is deprecated
[ error ] [8192]preg_match(): Passing null to parameter #2 ($subject) of type string is deprecated
[ error ] [8192]preg_match(): Passing null to parameter #2 ($subject) of type string is deprecated
[ error ] [8192]Automatic conversion of false to array is deprecated
[ error ] [2]Undefined array key "title"
[ error ] [2]Undefined array key "title"
[ error ] [2]Undefined array key "title"
[ error ] [2]Undefined array key "title"
---------------------------------------------------------------
[ 2026-03-20T09:45:58+08:00 ] 66.132.153.119 GET 120.24.147.77/favicon.ico
[ error ] [8192]preg_match(): Passing null to parameter #2 ($subject) of type string is deprecated
[ error ] [8192]preg_match(): Passing null to parameter #2 ($subject) of type string is deprecated
[ error ] [8192]preg_match(): Passing null to parameter #2 ($subject) of type string is deprecated
[ error ] [8192]preg_match(): Passing null to parameter #2 ($subject) of type string is deprecated
[ error ] [8192]preg_match(): Passing null to parameter #2 ($subject) of type string is deprecated
[ error ] [8192]preg_match(): Passing null to parameter #2 ($subject) of type string is deprecated
---------------------------------------------------------------
[ 2026-03-20T09:45:58+08:00 ] 66.132.153.119 GET 120.24.147.77/favicon.ico
[ error ] [8192]preg_match(): Passing null to parameter #2 ($subject) of type string is deprecated
[ error ] [8192]preg_match(): Passing null to parameter #2 ($subject) of type string is deprecated
[ error ] [8192]preg_match(): Passing null to parameter #2 ($subject) of type string is deprecated
[ error ] [8192]preg_match(): Passing null to parameter #2 ($subject) of type string is deprecated
[ error ] [8192]preg_match(): Passing null to parameter #2 ($subject) of type string is deprecated
[ error ] [8192]preg_match(): Passing null to parameter #2 ($subject) of type string is deprecated
---------------------------------------------------------------
[ 2026-03-20T09:45:59+08:00 ] 66.132.153.119 GET 120.24.147.77/prc55mdd0azprfpd
[ error ] [8192]preg_match(): Passing null to parameter #2 ($subject) of type string is deprecated
[ error ] [8192]preg_match(): Passing null to parameter #2 ($subject) of type string is deprecated
[ error ] [8192]preg_match(): Passing null to parameter #2 ($subject) of type string is deprecated
[ error ] [8192]preg_match(): Passing null to parameter #2 ($subject) of type string is deprecated
[ error ] [8192]preg_match(): Passing null to parameter #2 ($subject) of type string is deprecated
[ error ] [8192]preg_match(): Passing null to parameter #2 ($subject) of type string is deprecated
---------------------------------------------------------------
[ 2026-03-20T09:45:59+08:00 ] 66.132.153.119 GET 120.24.147.77/prc55mdd0azprfpd
[ error ] [8192]preg_match(): Passing null to parameter #2 ($subject) of type string is deprecated
[ error ] [8192]preg_match(): Passing null to parameter #2 ($subject) of type string is deprecated
[ error ] [8192]preg_match(): Passing null to parameter #2 ($subject) of type string is deprecated
[ error ] [8192]preg_match(): Passing null to parameter #2 ($subject) of type string is deprecated
[ error ] [8192]preg_match(): Passing null to parameter #2 ($subject) of type string is deprecated
[ error ] [8192]preg_match(): Passing null to parameter #2 ($subject) of type string is deprecated
---------------------------------------------------------------
[ 2026-03-20T09:48:50+08:00 ] 165.154.202.146 GET 120.24.147.77/
[ error ] [8192]preg_match(): Passing null to parameter #2 ($subject) of type string is deprecated
[ error ] [8192]preg_match(): Passing null to parameter #2 ($subject) of type string is deprecated
[ error ] [8192]preg_match(): Passing null to parameter #2 ($subject) of type string is deprecated
[ error ] [8192]preg_match(): Passing null to parameter #2 ($subject) of type string is deprecated
[ error ] [8192]preg_match(): Passing null to parameter #2 ($subject) of type string is deprecated
[ error ] [8192]preg_match(): Passing null to parameter #2 ($subject) of type string is deprecated
[ error ] [8192]preg_match(): Passing null to parameter #2 ($subject) of type string is deprecated
[ error ] [8192]preg_match(): Passing null to parameter #2 ($subject) of type string is deprecated
[ error ] [8192]Automatic conversion of false to array is deprecated
[ error ] [2]Undefined array key "title"
[ error ] [2]Undefined array key "title"
[ error ] [2]Undefined array key "title"
[ error ] [2]Undefined array key "title"
---------------------------------------------------------------
[ 2026-03-20T09:48:57+08:00 ] 165.154.202.146 GET 120.24.147.77/
[ error ] [8192]preg_match(): Passing null to parameter #2 ($subject) of type string is deprecated
[ error ] [8192]preg_match(): Passing null to parameter #2 ($subject) of type string is deprecated
[ error ] [8192]preg_match(): Passing null to parameter #2 ($subject) of type string is deprecated
[ error ] [8192]preg_match(): Passing null to parameter #2 ($subject) of type string is deprecated
[ error ] [8192]preg_match(): Passing null to parameter #2 ($subject) of type string is deprecated
[ error ] [8192]preg_match(): Passing null to parameter #2 ($subject) of type string is deprecated
[ error ] [8192]preg_match(): Passing null to parameter #2 ($subject) of type string is deprecated
[ error ] [8192]preg_match(): Passing null to parameter #2 ($subject) of type string is deprecated
[ error ] [8192]Automatic conversion of false to array is deprecated
[ error ] [2]Undefined array key "title"
[ error ] [2]Undefined array key "title"
[ error ] [2]Undefined array key "title"
[ error ] [2]Undefined array key "title"
---------------------------------------------------------------
[ 2026-03-20T09:56:15+08:00 ] 178.128.214.41 GET 120.24.147.77/
[ error ] [8192]preg_match(): Passing null to parameter #2 ($subject) of type string is deprecated
[ error ] [8192]preg_match(): Passing null to parameter #2 ($subject) of type string is deprecated
[ error ] [8192]preg_match(): Passing null to parameter #2 ($subject) of type string is deprecated
[ error ] [8192]preg_match(): Passing null to parameter #2 ($subject) of type string is deprecated
[ error ] [8192]preg_match(): Passing null to parameter #2 ($subject) of type string is deprecated
[ error ] [8192]preg_match(): Passing null to parameter #2 ($subject) of type string is deprecated
[ error ] [8192]preg_match(): Passing null to parameter #2 ($subject) of type string is deprecated
[ error ] [8192]preg_match(): Passing null to parameter #2 ($subject) of type string is deprecated
[ error ] [8192]Automatic conversion of false to array is deprecated
[ error ] [2]Undefined array key "title"
[ error ] [2]Undefined array key "title"
[ error ] [2]Undefined array key "title"
[ error ] [2]Undefined array key "title"
---------------------------------------------------------------
[ 2026-03-20T10:18:54+08:00 ] 20.168.107.40 GET 120.24.147.77/portal/redlion
[ error ] [8192]preg_match(): Passing null to parameter #2 ($subject) of type string is deprecated
[ error ] [8192]preg_match(): Passing null to parameter #2 ($subject) of type string is deprecated
[ error ] [8192]preg_match(): Passing null to parameter #2 ($subject) of type string is deprecated
[ error ] [8192]preg_match(): Passing null to parameter #2 ($subject) of type string is deprecated
[ error ] [8192]preg_match(): Passing null to parameter #2 ($subject) of type string is deprecated
[ error ] [8192]preg_match(): Passing null to parameter #2 ($subject) of type string is deprecated
---------------------------------------------------------------
[ 2026-03-20T10:18:54+08:00 ] 20.168.107.40 GET 120.24.147.77/portal/redlion
[ error ] [8192]preg_match(): Passing null to parameter #2 ($subject) of type string is deprecated
[ error ] [8192]preg_match(): Passing null to parameter #2 ($subject) of type string is deprecated
[ error ] [8192]preg_match(): Passing null to parameter #2 ($subject) of type string is deprecated
[ error ] [8192]preg_match(): Passing null to parameter #2 ($subject) of type string is deprecated
[ error ] [8192]preg_match(): Passing null to parameter #2 ($subject) of type string is deprecated
[ error ] [8192]preg_match(): Passing null to parameter #2 ($subject) of type string is deprecated
---------------------------------------------------------------
[ 2026-03-20T10:20:56+08:00 ] 216.180.246.84 GET 120.24.147.77/
[ error ] [8192]preg_match(): Passing null to parameter #2 ($subject) of type string is deprecated
[ error ] [8192]preg_match(): Passing null to parameter #2 ($subject) of type string is deprecated
[ error ] [8192]preg_match(): Passing null to parameter #2 ($subject) of type string is deprecated
[ error ] [8192]preg_match(): Passing null to parameter #2 ($subject) of type string is deprecated
[ error ] [8192]preg_match(): Passing null to parameter #2 ($subject) of type string is deprecated
[ error ] [8192]preg_match(): Passing null to parameter #2 ($subject) of type string is deprecated
[ error ] [8192]preg_match(): Passing null to parameter #2 ($subject) of type string is deprecated
[ error ] [8192]preg_match(): Passing null to parameter #2 ($subject) of type string is deprecated
[ error ] [8192]Automatic conversion of false to array is deprecated
[ error ] [2]Undefined array key "title"
[ error ] [2]Undefined array key "title"
[ error ] [2]Undefined array key "title"
[ error ] [2]Undefined array key "title"
---------------------------------------------------------------
[ 2026-03-20T10:24:08+08:00 ] 111.33.154.219 HEAD www.punalei.cn/
[ error ] [8192]preg_match(): Passing null to parameter #2 ($subject) of type string is deprecated
[ error ] [8192]preg_match(): Passing null to parameter #2 ($subject) of type string is deprecated
[ error ] [8192]preg_match(): Passing null to parameter #2 ($subject) of type string is deprecated
[ error ] [8192]preg_match(): Passing null to parameter #2 ($subject) of type string is deprecated
[ error ] [8192]preg_match(): Passing null to parameter #2 ($subject) of type string is deprecated
[ error ] [8192]preg_match(): Passing null to parameter #2 ($subject) of type string is deprecated
[ error ] [8192]preg_match(): Passing null to parameter #2 ($subject) of type string is deprecated
[ error ] [8192]preg_match(): Passing null to parameter #2 ($subject) of type string is deprecated
[ error ] [8192]Automatic conversion of false to array is deprecated
[ error ] [2]Undefined array key "title"
[ error ] [2]Undefined array key "title"
[ error ] [2]Undefined array key "title"
[ error ] [2]Undefined array key "title"
---------------------------------------------------------------
[ 2026-03-20T10:25:23+08:00 ] 111.33.154.219 HEAD www.punalei.cn/
[ error ] [8192]preg_match(): Passing null to parameter #2 ($subject) of type string is deprecated
[ error ] [8192]preg_match(): Passing null to parameter #2 ($subject) of type string is deprecated
[ error ] [8192]preg_match(): Passing null to parameter #2 ($subject) of type string is deprecated
[ error ] [8192]preg_match(): Passing null to parameter #2 ($subject) of type string is deprecated
[ error ] [8192]preg_match(): Passing null to parameter #2 ($subject) of type string is deprecated
[ error ] [8192]preg_match(): Passing null to parameter #2 ($subject) of type string is deprecated
[ error ] [8192]preg_match(): Passing null to parameter #2 ($subject) of type string is deprecated
[ error ] [8192]preg_match(): Passing null to parameter #2 ($subject) of type string is deprecated
[ error ] [8192]Automatic conversion of false to array is deprecated
[ error ] [2]Undefined array key "title"
[ error ] [2]Undefined array key "title"
[ error ] [2]Undefined array key "title"
[ error ] [2]Undefined array key "title"
---------------------------------------------------------------
[ 2026-03-20T10:30:32+08:00 ] 20.65.195.113 GET 120.24.147.77/actuator/health
[ error ] [8192]preg_match(): Passing null to parameter #2 ($subject) of type string is deprecated
[ error ] [8192]preg_match(): Passing null to parameter #2 ($subject) of type string is deprecated
[ error ] [8192]preg_match(): Passing null to parameter #2 ($subject) of type string is deprecated
[ error ] [8192]preg_match(): Passing null to parameter #2 ($subject) of type string is deprecated
[ error ] [8192]preg_match(): Passing null to parameter #2 ($subject) of type string is deprecated
[ error ] [8192]preg_match(): Passing null to parameter #2 ($subject) of type string is deprecated
---------------------------------------------------------------
[ 2026-03-20T10:30:32+08:00 ] 20.65.195.113 GET 120.24.147.77/actuator/health
[ error ] [8192]preg_match(): Passing null to parameter #2 ($subject) of type string is deprecated
[ error ] [8192]preg_match(): Passing null to parameter #2 ($subject) of type string is deprecated
[ error ] [8192]preg_match(): Passing null to parameter #2 ($subject) of type string is deprecated
[ error ] [8192]preg_match(): Passing null to parameter #2 ($subject) of type string is deprecated
[ error ] [8192]preg_match(): Passing null to parameter #2 ($subject) of type string is deprecated
[ error ] [8192]preg_match(): Passing null to parameter #2 ($subject) of type string is deprecated
---------------------------------------------------------------
[ 2026-03-20T10:34:13+08:00 ] 216.180.246.84 GET 120.24.147.77/
[ error ] [8192]preg_match(): Passing null to parameter #2 ($subject) of type string is deprecated
[ error ] [8192]preg_match(): Passing null to parameter #2 ($subject) of type string is deprecated
[ error ] [8192]preg_match(): Passing null to parameter #2 ($subject) of type string is deprecated
[ error ] [8192]preg_match(): Passing null to parameter #2 ($subject) of type string is deprecated
[ error ] [8192]preg_match(): Passing null to parameter #2 ($subject) of type string is deprecated
[ error ] [8192]preg_match(): Passing null to parameter #2 ($subject) of type string is deprecated
[ error ] [8192]preg_match(): Passing null to parameter #2 ($subject) of type string is deprecated
[ error ] [8192]preg_match(): Passing null to parameter #2 ($subject) of type string is deprecated
[ error ] [8192]Automatic conversion of false to array is deprecated
[ error ] [2]Undefined array key "title"
[ error ] [2]Undefined array key "title"
[ error ] [2]Undefined array key "title"
[ error ] [2]Undefined array key "title"
---------------------------------------------------------------
[ 2026-03-20T10:52:34+08:00 ] 113.215.189.174 GET punalei.cn/
[ error ] [8192]preg_match(): Passing null to parameter #2 ($subject) of type string is deprecated
[ error ] [8192]preg_match(): Passing null to parameter #2 ($subject) of type string is deprecated
[ error ] [8192]preg_match(): Passing null to parameter #2 ($subject) of type string is deprecated
[ error ] [8192]preg_match(): Passing null to parameter #2 ($subject) of type string is deprecated
[ error ] [8192]preg_match(): Passing null to parameter #2 ($subject) of type string is deprecated
[ error ] [8192]preg_match(): Passing null to parameter #2 ($subject) of type string is deprecated
[ error ] [8192]preg_match(): Passing null to parameter #2 ($subject) of type string is deprecated
[ error ] [8192]preg_match(): Passing null to parameter #2 ($subject) of type string is deprecated
[ error ] [8192]Automatic conversion of false to array is deprecated
[ error ] [2]Undefined array key "title"
[ error ] [2]Undefined array key "title"
[ error ] [2]Undefined array key "title"
[ error ] [2]Undefined array key "title"
---------------------------------------------------------------
[ 2026-03-20T10:52:34+08:00 ] 113.215.189.174 GET punalei.cn/
[ error ] [2]Undefined array key "title"
[ error ] [2]Undefined array key "title"
[ error ] [2]Undefined array key "title"
[ error ] [2]Undefined array key "title"
---------------------------------------------------------------
[ 2026-03-20T10:52:50+08:00 ] 113.215.189.174 GET punalei.cn/
[ error ] [2]Undefined array key "title"
[ error ] [2]Undefined array key "title"
[ error ] [2]Undefined array key "title"
[ error ] [2]Undefined array key "title"
---------------------------------------------------------------
[ 2026-03-20T10:52:50+08:00 ] 113.215.189.174 GET punalei.cn/
[ error ] [2]Undefined array key "title"
[ error ] [2]Undefined array key "title"
[ error ] [2]Undefined array key "title"
[ error ] [2]Undefined array key "title"
---------------------------------------------------------------
[ 2026-03-20T10:52:50+08:00 ] 113.215.189.174 GET punalei.cn/
[ error ] [2]Undefined array key "title"
[ error ] [2]Undefined array key "title"
[ error ] [2]Undefined array key "title"
[ error ] [2]Undefined array key "title"
---------------------------------------------------------------
[ 2026-03-20T10:52:51+08:00 ] 113.215.189.174 GET punalei.cn/
[ error ] [2]Undefined array key "title"
[ error ] [2]Undefined array key "title"
[ error ] [2]Undefined array key "title"
[ error ] [2]Undefined array key "title"
---------------------------------------------------------------
[ 2026-03-20T10:52:51+08:00 ] 113.215.189.174 GET punalei.cn/
[ error ] [2]Undefined array key "title"
[ error ] [2]Undefined array key "title"
[ error ] [2]Undefined array key "title"
[ error ] [2]Undefined array key "title"
---------------------------------------------------------------
[ 2026-03-20T11:01:19+08:00 ] 52.167.144.166 GET www.punalei.cn/ldcms/qiyexinwen.html
[ error ] [8192]preg_match(): Passing null to parameter #2 ($subject) of type string is deprecated
[ error ] [8192]preg_match(): Passing null to parameter #2 ($subject) of type string is deprecated
[ error ] [8192]preg_match(): Passing null to parameter #2 ($subject) of type string is deprecated
[ error ] [8192]preg_match(): Passing null to parameter #2 ($subject) of type string is deprecated
[ error ] [8192]preg_match(): Passing null to parameter #2 ($subject) of type string is deprecated
[ error ] [8192]preg_match(): Passing null to parameter #2 ($subject) of type string is deprecated
[ error ] [8192]preg_match(): Passing null to parameter #2 ($subject) of type string is deprecated
[ error ] [8192]preg_match(): Passing null to parameter #2 ($subject) of type string is deprecated
[ error ] [8192]Automatic conversion of false to array is deprecated
[ error ] [2]Undefined variable $content
[ error ] [2]Trying to access array offset on value of type null
---------------------------------------------------------------
[ 2026-03-20T11:09:38+08:00 ] 139.59.116.9 GET 120.24.147.77/
[ error ] [8192]preg_match(): Passing null to parameter #2 ($subject) of type string is deprecated
[ error ] [8192]preg_match(): Passing null to parameter #2 ($subject) of type string is deprecated
[ error ] [8192]preg_match(): Passing null to parameter #2 ($subject) of type string is deprecated
[ error ] [8192]preg_match(): Passing null to parameter #2 ($subject) of type string is deprecated
[ error ] [8192]preg_match(): Passing null to parameter #2 ($subject) of type string is deprecated
[ error ] [8192]preg_match(): Passing null to parameter #2 ($subject) of type string is deprecated
[ error ] [8192]preg_match(): Passing null to parameter #2 ($subject) of type string is deprecated
[ error ] [8192]preg_match(): Passing null to parameter #2 ($subject) of type string is deprecated
[ error ] [8192]Automatic conversion of false to array is deprecated
[ error ] [2]Undefined array key "title"
[ error ] [2]Undefined array key "title"
[ error ] [2]Undefined array key "title"
[ error ] [2]Undefined array key "title"
---------------------------------------------------------------
[ 2026-03-20T11:12:39+08:00 ] 176.65.149.234 GET 120.24.147.77/
[ error ] [8192]preg_match(): Passing null to parameter #2 ($subject) of type string is deprecated
[ error ] [8192]preg_match(): Passing null to parameter #2 ($subject) of type string is deprecated
[ error ] [8192]preg_match(): Passing null to parameter #2 ($subject) of type string is deprecated
[ error ] [8192]preg_match(): Passing null to parameter #2 ($subject) of type string is deprecated
[ error ] [8192]preg_match(): Passing null to parameter #2 ($subject) of type string is deprecated
[ error ] [8192]preg_match(): Passing null to parameter #2 ($subject) of type string is deprecated
[ error ] [8192]preg_match(): Passing null to parameter #2 ($subject) of type string is deprecated
[ error ] [8192]preg_match(): Passing null to parameter #2 ($subject) of type string is deprecated
[ error ] [8192]Automatic conversion of false to array is deprecated
[ error ] [2]Undefined array key "title"
[ error ] [2]Undefined array key "title"
[ error ] [2]Undefined array key "title"
[ error ] [2]Undefined array key "title"
---------------------------------------------------------------
[ 2026-03-20T11:17:26+08:00 ] 85.217.149.64 GET 120.24.147.77/
[ error ] [8192]preg_match(): Passing null to parameter #2 ($subject) of type string is deprecated
[ error ] [8192]preg_match(): Passing null to parameter #2 ($subject) of type string is deprecated
[ error ] [8192]preg_match(): Passing null to parameter #2 ($subject) of type string is deprecated
[ error ] [8192]preg_match(): Passing null to parameter #2 ($subject) of type string is deprecated
[ error ] [8192]preg_match(): Passing null to parameter #2 ($subject) of type string is deprecated
[ error ] [8192]preg_match(): Passing null to parameter #2 ($subject) of type string is deprecated
[ error ] [8192]preg_match(): Passing null to parameter #2 ($subject) of type string is deprecated
[ error ] [8192]preg_match(): Passing null to parameter #2 ($subject) of type string is deprecated
[ error ] [8192]Automatic conversion of false to array is deprecated
[ error ] [2]Undefined array key "title"
[ error ] [2]Undefined array key "title"
[ error ] [2]Undefined array key "title"
[ error ] [2]Undefined array key "title"
---------------------------------------------------------------
[ 2026-03-20T11:31:38+08:00 ] 149.86.227.60 GET 120.24.147.77/
[ error ] [8192]preg_match(): Passing null to parameter #2 ($subject) of type string is deprecated
[ error ] [8192]preg_match(): Passing null to parameter #2 ($subject) of type string is deprecated
[ error ] [8192]preg_match(): Passing null to parameter #2 ($subject) of type string is deprecated
[ error ] [8192]preg_match(): Passing null to parameter #2 ($subject) of type string is deprecated
[ error ] [8192]preg_match(): Passing null to parameter #2 ($subject) of type string is deprecated
[ error ] [8192]preg_match(): Passing null to parameter #2 ($subject) of type string is deprecated
[ error ] [8192]preg_match(): Passing null to parameter #2 ($subject) of type string is deprecated
[ error ] [8192]preg_match(): Passing null to parameter #2 ($subject) of type string is deprecated
[ error ] [8192]Automatic conversion of false to array is deprecated
[ error ] [2]Undefined array key "title"
[ error ] [2]Undefined array key "title"
[ error ] [2]Undefined array key "title"
[ error ] [2]Undefined array key "title"
---------------------------------------------------------------
[ 2026-03-20T11:36:50+08:00 ] 176.65.149.253 GET 120.24.147.77/.env
[ error ] [8192]preg_match(): Passing null to parameter #2 ($subject) of type string is deprecated
[ error ] [8192]preg_match(): Passing null to parameter #2 ($subject) of type string is deprecated
[ error ] [8192]preg_match(): Passing null to parameter #2 ($subject) of type string is deprecated
[ error ] [8192]preg_match(): Passing null to parameter #2 ($subject) of type string is deprecated
[ error ] [8192]preg_match(): Passing null to parameter #2 ($subject) of type string is deprecated
[ error ] [8192]preg_match(): Passing null to parameter #2 ($subject) of type string is deprecated
---------------------------------------------------------------
[ 2026-03-20T11:37:05+08:00 ] 221.238.131.250 HEAD punalei.cn/
[ error ] [8192]preg_match(): Passing null to parameter #2 ($subject) of type string is deprecated
[ error ] [8192]preg_match(): Passing null to parameter #2 ($subject) of type string is deprecated
[ error ] [8192]preg_match(): Passing null to parameter #2 ($subject) of type string is deprecated
[ error ] [8192]preg_match(): Passing null to parameter #2 ($subject) of type string is deprecated
[ error ] [8192]preg_match(): Passing null to parameter #2 ($subject) of type string is deprecated
[ error ] [8192]preg_match(): Passing null to parameter #2 ($subject) of type string is deprecated
[ error ] [8192]preg_match(): Passing null to parameter #2 ($subject) of type string is deprecated
[ error ] [8192]preg_match(): Passing null to parameter #2 ($subject) of type string is deprecated
[ error ] [8192]Automatic conversion of false to array is deprecated
[ error ] [2]Undefined array key "title"
[ error ] [2]Undefined array key "title"
[ error ] [2]Undefined array key "title"
[ error ] [2]Undefined array key "title"
---------------------------------------------------------------
[ 2026-03-20T11:55:52+08:00 ] 27.38.163.0 GET www.punalei.cn/
[ error ] [8192]preg_match(): Passing null to parameter #2 ($subject) of type string is deprecated
[ error ] [8192]preg_match(): Passing null to parameter #2 ($subject) of type string is deprecated
[ error ] [8192]preg_match(): Passing null to parameter #2 ($subject) of type string is deprecated
[ error ] [8192]preg_match(): Passing null to parameter #2 ($subject) of type string is deprecated
[ error ] [8192]preg_match(): Passing null to parameter #2 ($subject) of type string is deprecated
[ error ] [8192]preg_match(): Passing null to parameter #2 ($subject) of type string is deprecated
[ error ] [8192]preg_match(): Passing null to parameter #2 ($subject) of type string is deprecated
[ error ] [8192]preg_match(): Passing null to parameter #2 ($subject) of type string is deprecated
[ error ] [8192]Automatic conversion of false to array is deprecated
[ error ] [2]Undefined array key "title"
[ error ] [2]Undefined array key "title"
[ error ] [2]Undefined array key "title"
[ error ] [2]Undefined array key "title"
---------------------------------------------------------------
[ 2026-03-20T12:05:25+08:00 ] 116.11.5.24 GET www.punalei.cn/ldcms/guanyupunalei.html
[ error ] [8192]preg_match(): Passing null to parameter #2 ($subject) of type string is deprecated
[ error ] [8192]preg_match(): Passing null to parameter #2 ($subject) of type string is deprecated
[ error ] [8192]preg_match(): Passing null to parameter #2 ($subject) of type string is deprecated
[ error ] [8192]preg_match(): Passing null to parameter #2 ($subject) of type string is deprecated
[ error ] [8192]preg_match(): Passing null to parameter #2 ($subject) of type string is deprecated
[ error ] [8192]preg_match(): Passing null to parameter #2 ($subject) of type string is deprecated
[ error ] [8192]preg_match(): Passing null to parameter #2 ($subject) of type string is deprecated
[ error ] [8192]preg_match(): Passing null to parameter #2 ($subject) of type string is deprecated
[ error ] [8192]Automatic conversion of false to array is deprecated
---------------------------------------------------------------
[ 2026-03-20T12:05:55+08:00 ] 42.184.188.209 GET www.punalei.cn/ldcms/guanyupunalei.html
[ error ] [8192]preg_match(): Passing null to parameter #2 ($subject) of type string is deprecated
[ error ] [8192]preg_match(): Passing null to parameter #2 ($subject) of type string is deprecated
[ error ] [8192]preg_match(): Passing null to parameter #2 ($subject) of type string is deprecated
[ error ] [8192]preg_match(): Passing null to parameter #2 ($subject) of type string is deprecated
[ error ] [8192]preg_match(): Passing null to parameter #2 ($subject) of type string is deprecated
[ error ] [8192]preg_match(): Passing null to parameter #2 ($subject) of type string is deprecated
[ error ] [8192]preg_match(): Passing null to parameter #2 ($subject) of type string is deprecated
[ error ] [8192]preg_match(): Passing null to parameter #2 ($subject) of type string is deprecated
[ error ] [8192]Automatic conversion of false to array is deprecated
---------------------------------------------------------------
[ 2026-03-20T12:05:56+08:00 ] 1.194.82.206 GET www.punalei.cn/ldcms/guanyupunalei.html
[ error ] [8192]preg_match(): Passing null to parameter #2 ($subject) of type string is deprecated
[ error ] [8192]preg_match(): Passing null to parameter #2 ($subject) of type string is deprecated
[ error ] [8192]preg_match(): Passing null to parameter #2 ($subject) of type string is deprecated
[ error ] [8192]preg_match(): Passing null to parameter #2 ($subject) of type string is deprecated
[ error ] [8192]preg_match(): Passing null to parameter #2 ($subject) of type string is deprecated
[ error ] [8192]preg_match(): Passing null to parameter #2 ($subject) of type string is deprecated
[ error ] [8192]preg_match(): Passing null to parameter #2 ($subject) of type string is deprecated
[ error ] [8192]preg_match(): Passing null to parameter #2 ($subject) of type string is deprecated
[ error ] [8192]Automatic conversion of false to array is deprecated
---------------------------------------------------------------
[ 2026-03-20T12:06:49+08:00 ] 158.101.39.212 GET punalei.cn/
[ error ] [8192]preg_match(): Passing null to parameter #2 ($subject) of type string is deprecated
[ error ] [8192]preg_match(): Passing null to parameter #2 ($subject) of type string is deprecated
[ error ] [8192]preg_match(): Passing null to parameter #2 ($subject) of type string is deprecated
[ error ] [8192]preg_match(): Passing null to parameter #2 ($subject) of type string is deprecated
[ error ] [8192]preg_match(): Passing null to parameter #2 ($subject) of type string is deprecated
[ error ] [8192]preg_match(): Passing null to parameter #2 ($subject) of type string is deprecated
[ error ] [8192]preg_match(): Passing null to parameter #2 ($subject) of type string is deprecated
[ error ] [8192]preg_match(): Passing null to parameter #2 ($subject) of type string is deprecated
[ error ] [8192]Automatic conversion of false to array is deprecated
[ error ] [2]Undefined array key "title"
[ error ] [2]Undefined array key "title"
[ error ] [2]Undefined array key "title"
[ error ] [2]Undefined array key "title"
---------------------------------------------------------------
[ 2026-03-20T12:06:50+08:00 ] 158.101.39.212 GET punalei.cn/
[ error ] [2]Undefined array key "title"
[ error ] [2]Undefined array key "title"
[ error ] [2]Undefined array key "title"
[ error ] [2]Undefined array key "title"
---------------------------------------------------------------
[ 2026-03-20T12:33:04+08:00 ] 52.167.144.191 GET www.punalei.cn/ldcms/jiaoliubianpindianyuan/317.html
[ error ] [8192]preg_match(): Passing null to parameter #2 ($subject) of type string is deprecated
[ error ] [8192]preg_match(): Passing null to parameter #2 ($subject) of type string is deprecated
[ error ] [8192]preg_match(): Passing null to parameter #2 ($subject) of type string is deprecated
[ error ] [8192]preg_match(): Passing null to parameter #2 ($subject) of type string is deprecated
[ error ] [8192]preg_match(): Passing null to parameter #2 ($subject) of type string is deprecated
[ error ] [8192]preg_match(): Passing null to parameter #2 ($subject) of type string is deprecated
[ error ] [8192]preg_match(): Passing null to parameter #2 ($subject) of type string is deprecated
[ error ] [8192]preg_match(): Passing null to parameter #2 ($subject) of type string is deprecated
[ error ] [8192]Automatic conversion of false to array is deprecated
---------------------------------------------------------------
[ 2026-03-20T12:39:27+08:00 ] 68.183.238.42 GET 120.24.147.77/
[ error ] [8192]preg_match(): Passing null to parameter #2 ($subject) of type string is deprecated
[ error ] [8192]preg_match(): Passing null to parameter #2 ($subject) of type string is deprecated
[ error ] [8192]preg_match(): Passing null to parameter #2 ($subject) of type string is deprecated
[ error ] [8192]preg_match(): Passing null to parameter #2 ($subject) of type string is deprecated
[ error ] [8192]preg_match(): Passing null to parameter #2 ($subject) of type string is deprecated
[ error ] [8192]preg_match(): Passing null to parameter #2 ($subject) of type string is deprecated
[ error ] [8192]preg_match(): Passing null to parameter #2 ($subject) of type string is deprecated
[ error ] [8192]preg_match(): Passing null to parameter #2 ($subject) of type string is deprecated
[ error ] [8192]Automatic conversion of false to array is deprecated
[ error ] [2]Undefined array key "title"
[ error ] [2]Undefined array key "title"
[ error ] [2]Undefined array key "title"
[ error ] [2]Undefined array key "title"
---------------------------------------------------------------
[ 2026-03-20T12:46:06+08:00 ] 167.94.138.204 GET 120.24.147.77/
[ error ] [8192]preg_match(): Passing null to parameter #2 ($subject) of type string is deprecated
[ error ] [8192]preg_match(): Passing null to parameter #2 ($subject) of type string is deprecated
[ error ] [8192]preg_match(): Passing null to parameter #2 ($subject) of type string is deprecated
[ error ] [8192]preg_match(): Passing null to parameter #2 ($subject) of type string is deprecated
[ error ] [8192]preg_match(): Passing null to parameter #2 ($subject) of type string is deprecated
[ error ] [8192]preg_match(): Passing null to parameter #2 ($subject) of type string is deprecated
[ error ] [8192]preg_match(): Passing null to parameter #2 ($subject) of type string is deprecated
[ error ] [8192]preg_match(): Passing null to parameter #2 ($subject) of type string is deprecated
[ error ] [8192]Automatic conversion of false to array is deprecated
[ error ] [2]Undefined array key "title"
[ error ] [2]Undefined array key "title"
[ error ] [2]Undefined array key "title"
[ error ] [2]Undefined array key "title"
---------------------------------------------------------------
[ 2026-03-20T12:46:14+08:00 ] 167.94.138.204 GET 120.24.147.77/favicon.ico
[ error ] [8192]preg_match(): Passing null to parameter #2 ($subject) of type string is deprecated
[ error ] [8192]preg_match(): Passing null to parameter #2 ($subject) of type string is deprecated
[ error ] [8192]preg_match(): Passing null to parameter #2 ($subject) of type string is deprecated
[ error ] [8192]preg_match(): Passing null to parameter #2 ($subject) of type string is deprecated
[ error ] [8192]preg_match(): Passing null to parameter #2 ($subject) of type string is deprecated
[ error ] [8192]preg_match(): Passing null to parameter #2 ($subject) of type string is deprecated
---------------------------------------------------------------
[ 2026-03-20T12:46:14+08:00 ] 167.94.138.204 GET 120.24.147.77/favicon.ico
[ error ] [8192]preg_match(): Passing null to parameter #2 ($subject) of type string is deprecated
[ error ] [8192]preg_match(): Passing null to parameter #2 ($subject) of type string is deprecated
[ error ] [8192]preg_match(): Passing null to parameter #2 ($subject) of type string is deprecated
[ error ] [8192]preg_match(): Passing null to parameter #2 ($subject) of type string is deprecated
[ error ] [8192]preg_match(): Passing null to parameter #2 ($subject) of type string is deprecated
[ error ] [8192]preg_match(): Passing null to parameter #2 ($subject) of type string is deprecated
---------------------------------------------------------------
[ 2026-03-20T12:46:44+08:00 ] 167.94.138.204 GET 120.24.147.77/favicon.ico
[ error ] [8192]preg_match(): Passing null to parameter #2 ($subject) of type string is deprecated
[ error ] [8192]preg_match(): Passing null to parameter #2 ($subject) of type string is deprecated
[ error ] [8192]preg_match(): Passing null to parameter #2 ($subject) of type string is deprecated
[ error ] [8192]preg_match(): Passing null to parameter #2 ($subject) of type string is deprecated
[ error ] [8192]preg_match(): Passing null to parameter #2 ($subject) of type string is deprecated
[ error ] [8192]preg_match(): Passing null to parameter #2 ($subject) of type string is deprecated
---------------------------------------------------------------
[ 2026-03-20T12:46:44+08:00 ] 167.94.138.204 GET 120.24.147.77/favicon.ico
[ error ] [8192]preg_match(): Passing null to parameter #2 ($subject) of type string is deprecated
[ error ] [8192]preg_match(): Passing null to parameter #2 ($subject) of type string is deprecated
[ error ] [8192]preg_match(): Passing null to parameter #2 ($subject) of type string is deprecated
[ error ] [8192]preg_match(): Passing null to parameter #2 ($subject) of type string is deprecated
[ error ] [8192]preg_match(): Passing null to parameter #2 ($subject) of type string is deprecated
[ error ] [8192]preg_match(): Passing null to parameter #2 ($subject) of type string is deprecated
---------------------------------------------------------------
[ 2026-03-20T12:46:48+08:00 ] 167.94.138.204 GET 120.24.147.77/rz1l4jr7iqx3i25qn3
[ error ] [8192]preg_match(): Passing null to parameter #2 ($subject) of type string is deprecated
[ error ] [8192]preg_match(): Passing null to parameter #2 ($subject) of type string is deprecated
[ error ] [8192]preg_match(): Passing null to parameter #2 ($subject) of type string is deprecated
[ error ] [8192]preg_match(): Passing null to parameter #2 ($subject) of type string is deprecated
[ error ] [8192]preg_match(): Passing null to parameter #2 ($subject) of type string is deprecated
[ error ] [8192]preg_match(): Passing null to parameter #2 ($subject) of type string is deprecated
---------------------------------------------------------------
[ 2026-03-20T12:46:48+08:00 ] 167.94.138.204 GET 120.24.147.77/rz1l4jr7iqx3i25qn3
[ error ] [8192]preg_match(): Passing null to parameter #2 ($subject) of type string is deprecated
[ error ] [8192]preg_match(): Passing null to parameter #2 ($subject) of type string is deprecated
[ error ] [8192]preg_match(): Passing null to parameter #2 ($subject) of type string is deprecated
[ error ] [8192]preg_match(): Passing null to parameter #2 ($subject) of type string is deprecated
[ error ] [8192]preg_match(): Passing null to parameter #2 ($subject) of type string is deprecated
[ error ] [8192]preg_match(): Passing null to parameter #2 ($subject) of type string is deprecated
---------------------------------------------------------------
[ 2026-03-20T12:47:51+08:00 ] 167.94.138.162 GET 120.24.147.77/favicon.ico
[ error ] [8192]preg_match(): Passing null to parameter #2 ($subject) of type string is deprecated
[ error ] [8192]preg_match(): Passing null to parameter #2 ($subject) of type string is deprecated
[ error ] [8192]preg_match(): Passing null to parameter #2 ($subject) of type string is deprecated
[ error ] [8192]preg_match(): Passing null to parameter #2 ($subject) of type string is deprecated
[ error ] [8192]preg_match(): Passing null to parameter #2 ($subject) of type string is deprecated
[ error ] [8192]preg_match(): Passing null to parameter #2 ($subject) of type string is deprecated
---------------------------------------------------------------
[ 2026-03-20T12:47:51+08:00 ] 167.94.138.162 GET 120.24.147.77/favicon.ico
[ error ] [8192]preg_match(): Passing null to parameter #2 ($subject) of type string is deprecated
[ error ] [8192]preg_match(): Passing null to parameter #2 ($subject) of type string is deprecated
[ error ] [8192]preg_match(): Passing null to parameter #2 ($subject) of type string is deprecated
[ error ] [8192]preg_match(): Passing null to parameter #2 ($subject) of type string is deprecated
[ error ] [8192]preg_match(): Passing null to parameter #2 ($subject) of type string is deprecated
[ error ] [8192]preg_match(): Passing null to parameter #2 ($subject) of type string is deprecated
---------------------------------------------------------------
[ 2026-03-20T12:48:01+08:00 ] 167.94.138.162 GET 120.24.147.77/4wtqur7tc_
[ error ] [8192]preg_match(): Passing null to parameter #2 ($subject) of type string is deprecated
[ error ] [8192]preg_match(): Passing null to parameter #2 ($subject) of type string is deprecated
[ error ] [8192]preg_match(): Passing null to parameter #2 ($subject) of type string is deprecated
[ error ] [8192]preg_match(): Passing null to parameter #2 ($subject) of type string is deprecated
[ error ] [8192]preg_match(): Passing null to parameter #2 ($subject) of type string is deprecated
[ error ] [8192]preg_match(): Passing null to parameter #2 ($subject) of type string is deprecated
---------------------------------------------------------------
[ 2026-03-20T12:48:01+08:00 ] 167.94.138.162 GET 120.24.147.77/4wtqur7tc_
[ error ] [8192]preg_match(): Passing null to parameter #2 ($subject) of type string is deprecated
[ error ] [8192]preg_match(): Passing null to parameter #2 ($subject) of type string is deprecated
[ error ] [8192]preg_match(): Passing null to parameter #2 ($subject) of type string is deprecated
[ error ] [8192]preg_match(): Passing null to parameter #2 ($subject) of type string is deprecated
[ error ] [8192]preg_match(): Passing null to parameter #2 ($subject) of type string is deprecated
[ error ] [8192]preg_match(): Passing null to parameter #2 ($subject) of type string is deprecated
---------------------------------------------------------------
[ 2026-03-20T12:48:37+08:00 ] 87.121.84.76 GET 120.24.147.77/
[ error ] [8192]preg_match(): Passing null to parameter #2 ($subject) of type string is deprecated
[ error ] [8192]preg_match(): Passing null to parameter #2 ($subject) of type string is deprecated
[ error ] [8192]preg_match(): Passing null to parameter #2 ($subject) of type string is deprecated
[ error ] [8192]preg_match(): Passing null to parameter #2 ($subject) of type string is deprecated
[ error ] [8192]preg_match(): Passing null to parameter #2 ($subject) of type string is deprecated
[ error ] [8192]preg_match(): Passing null to parameter #2 ($subject) of type string is deprecated
[ error ] [8192]preg_match(): Passing null to parameter #2 ($subject) of type string is deprecated
[ error ] [8192]preg_match(): Passing null to parameter #2 ($subject) of type string is deprecated
[ error ] [8192]Automatic conversion of false to array is deprecated
[ error ] [2]Undefined array key "title"
[ error ] [2]Undefined array key "title"
[ error ] [2]Undefined array key "title"
[ error ] [2]Undefined array key "title"
---------------------------------------------------------------
[ 2026-03-20T12:51:02+08:00 ] 192.155.90.220 GET 120.24.147.77/
[ error ] [8192]preg_match(): Passing null to parameter #2 ($subject) of type string is deprecated
[ error ] [8192]preg_match(): Passing null to parameter #2 ($subject) of type string is deprecated
[ error ] [8192]preg_match(): Passing null to parameter #2 ($subject) of type string is deprecated
[ error ] [8192]preg_match(): Passing null to parameter #2 ($subject) of type string is deprecated
[ error ] [8192]preg_match(): Passing null to parameter #2 ($subject) of type string is deprecated
[ error ] [8192]preg_match(): Passing null to parameter #2 ($subject) of type string is deprecated
[ error ] [8192]preg_match(): Passing null to parameter #2 ($subject) of type string is deprecated
[ error ] [8192]preg_match(): Passing null to parameter #2 ($subject) of type string is deprecated
[ error ] [8192]Automatic conversion of false to array is deprecated
[ error ] [2]Undefined array key "title"
[ error ] [2]Undefined array key "title"
[ error ] [2]Undefined array key "title"
[ error ] [2]Undefined array key "title"
---------------------------------------------------------------
[ 2026-03-20T12:52:19+08:00 ] 112.124.56.29 GET 120.24.147.77/
[ error ] [8192]preg_match(): Passing null to parameter #2 ($subject) of type string is deprecated
[ error ] [8192]preg_match(): Passing null to parameter #2 ($subject) of type string is deprecated
[ error ] [8192]preg_match(): Passing null to parameter #2 ($subject) of type string is deprecated
[ error ] [8192]preg_match(): Passing null to parameter #2 ($subject) of type string is deprecated
[ error ] [8192]preg_match(): Passing null to parameter #2 ($subject) of type string is deprecated
[ error ] [8192]preg_match(): Passing null to parameter #2 ($subject) of type string is deprecated
[ error ] [8192]preg_match(): Passing null to parameter #2 ($subject) of type string is deprecated
[ error ] [8192]preg_match(): Passing null to parameter #2 ($subject) of type string is deprecated
[ error ] [8192]Automatic conversion of false to array is deprecated
[ error ] [2]Undefined array key "title"
[ error ] [2]Undefined array key "title"
[ error ] [2]Undefined array key "title"
[ error ] [2]Undefined array key "title"
---------------------------------------------------------------
[ 2026-03-20T12:52:23+08:00 ] 112.124.56.29 GET 120.24.147.77/nmaplowercheck1773982343
[ error ] [8192]preg_match(): Passing null to parameter #2 ($subject) of type string is deprecated
[ error ] [8192]preg_match(): Passing null to parameter #2 ($subject) of type string is deprecated
[ error ] [8192]preg_match(): Passing null to parameter #2 ($subject) of type string is deprecated
[ error ] [8192]preg_match(): Passing null to parameter #2 ($subject) of type string is deprecated
[ error ] [8192]preg_match(): Passing null to parameter #2 ($subject) of type string is deprecated
[ error ] [8192]preg_match(): Passing null to parameter #2 ($subject) of type string is deprecated
---------------------------------------------------------------
[ 2026-03-20T12:52:23+08:00 ] 112.124.56.29 POST 120.24.147.77/sdk
[ error ] [8192]preg_match(): Passing null to parameter #2 ($subject) of type string is deprecated
[ error ] [8192]preg_match(): Passing null to parameter #2 ($subject) of type string is deprecated
[ error ] [8192]preg_match(): Passing null to parameter #2 ($subject) of type string is deprecated
[ error ] [8192]preg_match(): Passing null to parameter #2 ($subject) of type string is deprecated
[ error ] [8192]preg_match(): Passing null to parameter #2 ($subject) of type string is deprecated
[ error ] [8192]preg_match(): Passing null to parameter #2 ($subject) of type string is deprecated
---------------------------------------------------------------
[ 2026-03-20T12:52:23+08:00 ] 112.124.56.29 GET 120.24.147.77/sdk
[ error ] [8192]preg_match(): Passing null to parameter #2 ($subject) of type string is deprecated
[ error ] [8192]preg_match(): Passing null to parameter #2 ($subject) of type string is deprecated
[ error ] [8192]preg_match(): Passing null to parameter #2 ($subject) of type string is deprecated
[ error ] [8192]preg_match(): Passing null to parameter #2 ($subject) of type string is deprecated
[ error ] [8192]preg_match(): Passing null to parameter #2 ($subject) of type string is deprecated
[ error ] [8192]preg_match(): Passing null to parameter #2 ($subject) of type string is deprecated
---------------------------------------------------------------
[ 2026-03-20T12:52:23+08:00 ] 112.124.56.29 GET 120.24.147.77/nmaplowercheck1773982343
[ error ] [8192]preg_match(): Passing null to parameter #2 ($subject) of type string is deprecated
[ error ] [8192]preg_match(): Passing null to parameter #2 ($subject) of type string is deprecated
[ error ] [8192]preg_match(): Passing null to parameter #2 ($subject) of type string is deprecated
[ error ] [8192]preg_match(): Passing null to parameter #2 ($subject) of type string is deprecated
[ error ] [8192]preg_match(): Passing null to parameter #2 ($subject) of type string is deprecated
[ error ] [8192]preg_match(): Passing null to parameter #2 ($subject) of type string is deprecated
---------------------------------------------------------------
[ 2026-03-20T12:52:23+08:00 ] 112.124.56.29 GET 120.24.147.77/HNAP1
[ error ] [8192]preg_match(): Passing null to parameter #2 ($subject) of type string is deprecated
[ error ] [8192]preg_match(): Passing null to parameter #2 ($subject) of type string is deprecated
[ error ] [8192]preg_match(): Passing null to parameter #2 ($subject) of type string is deprecated
[ error ] [8192]preg_match(): Passing null to parameter #2 ($subject) of type string is deprecated
[ error ] [8192]preg_match(): Passing null to parameter #2 ($subject) of type string is deprecated
[ error ] [8192]preg_match(): Passing null to parameter #2 ($subject) of type string is deprecated
---------------------------------------------------------------
[ 2026-03-20T12:52:23+08:00 ] 112.124.56.29 GET 120.24.147.77/HNAP1
[ error ] [8192]preg_match(): Passing null to parameter #2 ($subject) of type string is deprecated
[ error ] [8192]preg_match(): Passing null to parameter #2 ($subject) of type string is deprecated
[ error ] [8192]preg_match(): Passing null to parameter #2 ($subject) of type string is deprecated
[ error ] [8192]preg_match(): Passing null to parameter #2 ($subject) of type string is deprecated
[ error ] [8192]preg_match(): Passing null to parameter #2 ($subject) of type string is deprecated
[ error ] [8192]preg_match(): Passing null to parameter #2 ($subject) of type string is deprecated
---------------------------------------------------------------
[ 2026-03-20T12:52:23+08:00 ] 112.124.56.29 GET 120.24.147.77/evox/about
[ error ] [8192]preg_match(): Passing null to parameter #2 ($subject) of type string is deprecated
[ error ] [8192]preg_match(): Passing null to parameter #2 ($subject) of type string is deprecated
[ error ] [8192]preg_match(): Passing null to parameter #2 ($subject) of type string is deprecated
[ error ] [8192]preg_match(): Passing null to parameter #2 ($subject) of type string is deprecated
[ error ] [8192]preg_match(): Passing null to parameter #2 ($subject) of type string is deprecated
[ error ] [8192]preg_match(): Passing null to parameter #2 ($subject) of type string is deprecated
---------------------------------------------------------------
[ 2026-03-20T12:52:23+08:00 ] 112.124.56.29 GET 120.24.147.77/evox/about
[ error ] [8192]preg_match(): Passing null to parameter #2 ($subject) of type string is deprecated
[ error ] [8192]preg_match(): Passing null to parameter #2 ($subject) of type string is deprecated
[ error ] [8192]preg_match(): Passing null to parameter #2 ($subject) of type string is deprecated
[ error ] [8192]preg_match(): Passing null to parameter #2 ($subject) of type string is deprecated
[ error ] [8192]preg_match(): Passing null to parameter #2 ($subject) of type string is deprecated
[ error ] [8192]preg_match(): Passing null to parameter #2 ($subject) of type string is deprecated
---------------------------------------------------------------
[ 2026-03-20T12:52:43+08:00 ] 112.124.56.29 GET 120.24.147.77/
[ error ] [8192]preg_match(): Passing null to parameter #2 ($subject) of type string is deprecated
[ error ] [8192]preg_match(): Passing null to parameter #2 ($subject) of type string is deprecated
[ error ] [8192]preg_match(): Passing null to parameter #2 ($subject) of type string is deprecated
[ error ] [8192]preg_match(): Passing null to parameter #2 ($subject) of type string is deprecated
[ error ] [8192]preg_match(): Passing null to parameter #2 ($subject) of type string is deprecated
[ error ] [8192]preg_match(): Passing null to parameter #2 ($subject) of type string is deprecated
[ error ] [8192]preg_match(): Passing null to parameter #2 ($subject) of type string is deprecated
[ error ] [8192]preg_match(): Passing null to parameter #2 ($subject) of type string is deprecated
[ error ] [8192]Automatic conversion of false to array is deprecated
[ error ] [2]Undefined array key "title"
[ error ] [2]Undefined array key "title"
[ error ] [2]Undefined array key "title"
[ error ] [2]Undefined array key "title"
---------------------------------------------------------------
[ 2026-03-20T12:52:43+08:00 ] 112.124.56.29 GET 120.24.147.77/
[ error ] [8192]preg_match(): Passing null to parameter #2 ($subject) of type string is deprecated
[ error ] [8192]preg_match(): Passing null to parameter #2 ($subject) of type string is deprecated
[ error ] [8192]preg_match(): Passing null to parameter #2 ($subject) of type string is deprecated
[ error ] [8192]preg_match(): Passing null to parameter #2 ($subject) of type string is deprecated
[ error ] [8192]preg_match(): Passing null to parameter #2 ($subject) of type string is deprecated
[ error ] [8192]preg_match(): Passing null to parameter #2 ($subject) of type string is deprecated
[ error ] [8192]preg_match(): Passing null to parameter #2 ($subject) of type string is deprecated
[ error ] [8192]preg_match(): Passing null to parameter #2 ($subject) of type string is deprecated
[ error ] [8192]Automatic conversion of false to array is deprecated
[ error ] [2]Undefined array key "title"
[ error ] [2]Undefined array key "title"
[ error ] [2]Undefined array key "title"
[ error ] [2]Undefined array key "title"
---------------------------------------------------------------
[ 2026-03-20T12:58:22+08:00 ] 165.22.243.79 GET 120.24.147.77/
[ error ] [8192]preg_match(): Passing null to parameter #2 ($subject) of type string is deprecated
[ error ] [8192]preg_match(): Passing null to parameter #2 ($subject) of type string is deprecated
[ error ] [8192]preg_match(): Passing null to parameter #2 ($subject) of type string is deprecated
[ error ] [8192]preg_match(): Passing null to parameter #2 ($subject) of type string is deprecated
[ error ] [8192]preg_match(): Passing null to parameter #2 ($subject) of type string is deprecated
[ error ] [8192]preg_match(): Passing null to parameter #2 ($subject) of type string is deprecated
[ error ] [8192]preg_match(): Passing null to parameter #2 ($subject) of type string is deprecated
[ error ] [8192]preg_match(): Passing null to parameter #2 ($subject) of type string is deprecated
[ error ] [8192]Automatic conversion of false to array is deprecated
[ error ] [2]Undefined array key "title"
[ error ] [2]Undefined array key "title"
[ error ] [2]Undefined array key "title"
[ error ] [2]Undefined array key "title"
---------------------------------------------------------------
[ 2026-03-20T13:00:26+08:00 ] 64.62.156.10 GET 120.24.147.77/
[ error ] [8192]preg_match(): Passing null to parameter #2 ($subject) of type string is deprecated
[ error ] [8192]preg_match(): Passing null to parameter #2 ($subject) of type string is deprecated
[ error ] [8192]preg_match(): Passing null to parameter #2 ($subject) of type string is deprecated
[ error ] [8192]preg_match(): Passing null to parameter #2 ($subject) of type string is deprecated
[ error ] [8192]preg_match(): Passing null to parameter #2 ($subject) of type string is deprecated
[ error ] [8192]preg_match(): Passing null to parameter #2 ($subject) of type string is deprecated
[ error ] [8192]preg_match(): Passing null to parameter #2 ($subject) of type string is deprecated
[ error ] [8192]preg_match(): Passing null to parameter #2 ($subject) of type string is deprecated
[ error ] [8192]Automatic conversion of false to array is deprecated
[ error ] [2]Undefined array key "title"
[ error ] [2]Undefined array key "title"
[ error ] [2]Undefined array key "title"
[ error ] [2]Undefined array key "title"
---------------------------------------------------------------
[ 2026-03-20T13:04:45+08:00 ] 64.62.156.10 GET 120.24.147.77/webui/
[ error ] [8192]preg_match(): Passing null to parameter #2 ($subject) of type string is deprecated
[ error ] [8192]preg_match(): Passing null to parameter #2 ($subject) of type string is deprecated
[ error ] [8192]preg_match(): Passing null to parameter #2 ($subject) of type string is deprecated
[ error ] [8192]preg_match(): Passing null to parameter #2 ($subject) of type string is deprecated
[ error ] [8192]preg_match(): Passing null to parameter #2 ($subject) of type string is deprecated
[ error ] [8192]preg_match(): Passing null to parameter #2 ($subject) of type string is deprecated
---------------------------------------------------------------
[ 2026-03-20T13:04:46+08:00 ] 64.62.156.10 GET 120.24.147.77/webui/
[ error ] [8192]preg_match(): Passing null to parameter #2 ($subject) of type string is deprecated
[ error ] [8192]preg_match(): Passing null to parameter #2 ($subject) of type string is deprecated
[ error ] [8192]preg_match(): Passing null to parameter #2 ($subject) of type string is deprecated
[ error ] [8192]preg_match(): Passing null to parameter #2 ($subject) of type string is deprecated
[ error ] [8192]preg_match(): Passing null to parameter #2 ($subject) of type string is deprecated
[ error ] [8192]preg_match(): Passing null to parameter #2 ($subject) of type string is deprecated
---------------------------------------------------------------
[ 2026-03-20T13:04:49+08:00 ] 152.42.253.230 GET 120.24.147.77/
[ error ] [8192]preg_match(): Passing null to parameter #2 ($subject) of type string is deprecated
[ error ] [8192]preg_match(): Passing null to parameter #2 ($subject) of type string is deprecated
[ error ] [8192]preg_match(): Passing null to parameter #2 ($subject) of type string is deprecated
[ error ] [8192]preg_match(): Passing null to parameter #2 ($subject) of type string is deprecated
[ error ] [8192]preg_match(): Passing null to parameter #2 ($subject) of type string is deprecated
[ error ] [8192]preg_match(): Passing null to parameter #2 ($subject) of type string is deprecated
[ error ] [8192]preg_match(): Passing null to parameter #2 ($subject) of type string is deprecated
[ error ] [8192]preg_match(): Passing null to parameter #2 ($subject) of type string is deprecated
[ error ] [8192]Automatic conversion of false to array is deprecated
[ error ] [2]Undefined array key "title"
[ error ] [2]Undefined array key "title"
[ error ] [2]Undefined array key "title"
[ error ] [2]Undefined array key "title"
---------------------------------------------------------------
[ 2026-03-20T13:04:49+08:00 ] 152.42.253.230 GET 120.24.147.77/
[ error ] [8192]preg_match(): Passing null to parameter #2 ($subject) of type string is deprecated
[ error ] [8192]preg_match(): Passing null to parameter #2 ($subject) of type string is deprecated
[ error ] [8192]preg_match(): Passing null to parameter #2 ($subject) of type string is deprecated
[ error ] [8192]preg_match(): Passing null to parameter #2 ($subject) of type string is deprecated
[ error ] [8192]preg_match(): Passing null to parameter #2 ($subject) of type string is deprecated
[ error ] [8192]preg_match(): Passing null to parameter #2 ($subject) of type string is deprecated
[ error ] [8192]preg_match(): Passing null to parameter #2 ($subject) of type string is deprecated
[ error ] [8192]preg_match(): Passing null to parameter #2 ($subject) of type string is deprecated
[ error ] [8192]Automatic conversion of false to array is deprecated
[ error ] [2]Undefined array key "title"
[ error ] [2]Undefined array key "title"
[ error ] [2]Undefined array key "title"
[ error ] [2]Undefined array key "title"
---------------------------------------------------------------
[ 2026-03-20T13:04:50+08:00 ] 152.42.253.230 GET 120.24.147.77/favicon.ico
[ error ] [8192]preg_match(): Passing null to parameter #2 ($subject) of type string is deprecated
[ error ] [8192]preg_match(): Passing null to parameter #2 ($subject) of type string is deprecated
[ error ] [8192]preg_match(): Passing null to parameter #2 ($subject) of type string is deprecated
[ error ] [8192]preg_match(): Passing null to parameter #2 ($subject) of type string is deprecated
[ error ] [8192]preg_match(): Passing null to parameter #2 ($subject) of type string is deprecated
[ error ] [8192]preg_match(): Passing null to parameter #2 ($subject) of type string is deprecated
---------------------------------------------------------------
[ 2026-03-20T13:04:50+08:00 ] 152.42.253.230 GET 120.24.147.77/favicon.ico
[ error ] [8192]preg_match(): Passing null to parameter #2 ($subject) of type string is deprecated
[ error ] [8192]preg_match(): Passing null to parameter #2 ($subject) of type string is deprecated
[ error ] [8192]preg_match(): Passing null to parameter #2 ($subject) of type string is deprecated
[ error ] [8192]preg_match(): Passing null to parameter #2 ($subject) of type string is deprecated
[ error ] [8192]preg_match(): Passing null to parameter #2 ($subject) of type string is deprecated
[ error ] [8192]preg_match(): Passing null to parameter #2 ($subject) of type string is deprecated
---------------------------------------------------------------
[ 2026-03-20T13:04:51+08:00 ] 152.42.253.230 GET 120.24.147.77/favicon
[ error ] [8192]preg_match(): Passing null to parameter #2 ($subject) of type string is deprecated
[ error ] [8192]preg_match(): Passing null to parameter #2 ($subject) of type string is deprecated
[ error ] [8192]preg_match(): Passing null to parameter #2 ($subject) of type string is deprecated
[ error ] [8192]preg_match(): Passing null to parameter #2 ($subject) of type string is deprecated
[ error ] [8192]preg_match(): Passing null to parameter #2 ($subject) of type string is deprecated
[ error ] [8192]preg_match(): Passing null to parameter #2 ($subject) of type string is deprecated
---------------------------------------------------------------
[ 2026-03-20T13:04:51+08:00 ] 152.42.253.230 GET 120.24.147.77/favicon
[ error ] [8192]preg_match(): Passing null to parameter #2 ($subject) of type string is deprecated
[ error ] [8192]preg_match(): Passing null to parameter #2 ($subject) of type string is deprecated
[ error ] [8192]preg_match(): Passing null to parameter #2 ($subject) of type string is deprecated
[ error ] [8192]preg_match(): Passing null to parameter #2 ($subject) of type string is deprecated
[ error ] [8192]preg_match(): Passing null to parameter #2 ($subject) of type string is deprecated
[ error ] [8192]preg_match(): Passing null to parameter #2 ($subject) of type string is deprecated
---------------------------------------------------------------
[ 2026-03-20T13:04:51+08:00 ] 152.42.253.230 GET 120.24.147.77/.well-known/security.txt
[ error ] [8192]preg_match(): Passing null to parameter #2 ($subject) of type string is deprecated
[ error ] [8192]preg_match(): Passing null to parameter #2 ($subject) of type string is deprecated
[ error ] [8192]preg_match(): Passing null to parameter #2 ($subject) of type string is deprecated
[ error ] [8192]preg_match(): Passing null to parameter #2 ($subject) of type string is deprecated
[ error ] [8192]preg_match(): Passing null to parameter #2 ($subject) of type string is deprecated
[ error ] [8192]preg_match(): Passing null to parameter #2 ($subject) of type string is deprecated
---------------------------------------------------------------
[ 2026-03-20T13:04:52+08:00 ] 152.42.253.230 GET 120.24.147.77/security.txt
[ error ] [8192]preg_match(): Passing null to parameter #2 ($subject) of type string is deprecated
[ error ] [8192]preg_match(): Passing null to parameter #2 ($subject) of type string is deprecated
[ error ] [8192]preg_match(): Passing null to parameter #2 ($subject) of type string is deprecated
[ error ] [8192]preg_match(): Passing null to parameter #2 ($subject) of type string is deprecated
[ error ] [8192]preg_match(): Passing null to parameter #2 ($subject) of type string is deprecated
[ error ] [8192]preg_match(): Passing null to parameter #2 ($subject) of type string is deprecated
---------------------------------------------------------------
[ 2026-03-20T13:04:52+08:00 ] 152.42.253.230 GET 120.24.147.77/security.txt
[ error ] [8192]preg_match(): Passing null to parameter #2 ($subject) of type string is deprecated
[ error ] [8192]preg_match(): Passing null to parameter #2 ($subject) of type string is deprecated
[ error ] [8192]preg_match(): Passing null to parameter #2 ($subject) of type string is deprecated
[ error ] [8192]preg_match(): Passing null to parameter #2 ($subject) of type string is deprecated
[ error ] [8192]preg_match(): Passing null to parameter #2 ($subject) of type string is deprecated
[ error ] [8192]preg_match(): Passing null to parameter #2 ($subject) of type string is deprecated
---------------------------------------------------------------
[ 2026-03-20T13:08:16+08:00 ] 64.62.156.22 GET 120.24.147.77/
[ error ] [8192]preg_match(): Passing null to parameter #2 ($subject) of type string is deprecated
[ error ] [8192]preg_match(): Passing null to parameter #2 ($subject) of type string is deprecated
[ error ] [8192]preg_match(): Passing null to parameter #2 ($subject) of type string is deprecated
[ error ] [8192]preg_match(): Passing null to parameter #2 ($subject) of type string is deprecated
[ error ] [8192]preg_match(): Passing null to parameter #2 ($subject) of type string is deprecated
[ error ] [8192]preg_match(): Passing null to parameter #2 ($subject) of type string is deprecated
[ error ] [8192]preg_match(): Passing null to parameter #2 ($subject) of type string is deprecated
[ error ] [8192]preg_match(): Passing null to parameter #2 ($subject) of type string is deprecated
[ error ] [8192]Automatic conversion of false to array is deprecated
[ error ] [2]Undefined array key "title"
[ error ] [2]Undefined array key "title"
[ error ] [2]Undefined array key "title"
[ error ] [2]Undefined array key "title"
---------------------------------------------------------------
[ 2026-03-20T13:12:14+08:00 ] 64.62.156.12 GET 120.24.147.77/favicon.ico
[ error ] [8192]preg_match(): Passing null to parameter #2 ($subject) of type string is deprecated
[ error ] [8192]preg_match(): Passing null to parameter #2 ($subject) of type string is deprecated
[ error ] [8192]preg_match(): Passing null to parameter #2 ($subject) of type string is deprecated
[ error ] [8192]preg_match(): Passing null to parameter #2 ($subject) of type string is deprecated
[ error ] [8192]preg_match(): Passing null to parameter #2 ($subject) of type string is deprecated
[ error ] [8192]preg_match(): Passing null to parameter #2 ($subject) of type string is deprecated
---------------------------------------------------------------
[ 2026-03-20T13:12:14+08:00 ] 64.62.156.12 GET 120.24.147.77/favicon.ico
[ error ] [8192]preg_match(): Passing null to parameter #2 ($subject) of type string is deprecated
[ error ] [8192]preg_match(): Passing null to parameter #2 ($subject) of type string is deprecated
[ error ] [8192]preg_match(): Passing null to parameter #2 ($subject) of type string is deprecated
[ error ] [8192]preg_match(): Passing null to parameter #2 ($subject) of type string is deprecated
[ error ] [8192]preg_match(): Passing null to parameter #2 ($subject) of type string is deprecated
[ error ] [8192]preg_match(): Passing null to parameter #2 ($subject) of type string is deprecated
---------------------------------------------------------------
[ 2026-03-20T13:19:52+08:00 ] 52.167.144.17 GET www.punalei.cn/ldcms/hangyedongtai/336.html
[ error ] [8192]preg_match(): Passing null to parameter #2 ($subject) of type string is deprecated
[ error ] [8192]preg_match(): Passing null to parameter #2 ($subject) of type string is deprecated
[ error ] [8192]preg_match(): Passing null to parameter #2 ($subject) of type string is deprecated
[ error ] [8192]preg_match(): Passing null to parameter #2 ($subject) of type string is deprecated
[ error ] [8192]preg_match(): Passing null to parameter #2 ($subject) of type string is deprecated
[ error ] [8192]preg_match(): Passing null to parameter #2 ($subject) of type string is deprecated
[ error ] [8192]preg_match(): Passing null to parameter #2 ($subject) of type string is deprecated
[ error ] [8192]preg_match(): Passing null to parameter #2 ($subject) of type string is deprecated
[ error ] [8192]Automatic conversion of false to array is deprecated
---------------------------------------------------------------
[ 2026-03-20T13:23:40+08:00 ] 64.62.156.10 GET 120.24.147.77/geoserver/web/
[ error ] [8192]preg_match(): Passing null to parameter #2 ($subject) of type string is deprecated
[ error ] [8192]preg_match(): Passing null to parameter #2 ($subject) of type string is deprecated
[ error ] [8192]preg_match(): Passing null to parameter #2 ($subject) of type string is deprecated
[ error ] [8192]preg_match(): Passing null to parameter #2 ($subject) of type string is deprecated
[ error ] [8192]preg_match(): Passing null to parameter #2 ($subject) of type string is deprecated
[ error ] [8192]preg_match(): Passing null to parameter #2 ($subject) of type string is deprecated
---------------------------------------------------------------
[ 2026-03-20T13:23:40+08:00 ] 64.62.156.10 GET 120.24.147.77/geoserver/web/
[ error ] [8192]preg_match(): Passing null to parameter #2 ($subject) of type string is deprecated
[ error ] [8192]preg_match(): Passing null to parameter #2 ($subject) of type string is deprecated
[ error ] [8192]preg_match(): Passing null to parameter #2 ($subject) of type string is deprecated
[ error ] [8192]preg_match(): Passing null to parameter #2 ($subject) of type string is deprecated
[ error ] [8192]preg_match(): Passing null to parameter #2 ($subject) of type string is deprecated
[ error ] [8192]preg_match(): Passing null to parameter #2 ($subject) of type string is deprecated
---------------------------------------------------------------
[ 2026-03-20T13:27:59+08:00 ] 64.62.156.10 GET 120.24.147.77/.git/config
[ error ] [8192]preg_match(): Passing null to parameter #2 ($subject) of type string is deprecated
[ error ] [8192]preg_match(): Passing null to parameter #2 ($subject) of type string is deprecated
[ error ] [8192]preg_match(): Passing null to parameter #2 ($subject) of type string is deprecated
[ error ] [8192]preg_match(): Passing null to parameter #2 ($subject) of type string is deprecated
[ error ] [8192]preg_match(): Passing null to parameter #2 ($subject) of type string is deprecated
[ error ] [8192]preg_match(): Passing null to parameter #2 ($subject) of type string is deprecated
---------------------------------------------------------------
[ 2026-03-20T13:45:57+08:00 ] 185.208.158.144 GET 120.24.147.77/
[ error ] [8192]preg_match(): Passing null to parameter #2 ($subject) of type string is deprecated
[ error ] [8192]preg_match(): Passing null to parameter #2 ($subject) of type string is deprecated
[ error ] [8192]preg_match(): Passing null to parameter #2 ($subject) of type string is deprecated
[ error ] [8192]preg_match(): Passing null to parameter #2 ($subject) of type string is deprecated
[ error ] [8192]preg_match(): Passing null to parameter #2 ($subject) of type string is deprecated
[ error ] [8192]preg_match(): Passing null to parameter #2 ($subject) of type string is deprecated
[ error ] [8192]preg_match(): Passing null to parameter #2 ($subject) of type string is deprecated
[ error ] [8192]preg_match(): Passing null to parameter #2 ($subject) of type string is deprecated
[ error ] [8192]Automatic conversion of false to array is deprecated
[ error ] [2]Undefined array key "title"
[ error ] [2]Undefined array key "title"
[ error ] [2]Undefined array key "title"
[ error ] [2]Undefined array key "title"
---------------------------------------------------------------
[ 2026-03-20T14:09:35+08:00 ] 172.236.228.197 GET 120.24.147.77/
[ error ] [8192]preg_match(): Passing null to parameter #2 ($subject) of type string is deprecated
[ error ] [8192]preg_match(): Passing null to parameter #2 ($subject) of type string is deprecated
[ error ] [8192]preg_match(): Passing null to parameter #2 ($subject) of type string is deprecated
[ error ] [8192]preg_match(): Passing null to parameter #2 ($subject) of type string is deprecated
[ error ] [8192]preg_match(): Passing null to parameter #2 ($subject) of type string is deprecated
[ error ] [8192]preg_match(): Passing null to parameter #2 ($subject) of type string is deprecated
[ error ] [8192]preg_match(): Passing null to parameter #2 ($subject) of type string is deprecated
[ error ] [8192]preg_match(): Passing null to parameter #2 ($subject) of type string is deprecated
[ error ] [8192]Automatic conversion of false to array is deprecated
[ error ] [2]Undefined array key "title"
[ error ] [2]Undefined array key "title"
[ error ] [2]Undefined array key "title"
[ error ] [2]Undefined array key "title"
---------------------------------------------------------------
[ 2026-03-20T14:18:42+08:00 ] 205.210.31.159 GET 120.24.147.77/
[ error ] [8192]preg_match(): Passing null to parameter #2 ($subject) of type string is deprecated
[ error ] [8192]preg_match(): Passing null to parameter #2 ($subject) of type string is deprecated
[ error ] [8192]preg_match(): Passing null to parameter #2 ($subject) of type string is deprecated
[ error ] [8192]preg_match(): Passing null to parameter #2 ($subject) of type string is deprecated
[ error ] [8192]preg_match(): Passing null to parameter #2 ($subject) of type string is deprecated
[ error ] [8192]preg_match(): Passing null to parameter #2 ($subject) of type string is deprecated
[ error ] [8192]preg_match(): Passing null to parameter #2 ($subject) of type string is deprecated
[ error ] [8192]preg_match(): Passing null to parameter #2 ($subject) of type string is deprecated
[ error ] [8192]Automatic conversion of false to array is deprecated
[ error ] [2]Undefined array key "title"
[ error ] [2]Undefined array key "title"
[ error ] [2]Undefined array key "title"
[ error ] [2]Undefined array key "title"
---------------------------------------------------------------
[ 2026-03-20T14:20:14+08:00 ] 40.77.167.51 GET www.punalei.cn/ldcms/zhiliudianzuceshiyiPNL2511xilie.html
[ error ] [8192]preg_match(): Passing null to parameter #2 ($subject) of type string is deprecated
[ error ] [8192]preg_match(): Passing null to parameter #2 ($subject) of type string is deprecated
[ error ] [8192]preg_match(): Passing null to parameter #2 ($subject) of type string is deprecated
[ error ] [8192]preg_match(): Passing null to parameter #2 ($subject) of type string is deprecated
[ error ] [8192]preg_match(): Passing null to parameter #2 ($subject) of type string is deprecated
[ error ] [8192]preg_match(): Passing null to parameter #2 ($subject) of type string is deprecated
[ error ] [8192]preg_match(): Passing null to parameter #2 ($subject) of type string is deprecated
[ error ] [8192]preg_match(): Passing null to parameter #2 ($subject) of type string is deprecated
[ error ] [8192]Automatic conversion of false to array is deprecated
---------------------------------------------------------------
[ 2026-03-20T14:34:17+08:00 ] 45.79.211.97 GET 120.24.147.77/
[ error ] [8192]preg_match(): Passing null to parameter #2 ($subject) of type string is deprecated
[ error ] [8192]preg_match(): Passing null to parameter #2 ($subject) of type string is deprecated
[ error ] [8192]preg_match(): Passing null to parameter #2 ($subject) of type string is deprecated
[ error ] [8192]preg_match(): Passing null to parameter #2 ($subject) of type string is deprecated
[ error ] [8192]preg_match(): Passing null to parameter #2 ($subject) of type string is deprecated
[ error ] [8192]preg_match(): Passing null to parameter #2 ($subject) of type string is deprecated
[ error ] [8192]preg_match(): Passing null to parameter #2 ($subject) of type string is deprecated
[ error ] [8192]preg_match(): Passing null to parameter #2 ($subject) of type string is deprecated
[ error ] [8192]Automatic conversion of false to array is deprecated
[ error ] [2]Undefined array key "title"
[ error ] [2]Undefined array key "title"
[ error ] [2]Undefined array key "title"
[ error ] [2]Undefined array key "title"
---------------------------------------------------------------
[ 2026-03-20T14:45:38+08:00 ] 148.153.56.83 GET 120.24.147.77/vkG4
[ error ] [8192]preg_match(): Passing null to parameter #2 ($subject) of type string is deprecated
[ error ] [8192]preg_match(): Passing null to parameter #2 ($subject) of type string is deprecated
[ error ] [8192]preg_match(): Passing null to parameter #2 ($subject) of type string is deprecated
[ error ] [8192]preg_match(): Passing null to parameter #2 ($subject) of type string is deprecated
[ error ] [8192]preg_match(): Passing null to parameter #2 ($subject) of type string is deprecated
[ error ] [8192]preg_match(): Passing null to parameter #2 ($subject) of type string is deprecated
---------------------------------------------------------------
[ 2026-03-20T14:45:38+08:00 ] 148.153.56.83 GET 120.24.147.77/vkG4
[ error ] [8192]preg_match(): Passing null to parameter #2 ($subject) of type string is deprecated
[ error ] [8192]preg_match(): Passing null to parameter #2 ($subject) of type string is deprecated
[ error ] [8192]preg_match(): Passing null to parameter #2 ($subject) of type string is deprecated
[ error ] [8192]preg_match(): Passing null to parameter #2 ($subject) of type string is deprecated
[ error ] [8192]preg_match(): Passing null to parameter #2 ($subject) of type string is deprecated
[ error ] [8192]preg_match(): Passing null to parameter #2 ($subject) of type string is deprecated
---------------------------------------------------------------
[ 2026-03-20T14:45:39+08:00 ] 148.153.56.83 GET 120.24.147.77/QwKJ
[ error ] [8192]preg_match(): Passing null to parameter #2 ($subject) of type string is deprecated
[ error ] [8192]preg_match(): Passing null to parameter #2 ($subject) of type string is deprecated
[ error ] [8192]preg_match(): Passing null to parameter #2 ($subject) of type string is deprecated
[ error ] [8192]preg_match(): Passing null to parameter #2 ($subject) of type string is deprecated
[ error ] [8192]preg_match(): Passing null to parameter #2 ($subject) of type string is deprecated
[ error ] [8192]preg_match(): Passing null to parameter #2 ($subject) of type string is deprecated
---------------------------------------------------------------
[ 2026-03-20T14:45:39+08:00 ] 148.153.56.83 GET 120.24.147.77/QwKJ
[ error ] [8192]preg_match(): Passing null to parameter #2 ($subject) of type string is deprecated
[ error ] [8192]preg_match(): Passing null to parameter #2 ($subject) of type string is deprecated
[ error ] [8192]preg_match(): Passing null to parameter #2 ($subject) of type string is deprecated
[ error ] [8192]preg_match(): Passing null to parameter #2 ($subject) of type string is deprecated
[ error ] [8192]preg_match(): Passing null to parameter #2 ($subject) of type string is deprecated
[ error ] [8192]preg_match(): Passing null to parameter #2 ($subject) of type string is deprecated
---------------------------------------------------------------
[ 2026-03-20T14:45:39+08:00 ] 148.153.56.83 GET 120.24.147.77/aab8
[ error ] [8192]preg_match(): Passing null to parameter #2 ($subject) of type string is deprecated
[ error ] [8192]preg_match(): Passing null to parameter #2 ($subject) of type string is deprecated
[ error ] [8192]preg_match(): Passing null to parameter #2 ($subject) of type string is deprecated
[ error ] [8192]preg_match(): Passing null to parameter #2 ($subject) of type string is deprecated
[ error ] [8192]preg_match(): Passing null to parameter #2 ($subject) of type string is deprecated
[ error ] [8192]preg_match(): Passing null to parameter #2 ($subject) of type string is deprecated
---------------------------------------------------------------
[ 2026-03-20T14:45:39+08:00 ] 148.153.56.83 GET 120.24.147.77/aab8
[ error ] [8192]preg_match(): Passing null to parameter #2 ($subject) of type string is deprecated
[ error ] [8192]preg_match(): Passing null to parameter #2 ($subject) of type string is deprecated
[ error ] [8192]preg_match(): Passing null to parameter #2 ($subject) of type string is deprecated
[ error ] [8192]preg_match(): Passing null to parameter #2 ($subject) of type string is deprecated
[ error ] [8192]preg_match(): Passing null to parameter #2 ($subject) of type string is deprecated
[ error ] [8192]preg_match(): Passing null to parameter #2 ($subject) of type string is deprecated
---------------------------------------------------------------
[ 2026-03-20T14:45:40+08:00 ] 148.153.56.83 GET 120.24.147.77/jquery-3.3.1.slim.min.js
[ error ] [8192]preg_match(): Passing null to parameter #2 ($subject) of type string is deprecated
[ error ] [8192]preg_match(): Passing null to parameter #2 ($subject) of type string is deprecated
[ error ] [8192]preg_match(): Passing null to parameter #2 ($subject) of type string is deprecated
[ error ] [8192]preg_match(): Passing null to parameter #2 ($subject) of type string is deprecated
[ error ] [8192]preg_match(): Passing null to parameter #2 ($subject) of type string is deprecated
[ error ] [8192]preg_match(): Passing null to parameter #2 ($subject) of type string is deprecated
---------------------------------------------------------------
[ 2026-03-20T14:45:41+08:00 ] 148.153.56.83 GET 120.24.147.77/aab9
[ error ] [8192]preg_match(): Passing null to parameter #2 ($subject) of type string is deprecated
[ error ] [8192]preg_match(): Passing null to parameter #2 ($subject) of type string is deprecated
[ error ] [8192]preg_match(): Passing null to parameter #2 ($subject) of type string is deprecated
[ error ] [8192]preg_match(): Passing null to parameter #2 ($subject) of type string is deprecated
[ error ] [8192]preg_match(): Passing null to parameter #2 ($subject) of type string is deprecated
[ error ] [8192]preg_match(): Passing null to parameter #2 ($subject) of type string is deprecated
---------------------------------------------------------------
[ 2026-03-20T14:45:41+08:00 ] 148.153.56.83 GET 120.24.147.77/aab9
[ error ] [8192]preg_match(): Passing null to parameter #2 ($subject) of type string is deprecated
[ error ] [8192]preg_match(): Passing null to parameter #2 ($subject) of type string is deprecated
[ error ] [8192]preg_match(): Passing null to parameter #2 ($subject) of type string is deprecated
[ error ] [8192]preg_match(): Passing null to parameter #2 ($subject) of type string is deprecated
[ error ] [8192]preg_match(): Passing null to parameter #2 ($subject) of type string is deprecated
[ error ] [8192]preg_match(): Passing null to parameter #2 ($subject) of type string is deprecated
---------------------------------------------------------------
[ 2026-03-20T14:45:42+08:00 ] 148.153.56.83 GET 120.24.147.77/jquery-3.3.2.slim.min.js
[ error ] [8192]preg_match(): Passing null to parameter #2 ($subject) of type string is deprecated
[ error ] [8192]preg_match(): Passing null to parameter #2 ($subject) of type string is deprecated
[ error ] [8192]preg_match(): Passing null to parameter #2 ($subject) of type string is deprecated
[ error ] [8192]preg_match(): Passing null to parameter #2 ($subject) of type string is deprecated
[ error ] [8192]preg_match(): Passing null to parameter #2 ($subject) of type string is deprecated
[ error ] [8192]preg_match(): Passing null to parameter #2 ($subject) of type string is deprecated
---------------------------------------------------------------
[ 2026-03-20T14:47:28+08:00 ] 50.7.252.138 GET 120.24.147.77/html/ie.html
[ error ] [8192]preg_match(): Passing null to parameter #2 ($subject) of type string is deprecated
[ error ] [8192]preg_match(): Passing null to parameter #2 ($subject) of type string is deprecated
[ error ] [8192]preg_match(): Passing null to parameter #2 ($subject) of type string is deprecated
[ error ] [8192]preg_match(): Passing null to parameter #2 ($subject) of type string is deprecated
[ error ] [8192]preg_match(): Passing null to parameter #2 ($subject) of type string is deprecated
[ error ] [8192]preg_match(): Passing null to parameter #2 ($subject) of type string is deprecated
---------------------------------------------------------------
[ 2026-03-20T14:47:28+08:00 ] 50.7.252.138 GET 120.24.147.77/html/ie.html
[ error ] [8192]preg_match(): Passing null to parameter #2 ($subject) of type string is deprecated
[ error ] [8192]preg_match(): Passing null to parameter #2 ($subject) of type string is deprecated
[ error ] [8192]preg_match(): Passing null to parameter #2 ($subject) of type string is deprecated
[ error ] [8192]preg_match(): Passing null to parameter #2 ($subject) of type string is deprecated
[ error ] [8192]preg_match(): Passing null to parameter #2 ($subject) of type string is deprecated
[ error ] [8192]preg_match(): Passing null to parameter #2 ($subject) of type string is deprecated
---------------------------------------------------------------
[ 2026-03-20T14:47:29+08:00 ] 50.7.252.138 GET 120.24.147.77/Admin/Main
[ error ] [8192]preg_match(): Passing null to parameter #2 ($subject) of type string is deprecated
[ error ] [8192]preg_match(): Passing null to parameter #2 ($subject) of type string is deprecated
[ error ] [8192]preg_match(): Passing null to parameter #2 ($subject) of type string is deprecated
[ error ] [8192]preg_match(): Passing null to parameter #2 ($subject) of type string is deprecated
[ error ] [8192]preg_match(): Passing null to parameter #2 ($subject) of type string is deprecated
[ error ] [8192]preg_match(): Passing null to parameter #2 ($subject) of type string is deprecated
---------------------------------------------------------------
[ 2026-03-20T14:47:29+08:00 ] 50.7.252.138 GET 120.24.147.77/Admin/Main
[ error ] [8192]preg_match(): Passing null to parameter #2 ($subject) of type string is deprecated
[ error ] [8192]preg_match(): Passing null to parameter #2 ($subject) of type string is deprecated
[ error ] [8192]preg_match(): Passing null to parameter #2 ($subject) of type string is deprecated
[ error ] [8192]preg_match(): Passing null to parameter #2 ($subject) of type string is deprecated
[ error ] [8192]preg_match(): Passing null to parameter #2 ($subject) of type string is deprecated
[ error ] [8192]preg_match(): Passing null to parameter #2 ($subject) of type string is deprecated
---------------------------------------------------------------
[ 2026-03-20T14:47:29+08:00 ] 50.7.252.138 GET punalei.cn/favicon.ico
[ error ] [8192]preg_match(): Passing null to parameter #2 ($subject) of type string is deprecated
[ error ] [8192]preg_match(): Passing null to parameter #2 ($subject) of type string is deprecated
[ error ] [8192]preg_match(): Passing null to parameter #2 ($subject) of type string is deprecated
[ error ] [8192]preg_match(): Passing null to parameter #2 ($subject) of type string is deprecated
[ error ] [8192]preg_match(): Passing null to parameter #2 ($subject) of type string is deprecated
[ error ] [8192]preg_match(): Passing null to parameter #2 ($subject) of type string is deprecated
---------------------------------------------------------------
[ 2026-03-20T14:47:29+08:00 ] 50.7.252.138 GET punalei.cn/favicon.ico
[ error ] [8192]preg_match(): Passing null to parameter #2 ($subject) of type string is deprecated
[ error ] [8192]preg_match(): Passing null to parameter #2 ($subject) of type string is deprecated
[ error ] [8192]preg_match(): Passing null to parameter #2 ($subject) of type string is deprecated
[ error ] [8192]preg_match(): Passing null to parameter #2 ($subject) of type string is deprecated
[ error ] [8192]preg_match(): Passing null to parameter #2 ($subject) of type string is deprecated
[ error ] [8192]preg_match(): Passing null to parameter #2 ($subject) of type string is deprecated
---------------------------------------------------------------
[ 2026-03-20T14:47:30+08:00 ] 50.7.252.138 GET 120.24.147.77/html/ie.html
[ error ] [8192]preg_match(): Passing null to parameter #2 ($subject) of type string is deprecated
[ error ] [8192]preg_match(): Passing null to parameter #2 ($subject) of type string is deprecated
[ error ] [8192]preg_match(): Passing null to parameter #2 ($subject) of type string is deprecated
[ error ] [8192]preg_match(): Passing null to parameter #2 ($subject) of type string is deprecated
[ error ] [8192]preg_match(): Passing null to parameter #2 ($subject) of type string is deprecated
[ error ] [8192]preg_match(): Passing null to parameter #2 ($subject) of type string is deprecated
---------------------------------------------------------------
[ 2026-03-20T14:47:30+08:00 ] 50.7.252.138 GET 120.24.147.77/html/ie.html
[ error ] [8192]preg_match(): Passing null to parameter #2 ($subject) of type string is deprecated
[ error ] [8192]preg_match(): Passing null to parameter #2 ($subject) of type string is deprecated
[ error ] [8192]preg_match(): Passing null to parameter #2 ($subject) of type string is deprecated
[ error ] [8192]preg_match(): Passing null to parameter #2 ($subject) of type string is deprecated
[ error ] [8192]preg_match(): Passing null to parameter #2 ($subject) of type string is deprecated
[ error ] [8192]preg_match(): Passing null to parameter #2 ($subject) of type string is deprecated
---------------------------------------------------------------
[ 2026-03-20T14:55:02+08:00 ] 14.220.182.120 GET punalei.cn/
[ error ] [2]Undefined array key "title"
[ error ] [2]Undefined array key "title"
[ error ] [2]Undefined array key "title"
[ error ] [2]Undefined array key "title"
---------------------------------------------------------------
[ 2026-03-20T14:56:00+08:00 ] 193.112.35.218 GET www.punalei.cn/ldcms/lianxiwomen.html
[ error ] [8192]preg_match(): Passing null to parameter #2 ($subject) of type string is deprecated
[ error ] [8192]preg_match(): Passing null to parameter #2 ($subject) of type string is deprecated
[ error ] [8192]preg_match(): Passing null to parameter #2 ($subject) of type string is deprecated
[ error ] [8192]preg_match(): Passing null to parameter #2 ($subject) of type string is deprecated
[ error ] [8192]preg_match(): Passing null to parameter #2 ($subject) of type string is deprecated
[ error ] [8192]preg_match(): Passing null to parameter #2 ($subject) of type string is deprecated
[ error ] [8192]preg_match(): Passing null to parameter #2 ($subject) of type string is deprecated
[ error ] [8192]preg_match(): Passing null to parameter #2 ($subject) of type string is deprecated
[ error ] [8192]Automatic conversion of false to array is deprecated
---------------------------------------------------------------
[ 2026-03-20T15:07:59+08:00 ] 139.199.162.133 GET www.punalei.cn/
[ error ] [8192]preg_match(): Passing null to parameter #2 ($subject) of type string is deprecated
[ error ] [8192]preg_match(): Passing null to parameter #2 ($subject) of type string is deprecated
[ error ] [8192]preg_match(): Passing null to parameter #2 ($subject) of type string is deprecated
[ error ] [8192]preg_match(): Passing null to parameter #2 ($subject) of type string is deprecated
[ error ] [8192]preg_match(): Passing null to parameter #2 ($subject) of type string is deprecated
[ error ] [8192]preg_match(): Passing null to parameter #2 ($subject) of type string is deprecated
[ error ] [8192]preg_match(): Passing null to parameter #2 ($subject) of type string is deprecated
[ error ] [8192]preg_match(): Passing null to parameter #2 ($subject) of type string is deprecated
[ error ] [8192]Automatic conversion of false to array is deprecated
[ error ] [2]Undefined array key "title"
[ error ] [2]Undefined array key "title"
[ error ] [2]Undefined array key "title"
[ error ] [2]Undefined array key "title"
---------------------------------------------------------------
[ 2026-03-20T15:09:02+08:00 ] 185.12.59.118 GET 120.24.147.77/
[ error ] [8192]preg_match(): Passing null to parameter #2 ($subject) of type string is deprecated
[ error ] [8192]preg_match(): Passing null to parameter #2 ($subject) of type string is deprecated
[ error ] [8192]preg_match(): Passing null to parameter #2 ($subject) of type string is deprecated
[ error ] [8192]preg_match(): Passing null to parameter #2 ($subject) of type string is deprecated
[ error ] [8192]preg_match(): Passing null to parameter #2 ($subject) of type string is deprecated
[ error ] [8192]preg_match(): Passing null to parameter #2 ($subject) of type string is deprecated
[ error ] [8192]preg_match(): Passing null to parameter #2 ($subject) of type string is deprecated
[ error ] [8192]preg_match(): Passing null to parameter #2 ($subject) of type string is deprecated
[ error ] [8192]Automatic conversion of false to array is deprecated
[ error ] [2]Undefined array key "title"
[ error ] [2]Undefined array key "title"
[ error ] [2]Undefined array key "title"
[ error ] [2]Undefined array key "title"
---------------------------------------------------------------
[ 2026-03-20T15:14:12+08:00 ] 139.59.116.9 GET 120.24.147.77/
[ error ] [8192]preg_match(): Passing null to parameter #2 ($subject) of type string is deprecated
[ error ] [8192]preg_match(): Passing null to parameter #2 ($subject) of type string is deprecated
[ error ] [8192]preg_match(): Passing null to parameter #2 ($subject) of type string is deprecated
[ error ] [8192]preg_match(): Passing null to parameter #2 ($subject) of type string is deprecated
[ error ] [8192]preg_match(): Passing null to parameter #2 ($subject) of type string is deprecated
[ error ] [8192]preg_match(): Passing null to parameter #2 ($subject) of type string is deprecated
[ error ] [8192]preg_match(): Passing null to parameter #2 ($subject) of type string is deprecated
[ error ] [8192]preg_match(): Passing null to parameter #2 ($subject) of type string is deprecated
[ error ] [8192]Automatic conversion of false to array is deprecated
[ error ] [2]Undefined array key "title"
[ error ] [2]Undefined array key "title"
[ error ] [2]Undefined array key "title"
[ error ] [2]Undefined array key "title"
---------------------------------------------------------------
[ 2026-03-20T15:17:54+08:00 ] 172.202.118.39 GET 120.24.147.77/version
[ error ] [8192]preg_match(): Passing null to parameter #2 ($subject) of type string is deprecated
[ error ] [8192]preg_match(): Passing null to parameter #2 ($subject) of type string is deprecated
[ error ] [8192]preg_match(): Passing null to parameter #2 ($subject) of type string is deprecated
[ error ] [8192]preg_match(): Passing null to parameter #2 ($subject) of type string is deprecated
[ error ] [8192]preg_match(): Passing null to parameter #2 ($subject) of type string is deprecated
[ error ] [8192]preg_match(): Passing null to parameter #2 ($subject) of type string is deprecated
---------------------------------------------------------------
[ 2026-03-20T15:17:54+08:00 ] 172.202.118.39 GET 120.24.147.77/version
[ error ] [8192]preg_match(): Passing null to parameter #2 ($subject) of type string is deprecated
[ error ] [8192]preg_match(): Passing null to parameter #2 ($subject) of type string is deprecated
[ error ] [8192]preg_match(): Passing null to parameter #2 ($subject) of type string is deprecated
[ error ] [8192]preg_match(): Passing null to parameter #2 ($subject) of type string is deprecated
[ error ] [8192]preg_match(): Passing null to parameter #2 ($subject) of type string is deprecated
[ error ] [8192]preg_match(): Passing null to parameter #2 ($subject) of type string is deprecated
---------------------------------------------------------------
[ 2026-03-20T15:22:58+08:00 ] 165.154.138.79 GET 120.24.147.77/
[ error ] [8192]preg_match(): Passing null to parameter #2 ($subject) of type string is deprecated
[ error ] [8192]preg_match(): Passing null to parameter #2 ($subject) of type string is deprecated
[ error ] [8192]preg_match(): Passing null to parameter #2 ($subject) of type string is deprecated
[ error ] [8192]preg_match(): Passing null to parameter #2 ($subject) of type string is deprecated
[ error ] [8192]preg_match(): Passing null to parameter #2 ($subject) of type string is deprecated
[ error ] [8192]preg_match(): Passing null to parameter #2 ($subject) of type string is deprecated
[ error ] [8192]preg_match(): Passing null to parameter #2 ($subject) of type string is deprecated
[ error ] [8192]preg_match(): Passing null to parameter #2 ($subject) of type string is deprecated
[ error ] [8192]Automatic conversion of false to array is deprecated
[ error ] [2]Undefined array key "title"
[ error ] [2]Undefined array key "title"
[ error ] [2]Undefined array key "title"
[ error ] [2]Undefined array key "title"
---------------------------------------------------------------
[ 2026-03-20T15:23:32+08:00 ] 165.154.138.79 GET 120.24.147.77/config.json
[ error ] [8192]preg_match(): Passing null to parameter #2 ($subject) of type string is deprecated
[ error ] [8192]preg_match(): Passing null to parameter #2 ($subject) of type string is deprecated
[ error ] [8192]preg_match(): Passing null to parameter #2 ($subject) of type string is deprecated
[ error ] [8192]preg_match(): Passing null to parameter #2 ($subject) of type string is deprecated
[ error ] [8192]preg_match(): Passing null to parameter #2 ($subject) of type string is deprecated
[ error ] [8192]preg_match(): Passing null to parameter #2 ($subject) of type string is deprecated
---------------------------------------------------------------
[ 2026-03-20T15:23:32+08:00 ] 165.154.138.79 GET 120.24.147.77/config.json
[ error ] [8192]preg_match(): Passing null to parameter #2 ($subject) of type string is deprecated
[ error ] [8192]preg_match(): Passing null to parameter #2 ($subject) of type string is deprecated
[ error ] [8192]preg_match(): Passing null to parameter #2 ($subject) of type string is deprecated
[ error ] [8192]preg_match(): Passing null to parameter #2 ($subject) of type string is deprecated
[ error ] [8192]preg_match(): Passing null to parameter #2 ($subject) of type string is deprecated
[ error ] [8192]preg_match(): Passing null to parameter #2 ($subject) of type string is deprecated
---------------------------------------------------------------
[ 2026-03-20T15:24:30+08:00 ] 40.77.167.61 GET www.punalei.cn/ldcms/sanxiangjiaoliubianpindianyuan/244.html
[ error ] [8192]preg_match(): Passing null to parameter #2 ($subject) of type string is deprecated
[ error ] [8192]preg_match(): Passing null to parameter #2 ($subject) of type string is deprecated
[ error ] [8192]preg_match(): Passing null to parameter #2 ($subject) of type string is deprecated
[ error ] [8192]preg_match(): Passing null to parameter #2 ($subject) of type string is deprecated
[ error ] [8192]preg_match(): Passing null to parameter #2 ($subject) of type string is deprecated
[ error ] [8192]preg_match(): Passing null to parameter #2 ($subject) of type string is deprecated
[ error ] [8192]preg_match(): Passing null to parameter #2 ($subject) of type string is deprecated
[ error ] [8192]preg_match(): Passing null to parameter #2 ($subject) of type string is deprecated
[ error ] [8192]Automatic conversion of false to array is deprecated
---------------------------------------------------------------
[ 2026-03-20T15:46:53+08:00 ] 167.94.138.182 GET 120.24.147.77/favicon.ico
[ error ] [8192]preg_match(): Passing null to parameter #2 ($subject) of type string is deprecated
[ error ] [8192]preg_match(): Passing null to parameter #2 ($subject) of type string is deprecated
[ error ] [8192]preg_match(): Passing null to parameter #2 ($subject) of type string is deprecated
[ error ] [8192]preg_match(): Passing null to parameter #2 ($subject) of type string is deprecated
[ error ] [8192]preg_match(): Passing null to parameter #2 ($subject) of type string is deprecated
[ error ] [8192]preg_match(): Passing null to parameter #2 ($subject) of type string is deprecated
---------------------------------------------------------------
[ 2026-03-20T15:46:53+08:00 ] 167.94.138.182 GET 120.24.147.77/favicon.ico
[ error ] [8192]preg_match(): Passing null to parameter #2 ($subject) of type string is deprecated
[ error ] [8192]preg_match(): Passing null to parameter #2 ($subject) of type string is deprecated
[ error ] [8192]preg_match(): Passing null to parameter #2 ($subject) of type string is deprecated
[ error ] [8192]preg_match(): Passing null to parameter #2 ($subject) of type string is deprecated
[ error ] [8192]preg_match(): Passing null to parameter #2 ($subject) of type string is deprecated
[ error ] [8192]preg_match(): Passing null to parameter #2 ($subject) of type string is deprecated
---------------------------------------------------------------
[ 2026-03-20T15:46:54+08:00 ] 167.94.138.182 GET 120.24.147.77/76dxlgtfp73y9qg6gy
[ error ] [8192]preg_match(): Passing null to parameter #2 ($subject) of type string is deprecated
[ error ] [8192]preg_match(): Passing null to parameter #2 ($subject) of type string is deprecated
[ error ] [8192]preg_match(): Passing null to parameter #2 ($subject) of type string is deprecated
[ error ] [8192]preg_match(): Passing null to parameter #2 ($subject) of type string is deprecated
[ error ] [8192]preg_match(): Passing null to parameter #2 ($subject) of type string is deprecated
[ error ] [8192]preg_match(): Passing null to parameter #2 ($subject) of type string is deprecated
---------------------------------------------------------------
[ 2026-03-20T15:46:54+08:00 ] 167.94.138.182 GET 120.24.147.77/76dxlgtfp73y9qg6gy
[ error ] [8192]preg_match(): Passing null to parameter #2 ($subject) of type string is deprecated
[ error ] [8192]preg_match(): Passing null to parameter #2 ($subject) of type string is deprecated
[ error ] [8192]preg_match(): Passing null to parameter #2 ($subject) of type string is deprecated
[ error ] [8192]preg_match(): Passing null to parameter #2 ($subject) of type string is deprecated
[ error ] [8192]preg_match(): Passing null to parameter #2 ($subject) of type string is deprecated
[ error ] [8192]preg_match(): Passing null to parameter #2 ($subject) of type string is deprecated
---------------------------------------------------------------
[ 2026-03-20T15:48:52+08:00 ] 162.142.125.208 GET 120.24.147.77/favicon.ico
[ error ] [8192]preg_match(): Passing null to parameter #2 ($subject) of type string is deprecated
[ error ] [8192]preg_match(): Passing null to parameter #2 ($subject) of type string is deprecated
[ error ] [8192]preg_match(): Passing null to parameter #2 ($subject) of type string is deprecated
[ error ] [8192]preg_match(): Passing null to parameter #2 ($subject) of type string is deprecated
[ error ] [8192]preg_match(): Passing null to parameter #2 ($subject) of type string is deprecated
[ error ] [8192]preg_match(): Passing null to parameter #2 ($subject) of type string is deprecated
---------------------------------------------------------------
[ 2026-03-20T15:48:52+08:00 ] 162.142.125.208 GET 120.24.147.77/favicon.ico
[ error ] [8192]preg_match(): Passing null to parameter #2 ($subject) of type string is deprecated
[ error ] [8192]preg_match(): Passing null to parameter #2 ($subject) of type string is deprecated
[ error ] [8192]preg_match(): Passing null to parameter #2 ($subject) of type string is deprecated
[ error ] [8192]preg_match(): Passing null to parameter #2 ($subject) of type string is deprecated
[ error ] [8192]preg_match(): Passing null to parameter #2 ($subject) of type string is deprecated
[ error ] [8192]preg_match(): Passing null to parameter #2 ($subject) of type string is deprecated
---------------------------------------------------------------
[ 2026-03-20T15:48:56+08:00 ] 162.142.125.208 GET 120.24.147.77/chmwk2jobhrcw78syt
[ error ] [8192]preg_match(): Passing null to parameter #2 ($subject) of type string is deprecated
[ error ] [8192]preg_match(): Passing null to parameter #2 ($subject) of type string is deprecated
[ error ] [8192]preg_match(): Passing null to parameter #2 ($subject) of type string is deprecated
[ error ] [8192]preg_match(): Passing null to parameter #2 ($subject) of type string is deprecated
[ error ] [8192]preg_match(): Passing null to parameter #2 ($subject) of type string is deprecated
[ error ] [8192]preg_match(): Passing null to parameter #2 ($subject) of type string is deprecated
---------------------------------------------------------------
[ 2026-03-20T15:48:57+08:00 ] 162.142.125.208 GET 120.24.147.77/chmwk2jobhrcw78syt
[ error ] [8192]preg_match(): Passing null to parameter #2 ($subject) of type string is deprecated
[ error ] [8192]preg_match(): Passing null to parameter #2 ($subject) of type string is deprecated
[ error ] [8192]preg_match(): Passing null to parameter #2 ($subject) of type string is deprecated
[ error ] [8192]preg_match(): Passing null to parameter #2 ($subject) of type string is deprecated
[ error ] [8192]preg_match(): Passing null to parameter #2 ($subject) of type string is deprecated
[ error ] [8192]preg_match(): Passing null to parameter #2 ($subject) of type string is deprecated
---------------------------------------------------------------
[ 2026-03-20T15:49:18+08:00 ] 149.86.227.60 GET 120.24.147.77/
[ error ] [8192]preg_match(): Passing null to parameter #2 ($subject) of type string is deprecated
[ error ] [8192]preg_match(): Passing null to parameter #2 ($subject) of type string is deprecated
[ error ] [8192]preg_match(): Passing null to parameter #2 ($subject) of type string is deprecated
[ error ] [8192]preg_match(): Passing null to parameter #2 ($subject) of type string is deprecated
[ error ] [8192]preg_match(): Passing null to parameter #2 ($subject) of type string is deprecated
[ error ] [8192]preg_match(): Passing null to parameter #2 ($subject) of type string is deprecated
[ error ] [8192]preg_match(): Passing null to parameter #2 ($subject) of type string is deprecated
[ error ] [8192]preg_match(): Passing null to parameter #2 ($subject) of type string is deprecated
[ error ] [8192]Automatic conversion of false to array is deprecated
[ error ] [2]Undefined array key "title"
[ error ] [2]Undefined array key "title"
[ error ] [2]Undefined array key "title"
[ error ] [2]Undefined array key "title"
---------------------------------------------------------------
[ 2026-03-20T15:56:36+08:00 ] 45.79.181.94 GET 120.24.147.77/
[ error ] [8192]preg_match(): Passing null to parameter #2 ($subject) of type string is deprecated
[ error ] [8192]preg_match(): Passing null to parameter #2 ($subject) of type string is deprecated
[ error ] [8192]preg_match(): Passing null to parameter #2 ($subject) of type string is deprecated
[ error ] [8192]preg_match(): Passing null to parameter #2 ($subject) of type string is deprecated
[ error ] [8192]preg_match(): Passing null to parameter #2 ($subject) of type string is deprecated
[ error ] [8192]preg_match(): Passing null to parameter #2 ($subject) of type string is deprecated
[ error ] [8192]preg_match(): Passing null to parameter #2 ($subject) of type string is deprecated
[ error ] [8192]preg_match(): Passing null to parameter #2 ($subject) of type string is deprecated
[ error ] [8192]Automatic conversion of false to array is deprecated
[ error ] [2]Undefined array key "title"
[ error ] [2]Undefined array key "title"
[ error ] [2]Undefined array key "title"
[ error ] [2]Undefined array key "title"
---------------------------------------------------------------
[ 2026-03-20T16:09:50+08:00 ] 52.202.237.12 GET www.punalei.cn/
[ error ] [8192]preg_match(): Passing null to parameter #2 ($subject) of type string is deprecated
[ error ] [8192]preg_match(): Passing null to parameter #2 ($subject) of type string is deprecated
[ error ] [8192]preg_match(): Passing null to parameter #2 ($subject) of type string is deprecated
[ error ] [8192]preg_match(): Passing null to parameter #2 ($subject) of type string is deprecated
[ error ] [8192]preg_match(): Passing null to parameter #2 ($subject) of type string is deprecated
[ error ] [8192]preg_match(): Passing null to parameter #2 ($subject) of type string is deprecated
[ error ] [8192]preg_match(): Passing null to parameter #2 ($subject) of type string is deprecated
[ error ] [8192]preg_match(): Passing null to parameter #2 ($subject) of type string is deprecated
[ error ] [8192]Automatic conversion of false to array is deprecated
[ error ] [2]Undefined array key "title"
[ error ] [2]Undefined array key "title"
[ error ] [2]Undefined array key "title"
[ error ] [2]Undefined array key "title"
---------------------------------------------------------------
[ 2026-03-20T16:09:50+08:00 ] 52.202.237.12 GET punalei.cn/
[ error ] [8192]preg_match(): Passing null to parameter #2 ($subject) of type string is deprecated
[ error ] [8192]preg_match(): Passing null to parameter #2 ($subject) of type string is deprecated
[ error ] [8192]preg_match(): Passing null to parameter #2 ($subject) of type string is deprecated
[ error ] [8192]preg_match(): Passing null to parameter #2 ($subject) of type string is deprecated
[ error ] [8192]preg_match(): Passing null to parameter #2 ($subject) of type string is deprecated
[ error ] [8192]preg_match(): Passing null to parameter #2 ($subject) of type string is deprecated
[ error ] [8192]preg_match(): Passing null to parameter #2 ($subject) of type string is deprecated
[ error ] [8192]preg_match(): Passing null to parameter #2 ($subject) of type string is deprecated
[ error ] [8192]Automatic conversion of false to array is deprecated
[ error ] [2]Undefined array key "title"
[ error ] [2]Undefined array key "title"
[ error ] [2]Undefined array key "title"
[ error ] [2]Undefined array key "title"
---------------------------------------------------------------
[ 2026-03-20T16:13:29+08:00 ] 164.52.24.178 GET 120.24.147.77/
[ error ] [8192]preg_match(): Passing null to parameter #2 ($subject) of type string is deprecated
[ error ] [8192]preg_match(): Passing null to parameter #2 ($subject) of type string is deprecated
[ error ] [8192]preg_match(): Passing null to parameter #2 ($subject) of type string is deprecated
[ error ] [8192]preg_match(): Passing null to parameter #2 ($subject) of type string is deprecated
[ error ] [8192]preg_match(): Passing null to parameter #2 ($subject) of type string is deprecated
[ error ] [8192]preg_match(): Passing null to parameter #2 ($subject) of type string is deprecated
[ error ] [8192]preg_match(): Passing null to parameter #2 ($subject) of type string is deprecated
[ error ] [8192]preg_match(): Passing null to parameter #2 ($subject) of type string is deprecated
[ error ] [8192]Automatic conversion of false to array is deprecated
[ error ] [2]Undefined array key "title"
[ error ] [2]Undefined array key "title"
[ error ] [2]Undefined array key "title"
[ error ] [2]Undefined array key "title"
---------------------------------------------------------------
[ 2026-03-20T16:16:04+08:00 ] 164.52.24.178 GET 120.24.147.77/favicon.ico
[ error ] [8192]preg_match(): Passing null to parameter #2 ($subject) of type string is deprecated
[ error ] [8192]preg_match(): Passing null to parameter #2 ($subject) of type string is deprecated
[ error ] [8192]preg_match(): Passing null to parameter #2 ($subject) of type string is deprecated
[ error ] [8192]preg_match(): Passing null to parameter #2 ($subject) of type string is deprecated
[ error ] [8192]preg_match(): Passing null to parameter #2 ($subject) of type string is deprecated
[ error ] [8192]preg_match(): Passing null to parameter #2 ($subject) of type string is deprecated
---------------------------------------------------------------
[ 2026-03-20T16:16:04+08:00 ] 164.52.24.178 GET 120.24.147.77/favicon.ico
[ error ] [8192]preg_match(): Passing null to parameter #2 ($subject) of type string is deprecated
[ error ] [8192]preg_match(): Passing null to parameter #2 ($subject) of type string is deprecated
[ error ] [8192]preg_match(): Passing null to parameter #2 ($subject) of type string is deprecated
[ error ] [8192]preg_match(): Passing null to parameter #2 ($subject) of type string is deprecated
[ error ] [8192]preg_match(): Passing null to parameter #2 ($subject) of type string is deprecated
[ error ] [8192]preg_match(): Passing null to parameter #2 ($subject) of type string is deprecated
---------------------------------------------------------------
[ 2026-03-20T16:20:41+08:00 ] 66.175.213.4 GET 120.24.147.77/
[ error ] [8192]preg_match(): Passing null to parameter #2 ($subject) of type string is deprecated
[ error ] [8192]preg_match(): Passing null to parameter #2 ($subject) of type string is deprecated
[ error ] [8192]preg_match(): Passing null to parameter #2 ($subject) of type string is deprecated
[ error ] [8192]preg_match(): Passing null to parameter #2 ($subject) of type string is deprecated
[ error ] [8192]preg_match(): Passing null to parameter #2 ($subject) of type string is deprecated
[ error ] [8192]preg_match(): Passing null to parameter #2 ($subject) of type string is deprecated
[ error ] [8192]preg_match(): Passing null to parameter #2 ($subject) of type string is deprecated
[ error ] [8192]preg_match(): Passing null to parameter #2 ($subject) of type string is deprecated
[ error ] [8192]Automatic conversion of false to array is deprecated
[ error ] [2]Undefined array key "title"
[ error ] [2]Undefined array key "title"
[ error ] [2]Undefined array key "title"
[ error ] [2]Undefined array key "title"
---------------------------------------------------------------
[ 2026-03-20T16:23:55+08:00 ] 20.29.21.25 GET 120.24.147.77/developmentserver/metadatauploader
[ error ] [8192]preg_match(): Passing null to parameter #2 ($subject) of type string is deprecated
[ error ] [8192]preg_match(): Passing null to parameter #2 ($subject) of type string is deprecated
[ error ] [8192]preg_match(): Passing null to parameter #2 ($subject) of type string is deprecated
[ error ] [8192]preg_match(): Passing null to parameter #2 ($subject) of type string is deprecated
[ error ] [8192]preg_match(): Passing null to parameter #2 ($subject) of type string is deprecated
[ error ] [8192]preg_match(): Passing null to parameter #2 ($subject) of type string is deprecated
---------------------------------------------------------------
[ 2026-03-20T16:23:55+08:00 ] 20.29.21.25 GET 120.24.147.77/developmentserver/metadatauploader
[ error ] [8192]preg_match(): Passing null to parameter #2 ($subject) of type string is deprecated
[ error ] [8192]preg_match(): Passing null to parameter #2 ($subject) of type string is deprecated
[ error ] [8192]preg_match(): Passing null to parameter #2 ($subject) of type string is deprecated
[ error ] [8192]preg_match(): Passing null to parameter #2 ($subject) of type string is deprecated
[ error ] [8192]preg_match(): Passing null to parameter #2 ($subject) of type string is deprecated
[ error ] [8192]preg_match(): Passing null to parameter #2 ($subject) of type string is deprecated
---------------------------------------------------------------
[ 2026-03-20T16:33:58+08:00 ] 165.245.182.247 GET 120.24.147.77/
[ error ] [8192]preg_match(): Passing null to parameter #2 ($subject) of type string is deprecated
[ error ] [8192]preg_match(): Passing null to parameter #2 ($subject) of type string is deprecated
[ error ] [8192]preg_match(): Passing null to parameter #2 ($subject) of type string is deprecated
[ error ] [8192]preg_match(): Passing null to parameter #2 ($subject) of type string is deprecated
[ error ] [8192]preg_match(): Passing null to parameter #2 ($subject) of type string is deprecated
[ error ] [8192]preg_match(): Passing null to parameter #2 ($subject) of type string is deprecated
[ error ] [8192]preg_match(): Passing null to parameter #2 ($subject) of type string is deprecated
[ error ] [8192]preg_match(): Passing null to parameter #2 ($subject) of type string is deprecated
[ error ] [8192]Automatic conversion of false to array is deprecated
[ error ] [2]Undefined array key "title"
[ error ] [2]Undefined array key "title"
[ error ] [2]Undefined array key "title"
[ error ] [2]Undefined array key "title"
---------------------------------------------------------------
[ 2026-03-20T16:39:43+08:00 ] 172.105.128.12 GET 120.24.147.77/
[ error ] [8192]preg_match(): Passing null to parameter #2 ($subject) of type string is deprecated
[ error ] [8192]preg_match(): Passing null to parameter #2 ($subject) of type string is deprecated
[ error ] [8192]preg_match(): Passing null to parameter #2 ($subject) of type string is deprecated
[ error ] [8192]preg_match(): Passing null to parameter #2 ($subject) of type string is deprecated
[ error ] [8192]preg_match(): Passing null to parameter #2 ($subject) of type string is deprecated
[ error ] [8192]preg_match(): Passing null to parameter #2 ($subject) of type string is deprecated
[ error ] [8192]preg_match(): Passing null to parameter #2 ($subject) of type string is deprecated
[ error ] [8192]preg_match(): Passing null to parameter #2 ($subject) of type string is deprecated
[ error ] [8192]Automatic conversion of false to array is deprecated
[ error ] [2]Undefined array key "title"
[ error ] [2]Undefined array key "title"
[ error ] [2]Undefined array key "title"
[ error ] [2]Undefined array key "title"
---------------------------------------------------------------
[ 2026-03-20T16:52:49+08:00 ] 205.210.31.8 GET 120.24.147.77/
[ error ] [8192]preg_match(): Passing null to parameter #2 ($subject) of type string is deprecated
[ error ] [8192]preg_match(): Passing null to parameter #2 ($subject) of type string is deprecated
[ error ] [8192]preg_match(): Passing null to parameter #2 ($subject) of type string is deprecated
[ error ] [8192]preg_match(): Passing null to parameter #2 ($subject) of type string is deprecated
[ error ] [8192]preg_match(): Passing null to parameter #2 ($subject) of type string is deprecated
[ error ] [8192]preg_match(): Passing null to parameter #2 ($subject) of type string is deprecated
[ error ] [8192]preg_match(): Passing null to parameter #2 ($subject) of type string is deprecated
[ error ] [8192]preg_match(): Passing null to parameter #2 ($subject) of type string is deprecated
[ error ] [8192]Automatic conversion of false to array is deprecated
[ error ] [2]Undefined array key "title"
[ error ] [2]Undefined array key "title"
[ error ] [2]Undefined array key "title"
[ error ] [2]Undefined array key "title"
---------------------------------------------------------------
[ 2026-03-20T17:01:16+08:00 ] 172.236.127.133 GET 120.24.147.77/
[ error ] [8192]preg_match(): Passing null to parameter #2 ($subject) of type string is deprecated
[ error ] [8192]preg_match(): Passing null to parameter #2 ($subject) of type string is deprecated
[ error ] [8192]preg_match(): Passing null to parameter #2 ($subject) of type string is deprecated
[ error ] [8192]preg_match(): Passing null to parameter #2 ($subject) of type string is deprecated
[ error ] [8192]preg_match(): Passing null to parameter #2 ($subject) of type string is deprecated
[ error ] [8192]preg_match(): Passing null to parameter #2 ($subject) of type string is deprecated
[ error ] [8192]preg_match(): Passing null to parameter #2 ($subject) of type string is deprecated
[ error ] [8192]preg_match(): Passing null to parameter #2 ($subject) of type string is deprecated
[ error ] [8192]Automatic conversion of false to array is deprecated
[ error ] [2]Undefined array key "title"
[ error ] [2]Undefined array key "title"
[ error ] [2]Undefined array key "title"
[ error ] [2]Undefined array key "title"
---------------------------------------------------------------
[ 2026-03-20T17:07:44+08:00 ] 167.94.138.180 GET 120.24.147.77/
[ error ] [8192]preg_match(): Passing null to parameter #2 ($subject) of type string is deprecated
[ error ] [8192]preg_match(): Passing null to parameter #2 ($subject) of type string is deprecated
[ error ] [8192]preg_match(): Passing null to parameter #2 ($subject) of type string is deprecated
[ error ] [8192]preg_match(): Passing null to parameter #2 ($subject) of type string is deprecated
[ error ] [8192]preg_match(): Passing null to parameter #2 ($subject) of type string is deprecated
[ error ] [8192]preg_match(): Passing null to parameter #2 ($subject) of type string is deprecated
[ error ] [8192]preg_match(): Passing null to parameter #2 ($subject) of type string is deprecated
[ error ] [8192]preg_match(): Passing null to parameter #2 ($subject) of type string is deprecated
[ error ] [8192]Automatic conversion of false to array is deprecated
[ error ] [2]Undefined array key "title"
[ error ] [2]Undefined array key "title"
[ error ] [2]Undefined array key "title"
[ error ] [2]Undefined array key "title"
---------------------------------------------------------------
[ 2026-03-20T17:07:48+08:00 ] 167.94.138.180 GET 120.24.147.77/favicon.ico
[ error ] [8192]preg_match(): Passing null to parameter #2 ($subject) of type string is deprecated
[ error ] [8192]preg_match(): Passing null to parameter #2 ($subject) of type string is deprecated
[ error ] [8192]preg_match(): Passing null to parameter #2 ($subject) of type string is deprecated
[ error ] [8192]preg_match(): Passing null to parameter #2 ($subject) of type string is deprecated
[ error ] [8192]preg_match(): Passing null to parameter #2 ($subject) of type string is deprecated
[ error ] [8192]preg_match(): Passing null to parameter #2 ($subject) of type string is deprecated
---------------------------------------------------------------
[ 2026-03-20T17:07:48+08:00 ] 167.94.138.180 GET 120.24.147.77/favicon.ico
[ error ] [8192]preg_match(): Passing null to parameter #2 ($subject) of type string is deprecated
[ error ] [8192]preg_match(): Passing null to parameter #2 ($subject) of type string is deprecated
[ error ] [8192]preg_match(): Passing null to parameter #2 ($subject) of type string is deprecated
[ error ] [8192]preg_match(): Passing null to parameter #2 ($subject) of type string is deprecated
[ error ] [8192]preg_match(): Passing null to parameter #2 ($subject) of type string is deprecated
[ error ] [8192]preg_match(): Passing null to parameter #2 ($subject) of type string is deprecated
---------------------------------------------------------------
[ 2026-03-20T17:07:55+08:00 ] 167.94.138.180 GET 120.24.147.77/favicon.ico
[ error ] [8192]preg_match(): Passing null to parameter #2 ($subject) of type string is deprecated
[ error ] [8192]preg_match(): Passing null to parameter #2 ($subject) of type string is deprecated
[ error ] [8192]preg_match(): Passing null to parameter #2 ($subject) of type string is deprecated
[ error ] [8192]preg_match(): Passing null to parameter #2 ($subject) of type string is deprecated
[ error ] [8192]preg_match(): Passing null to parameter #2 ($subject) of type string is deprecated
[ error ] [8192]preg_match(): Passing null to parameter #2 ($subject) of type string is deprecated
---------------------------------------------------------------
[ 2026-03-20T17:07:55+08:00 ] 167.94.138.180 GET 120.24.147.77/favicon.ico
[ error ] [8192]preg_match(): Passing null to parameter #2 ($subject) of type string is deprecated
[ error ] [8192]preg_match(): Passing null to parameter #2 ($subject) of type string is deprecated
[ error ] [8192]preg_match(): Passing null to parameter #2 ($subject) of type string is deprecated
[ error ] [8192]preg_match(): Passing null to parameter #2 ($subject) of type string is deprecated
[ error ] [8192]preg_match(): Passing null to parameter #2 ($subject) of type string is deprecated
[ error ] [8192]preg_match(): Passing null to parameter #2 ($subject) of type string is deprecated
---------------------------------------------------------------
[ 2026-03-20T17:07:56+08:00 ] 167.94.138.180 GET 120.24.147.77/9n2mju45ru5
[ error ] [8192]preg_match(): Passing null to parameter #2 ($subject) of type string is deprecated
[ error ] [8192]preg_match(): Passing null to parameter #2 ($subject) of type string is deprecated
[ error ] [8192]preg_match(): Passing null to parameter #2 ($subject) of type string is deprecated
[ error ] [8192]preg_match(): Passing null to parameter #2 ($subject) of type string is deprecated
[ error ] [8192]preg_match(): Passing null to parameter #2 ($subject) of type string is deprecated
[ error ] [8192]preg_match(): Passing null to parameter #2 ($subject) of type string is deprecated
---------------------------------------------------------------
[ 2026-03-20T17:07:57+08:00 ] 167.94.138.180 GET 120.24.147.77/9n2mju45ru5
[ error ] [8192]preg_match(): Passing null to parameter #2 ($subject) of type string is deprecated
[ error ] [8192]preg_match(): Passing null to parameter #2 ($subject) of type string is deprecated
[ error ] [8192]preg_match(): Passing null to parameter #2 ($subject) of type string is deprecated
[ error ] [8192]preg_match(): Passing null to parameter #2 ($subject) of type string is deprecated
[ error ] [8192]preg_match(): Passing null to parameter #2 ($subject) of type string is deprecated
[ error ] [8192]preg_match(): Passing null to parameter #2 ($subject) of type string is deprecated
---------------------------------------------------------------
[ 2026-03-20T17:24:59+08:00 ] 195.178.110.64 GET 120.24.147.77/
[ error ] [8192]preg_match(): Passing null to parameter #2 ($subject) of type string is deprecated
[ error ] [8192]preg_match(): Passing null to parameter #2 ($subject) of type string is deprecated
[ error ] [8192]preg_match(): Passing null to parameter #2 ($subject) of type string is deprecated
[ error ] [8192]preg_match(): Passing null to parameter #2 ($subject) of type string is deprecated
[ error ] [8192]preg_match(): Passing null to parameter #2 ($subject) of type string is deprecated
[ error ] [8192]preg_match(): Passing null to parameter #2 ($subject) of type string is deprecated
[ error ] [8192]preg_match(): Passing null to parameter #2 ($subject) of type string is deprecated
[ error ] [8192]preg_match(): Passing null to parameter #2 ($subject) of type string is deprecated
[ error ] [8192]Automatic conversion of false to array is deprecated
[ error ] [2]Undefined array key "title"
[ error ] [2]Undefined array key "title"
[ error ] [2]Undefined array key "title"
[ error ] [2]Undefined array key "title"
---------------------------------------------------------------
[ 2026-03-20T17:28:36+08:00 ] 220.181.108.165 GET www.punalei.cn/
[ error ] [8192]preg_match(): Passing null to parameter #2 ($subject) of type string is deprecated
[ error ] [8192]preg_match(): Passing null to parameter #2 ($subject) of type string is deprecated
[ error ] [8192]preg_match(): Passing null to parameter #2 ($subject) of type string is deprecated
[ error ] [8192]preg_match(): Passing null to parameter #2 ($subject) of type string is deprecated
[ error ] [8192]preg_match(): Passing null to parameter #2 ($subject) of type string is deprecated
[ error ] [8192]preg_match(): Passing null to parameter #2 ($subject) of type string is deprecated
[ error ] [8192]preg_match(): Passing null to parameter #2 ($subject) of type string is deprecated
[ error ] [8192]preg_match(): Passing null to parameter #2 ($subject) of type string is deprecated
[ error ] [8192]Automatic conversion of false to array is deprecated
[ error ] [2]Undefined array key "title"
[ error ] [2]Undefined array key "title"
[ error ] [2]Undefined array key "title"
[ error ] [2]Undefined array key "title"
---------------------------------------------------------------
[ 2026-03-20T17:29:23+08:00 ] 220.181.108.177 GET www.punalei.cn/
[ error ] [8192]preg_match(): Passing null to parameter #2 ($subject) of type string is deprecated
[ error ] [8192]preg_match(): Passing null to parameter #2 ($subject) of type string is deprecated
[ error ] [8192]preg_match(): Passing null to parameter #2 ($subject) of type string is deprecated
[ error ] [8192]preg_match(): Passing null to parameter #2 ($subject) of type string is deprecated
[ error ] [8192]preg_match(): Passing null to parameter #2 ($subject) of type string is deprecated
[ error ] [8192]preg_match(): Passing null to parameter #2 ($subject) of type string is deprecated
[ error ] [8192]preg_match(): Passing null to parameter #2 ($subject) of type string is deprecated
[ error ] [8192]preg_match(): Passing null to parameter #2 ($subject) of type string is deprecated
[ error ] [8192]Automatic conversion of false to array is deprecated
[ error ] [2]Undefined array key "title"
[ error ] [2]Undefined array key "title"
[ error ] [2]Undefined array key "title"
[ error ] [2]Undefined array key "title"
---------------------------------------------------------------
[ 2026-03-20T17:30:48+08:00 ] 220.181.108.155 GET www.punalei.cn/
[ error ] [8192]preg_match(): Passing null to parameter #2 ($subject) of type string is deprecated
[ error ] [8192]preg_match(): Passing null to parameter #2 ($subject) of type string is deprecated
[ error ] [8192]preg_match(): Passing null to parameter #2 ($subject) of type string is deprecated
[ error ] [8192]preg_match(): Passing null to parameter #2 ($subject) of type string is deprecated
[ error ] [8192]preg_match(): Passing null to parameter #2 ($subject) of type string is deprecated
[ error ] [8192]preg_match(): Passing null to parameter #2 ($subject) of type string is deprecated
[ error ] [8192]preg_match(): Passing null to parameter #2 ($subject) of type string is deprecated
[ error ] [8192]preg_match(): Passing null to parameter #2 ($subject) of type string is deprecated
[ error ] [8192]Automatic conversion of false to array is deprecated
[ error ] [2]Undefined array key "title"
[ error ] [2]Undefined array key "title"
[ error ] [2]Undefined array key "title"
[ error ] [2]Undefined array key "title"
---------------------------------------------------------------
[ 2026-03-20T17:31:05+08:00 ] 220.181.108.145 GET www.punalei.cn/
[ error ] [8192]preg_match(): Passing null to parameter #2 ($subject) of type string is deprecated
[ error ] [8192]preg_match(): Passing null to parameter #2 ($subject) of type string is deprecated
[ error ] [8192]preg_match(): Passing null to parameter #2 ($subject) of type string is deprecated
[ error ] [8192]preg_match(): Passing null to parameter #2 ($subject) of type string is deprecated
[ error ] [8192]preg_match(): Passing null to parameter #2 ($subject) of type string is deprecated
[ error ] [8192]preg_match(): Passing null to parameter #2 ($subject) of type string is deprecated
[ error ] [8192]preg_match(): Passing null to parameter #2 ($subject) of type string is deprecated
[ error ] [8192]preg_match(): Passing null to parameter #2 ($subject) of type string is deprecated
[ error ] [8192]Automatic conversion of false to array is deprecated
[ error ] [2]Undefined array key "title"
[ error ] [2]Undefined array key "title"
[ error ] [2]Undefined array key "title"
[ error ] [2]Undefined array key "title"
---------------------------------------------------------------
[ 2026-03-20T17:31:17+08:00 ] 220.181.108.80 GET www.punalei.cn/
[ error ] [8192]preg_match(): Passing null to parameter #2 ($subject) of type string is deprecated
[ error ] [8192]preg_match(): Passing null to parameter #2 ($subject) of type string is deprecated
[ error ] [8192]preg_match(): Passing null to parameter #2 ($subject) of type string is deprecated
[ error ] [8192]preg_match(): Passing null to parameter #2 ($subject) of type string is deprecated
[ error ] [8192]preg_match(): Passing null to parameter #2 ($subject) of type string is deprecated
[ error ] [8192]preg_match(): Passing null to parameter #2 ($subject) of type string is deprecated
[ error ] [8192]preg_match(): Passing null to parameter #2 ($subject) of type string is deprecated
[ error ] [8192]preg_match(): Passing null to parameter #2 ($subject) of type string is deprecated
[ error ] [8192]Automatic conversion of false to array is deprecated
[ error ] [2]Undefined array key "title"
[ error ] [2]Undefined array key "title"
[ error ] [2]Undefined array key "title"
[ error ] [2]Undefined array key "title"
---------------------------------------------------------------
[ 2026-03-20T17:31:21+08:00 ] 220.181.108.167 GET www.punalei.cn/
[ error ] [8192]preg_match(): Passing null to parameter #2 ($subject) of type string is deprecated
[ error ] [8192]preg_match(): Passing null to parameter #2 ($subject) of type string is deprecated
[ error ] [8192]preg_match(): Passing null to parameter #2 ($subject) of type string is deprecated
[ error ] [8192]preg_match(): Passing null to parameter #2 ($subject) of type string is deprecated
[ error ] [8192]preg_match(): Passing null to parameter #2 ($subject) of type string is deprecated
[ error ] [8192]preg_match(): Passing null to parameter #2 ($subject) of type string is deprecated
[ error ] [8192]preg_match(): Passing null to parameter #2 ($subject) of type string is deprecated
[ error ] [8192]preg_match(): Passing null to parameter #2 ($subject) of type string is deprecated
[ error ] [8192]Automatic conversion of false to array is deprecated
[ error ] [2]Undefined array key "title"
[ error ] [2]Undefined array key "title"
[ error ] [2]Undefined array key "title"
[ error ] [2]Undefined array key "title"
---------------------------------------------------------------
[ 2026-03-20T17:31:29+08:00 ] 220.181.108.110 GET www.punalei.cn/
[ error ] [8192]preg_match(): Passing null to parameter #2 ($subject) of type string is deprecated
[ error ] [8192]preg_match(): Passing null to parameter #2 ($subject) of type string is deprecated
[ error ] [8192]preg_match(): Passing null to parameter #2 ($subject) of type string is deprecated
[ error ] [8192]preg_match(): Passing null to parameter #2 ($subject) of type string is deprecated
[ error ] [8192]preg_match(): Passing null to parameter #2 ($subject) of type string is deprecated
[ error ] [8192]preg_match(): Passing null to parameter #2 ($subject) of type string is deprecated
[ error ] [8192]preg_match(): Passing null to parameter #2 ($subject) of type string is deprecated
[ error ] [8192]preg_match(): Passing null to parameter #2 ($subject) of type string is deprecated
[ error ] [8192]Automatic conversion of false to array is deprecated
[ error ] [2]Undefined array key "title"
[ error ] [2]Undefined array key "title"
[ error ] [2]Undefined array key "title"
[ error ] [2]Undefined array key "title"
---------------------------------------------------------------
[ 2026-03-20T17:31:57+08:00 ] 220.181.108.94 GET www.punalei.cn/
[ error ] [8192]preg_match(): Passing null to parameter #2 ($subject) of type string is deprecated
[ error ] [8192]preg_match(): Passing null to parameter #2 ($subject) of type string is deprecated
[ error ] [8192]preg_match(): Passing null to parameter #2 ($subject) of type string is deprecated
[ error ] [8192]preg_match(): Passing null to parameter #2 ($subject) of type string is deprecated
[ error ] [8192]preg_match(): Passing null to parameter #2 ($subject) of type string is deprecated
[ error ] [8192]preg_match(): Passing null to parameter #2 ($subject) of type string is deprecated
[ error ] [8192]preg_match(): Passing null to parameter #2 ($subject) of type string is deprecated
[ error ] [8192]preg_match(): Passing null to parameter #2 ($subject) of type string is deprecated
[ error ] [8192]Automatic conversion of false to array is deprecated
[ error ] [2]Undefined array key "title"
[ error ] [2]Undefined array key "title"
[ error ] [2]Undefined array key "title"
[ error ] [2]Undefined array key "title"
---------------------------------------------------------------
[ 2026-03-20T17:35:35+08:00 ] 172.104.210.105 GET 120.24.147.77/
[ error ] [8192]preg_match(): Passing null to parameter #2 ($subject) of type string is deprecated
[ error ] [8192]preg_match(): Passing null to parameter #2 ($subject) of type string is deprecated
[ error ] [8192]preg_match(): Passing null to parameter #2 ($subject) of type string is deprecated
[ error ] [8192]preg_match(): Passing null to parameter #2 ($subject) of type string is deprecated
[ error ] [8192]preg_match(): Passing null to parameter #2 ($subject) of type string is deprecated
[ error ] [8192]preg_match(): Passing null to parameter #2 ($subject) of type string is deprecated
[ error ] [8192]preg_match(): Passing null to parameter #2 ($subject) of type string is deprecated
[ error ] [8192]preg_match(): Passing null to parameter #2 ($subject) of type string is deprecated
[ error ] [8192]Automatic conversion of false to array is deprecated
[ error ] [2]Undefined array key "title"
[ error ] [2]Undefined array key "title"
[ error ] [2]Undefined array key "title"
[ error ] [2]Undefined array key "title"
---------------------------------------------------------------
[ 2026-03-20T17:35:46+08:00 ] 220.181.108.176 GET www.punalei.cn/ldcms/chanpinjieshao.html
[ error ] [8192]preg_match(): Passing null to parameter #2 ($subject) of type string is deprecated
[ error ] [8192]preg_match(): Passing null to parameter #2 ($subject) of type string is deprecated
[ error ] [8192]preg_match(): Passing null to parameter #2 ($subject) of type string is deprecated
[ error ] [8192]preg_match(): Passing null to parameter #2 ($subject) of type string is deprecated
[ error ] [8192]preg_match(): Passing null to parameter #2 ($subject) of type string is deprecated
[ error ] [8192]preg_match(): Passing null to parameter #2 ($subject) of type string is deprecated
[ error ] [8192]preg_match(): Passing null to parameter #2 ($subject) of type string is deprecated
[ error ] [8192]preg_match(): Passing null to parameter #2 ($subject) of type string is deprecated
[ error ] [8192]Automatic conversion of false to array is deprecated
---------------------------------------------------------------
[ 2026-03-20T17:35:59+08:00 ] 220.181.108.82 GET www.punalei.cn/ldcms/2jidanxianggonglvjiPNL300xilie.html
[ error ] [8192]preg_match(): Passing null to parameter #2 ($subject) of type string is deprecated
[ error ] [8192]preg_match(): Passing null to parameter #2 ($subject) of type string is deprecated
[ error ] [8192]preg_match(): Passing null to parameter #2 ($subject) of type string is deprecated
[ error ] [8192]preg_match(): Passing null to parameter #2 ($subject) of type string is deprecated
[ error ] [8192]preg_match(): Passing null to parameter #2 ($subject) of type string is deprecated
[ error ] [8192]preg_match(): Passing null to parameter #2 ($subject) of type string is deprecated
[ error ] [8192]preg_match(): Passing null to parameter #2 ($subject) of type string is deprecated
[ error ] [8192]preg_match(): Passing null to parameter #2 ($subject) of type string is deprecated
[ error ] [8192]Automatic conversion of false to array is deprecated
---------------------------------------------------------------
[ 2026-03-20T17:36:10+08:00 ] 220.181.108.178 GET www.punalei.cn/ldcms/jueyuandianzuceshiyi.html
[ error ] [8192]preg_match(): Passing null to parameter #2 ($subject) of type string is deprecated
[ error ] [8192]preg_match(): Passing null to parameter #2 ($subject) of type string is deprecated
[ error ] [8192]preg_match(): Passing null to parameter #2 ($subject) of type string is deprecated
[ error ] [8192]preg_match(): Passing null to parameter #2 ($subject) of type string is deprecated
[ error ] [8192]preg_match(): Passing null to parameter #2 ($subject) of type string is deprecated
[ error ] [8192]preg_match(): Passing null to parameter #2 ($subject) of type string is deprecated
[ error ] [8192]preg_match(): Passing null to parameter #2 ($subject) of type string is deprecated
[ error ] [8192]preg_match(): Passing null to parameter #2 ($subject) of type string is deprecated
[ error ] [8192]Automatic conversion of false to array is deprecated
---------------------------------------------------------------
[ 2026-03-20T17:36:29+08:00 ] 220.181.108.178 GET www.punalei.cn/ldcms/hangyedongtai/336.html
[ error ] [8192]preg_match(): Passing null to parameter #2 ($subject) of type string is deprecated
[ error ] [8192]preg_match(): Passing null to parameter #2 ($subject) of type string is deprecated
[ error ] [8192]preg_match(): Passing null to parameter #2 ($subject) of type string is deprecated
[ error ] [8192]preg_match(): Passing null to parameter #2 ($subject) of type string is deprecated
[ error ] [8192]preg_match(): Passing null to parameter #2 ($subject) of type string is deprecated
[ error ] [8192]preg_match(): Passing null to parameter #2 ($subject) of type string is deprecated
[ error ] [8192]preg_match(): Passing null to parameter #2 ($subject) of type string is deprecated
[ error ] [8192]preg_match(): Passing null to parameter #2 ($subject) of type string is deprecated
[ error ] [8192]Automatic conversion of false to array is deprecated
---------------------------------------------------------------
[ 2026-03-20T17:36:49+08:00 ] 220.181.108.166 GET www.punalei.cn/dcms/qiyexinwen/334.html
[ error ] [8192]preg_match(): Passing null to parameter #2 ($subject) of type string is deprecated
[ error ] [8192]preg_match(): Passing null to parameter #2 ($subject) of type string is deprecated
[ error ] [8192]preg_match(): Passing null to parameter #2 ($subject) of type string is deprecated
[ error ] [8192]preg_match(): Passing null to parameter #2 ($subject) of type string is deprecated
[ error ] [8192]preg_match(): Passing null to parameter #2 ($subject) of type string is deprecated
[ error ] [8192]preg_match(): Passing null to parameter #2 ($subject) of type string is deprecated
---------------------------------------------------------------
[ 2026-03-20T17:36:49+08:00 ] 220.181.108.166 GET www.punalei.cn/dcms/qiyexinwen/334.html
[ error ] [8192]preg_match(): Passing null to parameter #2 ($subject) of type string is deprecated
[ error ] [8192]preg_match(): Passing null to parameter #2 ($subject) of type string is deprecated
[ error ] [8192]preg_match(): Passing null to parameter #2 ($subject) of type string is deprecated
[ error ] [8192]preg_match(): Passing null to parameter #2 ($subject) of type string is deprecated
[ error ] [8192]preg_match(): Passing null to parameter #2 ($subject) of type string is deprecated
[ error ] [8192]preg_match(): Passing null to parameter #2 ($subject) of type string is deprecated
---------------------------------------------------------------
[ 2026-03-20T17:37:16+08:00 ] 220.181.108.104 GET www.punalei.cn/ldcms/gonglvfenxiyichanpin.html
[ error ] [8192]preg_match(): Passing null to parameter #2 ($subject) of type string is deprecated
[ error ] [8192]preg_match(): Passing null to parameter #2 ($subject) of type string is deprecated
[ error ] [8192]preg_match(): Passing null to parameter #2 ($subject) of type string is deprecated
[ error ] [8192]preg_match(): Passing null to parameter #2 ($subject) of type string is deprecated
[ error ] [8192]preg_match(): Passing null to parameter #2 ($subject) of type string is deprecated
[ error ] [8192]preg_match(): Passing null to parameter #2 ($subject) of type string is deprecated
[ error ] [8192]preg_match(): Passing null to parameter #2 ($subject) of type string is deprecated
[ error ] [8192]preg_match(): Passing null to parameter #2 ($subject) of type string is deprecated
[ error ] [8192]Automatic conversion of false to array is deprecated
---------------------------------------------------------------
[ 2026-03-20T17:37:53+08:00 ] 220.181.108.111 GET www.punalei.cn/ldcms/punaleizixun.html
[ error ] [8192]preg_match(): Passing null to parameter #2 ($subject) of type string is deprecated
[ error ] [8192]preg_match(): Passing null to parameter #2 ($subject) of type string is deprecated
[ error ] [8192]preg_match(): Passing null to parameter #2 ($subject) of type string is deprecated
[ error ] [8192]preg_match(): Passing null to parameter #2 ($subject) of type string is deprecated
[ error ] [8192]preg_match(): Passing null to parameter #2 ($subject) of type string is deprecated
[ error ] [8192]preg_match(): Passing null to parameter #2 ($subject) of type string is deprecated
[ error ] [8192]preg_match(): Passing null to parameter #2 ($subject) of type string is deprecated
[ error ] [8192]preg_match(): Passing null to parameter #2 ($subject) of type string is deprecated
[ error ] [8192]Automatic conversion of false to array is deprecated
[ error ] [2]Undefined variable $content
[ error ] [2]Trying to access array offset on value of type null
---------------------------------------------------------------
[ 2026-03-20T17:38:22+08:00 ] 220.181.108.146 GET www.punalei.cn/ldcms/gaosutongdaocaijiwenduceshiyiPNL2000PLUSxilie/271.html
[ error ] [8192]preg_match(): Passing null to parameter #2 ($subject) of type string is deprecated
[ error ] [8192]preg_match(): Passing null to parameter #2 ($subject) of type string is deprecated
[ error ] [8192]preg_match(): Passing null to parameter #2 ($subject) of type string is deprecated
[ error ] [8192]preg_match(): Passing null to parameter #2 ($subject) of type string is deprecated
[ error ] [8192]preg_match(): Passing null to parameter #2 ($subject) of type string is deprecated
[ error ] [8192]preg_match(): Passing null to parameter #2 ($subject) of type string is deprecated
[ error ] [8192]preg_match(): Passing null to parameter #2 ($subject) of type string is deprecated
[ error ] [8192]preg_match(): Passing null to parameter #2 ($subject) of type string is deprecated
[ error ] [8192]Automatic conversion of false to array is deprecated
---------------------------------------------------------------
[ 2026-03-20T17:38:36+08:00 ] 220.181.108.168 GET www.punalei.cn/ldcms/zhiliudianzifuzai/295.html
[ error ] [8192]preg_match(): Passing null to parameter #2 ($subject) of type string is deprecated
[ error ] [8192]preg_match(): Passing null to parameter #2 ($subject) of type string is deprecated
[ error ] [8192]preg_match(): Passing null to parameter #2 ($subject) of type string is deprecated
[ error ] [8192]preg_match(): Passing null to parameter #2 ($subject) of type string is deprecated
[ error ] [8192]preg_match(): Passing null to parameter #2 ($subject) of type string is deprecated
[ error ] [8192]preg_match(): Passing null to parameter #2 ($subject) of type string is deprecated
[ error ] [8192]preg_match(): Passing null to parameter #2 ($subject) of type string is deprecated
[ error ] [8192]preg_match(): Passing null to parameter #2 ($subject) of type string is deprecated
[ error ] [8192]Automatic conversion of false to array is deprecated
---------------------------------------------------------------
[ 2026-03-20T17:38:53+08:00 ] 220.181.108.146 GET www.punalei.cn/ldcms/gaosutongdaocaijiwenduceshiyiPNL2000PLUSxilie/271.html
[ error ] [8192]preg_match(): Passing null to parameter #2 ($subject) of type string is deprecated
[ error ] [8192]preg_match(): Passing null to parameter #2 ($subject) of type string is deprecated
[ error ] [8192]preg_match(): Passing null to parameter #2 ($subject) of type string is deprecated
[ error ] [8192]preg_match(): Passing null to parameter #2 ($subject) of type string is deprecated
[ error ] [8192]preg_match(): Passing null to parameter #2 ($subject) of type string is deprecated
[ error ] [8192]preg_match(): Passing null to parameter #2 ($subject) of type string is deprecated
[ error ] [8192]preg_match(): Passing null to parameter #2 ($subject) of type string is deprecated
[ error ] [8192]preg_match(): Passing null to parameter #2 ($subject) of type string is deprecated
[ error ] [8192]Automatic conversion of false to array is deprecated
---------------------------------------------------------------
[ 2026-03-20T17:38:54+08:00 ] 45.79.181.104 GET 120.24.147.77/
[ error ] [8192]preg_match(): Passing null to parameter #2 ($subject) of type string is deprecated
[ error ] [8192]preg_match(): Passing null to parameter #2 ($subject) of type string is deprecated
[ error ] [8192]preg_match(): Passing null to parameter #2 ($subject) of type string is deprecated
[ error ] [8192]preg_match(): Passing null to parameter #2 ($subject) of type string is deprecated
[ error ] [8192]preg_match(): Passing null to parameter #2 ($subject) of type string is deprecated
[ error ] [8192]preg_match(): Passing null to parameter #2 ($subject) of type string is deprecated
[ error ] [8192]preg_match(): Passing null to parameter #2 ($subject) of type string is deprecated
[ error ] [8192]preg_match(): Passing null to parameter #2 ($subject) of type string is deprecated
[ error ] [8192]Automatic conversion of false to array is deprecated
[ error ] [8192]Automatic conversion of false to array is deprecated
[ error ] [2]Undefined array key "title"
[ error ] [2]Undefined array key "title"
[ error ] [2]Undefined array key "title"
[ error ] [2]Undefined array key "title"
---------------------------------------------------------------
[ 2026-03-20T17:38:54+08:00 ] 220.181.108.157 GET www.punalei.cn/ldcms/zhiliudianyuanchanpin.html
[ error ] [8192]preg_match(): Passing null to parameter #2 ($subject) of type string is deprecated
[ error ] [8192]preg_match(): Passing null to parameter #2 ($subject) of type string is deprecated
[ error ] [8192]preg_match(): Passing null to parameter #2 ($subject) of type string is deprecated
[ error ] [8192]preg_match(): Passing null to parameter #2 ($subject) of type string is deprecated
[ error ] [8192]preg_match(): Passing null to parameter #2 ($subject) of type string is deprecated
[ error ] [8192]preg_match(): Passing null to parameter #2 ($subject) of type string is deprecated
[ error ] [8192]preg_match(): Passing null to parameter #2 ($subject) of type string is deprecated
[ error ] [8192]preg_match(): Passing null to parameter #2 ($subject) of type string is deprecated
---------------------------------------------------------------
[ 2026-03-20T17:39:40+08:00 ] 27.8.154.254 GET 120.24.147.77/
[ error ] [8192]preg_match(): Passing null to parameter #2 ($subject) of type string is deprecated
[ error ] [8192]preg_match(): Passing null to parameter #2 ($subject) of type string is deprecated
[ error ] [8192]preg_match(): Passing null to parameter #2 ($subject) of type string is deprecated
[ error ] [8192]preg_match(): Passing null to parameter #2 ($subject) of type string is deprecated
[ error ] [8192]preg_match(): Passing null to parameter #2 ($subject) of type string is deprecated
[ error ] [8192]preg_match(): Passing null to parameter #2 ($subject) of type string is deprecated
[ error ] [8192]preg_match(): Passing null to parameter #2 ($subject) of type string is deprecated
[ error ] [8192]preg_match(): Passing null to parameter #2 ($subject) of type string is deprecated
[ error ] [8192]Automatic conversion of false to array is deprecated
[ error ] [2]Undefined array key "title"
[ error ] [2]Undefined array key "title"
[ error ] [2]Undefined array key "title"
[ error ] [2]Undefined array key "title"
---------------------------------------------------------------
[ 2026-03-20T17:43:53+08:00 ] 40.77.167.13 GET www.punalei.cn/ldcms/punaleiPNAIdangongnenganguixilie/306.html
[ error ] [8192]preg_match(): Passing null to parameter #2 ($subject) of type string is deprecated
[ error ] [8192]preg_match(): Passing null to parameter #2 ($subject) of type string is deprecated
[ error ] [8192]preg_match(): Passing null to parameter #2 ($subject) of type string is deprecated
[ error ] [8192]preg_match(): Passing null to parameter #2 ($subject) of type string is deprecated
[ error ] [8192]preg_match(): Passing null to parameter #2 ($subject) of type string is deprecated
[ error ] [8192]preg_match(): Passing null to parameter #2 ($subject) of type string is deprecated
[ error ] [8192]preg_match(): Passing null to parameter #2 ($subject) of type string is deprecated
[ error ] [8192]preg_match(): Passing null to parameter #2 ($subject) of type string is deprecated
[ error ] [8192]Automatic conversion of false to array is deprecated
---------------------------------------------------------------
[ 2026-03-20T17:55:15+08:00 ] 20.168.122.81 GET 120.24.147.77/
[ error ] [8192]preg_match(): Passing null to parameter #2 ($subject) of type string is deprecated
[ error ] [8192]preg_match(): Passing null to parameter #2 ($subject) of type string is deprecated
[ error ] [8192]preg_match(): Passing null to parameter #2 ($subject) of type string is deprecated
[ error ] [8192]preg_match(): Passing null to parameter #2 ($subject) of type string is deprecated
[ error ] [8192]preg_match(): Passing null to parameter #2 ($subject) of type string is deprecated
[ error ] [8192]preg_match(): Passing null to parameter #2 ($subject) of type string is deprecated
[ error ] [8192]preg_match(): Passing null to parameter #2 ($subject) of type string is deprecated
[ error ] [8192]preg_match(): Passing null to parameter #2 ($subject) of type string is deprecated
[ error ] [8192]Automatic conversion of false to array is deprecated
[ error ] [2]Undefined array key "title"
[ error ] [2]Undefined array key "title"
[ error ] [2]Undefined array key "title"
[ error ] [2]Undefined array key "title"
---------------------------------------------------------------
[ 2026-03-20T18:00:05+08:00 ] 220.181.108.105 GET www.punalei.cn/
[ error ] [8192]preg_match(): Passing null to parameter #2 ($subject) of type string is deprecated
[ error ] [8192]preg_match(): Passing null to parameter #2 ($subject) of type string is deprecated
[ error ] [8192]preg_match(): Passing null to parameter #2 ($subject) of type string is deprecated
[ error ] [8192]preg_match(): Passing null to parameter #2 ($subject) of type string is deprecated
[ error ] [8192]preg_match(): Passing null to parameter #2 ($subject) of type string is deprecated
[ error ] [8192]preg_match(): Passing null to parameter #2 ($subject) of type string is deprecated
[ error ] [8192]preg_match(): Passing null to parameter #2 ($subject) of type string is deprecated
[ error ] [8192]preg_match(): Passing null to parameter #2 ($subject) of type string is deprecated
[ error ] [8192]Automatic conversion of false to array is deprecated
[ error ] [2]Undefined array key "title"
[ error ] [2]Undefined array key "title"
[ error ] [2]Undefined array key "title"
[ error ] [2]Undefined array key "title"
---------------------------------------------------------------
[ 2026-03-20T18:01:39+08:00 ] 172.236.228.39 GET 120.24.147.77/
[ error ] [8192]preg_match(): Passing null to parameter #2 ($subject) of type string is deprecated
[ error ] [8192]preg_match(): Passing null to parameter #2 ($subject) of type string is deprecated
[ error ] [8192]preg_match(): Passing null to parameter #2 ($subject) of type string is deprecated
[ error ] [8192]preg_match(): Passing null to parameter #2 ($subject) of type string is deprecated
[ error ] [8192]preg_match(): Passing null to parameter #2 ($subject) of type string is deprecated
[ error ] [8192]preg_match(): Passing null to parameter #2 ($subject) of type string is deprecated
[ error ] [8192]preg_match(): Passing null to parameter #2 ($subject) of type string is deprecated
[ error ] [8192]preg_match(): Passing null to parameter #2 ($subject) of type string is deprecated
[ error ] [8192]Automatic conversion of false to array is deprecated
[ error ] [2]Undefined array key "title"
[ error ] [2]Undefined array key "title"
[ error ] [2]Undefined array key "title"
[ error ] [2]Undefined array key "title"
---------------------------------------------------------------
[ 2026-03-20T18:07:54+08:00 ] 52.167.144.17 GET www.punalei.cn/ldcms/gonglvfenxiyichanpin.html
[ error ] [8192]preg_match(): Passing null to parameter #2 ($subject) of type string is deprecated
[ error ] [8192]preg_match(): Passing null to parameter #2 ($subject) of type string is deprecated
[ error ] [8192]preg_match(): Passing null to parameter #2 ($subject) of type string is deprecated
[ error ] [8192]preg_match(): Passing null to parameter #2 ($subject) of type string is deprecated
[ error ] [8192]preg_match(): Passing null to parameter #2 ($subject) of type string is deprecated
[ error ] [8192]preg_match(): Passing null to parameter #2 ($subject) of type string is deprecated
[ error ] [8192]preg_match(): Passing null to parameter #2 ($subject) of type string is deprecated
[ error ] [8192]preg_match(): Passing null to parameter #2 ($subject) of type string is deprecated
[ error ] [8192]Automatic conversion of false to array is deprecated
---------------------------------------------------------------
[ 2026-03-20T18:08:16+08:00 ] 192.241.154.87 GET 120.24.147.77/
[ error ] [8192]preg_match(): Passing null to parameter #2 ($subject) of type string is deprecated
[ error ] [8192]preg_match(): Passing null to parameter #2 ($subject) of type string is deprecated
[ error ] [8192]preg_match(): Passing null to parameter #2 ($subject) of type string is deprecated
[ error ] [8192]preg_match(): Passing null to parameter #2 ($subject) of type string is deprecated
[ error ] [8192]preg_match(): Passing null to parameter #2 ($subject) of type string is deprecated
[ error ] [8192]preg_match(): Passing null to parameter #2 ($subject) of type string is deprecated
[ error ] [8192]preg_match(): Passing null to parameter #2 ($subject) of type string is deprecated
[ error ] [8192]preg_match(): Passing null to parameter #2 ($subject) of type string is deprecated
[ error ] [8192]Automatic conversion of false to array is deprecated
[ error ] [2]Undefined array key "title"
[ error ] [2]Undefined array key "title"
[ error ] [2]Undefined array key "title"
[ error ] [2]Undefined array key "title"
---------------------------------------------------------------
[ 2026-03-20T18:46:48+08:00 ] 172.236.228.115 GET 120.24.147.77/
[ error ] [8192]preg_match(): Passing null to parameter #2 ($subject) of type string is deprecated
[ error ] [8192]preg_match(): Passing null to parameter #2 ($subject) of type string is deprecated
[ error ] [8192]preg_match(): Passing null to parameter #2 ($subject) of type string is deprecated
[ error ] [8192]preg_match(): Passing null to parameter #2 ($subject) of type string is deprecated
[ error ] [8192]preg_match(): Passing null to parameter #2 ($subject) of type string is deprecated
[ error ] [8192]preg_match(): Passing null to parameter #2 ($subject) of type string is deprecated
[ error ] [8192]preg_match(): Passing null to parameter #2 ($subject) of type string is deprecated
[ error ] [8192]preg_match(): Passing null to parameter #2 ($subject) of type string is deprecated
[ error ] [8192]Automatic conversion of false to array is deprecated
[ error ] [2]Undefined array key "title"
[ error ] [2]Undefined array key "title"
[ error ] [2]Undefined array key "title"
[ error ] [2]Undefined array key "title"
---------------------------------------------------------------
[ 2026-03-20T19:04:55+08:00 ] 172.234.217.129 GET 120.24.147.77/
[ error ] [8192]preg_match(): Passing null to parameter #2 ($subject) of type string is deprecated
[ error ] [8192]preg_match(): Passing null to parameter #2 ($subject) of type string is deprecated
[ error ] [8192]preg_match(): Passing null to parameter #2 ($subject) of type string is deprecated
[ error ] [8192]preg_match(): Passing null to parameter #2 ($subject) of type string is deprecated
[ error ] [8192]preg_match(): Passing null to parameter #2 ($subject) of type string is deprecated
[ error ] [8192]preg_match(): Passing null to parameter #2 ($subject) of type string is deprecated
[ error ] [8192]preg_match(): Passing null to parameter #2 ($subject) of type string is deprecated
[ error ] [8192]preg_match(): Passing null to parameter #2 ($subject) of type string is deprecated
[ error ] [8192]Automatic conversion of false to array is deprecated
[ error ] [2]Undefined array key "title"
[ error ] [2]Undefined array key "title"
[ error ] [2]Undefined array key "title"
[ error ] [2]Undefined array key "title"
---------------------------------------------------------------
[ 2026-03-20T19:11:05+08:00 ] 195.178.110.223 GET punalei.cn/
[ error ] [8192]preg_match(): Passing null to parameter #2 ($subject) of type string is deprecated
[ error ] [8192]preg_match(): Passing null to parameter #2 ($subject) of type string is deprecated
[ error ] [8192]preg_match(): Passing null to parameter #2 ($subject) of type string is deprecated
[ error ] [8192]preg_match(): Passing null to parameter #2 ($subject) of type string is deprecated
[ error ] [8192]preg_match(): Passing null to parameter #2 ($subject) of type string is deprecated
[ error ] [8192]preg_match(): Passing null to parameter #2 ($subject) of type string is deprecated
[ error ] [8192]preg_match(): Passing null to parameter #2 ($subject) of type string is deprecated
[ error ] [8192]preg_match(): Passing null to parameter #2 ($subject) of type string is deprecated
[ error ] [8192]Automatic conversion of false to array is deprecated
[ error ] [2]Undefined array key "title"
[ error ] [2]Undefined array key "title"
[ error ] [2]Undefined array key "title"
[ error ] [2]Undefined array key "title"
---------------------------------------------------------------
[ 2026-03-20T19:11:06+08:00 ] 195.178.110.223 GET punalei.cn/%22/assets/addons/ldcms/default/js/jquery.fullpage.min.js?v=1.0.13"
[ error ] [8192]preg_match(): Passing null to parameter #2 ($subject) of type string is deprecated
[ error ] [8192]preg_match(): Passing null to parameter #2 ($subject) of type string is deprecated
[ error ] [8192]preg_match(): Passing null to parameter #2 ($subject) of type string is deprecated
[ error ] [8192]preg_match(): Passing null to parameter #2 ($subject) of type string is deprecated
[ error ] [8192]preg_match(): Passing null to parameter #2 ($subject) of type string is deprecated
[ error ] [8192]preg_match(): Passing null to parameter #2 ($subject) of type string is deprecated
---------------------------------------------------------------
[ 2026-03-20T19:11:06+08:00 ] 195.178.110.223 GET punalei.cn/.env
[ error ] [8192]preg_match(): Passing null to parameter #2 ($subject) of type string is deprecated
[ error ] [8192]preg_match(): Passing null to parameter #2 ($subject) of type string is deprecated
[ error ] [8192]preg_match(): Passing null to parameter #2 ($subject) of type string is deprecated
[ error ] [8192]preg_match(): Passing null to parameter #2 ($subject) of type string is deprecated
[ error ] [8192]preg_match(): Passing null to parameter #2 ($subject) of type string is deprecated
[ error ] [8192]preg_match(): Passing null to parameter #2 ($subject) of type string is deprecated
---------------------------------------------------------------
[ 2026-03-20T19:11:06+08:00 ] 195.178.110.223 GET punalei.cn/%22/assets/addons/ldcms/default/js/scrollreveal.js?v=1.0.13"
[ error ] [8192]preg_match(): Passing null to parameter #2 ($subject) of type string is deprecated
[ error ] [8192]preg_match(): Passing null to parameter #2 ($subject) of type string is deprecated
[ error ] [8192]preg_match(): Passing null to parameter #2 ($subject) of type string is deprecated
[ error ] [8192]preg_match(): Passing null to parameter #2 ($subject) of type string is deprecated
[ error ] [8192]preg_match(): Passing null to parameter #2 ($subject) of type string is deprecated
[ error ] [8192]preg_match(): Passing null to parameter #2 ($subject) of type string is deprecated
---------------------------------------------------------------
[ 2026-03-20T19:11:06+08:00 ] 195.178.110.223 GET punalei.cn/%22/assets/addons/ldcms/default/js/vue.js?v=1.0.13"
[ error ] [8192]preg_match(): Passing null to parameter #2 ($subject) of type string is deprecated
[ error ] [8192]preg_match(): Passing null to parameter #2 ($subject) of type string is deprecated
[ error ] [8192]preg_match(): Passing null to parameter #2 ($subject) of type string is deprecated
[ error ] [8192]preg_match(): Passing null to parameter #2 ($subject) of type string is deprecated
[ error ] [8192]preg_match(): Passing null to parameter #2 ($subject) of type string is deprecated
[ error ] [8192]preg_match(): Passing null to parameter #2 ($subject) of type string is deprecated
---------------------------------------------------------------
[ 2026-03-20T19:11:07+08:00 ] 195.178.110.223 GET punalei.cn/%22/assets/addons/ldcms/default/js/common.js?v=1.0.13"
[ error ] [8192]preg_match(): Passing null to parameter #2 ($subject) of type string is deprecated
[ error ] [8192]preg_match(): Passing null to parameter #2 ($subject) of type string is deprecated
[ error ] [8192]preg_match(): Passing null to parameter #2 ($subject) of type string is deprecated
[ error ] [8192]preg_match(): Passing null to parameter #2 ($subject) of type string is deprecated
[ error ] [8192]preg_match(): Passing null to parameter #2 ($subject) of type string is deprecated
[ error ] [8192]preg_match(): Passing null to parameter #2 ($subject) of type string is deprecated
---------------------------------------------------------------
[ 2026-03-20T19:11:07+08:00 ] 195.178.110.223 GET punalei.cn/%22/assets/addons/ldcms/default/js/no.js?v=1.0.13"
[ error ] [8192]preg_match(): Passing null to parameter #2 ($subject) of type string is deprecated
[ error ] [8192]preg_match(): Passing null to parameter #2 ($subject) of type string is deprecated
[ error ] [8192]preg_match(): Passing null to parameter #2 ($subject) of type string is deprecated
[ error ] [8192]preg_match(): Passing null to parameter #2 ($subject) of type string is deprecated
[ error ] [8192]preg_match(): Passing null to parameter #2 ($subject) of type string is deprecated
[ error ] [8192]preg_match(): Passing null to parameter #2 ($subject) of type string is deprecated
---------------------------------------------------------------
[ 2026-03-20T19:11:07+08:00 ] 195.178.110.223 GET punalei.cn/%22/assets/addons/ldcms/default/js/countUp.js?v=1.0.13"
[ error ] [8192]preg_match(): Passing null to parameter #2 ($subject) of type string is deprecated
[ error ] [8192]preg_match(): Passing null to parameter #2 ($subject) of type string is deprecated
[ error ] [8192]preg_match(): Passing null to parameter #2 ($subject) of type string is deprecated
[ error ] [8192]preg_match(): Passing null to parameter #2 ($subject) of type string is deprecated
[ error ] [8192]preg_match(): Passing null to parameter #2 ($subject) of type string is deprecated
[ error ] [8192]preg_match(): Passing null to parameter #2 ($subject) of type string is deprecated
---------------------------------------------------------------
[ 2026-03-20T19:11:07+08:00 ] 195.178.110.223 GET punalei.cn/%22/assets/addons/ldcms/default/js/omit.js?v=1.0.13"
[ error ] [8192]preg_match(): Passing null to parameter #2 ($subject) of type string is deprecated
[ error ] [8192]preg_match(): Passing null to parameter #2 ($subject) of type string is deprecated
[ error ] [8192]preg_match(): Passing null to parameter #2 ($subject) of type string is deprecated
[ error ] [8192]preg_match(): Passing null to parameter #2 ($subject) of type string is deprecated
[ error ] [8192]preg_match(): Passing null to parameter #2 ($subject) of type string is deprecated
[ error ] [8192]preg_match(): Passing null to parameter #2 ($subject) of type string is deprecated
---------------------------------------------------------------
[ 2026-03-20T19:11:07+08:00 ] 195.178.110.223 GET punalei.cn/%22/assets/addons/ldcms/default/js/base.js?v=1.0.13"
[ error ] [8192]preg_match(): Passing null to parameter #2 ($subject) of type string is deprecated
[ error ] [8192]preg_match(): Passing null to parameter #2 ($subject) of type string is deprecated
[ error ] [8192]preg_match(): Passing null to parameter #2 ($subject) of type string is deprecated
[ error ] [8192]preg_match(): Passing null to parameter #2 ($subject) of type string is deprecated
[ error ] [8192]preg_match(): Passing null to parameter #2 ($subject) of type string is deprecated
[ error ] [8192]preg_match(): Passing null to parameter #2 ($subject) of type string is deprecated
---------------------------------------------------------------
[ 2026-03-20T19:11:07+08:00 ] 195.178.110.223 GET punalei.cn/%22/assets/addons/ldcms/default/js/axios.min.js?v=1.0.13"
[ error ] [8192]preg_match(): Passing null to parameter #2 ($subject) of type string is deprecated
[ error ] [8192]preg_match(): Passing null to parameter #2 ($subject) of type string is deprecated
[ error ] [8192]preg_match(): Passing null to parameter #2 ($subject) of type string is deprecated
[ error ] [8192]preg_match(): Passing null to parameter #2 ($subject) of type string is deprecated
[ error ] [8192]preg_match(): Passing null to parameter #2 ($subject) of type string is deprecated
[ error ] [8192]preg_match(): Passing null to parameter #2 ($subject) of type string is deprecated
---------------------------------------------------------------
[ 2026-03-20T19:11:07+08:00 ] 195.178.110.223 GET punalei.cn/%22/assets/addons/ldcms/default/js/element.js?v=1.0.13"
[ error ] [8192]preg_match(): Passing null to parameter #2 ($subject) of type string is deprecated
[ error ] [8192]preg_match(): Passing null to parameter #2 ($subject) of type string is deprecated
[ error ] [8192]preg_match(): Passing null to parameter #2 ($subject) of type string is deprecated
[ error ] [8192]preg_match(): Passing null to parameter #2 ($subject) of type string is deprecated
[ error ] [8192]preg_match(): Passing null to parameter #2 ($subject) of type string is deprecated
[ error ] [8192]preg_match(): Passing null to parameter #2 ($subject) of type string is deprecated
---------------------------------------------------------------
[ 2026-03-20T19:11:07+08:00 ] 195.178.110.223 GET punalei.cn/%22/assets/addons/ldcms/default/js/ellipsis.js?v=1.0.13"
[ error ] [8192]preg_match(): Passing null to parameter #2 ($subject) of type string is deprecated
[ error ] [8192]preg_match(): Passing null to parameter #2 ($subject) of type string is deprecated
[ error ] [8192]preg_match(): Passing null to parameter #2 ($subject) of type string is deprecated
[ error ] [8192]preg_match(): Passing null to parameter #2 ($subject) of type string is deprecated
[ error ] [8192]preg_match(): Passing null to parameter #2 ($subject) of type string is deprecated
[ error ] [8192]preg_match(): Passing null to parameter #2 ($subject) of type string is deprecated
---------------------------------------------------------------
[ 2026-03-20T19:11:07+08:00 ] 195.178.110.223 GET punalei.cn/%22/assets/addons/ldcms/default/js/city.js?v=1.0.13"
[ error ] [8192]preg_match(): Passing null to parameter #2 ($subject) of type string is deprecated
[ error ] [8192]preg_match(): Passing null to parameter #2 ($subject) of type string is deprecated
[ error ] [8192]preg_match(): Passing null to parameter #2 ($subject) of type string is deprecated
[ error ] [8192]preg_match(): Passing null to parameter #2 ($subject) of type string is deprecated
[ error ] [8192]preg_match(): Passing null to parameter #2 ($subject) of type string is deprecated
[ error ] [8192]preg_match(): Passing null to parameter #2 ($subject) of type string is deprecated
---------------------------------------------------------------
[ 2026-03-20T19:11:07+08:00 ] 195.178.110.223 GET punalei.cn/.env.bak
[ error ] [8192]preg_match(): Passing null to parameter #2 ($subject) of type string is deprecated
[ error ] [8192]preg_match(): Passing null to parameter #2 ($subject) of type string is deprecated
[ error ] [8192]preg_match(): Passing null to parameter #2 ($subject) of type string is deprecated
[ error ] [8192]preg_match(): Passing null to parameter #2 ($subject) of type string is deprecated
[ error ] [8192]preg_match(): Passing null to parameter #2 ($subject) of type string is deprecated
[ error ] [8192]preg_match(): Passing null to parameter #2 ($subject) of type string is deprecated
---------------------------------------------------------------
[ 2026-03-20T19:11:07+08:00 ] 195.178.110.223 GET punalei.cn/%22/assets/addons/ldcms/default/js/swiper-bundle.min.js?v=1.0.13"
[ error ] [8192]preg_match(): Passing null to parameter #2 ($subject) of type string is deprecated
[ error ] [8192]preg_match(): Passing null to parameter #2 ($subject) of type string is deprecated
[ error ] [8192]preg_match(): Passing null to parameter #2 ($subject) of type string is deprecated
[ error ] [8192]preg_match(): Passing null to parameter #2 ($subject) of type string is deprecated
[ error ] [8192]preg_match(): Passing null to parameter #2 ($subject) of type string is deprecated
[ error ] [8192]preg_match(): Passing null to parameter #2 ($subject) of type string is deprecated
---------------------------------------------------------------
[ 2026-03-20T19:11:07+08:00 ] 195.178.110.223 GET punalei.cn/%22/assets/addons/ldcms/default/js/jquery-1.12.4.min.js?v=1.0.13"
[ error ] [8192]preg_match(): Passing null to parameter #2 ($subject) of type string is deprecated
[ error ] [8192]preg_match(): Passing null to parameter #2 ($subject) of type string is deprecated
[ error ] [8192]preg_match(): Passing null to parameter #2 ($subject) of type string is deprecated
[ error ] [8192]preg_match(): Passing null to parameter #2 ($subject) of type string is deprecated
[ error ] [8192]preg_match(): Passing null to parameter #2 ($subject) of type string is deprecated
[ error ] [8192]preg_match(): Passing null to parameter #2 ($subject) of type string is deprecated
---------------------------------------------------------------
[ 2026-03-20T19:11:07+08:00 ] 195.178.110.223 GET punalei.cn/%22/assets/addons/ldcms/default/js/bootstrap.min.js?v=1.0.13"
[ error ] [8192]preg_match(): Passing null to parameter #2 ($subject) of type string is deprecated
[ error ] [8192]preg_match(): Passing null to parameter #2 ($subject) of type string is deprecated
[ error ] [8192]preg_match(): Passing null to parameter #2 ($subject) of type string is deprecated
[ error ] [8192]preg_match(): Passing null to parameter #2 ($subject) of type string is deprecated
[ error ] [8192]preg_match(): Passing null to parameter #2 ($subject) of type string is deprecated
[ error ] [8192]preg_match(): Passing null to parameter #2 ($subject) of type string is deprecated
---------------------------------------------------------------
[ 2026-03-20T19:11:07+08:00 ] 195.178.110.223 GET punalei.cn/.env.save
[ error ] [8192]preg_match(): Passing null to parameter #2 ($subject) of type string is deprecated
[ error ] [8192]preg_match(): Passing null to parameter #2 ($subject) of type string is deprecated
[ error ] [8192]preg_match(): Passing null to parameter #2 ($subject) of type string is deprecated
[ error ] [8192]preg_match(): Passing null to parameter #2 ($subject) of type string is deprecated
[ error ] [8192]preg_match(): Passing null to parameter #2 ($subject) of type string is deprecated
[ error ] [8192]preg_match(): Passing null to parameter #2 ($subject) of type string is deprecated
---------------------------------------------------------------
[ 2026-03-20T19:11:07+08:00 ] 195.178.110.223 GET punalei.cn/.env.backup
[ error ] [8192]preg_match(): Passing null to parameter #2 ($subject) of type string is deprecated
[ error ] [8192]preg_match(): Passing null to parameter #2 ($subject) of type string is deprecated
[ error ] [8192]preg_match(): Passing null to parameter #2 ($subject) of type string is deprecated
[ error ] [8192]preg_match(): Passing null to parameter #2 ($subject) of type string is deprecated
[ error ] [8192]preg_match(): Passing null to parameter #2 ($subject) of type string is deprecated
[ error ] [8192]preg_match(): Passing null to parameter #2 ($subject) of type string is deprecated
---------------------------------------------------------------
[ 2026-03-20T19:11:07+08:00 ] 195.178.110.223 GET punalei.cn/backend/.env
[ error ] [8192]preg_match(): Passing null to parameter #2 ($subject) of type string is deprecated
[ error ] [8192]preg_match(): Passing null to parameter #2 ($subject) of type string is deprecated
[ error ] [8192]preg_match(): Passing null to parameter #2 ($subject) of type string is deprecated
[ error ] [8192]preg_match(): Passing null to parameter #2 ($subject) of type string is deprecated
[ error ] [8192]preg_match(): Passing null to parameter #2 ($subject) of type string is deprecated
[ error ] [8192]preg_match(): Passing null to parameter #2 ($subject) of type string is deprecated
---------------------------------------------------------------
[ 2026-03-20T19:11:08+08:00 ] 195.178.110.223 GET punalei.cn/admin/.env
[ error ] [8192]preg_match(): Passing null to parameter #2 ($subject) of type string is deprecated
[ error ] [8192]preg_match(): Passing null to parameter #2 ($subject) of type string is deprecated
[ error ] [8192]preg_match(): Passing null to parameter #2 ($subject) of type string is deprecated
[ error ] [8192]preg_match(): Passing null to parameter #2 ($subject) of type string is deprecated
[ error ] [8192]preg_match(): Passing null to parameter #2 ($subject) of type string is deprecated
[ error ] [8192]preg_match(): Passing null to parameter #2 ($subject) of type string is deprecated
---------------------------------------------------------------
[ 2026-03-20T19:11:08+08:00 ] 195.178.110.223 GET punalei.cn/.git/config
[ error ] [8192]preg_match(): Passing null to parameter #2 ($subject) of type string is deprecated
[ error ] [8192]preg_match(): Passing null to parameter #2 ($subject) of type string is deprecated
[ error ] [8192]preg_match(): Passing null to parameter #2 ($subject) of type string is deprecated
[ error ] [8192]preg_match(): Passing null to parameter #2 ($subject) of type string is deprecated
[ error ] [8192]preg_match(): Passing null to parameter #2 ($subject) of type string is deprecated
[ error ] [8192]preg_match(): Passing null to parameter #2 ($subject) of type string is deprecated
---------------------------------------------------------------
[ 2026-03-20T19:11:08+08:00 ] 195.178.110.223 GET punalei.cn/wp-config.php
[ error ] [8192]preg_match(): Passing null to parameter #2 ($subject) of type string is deprecated
[ error ] [8192]preg_match(): Passing null to parameter #2 ($subject) of type string is deprecated
[ error ] [8192]preg_match(): Passing null to parameter #2 ($subject) of type string is deprecated
[ error ] [8192]preg_match(): Passing null to parameter #2 ($subject) of type string is deprecated
[ error ] [8192]preg_match(): Passing null to parameter #2 ($subject) of type string is deprecated
[ error ] [8192]preg_match(): Passing null to parameter #2 ($subject) of type string is deprecated
---------------------------------------------------------------
[ 2026-03-20T19:11:08+08:00 ] 195.178.110.223 GET punalei.cn/config.js
[ error ] [8192]preg_match(): Passing null to parameter #2 ($subject) of type string is deprecated
[ error ] [8192]preg_match(): Passing null to parameter #2 ($subject) of type string is deprecated
[ error ] [8192]preg_match(): Passing null to parameter #2 ($subject) of type string is deprecated
[ error ] [8192]preg_match(): Passing null to parameter #2 ($subject) of type string is deprecated
[ error ] [8192]preg_match(): Passing null to parameter #2 ($subject) of type string is deprecated
[ error ] [8192]preg_match(): Passing null to parameter #2 ($subject) of type string is deprecated
---------------------------------------------------------------
[ 2026-03-20T19:11:09+08:00 ] 195.178.110.223 GET punalei.cn/aws-config.js
[ error ] [8192]preg_match(): Passing null to parameter #2 ($subject) of type string is deprecated
[ error ] [8192]preg_match(): Passing null to parameter #2 ($subject) of type string is deprecated
[ error ] [8192]preg_match(): Passing null to parameter #2 ($subject) of type string is deprecated
[ error ] [8192]preg_match(): Passing null to parameter #2 ($subject) of type string is deprecated
[ error ] [8192]preg_match(): Passing null to parameter #2 ($subject) of type string is deprecated
[ error ] [8192]preg_match(): Passing null to parameter #2 ($subject) of type string is deprecated
---------------------------------------------------------------
[ 2026-03-20T19:11:09+08:00 ] 195.178.110.223 GET punalei.cn/aws.config.js
[ error ] [8192]preg_match(): Passing null to parameter #2 ($subject) of type string is deprecated
[ error ] [8192]preg_match(): Passing null to parameter #2 ($subject) of type string is deprecated
[ error ] [8192]preg_match(): Passing null to parameter #2 ($subject) of type string is deprecated
[ error ] [8192]preg_match(): Passing null to parameter #2 ($subject) of type string is deprecated
[ error ] [8192]preg_match(): Passing null to parameter #2 ($subject) of type string is deprecated
[ error ] [8192]preg_match(): Passing null to parameter #2 ($subject) of type string is deprecated
---------------------------------------------------------------
[ 2026-03-20T19:11:09+08:00 ] 195.178.110.223 GET punalei.cn/_debugbar/
[ error ] [8192]preg_match(): Passing null to parameter #2 ($subject) of type string is deprecated
[ error ] [8192]preg_match(): Passing null to parameter #2 ($subject) of type string is deprecated
[ error ] [8192]preg_match(): Passing null to parameter #2 ($subject) of type string is deprecated
[ error ] [8192]preg_match(): Passing null to parameter #2 ($subject) of type string is deprecated
[ error ] [8192]preg_match(): Passing null to parameter #2 ($subject) of type string is deprecated
[ error ] [8192]preg_match(): Passing null to parameter #2 ($subject) of type string is deprecated
---------------------------------------------------------------
[ 2026-03-20T19:11:09+08:00 ] 195.178.110.223 GET punalei.cn/_debugbar/
[ error ] [8192]preg_match(): Passing null to parameter #2 ($subject) of type string is deprecated
[ error ] [8192]preg_match(): Passing null to parameter #2 ($subject) of type string is deprecated
[ error ] [8192]preg_match(): Passing null to parameter #2 ($subject) of type string is deprecated
[ error ] [8192]preg_match(): Passing null to parameter #2 ($subject) of type string is deprecated
[ error ] [8192]preg_match(): Passing null to parameter #2 ($subject) of type string is deprecated
[ error ] [8192]preg_match(): Passing null to parameter #2 ($subject) of type string is deprecated
---------------------------------------------------------------
[ 2026-03-20T19:11:10+08:00 ] 195.178.110.223 GET punalei.cn/debugbar/
[ error ] [8192]preg_match(): Passing null to parameter #2 ($subject) of type string is deprecated
[ error ] [8192]preg_match(): Passing null to parameter #2 ($subject) of type string is deprecated
[ error ] [8192]preg_match(): Passing null to parameter #2 ($subject) of type string is deprecated
[ error ] [8192]preg_match(): Passing null to parameter #2 ($subject) of type string is deprecated
[ error ] [8192]preg_match(): Passing null to parameter #2 ($subject) of type string is deprecated
[ error ] [8192]preg_match(): Passing null to parameter #2 ($subject) of type string is deprecated
---------------------------------------------------------------
[ 2026-03-20T19:11:10+08:00 ] 195.178.110.223 GET punalei.cn/debugbar/
[ error ] [8192]preg_match(): Passing null to parameter #2 ($subject) of type string is deprecated
[ error ] [8192]preg_match(): Passing null to parameter #2 ($subject) of type string is deprecated
[ error ] [8192]preg_match(): Passing null to parameter #2 ($subject) of type string is deprecated
[ error ] [8192]preg_match(): Passing null to parameter #2 ($subject) of type string is deprecated
[ error ] [8192]preg_match(): Passing null to parameter #2 ($subject) of type string is deprecated
[ error ] [8192]preg_match(): Passing null to parameter #2 ($subject) of type string is deprecated
---------------------------------------------------------------
[ 2026-03-20T19:11:10+08:00 ] 195.178.110.223 GET punalei.cn/debug/
[ error ] [8192]preg_match(): Passing null to parameter #2 ($subject) of type string is deprecated
[ error ] [8192]preg_match(): Passing null to parameter #2 ($subject) of type string is deprecated
[ error ] [8192]preg_match(): Passing null to parameter #2 ($subject) of type string is deprecated
[ error ] [8192]preg_match(): Passing null to parameter #2 ($subject) of type string is deprecated
[ error ] [8192]preg_match(): Passing null to parameter #2 ($subject) of type string is deprecated
[ error ] [8192]preg_match(): Passing null to parameter #2 ($subject) of type string is deprecated
---------------------------------------------------------------
[ 2026-03-20T19:11:10+08:00 ] 195.178.110.223 GET punalei.cn/debug/
[ error ] [8192]preg_match(): Passing null to parameter #2 ($subject) of type string is deprecated
[ error ] [8192]preg_match(): Passing null to parameter #2 ($subject) of type string is deprecated
[ error ] [8192]preg_match(): Passing null to parameter #2 ($subject) of type string is deprecated
[ error ] [8192]preg_match(): Passing null to parameter #2 ($subject) of type string is deprecated
[ error ] [8192]preg_match(): Passing null to parameter #2 ($subject) of type string is deprecated
[ error ] [8192]preg_match(): Passing null to parameter #2 ($subject) of type string is deprecated
---------------------------------------------------------------
[ 2026-03-20T19:11:11+08:00 ] 195.178.110.223 GET punalei.cn/phpinfo.php
[ error ] [8192]preg_match(): Passing null to parameter #2 ($subject) of type string is deprecated
[ error ] [8192]preg_match(): Passing null to parameter #2 ($subject) of type string is deprecated
[ error ] [8192]preg_match(): Passing null to parameter #2 ($subject) of type string is deprecated
[ error ] [8192]preg_match(): Passing null to parameter #2 ($subject) of type string is deprecated
[ error ] [8192]preg_match(): Passing null to parameter #2 ($subject) of type string is deprecated
[ error ] [8192]preg_match(): Passing null to parameter #2 ($subject) of type string is deprecated
---------------------------------------------------------------
[ 2026-03-20T19:11:11+08:00 ] 195.178.110.223 GET punalei.cn/info.php
[ error ] [8192]preg_match(): Passing null to parameter #2 ($subject) of type string is deprecated
[ error ] [8192]preg_match(): Passing null to parameter #2 ($subject) of type string is deprecated
[ error ] [8192]preg_match(): Passing null to parameter #2 ($subject) of type string is deprecated
[ error ] [8192]preg_match(): Passing null to parameter #2 ($subject) of type string is deprecated
[ error ] [8192]preg_match(): Passing null to parameter #2 ($subject) of type string is deprecated
[ error ] [8192]preg_match(): Passing null to parameter #2 ($subject) of type string is deprecated
---------------------------------------------------------------
[ 2026-03-20T19:11:11+08:00 ] 195.178.110.223 GET punalei.cn/test.php
[ error ] [8192]preg_match(): Passing null to parameter #2 ($subject) of type string is deprecated
[ error ] [8192]preg_match(): Passing null to parameter #2 ($subject) of type string is deprecated
[ error ] [8192]preg_match(): Passing null to parameter #2 ($subject) of type string is deprecated
[ error ] [8192]preg_match(): Passing null to parameter #2 ($subject) of type string is deprecated
[ error ] [8192]preg_match(): Passing null to parameter #2 ($subject) of type string is deprecated
[ error ] [8192]preg_match(): Passing null to parameter #2 ($subject) of type string is deprecated
---------------------------------------------------------------
[ 2026-03-20T19:11:11+08:00 ] 195.178.110.223 GET punalei.cn/.aws/credentials
[ error ] [8192]preg_match(): Passing null to parameter #2 ($subject) of type string is deprecated
[ error ] [8192]preg_match(): Passing null to parameter #2 ($subject) of type string is deprecated
[ error ] [8192]preg_match(): Passing null to parameter #2 ($subject) of type string is deprecated
[ error ] [8192]preg_match(): Passing null to parameter #2 ($subject) of type string is deprecated
[ error ] [8192]preg_match(): Passing null to parameter #2 ($subject) of type string is deprecated
[ error ] [8192]preg_match(): Passing null to parameter #2 ($subject) of type string is deprecated
---------------------------------------------------------------
[ 2026-03-20T19:11:11+08:00 ] 195.178.110.223 GET punalei.cn/.aws/credentials
[ error ] [8192]preg_match(): Passing null to parameter #2 ($subject) of type string is deprecated
[ error ] [8192]preg_match(): Passing null to parameter #2 ($subject) of type string is deprecated
[ error ] [8192]preg_match(): Passing null to parameter #2 ($subject) of type string is deprecated
[ error ] [8192]preg_match(): Passing null to parameter #2 ($subject) of type string is deprecated
[ error ] [8192]preg_match(): Passing null to parameter #2 ($subject) of type string is deprecated
[ error ] [8192]preg_match(): Passing null to parameter #2 ($subject) of type string is deprecated
---------------------------------------------------------------
[ 2026-03-20T19:11:12+08:00 ] 195.178.110.223 GET punalei.cn/.aws/config
[ error ] [8192]preg_match(): Passing null to parameter #2 ($subject) of type string is deprecated
[ error ] [8192]preg_match(): Passing null to parameter #2 ($subject) of type string is deprecated
[ error ] [8192]preg_match(): Passing null to parameter #2 ($subject) of type string is deprecated
[ error ] [8192]preg_match(): Passing null to parameter #2 ($subject) of type string is deprecated
[ error ] [8192]preg_match(): Passing null to parameter #2 ($subject) of type string is deprecated
[ error ] [8192]preg_match(): Passing null to parameter #2 ($subject) of type string is deprecated
---------------------------------------------------------------
[ 2026-03-20T19:11:12+08:00 ] 195.178.110.223 GET punalei.cn/.aws/config
[ error ] [8192]preg_match(): Passing null to parameter #2 ($subject) of type string is deprecated
[ error ] [8192]preg_match(): Passing null to parameter #2 ($subject) of type string is deprecated
[ error ] [8192]preg_match(): Passing null to parameter #2 ($subject) of type string is deprecated
[ error ] [8192]preg_match(): Passing null to parameter #2 ($subject) of type string is deprecated
[ error ] [8192]preg_match(): Passing null to parameter #2 ($subject) of type string is deprecated
[ error ] [8192]preg_match(): Passing null to parameter #2 ($subject) of type string is deprecated
---------------------------------------------------------------
[ 2026-03-20T19:11:12+08:00 ] 195.178.110.223 GET punalei.cn/aws-credentials
[ error ] [8192]preg_match(): Passing null to parameter #2 ($subject) of type string is deprecated
[ error ] [8192]preg_match(): Passing null to parameter #2 ($subject) of type string is deprecated
[ error ] [8192]preg_match(): Passing null to parameter #2 ($subject) of type string is deprecated
[ error ] [8192]preg_match(): Passing null to parameter #2 ($subject) of type string is deprecated
[ error ] [8192]preg_match(): Passing null to parameter #2 ($subject) of type string is deprecated
[ error ] [8192]preg_match(): Passing null to parameter #2 ($subject) of type string is deprecated
---------------------------------------------------------------
[ 2026-03-20T19:11:12+08:00 ] 195.178.110.223 GET punalei.cn/aws-credentials
[ error ] [8192]preg_match(): Passing null to parameter #2 ($subject) of type string is deprecated
[ error ] [8192]preg_match(): Passing null to parameter #2 ($subject) of type string is deprecated
[ error ] [8192]preg_match(): Passing null to parameter #2 ($subject) of type string is deprecated
[ error ] [8192]preg_match(): Passing null to parameter #2 ($subject) of type string is deprecated
[ error ] [8192]preg_match(): Passing null to parameter #2 ($subject) of type string is deprecated
[ error ] [8192]preg_match(): Passing null to parameter #2 ($subject) of type string is deprecated
---------------------------------------------------------------
[ 2026-03-20T19:11:13+08:00 ] 195.178.110.223 GET punalei.cn/aws.json
[ error ] [8192]preg_match(): Passing null to parameter #2 ($subject) of type string is deprecated
[ error ] [8192]preg_match(): Passing null to parameter #2 ($subject) of type string is deprecated
[ error ] [8192]preg_match(): Passing null to parameter #2 ($subject) of type string is deprecated
[ error ] [8192]preg_match(): Passing null to parameter #2 ($subject) of type string is deprecated
[ error ] [8192]preg_match(): Passing null to parameter #2 ($subject) of type string is deprecated
[ error ] [8192]preg_match(): Passing null to parameter #2 ($subject) of type string is deprecated
---------------------------------------------------------------
[ 2026-03-20T19:11:13+08:00 ] 195.178.110.223 GET punalei.cn/aws.json
[ error ] [8192]preg_match(): Passing null to parameter #2 ($subject) of type string is deprecated
[ error ] [8192]preg_match(): Passing null to parameter #2 ($subject) of type string is deprecated
[ error ] [8192]preg_match(): Passing null to parameter #2 ($subject) of type string is deprecated
[ error ] [8192]preg_match(): Passing null to parameter #2 ($subject) of type string is deprecated
[ error ] [8192]preg_match(): Passing null to parameter #2 ($subject) of type string is deprecated
[ error ] [8192]preg_match(): Passing null to parameter #2 ($subject) of type string is deprecated
---------------------------------------------------------------
[ 2026-03-20T19:11:13+08:00 ] 195.178.110.223 GET punalei.cn/.s3cfg
[ error ] [8192]preg_match(): Passing null to parameter #2 ($subject) of type string is deprecated
[ error ] [8192]preg_match(): Passing null to parameter #2 ($subject) of type string is deprecated
[ error ] [8192]preg_match(): Passing null to parameter #2 ($subject) of type string is deprecated
[ error ] [8192]preg_match(): Passing null to parameter #2 ($subject) of type string is deprecated
[ error ] [8192]preg_match(): Passing null to parameter #2 ($subject) of type string is deprecated
[ error ] [8192]preg_match(): Passing null to parameter #2 ($subject) of type string is deprecated
---------------------------------------------------------------
[ 2026-03-20T19:11:13+08:00 ] 195.178.110.223 GET punalei.cn/.s3cfg
[ error ] [8192]preg_match(): Passing null to parameter #2 ($subject) of type string is deprecated
[ error ] [8192]preg_match(): Passing null to parameter #2 ($subject) of type string is deprecated
[ error ] [8192]preg_match(): Passing null to parameter #2 ($subject) of type string is deprecated
[ error ] [8192]preg_match(): Passing null to parameter #2 ($subject) of type string is deprecated
[ error ] [8192]preg_match(): Passing null to parameter #2 ($subject) of type string is deprecated
[ error ] [8192]preg_match(): Passing null to parameter #2 ($subject) of type string is deprecated
---------------------------------------------------------------
[ 2026-03-20T19:20:03+08:00 ] 198.235.24.192 GET www.punalei.cn/
[ error ] [8192]preg_match(): Passing null to parameter #2 ($subject) of type string is deprecated
[ error ] [8192]preg_match(): Passing null to parameter #2 ($subject) of type string is deprecated
[ error ] [8192]preg_match(): Passing null to parameter #2 ($subject) of type string is deprecated
[ error ] [8192]preg_match(): Passing null to parameter #2 ($subject) of type string is deprecated
[ error ] [8192]preg_match(): Passing null to parameter #2 ($subject) of type string is deprecated
[ error ] [8192]preg_match(): Passing null to parameter #2 ($subject) of type string is deprecated
[ error ] [8192]preg_match(): Passing null to parameter #2 ($subject) of type string is deprecated
[ error ] [8192]preg_match(): Passing null to parameter #2 ($subject) of type string is deprecated
[ error ] [8192]Automatic conversion of false to array is deprecated
[ error ] [2]Undefined array key "title"
[ error ] [2]Undefined array key "title"
[ error ] [2]Undefined array key "title"
[ error ] [2]Undefined array key "title"
---------------------------------------------------------------
[ 2026-03-20T19:22:53+08:00 ] 178.128.214.41 GET 120.24.147.77/
[ error ] [8192]preg_match(): Passing null to parameter #2 ($subject) of type string is deprecated
[ error ] [8192]preg_match(): Passing null to parameter #2 ($subject) of type string is deprecated
[ error ] [8192]preg_match(): Passing null to parameter #2 ($subject) of type string is deprecated
[ error ] [8192]preg_match(): Passing null to parameter #2 ($subject) of type string is deprecated
[ error ] [8192]preg_match(): Passing null to parameter #2 ($subject) of type string is deprecated
[ error ] [8192]preg_match(): Passing null to parameter #2 ($subject) of type string is deprecated
[ error ] [8192]preg_match(): Passing null to parameter #2 ($subject) of type string is deprecated
[ error ] [8192]preg_match(): Passing null to parameter #2 ($subject) of type string is deprecated
[ error ] [8192]Automatic conversion of false to array is deprecated
[ error ] [2]Undefined array key "title"
[ error ] [2]Undefined array key "title"
[ error ] [2]Undefined array key "title"
[ error ] [2]Undefined array key "title"
---------------------------------------------------------------
[ 2026-03-20T19:27:49+08:00 ] 40.77.167.22 GET www.punalei.cn/ldcms/xiazaizhongxin.html?type=2&name=%E7%94%A8%E6%88%B7%E6%89%8B%E5%86%8C
[ error ] [8192]preg_match(): Passing null to parameter #2 ($subject) of type string is deprecated
[ error ] [8192]preg_match(): Passing null to parameter #2 ($subject) of type string is deprecated
[ error ] [8192]preg_match(): Passing null to parameter #2 ($subject) of type string is deprecated
[ error ] [8192]preg_match(): Passing null to parameter #2 ($subject) of type string is deprecated
[ error ] [8192]preg_match(): Passing null to parameter #2 ($subject) of type string is deprecated
[ error ] [8192]preg_match(): Passing null to parameter #2 ($subject) of type string is deprecated
[ error ] [8192]preg_match(): Passing null to parameter #2 ($subject) of type string is deprecated
[ error ] [8192]preg_match(): Passing null to parameter #2 ($subject) of type string is deprecated
[ error ] [8192]Automatic conversion of false to array is deprecated
[ download ] 2
---------------------------------------------------------------
[ 2026-03-20T19:27:49+08:00 ] 40.77.167.22 GET www.punalei.cn/ldcms/xiazaizhongxin.html?type=2&name=%E7%94%A8%E6%88%B7%E6%89%8B%E5%86%8C
[ download ] [{"id":242,"title":"1-300V\/45-400Hz \u4ea4\u6d41\u53d8\u9891\u7535\u6e90 P9510\\15\\20\\30\\45\\60-\\TSS\u7cfb\u5217","catalog":"https:\/\/qiniu.punalei.cn\/uploads\/20250630\/9f6157e1177e99e4fe3674e8d06014a8.pdf","handbook":"https:\/\/qiniu.punalei.cn\/uploads\/20250630\/9f6157e1177e99e4fe3674e8d06014a8.pdf","agreement":"","drive":"","resource":""},{"id":244,"title":"1-300V\/45-400Hz \u4ea4\u6d41\u53d8\u9891\u7535\u6e90 P9530\\60-\\GSD\\GSS\u7cfb\u5217","catalog":"https:\/\/qiniu.punalei.cn\/uploads\/20250630\/9f6157e1177e99e4fe3674e8d06014a8.pdf","handbook":"https:\/\/qiniu.punalei.cn\/uploads\/20250630\/9f6157e1177e99e4fe3674e8d06014a8.pdf","agreement":"","drive":"","resource":""},{"id":260,"title":"1-300V\/45-400Hz \u4ea4\u6d41\u53d8\u9891\u7535\u6e90 P9505\\10-\\D\u7cfb\u5217","catalog":"https:\/\/qiniu.punalei.cn\/uploads\/20250630\/9f6157e1177e99e4fe3674e8d06014a8.pdf","handbook":"https:\/\/qiniu.punalei.cn\/uploads\/20250630\/9f6157e1177e99e4fe3674e8d06014a8.pdf","agreement":"","drive":"","resource":""},{"id":262,"title":"\u5355\u76f8\u578bPNL300-A\u4ea4\u6d41\u7cfb\u52170.2\u7ea7","catalog":"https:\/\/qiniu.punalei.cn\/uploads\/20250630\/9f6157e1177e99e4fe3674e8d06014a8.pdf","handbook":"https:\/\/qiniu.punalei.cn\/uploads\/20260309\/ed50ce8156e54152582ff3356228093d.pdf","agreement":"","drive":"","resource":"https:\/\/qiniu.punalei.cn\/uploads\/20250811\/ed50ce8156e54152582ff3356228093d.pdf"},{"id":263,"title":"\u6cc4\u6f0f\u7535\u6d41\u6d4b\u8bd5\u4eeaPNL2675\u7cfb\u5217","catalog":"https:\/\/qiniu.punalei.cn\/uploads\/20250630\/9f6157e1177e99e4fe3674e8d06014a8.pdf","handbook":"https:\/\/qiniu.punalei.cn\/uploads\/20250630\/9f6157e1177e99e4fe3674e8d06014a8.pdf","agreement":"","drive":"","resource":""},{"id":264,"title":" \u63a5\u5730\u7535\u963b\u6d4b\u8bd5\u4eeaPNL2678XM\u7cfb\u5217","catalog":"https:\/\/qiniu.punalei.cn\/uploads\/20250630\/9f6157e1177e99e4fe3674e8d06014a8.pdf","handbook":"https:\/\/qiniu.punalei.cn\/uploads\/20250630\/9f6157e1177e99e4fe3674e8d06014a8.pdf","agreement":"","drive":"","resource":""},{"id":268,"title":"\u591a\u901a\u9053\u76f4\u6d41\u7535\u963b\u6d4b\u8bd5\u4eeaPNL2818-X\u7cfb\u5217","catalog":"https:\/\/qiniu.punalei.cn\/uploads\/20250630\/9f6157e1177e99e4fe3674e8d06014a8.pdf","handbook":"https:\/\/qiniu.punalei.cn\/uploads\/20250630\/9f6157e1177e99e4fe3674e8d06014a8.pdf","agreement":"","drive":"","resource":""},{"id":270,"title":"\u76f4\u6d41\u7535\u963b\u6d4b\u8bd5\u4eeaPNL2511\u6570\u7801\u7cfb\u5217","catalog":"https:\/\/qiniu.punalei.cn\/uploads\/20250630\/9f6157e1177e99e4fe3674e8d06014a8.pdf","handbook":"https:\/\/qiniu.punalei.cn\/uploads\/20250811\/405841dc3a1790083cdfb28d392a51b6.pdf","agreement":"","drive":"","resource":""},{"id":271,"title":"\u591a\u8def\u6e29\u5ea6\u5de1\u68c0\u6d4b\u8bd5\u4eeaP2000-X PLUS\u7cfb\u5217","catalog":"https:\/\/qiniu.punalei.cn\/uploads\/20250630\/9f6157e1177e99e4fe3674e8d06014a8.pdf","handbook":"https:\/\/qiniu.punalei.cn\/uploads\/20250811\/88bebf25cc9f75277abfb9945aa00ebc.pdf","agreement":"","drive":"","resource":""},{"id":272,"title":"\u624b\u6301\u591a\u8def\u6e29\u5ea6\u6d4b\u8bd5\u4eeaP300-S\u7cfb\u5217","catalog":"https:\/\/qiniu.punalei.cn\/uploads\/20250630\/9f6157e1177e99e4fe3674e8d06014a8.pdf","handbook":"https:\/\/qiniu.punalei.cn\/uploads\/20250811\/4eeb7970b89981df90d0560b8dbe2ff8.pdf","agreement":"","drive":"","resource":""},{"id":290,"title":"\u4ea4\u6d41\u6052\u6d41\u6e90","catalog":"","handbook":"","agreement":"","drive":"","resource":""},{"id":291,"title":"\u4e09\u76f8\u578bPNL300-S\u7cfb\u52170.2\u7ea7","catalog":"","handbook":"https:\/\/qiniu.punalei.cn\/uploads\/20250811\/5f7e3f318e22f4a79790e06a66ac2625.pdf","agreement":"","drive":"","resource":"https:\/\/qiniu.punalei.cn\/uploads\/20250811\/5f7e3f318e22f4a79790e06a66ac2625.pdf"},{"id":295,"title":"\u5c0f\u529f\u7387\u76f4\u6d41\u7535\u5b50\u8d1f\u8f7d","catalog":"","handbook":"https:\/\/qiniu.punalei.cn\/uploads\/20250811\/3c0024e1494ae6a3a5ee57c6e55308d8.pdf","agreement":"","drive":"","resource":""},{"id":298,"title":"\u533b\u7528\u6cc4\u6f0f\u7535\u6d41\u6d4b\u8bd5\u4eea","catalog":"","handbook":"","agreement":"","drive":"","resource":""},{"id":299,"title":"\u5927\u529f\u7387\u76f4\u6d41\u7535\u6e90\u6db2\u66763U\u7cfb\u5217","catalog":"","handbook":"","agreement":"","drive":"","resource":""},{"id":300,"title":"\u5927\u529f\u7387\u76f4\u6d41\u7535\u6e90\u6570\u7801PNL-Y 10kw-15kw\u7cfb\u5217","catalog":"","handbook":"https:\/\/qiniu.punalei.cn\/uploads\/20250811\/6991e7a5b3190aa67ef71fc5ef74964e.pdf","agreement":"","drive":"","resource":""},{"id":303,"title":"\u5b89\u89c4\u7efc\u5408\u6821\u51c6\u70b9\u68c0\u5de5\u88c5","catalog":"","handbook":"","agreement":"","drive":"","resource":""},{"id":304,"title":"\u8010\u538b\u6d4b\u8bd5\u4eea5KV\u7cfb\u5217","catalog":"","handbook":"","agreement":"","drive":"","resource":""},{"id":306,"title":"\u8010\u538b\u6d4b\u8bd5\u4eea10KV\u7cfb\u5217","catalog":"https:\/\/qiniu.punalei.cn\/uploads\/20250630\/9f6157e1177e99e4fe3674e8d06014a8.pdf","handbook":"https:\/\/qiniu.punalei.cn\/uploads\/20250630\/9f6157e1177e99e4fe3674e8d06014a8.pdf","agreement":"","drive":"","resource":""},{"id":307,"title":"\u8010\u538b\u6d4b\u8bd5\u4eea20KV\u7cfb\u5217","catalog":"https:\/\/qiniu.punalei.cn\/uploads\/20250630\/9f6157e1177e99e4fe3674e8d06014a8.pdf","handbook":"https:\/\/qiniu.punalei.cn\/uploads\/20250630\/9f6157e1177e99e4fe3674e8d06014a8.pdf","agreement":"","drive":"","resource":""},{"id":308,"title":"\u7a0b\u63a7\u8010\u538b\u7edd\u7f18PNL7110\\PNL7122\u7cfb\u5217","catalog":"https:\/\/qiniu.punalei.cn\/uploads\/20250630\/9f6157e1177e99e4fe3674e8d06014a8.pdf","handbook":"https:\/\/qiniu.punalei.cn\/uploads\/20250630\/9f6157e1177e99e4fe3674e8d06014a8.pdf","agreement":"","drive":"","resource":""},{"id":309,"title":"\u5b89\u5168\u7efc\u5408\u6027\u80fd\u5206\u6790\u4eeaPNL9950\u7cfb\u5217","catalog":"https:\/\/qiniu.punalei.cn\/uploads\/20250630\/9f6157e1177e99e4fe3674e8d06014a8.pdf","handbook":"https:\/\/qiniu.punalei.cn\/uploads\/20250630\/9f6157e1177e99e4fe3674e8d06014a8.pdf","agreement":"","drive":"","resource":""},{"id":311,"title":"\u5355\u4e09\u76f8 - \u5b89\u5168\u7efc\u5408\u6027\u80fd\u5206\u6790\u4eeaPNL9950-C\u7cfb\u5217","catalog":"https:\/\/qiniu.punalei.cn\/uploads\/20250630\/9f6157e1177e99e4fe3674e8d06014a8.pdf","handbook":"https:\/\/qiniu.punalei.cn\/uploads\/20250630\/9f6157e1177e99e4fe3674e8d06014a8.pdf","agreement":"","drive":"","resource":""},{"id":312,"title":"1-300V\/45-400Hz \u4ea4\u6d41\u53d8\u9891\u7535\u6e90 P9515\\20\\30\\45\\60-\\TSD\u7cfb\u5217","catalog":"https:\/\/qiniu.punalei.cn\/uploads\/20250630\/9f6157e1177e99e4fe3674e8d06014a8.pdf","handbook":"https:\/\/qiniu.punalei.cn\/uploads\/20250630\/9f6157e1177e99e4fe3674e8d06014a8.pdf","agreement":"","drive":"","resource":""},{"id":314,"title":"1-300V\/45-400Hz \u4ea4\u6d41\u53d8\u9891\u7535\u6e90 P9520\\30-\\D\u7cfb\u5217","catalog":"https:\/\/qiniu.punalei.cn\/uploads\/20250630\/9f6157e1177e99e4fe3674e8d06014a8.pdf","handbook":"https:\/\/qiniu.punalei.cn\/uploads\/20250630\/9f6157e1177e99e4fe3674e8d06014a8.pdf","agreement":"","drive":"","resource":""},{"id":315,"title":"\u7edd\u7f18\u7535\u963b\u6d4b\u8bd5\u4eeaPNL2682N\u7cfb\u5217","catalog":"https:\/\/qiniu.punalei.cn\/uploads\/20250630\/9f6157e1177e99e4fe3674e8d06014a8.pdf","handbook":"https:\/\/qiniu.punalei.cn\/uploads\/20250811\/7c63757a23e5e98e594bf1b4bf50445a.pdf","agreement":"","drive":"","resource":""},{"id":316,"title":"1-300V\/45-400Hz \u4ea4\u6d41\u53d8\u9891\u7535\u6e90 P9510\\15\\20-\\TD\u7cfb\u5217","catalog":"https:\/\/qiniu.punalei.cn\/uploads\/20250630\/9f6157e1177e99e4fe3674e8d06014a8.pdf","handbook":"https:\/\/qiniu.punalei.cn\/uploads\/20250630\/9f6157e1177e99e4fe3674e8d06014a8.pdf","agreement":"","drive":"","resource":""},{"id":317,"title":"1-300V\/45-400Hz \u4ea4\u6d41\u53d8\u9891\u7535\u6e90 P9530\\50-\\G\\D\u7cfb\u5217","catalog":"https:\/\/qiniu.punalei.cn\/uploads\/20250630\/9f6157e1177e99e4fe3674e8d06014a8.pdf","handbook":"https:\/\/qiniu.punalei.cn\/uploads\/20250630\/9f6157e1177e99e4fe3674e8d06014a8.pdf","agreement":"","drive":"","resource":""},{"id":318,"title":"\u4e09\u76f8\u578b\u8c10\u6ce2PNL300-SX\u7cfb\u52170.2\u7ea7","catalog":"","handbook":"https:\/\/qiniu.punalei.cn\/uploads\/20250811\/c3915be2288c668d42fab75c77d557b6.pdf","agreement":"","drive":"","resource":"https:\/\/qiniu.punalei.cn\/uploads\/20250811\/c3915be2288c668d42fab75c77d557b6.pdf"},{"id":319,"title":"\u7edd\u7f18\u7535\u963b\u6d4b\u8bd5\u4eeaPNL2683AL\u7cfb\u5217","catalog":"https:\/\/qiniu.punalei.cn\/uploads\/20250630\/9f6157e1177e99e4fe3674e8d06014a8.pdf","handbook":"https:\/\/qiniu.punalei.cn\/uploads\/20250811\/29f9570871ea60e153dce0b05698a13e.pdf","agreement":"","drive":"","resource":""},{"id":320,"title":"\u5bbd\u8303\u56f4\u76f4\u6d41\u7535\u963b\u6d4b\u8bd5\u4eeaPNL2513\/15\u7cfb\u5217","catalog":"https:\/\/qiniu.punalei.cn\/uploads\/20250630\/9f6157e1177e99e4fe3674e8d06014a8.pdf","handbook":"https:\/\/qiniu.punalei.cn\/uploads\/20250811\/d94e60f7d79a2b3b6d9b106bf787c6db.pdf","agreement":"","drive":"","resource":""},{"id":321,"title":"\u5927\u529f\u7387\u76f4\u6d41\u7535\u6e90\u6db2\u66764U\u7cfb\u5217","catalog":"","handbook":"","agreement":"","drive":"","resource":""},{"id":322,"title":"\u5927\u529f\u7387\u76f4\u6d41\u7535\u6e90\u6db2\u66765U\u7cfb\u5217","catalog":"","handbook":"","agreement":"","drive":"","resource":""},{"id":323,"title":"\u5927\u529f\u7387\u76f4\u6d41\u7535\u6e90\u6db2\u667620K\u7cfb\u5217","catalog":"","handbook":"","agreement":"","drive":"","resource":""},{"id":324,"title":"\u5927\u529f\u7387\u76f4\u6d41\u7535\u6e90\u6db2\u667640K\u7cfb\u5217","catalog":"","handbook":"","agreement":"","drive":"","resource":""},{"id":325,"title":"\u5927\u529f\u7387\u76f4\u6d41\u7535\u6e90\u6db2\u667660K\u7cfb\u5217","catalog":"","handbook":"","agreement":"","drive":"","resource":""},{"id":326,"title":"\u5927\u529f\u7387\u76f4\u6d41\u7535\u6e90\u6570\u7801PNL-Y 20kw-30kw\u7cfb\u5217","catalog":"","handbook":"https:\/\/qiniu.punalei.cn\/uploads\/20250811\/6991e7a5b3190aa67ef71fc5ef74964e.pdf","agreement":"","drive":"","resource":""},{"id":327,"title":"\u5927\u529f\u7387\u76f4\u6d41\u7535\u6e90\u6570\u7801PNL-Y 40kw-60kw\u7cfb\u5217","catalog":"","handbook":"https:\/\/qiniu.punalei.cn\/uploads\/20250811\/6991e7a5b3190aa67ef71fc5ef74964e.pdf","agreement":"","drive":"","resource":""},{"id":328,"title":"\u5927\u529f\u7387\u76f4\u6d41\u7535\u6e90\u6570\u7801PNL-Y 75kw-90kw\u7cfb\u5217","catalog":"","handbook":"https:\/\/qiniu.punalei.cn\/uploads\/20250811\/6991e7a5b3190aa67ef71fc5ef74964e.pdf","agreement":"","drive":"","resource":""},{"id":329,"title":"\u5927\u529f\u7387\u76f4\u6d41\u7535\u6e90\u6570\u7801PNL-U \u9ad8\u538b\u7cfb\u5217","catalog":"","handbook":"https:\/\/qiniu.punalei.cn\/uploads\/20250811\/6991e7a5b3190aa67ef71fc5ef74964e.pdf","agreement":"","drive":"","resource":""},{"id":330,"title":"\u4ea4\u6d41\u7535\u5b50\u8d1f\u8f7d","catalog":"","handbook":"https:\/\/qiniu.punalei.cn\/uploads\/20250811\/18ff267d1dc26e503128741d78be61d7.pdf","agreement":"","drive":"","resource":""},{"id":331,"title":"\u4ea4\u76f4\u6d41\u7535\u5b50\u8d1f\u8f7d","catalog":"","handbook":"https:\/\/qiniu.punalei.cn\/uploads\/20250811\/04725819a3c60dff3e1af918dc2ccaf2.pdf","agreement":"","drive":"","resource":""},{"id":332,"title":"\u5927\u529f\u7387\u76f4\u6d41\u7535\u5b50\u8d1f\u8f7d","catalog":"","handbook":"https:\/\/qiniu.punalei.cn\/uploads\/20250811\/639e5850541f700cdc64053f1d7a18a7.pdf","agreement":"","drive":"","resource":""},{"id":333,"title":"\u5927\u529f\u7387\u76f4\u6d41\u7535\u5b50\u8d1f\u8f7d","catalog":"","handbook":"https:\/\/qiniu.punalei.cn\/uploads\/20250811\/3c0024e1494ae6a3a5ee57c6e55308d8.pdf","agreement":"","drive":"","resource":""},{"id":337,"title":"\u5355\u76f8\u578bPNL300-C\u4ea4\u76f4\u6d41\u7cfb\u52170.2\u7ea7","catalog":"https:\/\/qiniu.punalei.cn\/uploads\/20250630\/9f6157e1177e99e4fe3674e8d06014a8.pdf","handbook":"https:\/\/qiniu.punalei.cn\/uploads\/20250811\/ed50ce8156e54152582ff3356228093d.pdf","agreement":"","drive":"","resource":"https:\/\/qiniu.punalei.cn\/uploads\/20250811\/ed50ce8156e54152582ff3356228093d.pdf"},{"id":338,"title":"\u80fd\u6548\u578bPNL300-E\u4ea4\u76f4\u6d41\u7cfb\u52170.2\u7ea7","catalog":"https:\/\/qiniu.punalei.cn\/uploads\/20250630\/9f6157e1177e99e4fe3674e8d06014a8.pdf","handbook":"https:\/\/qiniu.punalei.cn\/uploads\/20250811\/ed50ce8156e54152582ff3356228093d.pdf","agreement":"","drive":"","resource":"https:\/\/qiniu.punalei.cn\/uploads\/20250811\/ed50ce8156e54152582ff3356228093d.pdf"}]
---------------------------------------------------------------
[ 2026-03-20T19:27:49+08:00 ] 40.77.167.22 GET www.punalei.cn/ldcms/xiazaizhongxin.html?type=2&name=%E7%94%A8%E6%88%B7%E6%89%8B%E5%86%8C
[ download ] [{"id":242,"name":"1-300V\/45-400Hz \u4ea4\u6d41\u53d8\u9891\u7535\u6e90 P9510\\15\\20\\30\\45\\60-\\TSS\u7cfb\u5217-\u7528\u6237\u624b\u518c","url":"https:\/\/qiniu.punalei.cn\/uploads\/20250630\/9f6157e1177e99e4fe3674e8d06014a8.pdf"},{"id":244,"name":"1-300V\/45-400Hz \u4ea4\u6d41\u53d8\u9891\u7535\u6e90 P9530\\60-\\GSD\\GSS\u7cfb\u5217-\u7528\u6237\u624b\u518c","url":"https:\/\/qiniu.punalei.cn\/uploads\/20250630\/9f6157e1177e99e4fe3674e8d06014a8.pdf"},{"id":260,"name":"1-300V\/45-400Hz \u4ea4\u6d41\u53d8\u9891\u7535\u6e90 P9505\\10-\\D\u7cfb\u5217-\u7528\u6237\u624b\u518c","url":"https:\/\/qiniu.punalei.cn\/uploads\/20250630\/9f6157e1177e99e4fe3674e8d06014a8.pdf"},{"id":262,"name":"\u5355\u76f8\u578bPNL300-A\u4ea4\u6d41\u7cfb\u52170.2\u7ea7-\u7528\u6237\u624b\u518c","url":"https:\/\/qiniu.punalei.cn\/uploads\/20260309\/ed50ce8156e54152582ff3356228093d.pdf"},{"id":263,"name":"\u6cc4\u6f0f\u7535\u6d41\u6d4b\u8bd5\u4eeaPNL2675\u7cfb\u5217-\u7528\u6237\u624b\u518c","url":"https:\/\/qiniu.punalei.cn\/uploads\/20250630\/9f6157e1177e99e4fe3674e8d06014a8.pdf"},{"id":264,"name":" \u63a5\u5730\u7535\u963b\u6d4b\u8bd5\u4eeaPNL2678XM\u7cfb\u5217-\u7528\u6237\u624b\u518c","url":"https:\/\/qiniu.punalei.cn\/uploads\/20250630\/9f6157e1177e99e4fe3674e8d06014a8.pdf"},{"id":268,"name":"\u591a\u901a\u9053\u76f4\u6d41\u7535\u963b\u6d4b\u8bd5\u4eeaPNL2818-X\u7cfb\u5217-\u7528\u6237\u624b\u518c","url":"https:\/\/qiniu.punalei.cn\/uploads\/20250630\/9f6157e1177e99e4fe3674e8d06014a8.pdf"},{"id":270,"name":"\u76f4\u6d41\u7535\u963b\u6d4b\u8bd5\u4eeaPNL2511\u6570\u7801\u7cfb\u5217-\u7528\u6237\u624b\u518c","url":"https:\/\/qiniu.punalei.cn\/uploads\/20250811\/405841dc3a1790083cdfb28d392a51b6.pdf"},{"id":271,"name":"\u591a\u8def\u6e29\u5ea6\u5de1\u68c0\u6d4b\u8bd5\u4eeaP2000-X PLUS\u7cfb\u5217-\u7528\u6237\u624b\u518c","url":"https:\/\/qiniu.punalei.cn\/uploads\/20250811\/88bebf25cc9f75277abfb9945aa00ebc.pdf"},{"id":272,"name":"\u624b\u6301\u591a\u8def\u6e29\u5ea6\u6d4b\u8bd5\u4eeaP300-S\u7cfb\u5217-\u7528\u6237\u624b\u518c","url":"https:\/\/qiniu.punalei.cn\/uploads\/20250811\/4eeb7970b89981df90d0560b8dbe2ff8.pdf"},{"id":291,"name":"\u4e09\u76f8\u578bPNL300-S\u7cfb\u52170.2\u7ea7-\u7528\u6237\u624b\u518c","url":"https:\/\/qiniu.punalei.cn\/uploads\/20250811\/5f7e3f318e22f4a79790e06a66ac2625.pdf"},{"id":295,"name":"\u5c0f\u529f\u7387\u76f4\u6d41\u7535\u5b50\u8d1f\u8f7d-\u7528\u6237\u624b\u518c","url":"https:\/\/qiniu.punalei.cn\/uploads\/20250811\/3c0024e1494ae6a3a5ee57c6e55308d8.pdf"},{"id":300,"name":"\u5927\u529f\u7387\u76f4\u6d41\u7535\u6e90\u6570\u7801PNL-Y 10kw-15kw\u7cfb\u5217-\u7528\u6237\u624b\u518c","url":"https:\/\/qiniu.punalei.cn\/uploads\/20250811\/6991e7a5b3190aa67ef71fc5ef74964e.pdf"},{"id":306,"name":"\u8010\u538b\u6d4b\u8bd5\u4eea10KV\u7cfb\u5217-\u7528\u6237\u624b\u518c","url":"https:\/\/qiniu.punalei.cn\/uploads\/20250630\/9f6157e1177e99e4fe3674e8d06014a8.pdf"},{"id":307,"name":"\u8010\u538b\u6d4b\u8bd5\u4eea20KV\u7cfb\u5217-\u7528\u6237\u624b\u518c","url":"https:\/\/qiniu.punalei.cn\/uploads\/20250630\/9f6157e1177e99e4fe3674e8d06014a8.pdf"},{"id":308,"name":"\u7a0b\u63a7\u8010\u538b\u7edd\u7f18PNL7110\\PNL7122\u7cfb\u5217-\u7528\u6237\u624b\u518c","url":"https:\/\/qiniu.punalei.cn\/uploads\/20250630\/9f6157e1177e99e4fe3674e8d06014a8.pdf"},{"id":309,"name":"\u5b89\u5168\u7efc\u5408\u6027\u80fd\u5206\u6790\u4eeaPNL9950\u7cfb\u5217-\u7528\u6237\u624b\u518c","url":"https:\/\/qiniu.punalei.cn\/uploads\/20250630\/9f6157e1177e99e4fe3674e8d06014a8.pdf"},{"id":311,"name":"\u5355\u4e09\u76f8 - \u5b89\u5168\u7efc\u5408\u6027\u80fd\u5206\u6790\u4eeaPNL9950-C\u7cfb\u5217-\u7528\u6237\u624b\u518c","url":"https:\/\/qiniu.punalei.cn\/uploads\/20250630\/9f6157e1177e99e4fe3674e8d06014a8.pdf"},{"id":312,"name":"1-300V\/45-400Hz \u4ea4\u6d41\u53d8\u9891\u7535\u6e90 P9515\\20\\30\\45\\60-\\TSD\u7cfb\u5217-\u7528\u6237\u624b\u518c","url":"https:\/\/qiniu.punalei.cn\/uploads\/20250630\/9f6157e1177e99e4fe3674e8d06014a8.pdf"},{"id":314,"name":"1-300V\/45-400Hz \u4ea4\u6d41\u53d8\u9891\u7535\u6e90 P9520\\30-\\D\u7cfb\u5217-\u7528\u6237\u624b\u518c","url":"https:\/\/qiniu.punalei.cn\/uploads\/20250630\/9f6157e1177e99e4fe3674e8d06014a8.pdf"},{"id":315,"name":"\u7edd\u7f18\u7535\u963b\u6d4b\u8bd5\u4eeaPNL2682N\u7cfb\u5217-\u7528\u6237\u624b\u518c","url":"https:\/\/qiniu.punalei.cn\/uploads\/20250811\/7c63757a23e5e98e594bf1b4bf50445a.pdf"},{"id":316,"name":"1-300V\/45-400Hz \u4ea4\u6d41\u53d8\u9891\u7535\u6e90 P9510\\15\\20-\\TD\u7cfb\u5217-\u7528\u6237\u624b\u518c","url":"https:\/\/qiniu.punalei.cn\/uploads\/20250630\/9f6157e1177e99e4fe3674e8d06014a8.pdf"},{"id":317,"name":"1-300V\/45-400Hz \u4ea4\u6d41\u53d8\u9891\u7535\u6e90 P9530\\50-\\G\\D\u7cfb\u5217-\u7528\u6237\u624b\u518c","url":"https:\/\/qiniu.punalei.cn\/uploads\/20250630\/9f6157e1177e99e4fe3674e8d06014a8.pdf"},{"id":318,"name":"\u4e09\u76f8\u578b\u8c10\u6ce2PNL300-SX\u7cfb\u52170.2\u7ea7-\u7528\u6237\u624b\u518c","url":"https:\/\/qiniu.punalei.cn\/uploads\/20250811\/c3915be2288c668d42fab75c77d557b6.pdf"},{"id":319,"name":"\u7edd\u7f18\u7535\u963b\u6d4b\u8bd5\u4eeaPNL2683AL\u7cfb\u5217-\u7528\u6237\u624b\u518c","url":"https:\/\/qiniu.punalei.cn\/uploads\/20250811\/29f9570871ea60e153dce0b05698a13e.pdf"},{"id":320,"name":"\u5bbd\u8303\u56f4\u76f4\u6d41\u7535\u963b\u6d4b\u8bd5\u4eeaPNL2513\/15\u7cfb\u5217-\u7528\u6237\u624b\u518c","url":"https:\/\/qiniu.punalei.cn\/uploads\/20250811\/d94e60f7d79a2b3b6d9b106bf787c6db.pdf"},{"id":326,"name":"\u5927\u529f\u7387\u76f4\u6d41\u7535\u6e90\u6570\u7801PNL-Y 20kw-30kw\u7cfb\u5217-\u7528\u6237\u624b\u518c","url":"https:\/\/qiniu.punalei.cn\/uploads\/20250811\/6991e7a5b3190aa67ef71fc5ef74964e.pdf"},{"id":327,"name":"\u5927\u529f\u7387\u76f4\u6d41\u7535\u6e90\u6570\u7801PNL-Y 40kw-60kw\u7cfb\u5217-\u7528\u6237\u624b\u518c","url":"https:\/\/qiniu.punalei.cn\/uploads\/20250811\/6991e7a5b3190aa67ef71fc5ef74964e.pdf"},{"id":328,"name":"\u5927\u529f\u7387\u76f4\u6d41\u7535\u6e90\u6570\u7801PNL-Y 75kw-90kw\u7cfb\u5217-\u7528\u6237\u624b\u518c","url":"https:\/\/qiniu.punalei.cn\/uploads\/20250811\/6991e7a5b3190aa67ef71fc5ef74964e.pdf"},{"id":329,"name":"\u5927\u529f\u7387\u76f4\u6d41\u7535\u6e90\u6570\u7801PNL-U \u9ad8\u538b\u7cfb\u5217-\u7528\u6237\u624b\u518c","url":"https:\/\/qiniu.punalei.cn\/uploads\/20250811\/6991e7a5b3190aa67ef71fc5ef74964e.pdf"},{"id":330,"name":"\u4ea4\u6d41\u7535\u5b50\u8d1f\u8f7d-\u7528\u6237\u624b\u518c","url":"https:\/\/qiniu.punalei.cn\/uploads\/20250811\/18ff267d1dc26e503128741d78be61d7.pdf"},{"id":331,"name":"\u4ea4\u76f4\u6d41\u7535\u5b50\u8d1f\u8f7d-\u7528\u6237\u624b\u518c","url":"https:\/\/qiniu.punalei.cn\/uploads\/20250811\/04725819a3c60dff3e1af918dc2ccaf2.pdf"},{"id":332,"name":"\u5927\u529f\u7387\u76f4\u6d41\u7535\u5b50\u8d1f\u8f7d-\u7528\u6237\u624b\u518c","url":"https:\/\/qiniu.punalei.cn\/uploads\/20250811\/639e5850541f700cdc64053f1d7a18a7.pdf"},{"id":333,"name":"\u5927\u529f\u7387\u76f4\u6d41\u7535\u5b50\u8d1f\u8f7d-\u7528\u6237\u624b\u518c","url":"https:\/\/qiniu.punalei.cn\/uploads\/20250811\/3c0024e1494ae6a3a5ee57c6e55308d8.pdf"},{"id":337,"name":"\u5355\u76f8\u578bPNL300-C\u4ea4\u76f4\u6d41\u7cfb\u52170.2\u7ea7-\u7528\u6237\u624b\u518c","url":"https:\/\/qiniu.punalei.cn\/uploads\/20250811\/ed50ce8156e54152582ff3356228093d.pdf"},{"id":338,"name":"\u80fd\u6548\u578bPNL300-E\u4ea4\u76f4\u6d41\u7cfb\u52170.2\u7ea7-\u7528\u6237\u624b\u518c","url":"https:\/\/qiniu.punalei.cn\/uploads\/20250811\/ed50ce8156e54152582ff3356228093d.pdf"}]
---------------------------------------------------------------
[ 2026-03-20T19:28:41+08:00 ] 172.236.228.224 GET 120.24.147.77/
[ error ] [8192]preg_match(): Passing null to parameter #2 ($subject) of type string is deprecated
[ error ] [8192]preg_match(): Passing null to parameter #2 ($subject) of type string is deprecated
[ error ] [8192]preg_match(): Passing null to parameter #2 ($subject) of type string is deprecated
[ error ] [8192]preg_match(): Passing null to parameter #2 ($subject) of type string is deprecated
[ error ] [8192]preg_match(): Passing null to parameter #2 ($subject) of type string is deprecated
[ error ] [8192]preg_match(): Passing null to parameter #2 ($subject) of type string is deprecated
[ error ] [8192]preg_match(): Passing null to parameter #2 ($subject) of type string is deprecated
[ error ] [8192]preg_match(): Passing null to parameter #2 ($subject) of type string is deprecated
[ error ] [8192]Automatic conversion of false to array is deprecated
[ error ] [2]Undefined array key "title"
[ error ] [2]Undefined array key "title"
[ error ] [2]Undefined array key "title"
[ error ] [2]Undefined array key "title"
---------------------------------------------------------------
[ 2026-03-20T19:46:36+08:00 ] 185.12.59.118 GET 120.24.147.77/Dr0v
[ error ] [8192]preg_match(): Passing null to parameter #2 ($subject) of type string is deprecated
[ error ] [8192]preg_match(): Passing null to parameter #2 ($subject) of type string is deprecated
[ error ] [8192]preg_match(): Passing null to parameter #2 ($subject) of type string is deprecated
[ error ] [8192]preg_match(): Passing null to parameter #2 ($subject) of type string is deprecated
[ error ] [8192]preg_match(): Passing null to parameter #2 ($subject) of type string is deprecated
[ error ] [8192]preg_match(): Passing null to parameter #2 ($subject) of type string is deprecated
---------------------------------------------------------------
[ 2026-03-20T19:46:36+08:00 ] 185.12.59.118 GET 120.24.147.77/Dr0v
[ error ] [8192]preg_match(): Passing null to parameter #2 ($subject) of type string is deprecated
[ error ] [8192]preg_match(): Passing null to parameter #2 ($subject) of type string is deprecated
[ error ] [8192]preg_match(): Passing null to parameter #2 ($subject) of type string is deprecated
[ error ] [8192]preg_match(): Passing null to parameter #2 ($subject) of type string is deprecated
[ error ] [8192]preg_match(): Passing null to parameter #2 ($subject) of type string is deprecated
[ error ] [8192]preg_match(): Passing null to parameter #2 ($subject) of type string is deprecated
---------------------------------------------------------------
[ 2026-03-20T20:04:29+08:00 ] 74.7.227.150 GET punalei.cn/
[ error ] [8192]preg_match(): Passing null to parameter #2 ($subject) of type string is deprecated
[ error ] [8192]preg_match(): Passing null to parameter #2 ($subject) of type string is deprecated
[ error ] [8192]preg_match(): Passing null to parameter #2 ($subject) of type string is deprecated
[ error ] [8192]preg_match(): Passing null to parameter #2 ($subject) of type string is deprecated
[ error ] [8192]preg_match(): Passing null to parameter #2 ($subject) of type string is deprecated
[ error ] [8192]preg_match(): Passing null to parameter #2 ($subject) of type string is deprecated
[ error ] [8192]preg_match(): Passing null to parameter #2 ($subject) of type string is deprecated
[ error ] [8192]preg_match(): Passing null to parameter #2 ($subject) of type string is deprecated
[ error ] [8192]Automatic conversion of false to array is deprecated
[ error ] [2]Undefined array key "title"
[ error ] [2]Undefined array key "title"
[ error ] [2]Undefined array key "title"
[ error ] [2]Undefined array key "title"
---------------------------------------------------------------
[ 2026-03-20T20:07:14+08:00 ] 52.167.144.146 GET www.punalei.cn/ldcms/gaosutongdaocaijiwenduceshiyiPNL2000PLUSxilie/272.html
[ error ] [8192]preg_match(): Passing null to parameter #2 ($subject) of type string is deprecated
[ error ] [8192]preg_match(): Passing null to parameter #2 ($subject) of type string is deprecated
[ error ] [8192]preg_match(): Passing null to parameter #2 ($subject) of type string is deprecated
[ error ] [8192]preg_match(): Passing null to parameter #2 ($subject) of type string is deprecated
[ error ] [8192]preg_match(): Passing null to parameter #2 ($subject) of type string is deprecated
[ error ] [8192]preg_match(): Passing null to parameter #2 ($subject) of type string is deprecated
[ error ] [8192]preg_match(): Passing null to parameter #2 ($subject) of type string is deprecated
[ error ] [8192]preg_match(): Passing null to parameter #2 ($subject) of type string is deprecated
[ error ] [8192]Automatic conversion of false to array is deprecated
---------------------------------------------------------------
[ 2026-03-20T20:17:38+08:00 ] 27.8.154.254 GET 120.24.147.77/
[ error ] [8192]preg_match(): Passing null to parameter #2 ($subject) of type string is deprecated
[ error ] [8192]preg_match(): Passing null to parameter #2 ($subject) of type string is deprecated
[ error ] [8192]preg_match(): Passing null to parameter #2 ($subject) of type string is deprecated
[ error ] [8192]preg_match(): Passing null to parameter #2 ($subject) of type string is deprecated
[ error ] [8192]preg_match(): Passing null to parameter #2 ($subject) of type string is deprecated
[ error ] [8192]preg_match(): Passing null to parameter #2 ($subject) of type string is deprecated
[ error ] [8192]preg_match(): Passing null to parameter #2 ($subject) of type string is deprecated
[ error ] [8192]preg_match(): Passing null to parameter #2 ($subject) of type string is deprecated
[ error ] [8192]Automatic conversion of false to array is deprecated
[ error ] [2]Undefined array key "title"
[ error ] [2]Undefined array key "title"
[ error ] [2]Undefined array key "title"
[ error ] [2]Undefined array key "title"
---------------------------------------------------------------
[ 2026-03-20T20:28:17+08:00 ] 149.86.227.60 GET 120.24.147.77/
[ error ] [8192]preg_match(): Passing null to parameter #2 ($subject) of type string is deprecated
[ error ] [8192]preg_match(): Passing null to parameter #2 ($subject) of type string is deprecated
[ error ] [8192]preg_match(): Passing null to parameter #2 ($subject) of type string is deprecated
[ error ] [8192]preg_match(): Passing null to parameter #2 ($subject) of type string is deprecated
[ error ] [8192]preg_match(): Passing null to parameter #2 ($subject) of type string is deprecated
[ error ] [8192]preg_match(): Passing null to parameter #2 ($subject) of type string is deprecated
[ error ] [8192]preg_match(): Passing null to parameter #2 ($subject) of type string is deprecated
[ error ] [8192]preg_match(): Passing null to parameter #2 ($subject) of type string is deprecated
[ error ] [8192]Automatic conversion of false to array is deprecated
[ error ] [2]Undefined array key "title"
[ error ] [2]Undefined array key "title"
[ error ] [2]Undefined array key "title"
[ error ] [2]Undefined array key "title"
---------------------------------------------------------------
[ 2026-03-20T20:30:57+08:00 ] 176.65.149.234 GET 120.24.147.77/
[ error ] [8192]preg_match(): Passing null to parameter #2 ($subject) of type string is deprecated
[ error ] [8192]preg_match(): Passing null to parameter #2 ($subject) of type string is deprecated
[ error ] [8192]preg_match(): Passing null to parameter #2 ($subject) of type string is deprecated
[ error ] [8192]preg_match(): Passing null to parameter #2 ($subject) of type string is deprecated
[ error ] [8192]preg_match(): Passing null to parameter #2 ($subject) of type string is deprecated
[ error ] [8192]preg_match(): Passing null to parameter #2 ($subject) of type string is deprecated
[ error ] [8192]preg_match(): Passing null to parameter #2 ($subject) of type string is deprecated
[ error ] [8192]preg_match(): Passing null to parameter #2 ($subject) of type string is deprecated
[ error ] [8192]Automatic conversion of false to array is deprecated
[ error ] [2]Undefined array key "title"
[ error ] [2]Undefined array key "title"
[ error ] [2]Undefined array key "title"
[ error ] [2]Undefined array key "title"
---------------------------------------------------------------
[ 2026-03-20T20:46:31+08:00 ] 66.132.153.139 GET 120.24.147.77/
[ error ] [8192]preg_match(): Passing null to parameter #2 ($subject) of type string is deprecated
[ error ] [8192]preg_match(): Passing null to parameter #2 ($subject) of type string is deprecated
[ error ] [8192]preg_match(): Passing null to parameter #2 ($subject) of type string is deprecated
[ error ] [8192]preg_match(): Passing null to parameter #2 ($subject) of type string is deprecated
[ error ] [8192]preg_match(): Passing null to parameter #2 ($subject) of type string is deprecated
[ error ] [8192]preg_match(): Passing null to parameter #2 ($subject) of type string is deprecated
[ error ] [8192]preg_match(): Passing null to parameter #2 ($subject) of type string is deprecated
[ error ] [8192]preg_match(): Passing null to parameter #2 ($subject) of type string is deprecated
[ error ] [8192]Automatic conversion of false to array is deprecated
[ error ] [2]Undefined array key "title"
[ error ] [2]Undefined array key "title"
[ error ] [2]Undefined array key "title"
[ error ] [2]Undefined array key "title"
---------------------------------------------------------------
[ 2026-03-20T20:46:35+08:00 ] 66.132.153.139 GET 120.24.147.77/favicon.ico
[ error ] [8192]preg_match(): Passing null to parameter #2 ($subject) of type string is deprecated
[ error ] [8192]preg_match(): Passing null to parameter #2 ($subject) of type string is deprecated
[ error ] [8192]preg_match(): Passing null to parameter #2 ($subject) of type string is deprecated
[ error ] [8192]preg_match(): Passing null to parameter #2 ($subject) of type string is deprecated
[ error ] [8192]preg_match(): Passing null to parameter #2 ($subject) of type string is deprecated
[ error ] [8192]preg_match(): Passing null to parameter #2 ($subject) of type string is deprecated
---------------------------------------------------------------
[ 2026-03-20T20:46:35+08:00 ] 66.132.153.139 GET 120.24.147.77/favicon.ico
[ error ] [8192]preg_match(): Passing null to parameter #2 ($subject) of type string is deprecated
[ error ] [8192]preg_match(): Passing null to parameter #2 ($subject) of type string is deprecated
[ error ] [8192]preg_match(): Passing null to parameter #2 ($subject) of type string is deprecated
[ error ] [8192]preg_match(): Passing null to parameter #2 ($subject) of type string is deprecated
[ error ] [8192]preg_match(): Passing null to parameter #2 ($subject) of type string is deprecated
[ error ] [8192]preg_match(): Passing null to parameter #2 ($subject) of type string is deprecated
---------------------------------------------------------------
[ 2026-03-20T20:47:14+08:00 ] 66.132.153.139 GET 120.24.147.77/favicon.ico
[ error ] [8192]preg_match(): Passing null to parameter #2 ($subject) of type string is deprecated
[ error ] [8192]preg_match(): Passing null to parameter #2 ($subject) of type string is deprecated
[ error ] [8192]preg_match(): Passing null to parameter #2 ($subject) of type string is deprecated
[ error ] [8192]preg_match(): Passing null to parameter #2 ($subject) of type string is deprecated
[ error ] [8192]preg_match(): Passing null to parameter #2 ($subject) of type string is deprecated
[ error ] [8192]preg_match(): Passing null to parameter #2 ($subject) of type string is deprecated
---------------------------------------------------------------
[ 2026-03-20T20:47:14+08:00 ] 66.132.153.139 GET 120.24.147.77/favicon.ico
[ error ] [8192]preg_match(): Passing null to parameter #2 ($subject) of type string is deprecated
[ error ] [8192]preg_match(): Passing null to parameter #2 ($subject) of type string is deprecated
[ error ] [8192]preg_match(): Passing null to parameter #2 ($subject) of type string is deprecated
[ error ] [8192]preg_match(): Passing null to parameter #2 ($subject) of type string is deprecated
[ error ] [8192]preg_match(): Passing null to parameter #2 ($subject) of type string is deprecated
[ error ] [8192]preg_match(): Passing null to parameter #2 ($subject) of type string is deprecated
---------------------------------------------------------------
[ 2026-03-20T20:47:16+08:00 ] 66.132.153.139 GET 120.24.147.77/79ofa58bag
[ error ] [8192]preg_match(): Passing null to parameter #2 ($subject) of type string is deprecated
[ error ] [8192]preg_match(): Passing null to parameter #2 ($subject) of type string is deprecated
[ error ] [8192]preg_match(): Passing null to parameter #2 ($subject) of type string is deprecated
[ error ] [8192]preg_match(): Passing null to parameter #2 ($subject) of type string is deprecated
[ error ] [8192]preg_match(): Passing null to parameter #2 ($subject) of type string is deprecated
[ error ] [8192]preg_match(): Passing null to parameter #2 ($subject) of type string is deprecated
---------------------------------------------------------------
[ 2026-03-20T20:47:16+08:00 ] 66.132.153.139 GET 120.24.147.77/79ofa58bag
[ error ] [8192]preg_match(): Passing null to parameter #2 ($subject) of type string is deprecated
[ error ] [8192]preg_match(): Passing null to parameter #2 ($subject) of type string is deprecated
[ error ] [8192]preg_match(): Passing null to parameter #2 ($subject) of type string is deprecated
[ error ] [8192]preg_match(): Passing null to parameter #2 ($subject) of type string is deprecated
[ error ] [8192]preg_match(): Passing null to parameter #2 ($subject) of type string is deprecated
[ error ] [8192]preg_match(): Passing null to parameter #2 ($subject) of type string is deprecated
---------------------------------------------------------------
[ 2026-03-20T21:03:32+08:00 ] 176.65.149.253 GET 120.24.147.77/api/.env
[ error ] [8192]preg_match(): Passing null to parameter #2 ($subject) of type string is deprecated
[ error ] [8192]preg_match(): Passing null to parameter #2 ($subject) of type string is deprecated
[ error ] [8192]preg_match(): Passing null to parameter #2 ($subject) of type string is deprecated
[ error ] [8192]preg_match(): Passing null to parameter #2 ($subject) of type string is deprecated
[ error ] [8192]preg_match(): Passing null to parameter #2 ($subject) of type string is deprecated
[ error ] [8192]preg_match(): Passing null to parameter #2 ($subject) of type string is deprecated
---------------------------------------------------------------
[ 2026-03-20T21:17:24+08:00 ] 27.21.28.16 GET www.punalei.cn/
[ error ] [8192]preg_match(): Passing null to parameter #2 ($subject) of type string is deprecated
[ error ] [8192]preg_match(): Passing null to parameter #2 ($subject) of type string is deprecated
[ error ] [8192]preg_match(): Passing null to parameter #2 ($subject) of type string is deprecated
[ error ] [8192]preg_match(): Passing null to parameter #2 ($subject) of type string is deprecated
[ error ] [8192]preg_match(): Passing null to parameter #2 ($subject) of type string is deprecated
[ error ] [8192]preg_match(): Passing null to parameter #2 ($subject) of type string is deprecated
[ error ] [8192]preg_match(): Passing null to parameter #2 ($subject) of type string is deprecated
[ error ] [8192]preg_match(): Passing null to parameter #2 ($subject) of type string is deprecated
[ error ] [8192]Automatic conversion of false to array is deprecated
[ error ] [2]Undefined array key "title"
[ error ] [2]Undefined array key "title"
[ error ] [2]Undefined array key "title"
[ error ] [2]Undefined array key "title"
---------------------------------------------------------------
[ 2026-03-20T21:17:25+08:00 ] 27.21.28.16 GET www.punalei.cn/ldcms/lianxiwomen.html
[ error ] [8192]preg_match(): Passing null to parameter #2 ($subject) of type string is deprecated
[ error ] [8192]preg_match(): Passing null to parameter #2 ($subject) of type string is deprecated
[ error ] [8192]preg_match(): Passing null to parameter #2 ($subject) of type string is deprecated
[ error ] [8192]preg_match(): Passing null to parameter #2 ($subject) of type string is deprecated
[ error ] [8192]preg_match(): Passing null to parameter #2 ($subject) of type string is deprecated
[ error ] [8192]preg_match(): Passing null to parameter #2 ($subject) of type string is deprecated
[ error ] [8192]preg_match(): Passing null to parameter #2 ($subject) of type string is deprecated
[ error ] [8192]preg_match(): Passing null to parameter #2 ($subject) of type string is deprecated
[ error ] [8192]Automatic conversion of false to array is deprecated
---------------------------------------------------------------
[ 2026-03-20T21:17:25+08:00 ] 27.21.28.16 GET www.punalei.cn/lianxiwomen.html
[ error ] [8192]preg_match(): Passing null to parameter #2 ($subject) of type string is deprecated
[ error ] [8192]preg_match(): Passing null to parameter #2 ($subject) of type string is deprecated
[ error ] [8192]preg_match(): Passing null to parameter #2 ($subject) of type string is deprecated
[ error ] [8192]preg_match(): Passing null to parameter #2 ($subject) of type string is deprecated
[ error ] [8192]preg_match(): Passing null to parameter #2 ($subject) of type string is deprecated
[ error ] [8192]preg_match(): Passing null to parameter #2 ($subject) of type string is deprecated
---------------------------------------------------------------
[ 2026-03-20T21:17:25+08:00 ] 27.21.28.16 GET www.punalei.cn/lianxiwomen.html
[ error ] [8192]preg_match(): Passing null to parameter #2 ($subject) of type string is deprecated
[ error ] [8192]preg_match(): Passing null to parameter #2 ($subject) of type string is deprecated
[ error ] [8192]preg_match(): Passing null to parameter #2 ($subject) of type string is deprecated
[ error ] [8192]preg_match(): Passing null to parameter #2 ($subject) of type string is deprecated
[ error ] [8192]preg_match(): Passing null to parameter #2 ($subject) of type string is deprecated
[ error ] [8192]preg_match(): Passing null to parameter #2 ($subject) of type string is deprecated
---------------------------------------------------------------
[ 2026-03-20T21:37:13+08:00 ] 66.228.53.204 GET 120.24.147.77/
[ error ] [8192]preg_match(): Passing null to parameter #2 ($subject) of type string is deprecated
[ error ] [8192]preg_match(): Passing null to parameter #2 ($subject) of type string is deprecated
[ error ] [8192]preg_match(): Passing null to parameter #2 ($subject) of type string is deprecated
[ error ] [8192]preg_match(): Passing null to parameter #2 ($subject) of type string is deprecated
[ error ] [8192]preg_match(): Passing null to parameter #2 ($subject) of type string is deprecated
[ error ] [8192]preg_match(): Passing null to parameter #2 ($subject) of type string is deprecated
[ error ] [8192]preg_match(): Passing null to parameter #2 ($subject) of type string is deprecated
[ error ] [8192]preg_match(): Passing null to parameter #2 ($subject) of type string is deprecated
[ error ] [8192]Automatic conversion of false to array is deprecated
[ error ] [2]Undefined array key "title"
[ error ] [2]Undefined array key "title"
[ error ] [2]Undefined array key "title"
[ error ] [2]Undefined array key "title"
---------------------------------------------------------------
[ 2026-03-20T21:50:02+08:00 ] 195.178.110.162 GET 120.24.147.77/.git/credentials
[ error ] [8192]preg_match(): Passing null to parameter #2 ($subject) of type string is deprecated
[ error ] [8192]preg_match(): Passing null to parameter #2 ($subject) of type string is deprecated
[ error ] [8192]preg_match(): Passing null to parameter #2 ($subject) of type string is deprecated
[ error ] [8192]preg_match(): Passing null to parameter #2 ($subject) of type string is deprecated
[ error ] [8192]preg_match(): Passing null to parameter #2 ($subject) of type string is deprecated
[ error ] [8192]preg_match(): Passing null to parameter #2 ($subject) of type string is deprecated
---------------------------------------------------------------
[ 2026-03-20T21:55:59+08:00 ] 167.250.224.25 GET 0.0.0.0/admin/config.php
[ error ] [8192]preg_match(): Passing null to parameter #2 ($subject) of type string is deprecated
[ error ] [8192]preg_match(): Passing null to parameter #2 ($subject) of type string is deprecated
[ error ] [8192]preg_match(): Passing null to parameter #2 ($subject) of type string is deprecated
[ error ] [8192]preg_match(): Passing null to parameter #2 ($subject) of type string is deprecated
[ error ] [8192]preg_match(): Passing null to parameter #2 ($subject) of type string is deprecated
[ error ] [8192]preg_match(): Passing null to parameter #2 ($subject) of type string is deprecated
---------------------------------------------------------------
[ 2026-03-20T22:29:51+08:00 ] 216.180.246.191 GET 120.24.147.77/
[ error ] [8192]preg_match(): Passing null to parameter #2 ($subject) of type string is deprecated
[ error ] [8192]preg_match(): Passing null to parameter #2 ($subject) of type string is deprecated
[ error ] [8192]preg_match(): Passing null to parameter #2 ($subject) of type string is deprecated
[ error ] [8192]preg_match(): Passing null to parameter #2 ($subject) of type string is deprecated
[ error ] [8192]preg_match(): Passing null to parameter #2 ($subject) of type string is deprecated
[ error ] [8192]preg_match(): Passing null to parameter #2 ($subject) of type string is deprecated
[ error ] [8192]preg_match(): Passing null to parameter #2 ($subject) of type string is deprecated
[ error ] [8192]preg_match(): Passing null to parameter #2 ($subject) of type string is deprecated
[ error ] [8192]Automatic conversion of false to array is deprecated
[ error ] [2]Undefined array key "title"
[ error ] [2]Undefined array key "title"
[ error ] [2]Undefined array key "title"
[ error ] [2]Undefined array key "title"
---------------------------------------------------------------
[ 2026-03-20T22:29:53+08:00 ] 216.180.246.191 GET 120.24.147.77/manage/account/login
[ error ] [8192]preg_match(): Passing null to parameter #2 ($subject) of type string is deprecated
[ error ] [8192]preg_match(): Passing null to parameter #2 ($subject) of type string is deprecated
[ error ] [8192]preg_match(): Passing null to parameter #2 ($subject) of type string is deprecated
[ error ] [8192]preg_match(): Passing null to parameter #2 ($subject) of type string is deprecated
[ error ] [8192]preg_match(): Passing null to parameter #2 ($subject) of type string is deprecated
[ error ] [8192]preg_match(): Passing null to parameter #2 ($subject) of type string is deprecated
---------------------------------------------------------------
[ 2026-03-20T22:29:53+08:00 ] 216.180.246.191 GET 120.24.147.77/manage/account/login
[ error ] [8192]preg_match(): Passing null to parameter #2 ($subject) of type string is deprecated
[ error ] [8192]preg_match(): Passing null to parameter #2 ($subject) of type string is deprecated
[ error ] [8192]preg_match(): Passing null to parameter #2 ($subject) of type string is deprecated
[ error ] [8192]preg_match(): Passing null to parameter #2 ($subject) of type string is deprecated
[ error ] [8192]preg_match(): Passing null to parameter #2 ($subject) of type string is deprecated
[ error ] [8192]preg_match(): Passing null to parameter #2 ($subject) of type string is deprecated
---------------------------------------------------------------
[ 2026-03-20T22:29:54+08:00 ] 216.180.246.191 GET 120.24.147.77/admin/index.html
[ error ] [8192]preg_match(): Passing null to parameter #2 ($subject) of type string is deprecated
[ error ] [8192]preg_match(): Passing null to parameter #2 ($subject) of type string is deprecated
[ error ] [8192]preg_match(): Passing null to parameter #2 ($subject) of type string is deprecated
[ error ] [8192]preg_match(): Passing null to parameter #2 ($subject) of type string is deprecated
[ error ] [8192]preg_match(): Passing null to parameter #2 ($subject) of type string is deprecated
[ error ] [8192]preg_match(): Passing null to parameter #2 ($subject) of type string is deprecated
---------------------------------------------------------------
[ 2026-03-20T22:29:54+08:00 ] 216.180.246.191 GET 120.24.147.77/admin/index.html
[ error ] [8192]preg_match(): Passing null to parameter #2 ($subject) of type string is deprecated
[ error ] [8192]preg_match(): Passing null to parameter #2 ($subject) of type string is deprecated
[ error ] [8192]preg_match(): Passing null to parameter #2 ($subject) of type string is deprecated
[ error ] [8192]preg_match(): Passing null to parameter #2 ($subject) of type string is deprecated
[ error ] [8192]preg_match(): Passing null to parameter #2 ($subject) of type string is deprecated
[ error ] [8192]preg_match(): Passing null to parameter #2 ($subject) of type string is deprecated
---------------------------------------------------------------
[ 2026-03-20T22:29:55+08:00 ] 216.180.246.191 GET 120.24.147.77/index.html
[ error ] [8192]preg_match(): Passing null to parameter #2 ($subject) of type string is deprecated
[ error ] [8192]preg_match(): Passing null to parameter #2 ($subject) of type string is deprecated
[ error ] [8192]preg_match(): Passing null to parameter #2 ($subject) of type string is deprecated
[ error ] [8192]preg_match(): Passing null to parameter #2 ($subject) of type string is deprecated
[ error ] [8192]preg_match(): Passing null to parameter #2 ($subject) of type string is deprecated
[ error ] [8192]preg_match(): Passing null to parameter #2 ($subject) of type string is deprecated
---------------------------------------------------------------
[ 2026-03-20T22:29:57+08:00 ] 216.180.246.191 GET 120.24.147.77/+CSCOE+/logon.html
[ error ] [8192]preg_match(): Passing null to parameter #2 ($subject) of type string is deprecated
[ error ] [8192]preg_match(): Passing null to parameter #2 ($subject) of type string is deprecated
[ error ] [8192]preg_match(): Passing null to parameter #2 ($subject) of type string is deprecated
[ error ] [8192]preg_match(): Passing null to parameter #2 ($subject) of type string is deprecated
[ error ] [8192]preg_match(): Passing null to parameter #2 ($subject) of type string is deprecated
[ error ] [8192]preg_match(): Passing null to parameter #2 ($subject) of type string is deprecated
---------------------------------------------------------------
[ 2026-03-20T22:29:57+08:00 ] 216.180.246.191 GET 120.24.147.77/+CSCOE+/logon.html
[ error ] [8192]preg_match(): Passing null to parameter #2 ($subject) of type string is deprecated
[ error ] [8192]preg_match(): Passing null to parameter #2 ($subject) of type string is deprecated
[ error ] [8192]preg_match(): Passing null to parameter #2 ($subject) of type string is deprecated
[ error ] [8192]preg_match(): Passing null to parameter #2 ($subject) of type string is deprecated
[ error ] [8192]preg_match(): Passing null to parameter #2 ($subject) of type string is deprecated
[ error ] [8192]preg_match(): Passing null to parameter #2 ($subject) of type string is deprecated
---------------------------------------------------------------
[ 2026-03-20T22:29:57+08:00 ] 216.180.246.191 GET 120.24.147.77/cgi-bin/login.cgi
[ error ] [8192]preg_match(): Passing null to parameter #2 ($subject) of type string is deprecated
[ error ] [8192]preg_match(): Passing null to parameter #2 ($subject) of type string is deprecated
[ error ] [8192]preg_match(): Passing null to parameter #2 ($subject) of type string is deprecated
[ error ] [8192]preg_match(): Passing null to parameter #2 ($subject) of type string is deprecated
[ error ] [8192]preg_match(): Passing null to parameter #2 ($subject) of type string is deprecated
[ error ] [8192]preg_match(): Passing null to parameter #2 ($subject) of type string is deprecated
---------------------------------------------------------------
[ 2026-03-20T22:29:57+08:00 ] 216.180.246.191 GET 120.24.147.77/cgi-bin/login.cgi
[ error ] [8192]preg_match(): Passing null to parameter #2 ($subject) of type string is deprecated
[ error ] [8192]preg_match(): Passing null to parameter #2 ($subject) of type string is deprecated
[ error ] [8192]preg_match(): Passing null to parameter #2 ($subject) of type string is deprecated
[ error ] [8192]preg_match(): Passing null to parameter #2 ($subject) of type string is deprecated
[ error ] [8192]preg_match(): Passing null to parameter #2 ($subject) of type string is deprecated
[ error ] [8192]preg_match(): Passing null to parameter #2 ($subject) of type string is deprecated
---------------------------------------------------------------
[ 2026-03-20T22:29:58+08:00 ] 216.180.246.191 GET 120.24.147.77/login.htm
[ error ] [8192]preg_match(): Passing null to parameter #2 ($subject) of type string is deprecated
[ error ] [8192]preg_match(): Passing null to parameter #2 ($subject) of type string is deprecated
[ error ] [8192]preg_match(): Passing null to parameter #2 ($subject) of type string is deprecated
[ error ] [8192]preg_match(): Passing null to parameter #2 ($subject) of type string is deprecated
[ error ] [8192]preg_match(): Passing null to parameter #2 ($subject) of type string is deprecated
[ error ] [8192]preg_match(): Passing null to parameter #2 ($subject) of type string is deprecated
---------------------------------------------------------------
[ 2026-03-20T22:29:58+08:00 ] 216.180.246.191 GET 120.24.147.77/login.htm
[ error ] [8192]preg_match(): Passing null to parameter #2 ($subject) of type string is deprecated
[ error ] [8192]preg_match(): Passing null to parameter #2 ($subject) of type string is deprecated
[ error ] [8192]preg_match(): Passing null to parameter #2 ($subject) of type string is deprecated
[ error ] [8192]preg_match(): Passing null to parameter #2 ($subject) of type string is deprecated
[ error ] [8192]preg_match(): Passing null to parameter #2 ($subject) of type string is deprecated
[ error ] [8192]preg_match(): Passing null to parameter #2 ($subject) of type string is deprecated
---------------------------------------------------------------
[ 2026-03-20T22:29:59+08:00 ] 216.180.246.191 GET 120.24.147.77/login.html
[ error ] [8192]preg_match(): Passing null to parameter #2 ($subject) of type string is deprecated
[ error ] [8192]preg_match(): Passing null to parameter #2 ($subject) of type string is deprecated
[ error ] [8192]preg_match(): Passing null to parameter #2 ($subject) of type string is deprecated
[ error ] [8192]preg_match(): Passing null to parameter #2 ($subject) of type string is deprecated
[ error ] [8192]preg_match(): Passing null to parameter #2 ($subject) of type string is deprecated
[ error ] [8192]preg_match(): Passing null to parameter #2 ($subject) of type string is deprecated
---------------------------------------------------------------
[ 2026-03-20T22:29:59+08:00 ] 216.180.246.191 GET 120.24.147.77/login.html
[ error ] [8192]preg_match(): Passing null to parameter #2 ($subject) of type string is deprecated
[ error ] [8192]preg_match(): Passing null to parameter #2 ($subject) of type string is deprecated
[ error ] [8192]preg_match(): Passing null to parameter #2 ($subject) of type string is deprecated
[ error ] [8192]preg_match(): Passing null to parameter #2 ($subject) of type string is deprecated
[ error ] [8192]preg_match(): Passing null to parameter #2 ($subject) of type string is deprecated
[ error ] [8192]preg_match(): Passing null to parameter #2 ($subject) of type string is deprecated
---------------------------------------------------------------
[ 2026-03-20T22:30:01+08:00 ] 216.180.246.191 GET 120.24.147.77/login.jsp
[ error ] [8192]preg_match(): Passing null to parameter #2 ($subject) of type string is deprecated
[ error ] [8192]preg_match(): Passing null to parameter #2 ($subject) of type string is deprecated
[ error ] [8192]preg_match(): Passing null to parameter #2 ($subject) of type string is deprecated
[ error ] [8192]preg_match(): Passing null to parameter #2 ($subject) of type string is deprecated
[ error ] [8192]preg_match(): Passing null to parameter #2 ($subject) of type string is deprecated
[ error ] [8192]preg_match(): Passing null to parameter #2 ($subject) of type string is deprecated
---------------------------------------------------------------
[ 2026-03-20T22:30:01+08:00 ] 216.180.246.191 GET 120.24.147.77/login.jsp
[ error ] [8192]preg_match(): Passing null to parameter #2 ($subject) of type string is deprecated
[ error ] [8192]preg_match(): Passing null to parameter #2 ($subject) of type string is deprecated
[ error ] [8192]preg_match(): Passing null to parameter #2 ($subject) of type string is deprecated
[ error ] [8192]preg_match(): Passing null to parameter #2 ($subject) of type string is deprecated
[ error ] [8192]preg_match(): Passing null to parameter #2 ($subject) of type string is deprecated
[ error ] [8192]preg_match(): Passing null to parameter #2 ($subject) of type string is deprecated
---------------------------------------------------------------
[ 2026-03-20T22:30:05+08:00 ] 216.180.246.191 GET 120.24.147.77/login
[ error ] [8192]preg_match(): Passing null to parameter #2 ($subject) of type string is deprecated
[ error ] [8192]preg_match(): Passing null to parameter #2 ($subject) of type string is deprecated
[ error ] [8192]preg_match(): Passing null to parameter #2 ($subject) of type string is deprecated
[ error ] [8192]preg_match(): Passing null to parameter #2 ($subject) of type string is deprecated
[ error ] [8192]preg_match(): Passing null to parameter #2 ($subject) of type string is deprecated
[ error ] [8192]preg_match(): Passing null to parameter #2 ($subject) of type string is deprecated
---------------------------------------------------------------
[ 2026-03-20T22:30:05+08:00 ] 216.180.246.191 GET 120.24.147.77/login
[ error ] [8192]preg_match(): Passing null to parameter #2 ($subject) of type string is deprecated
[ error ] [8192]preg_match(): Passing null to parameter #2 ($subject) of type string is deprecated
[ error ] [8192]preg_match(): Passing null to parameter #2 ($subject) of type string is deprecated
[ error ] [8192]preg_match(): Passing null to parameter #2 ($subject) of type string is deprecated
[ error ] [8192]preg_match(): Passing null to parameter #2 ($subject) of type string is deprecated
[ error ] [8192]preg_match(): Passing null to parameter #2 ($subject) of type string is deprecated
---------------------------------------------------------------
[ 2026-03-20T22:36:57+08:00 ] 167.250.224.25 GET 120.24.147.77/admin/config.php
[ error ] [8192]preg_match(): Passing null to parameter #2 ($subject) of type string is deprecated
[ error ] [8192]preg_match(): Passing null to parameter #2 ($subject) of type string is deprecated
[ error ] [8192]preg_match(): Passing null to parameter #2 ($subject) of type string is deprecated
[ error ] [8192]preg_match(): Passing null to parameter #2 ($subject) of type string is deprecated
[ error ] [8192]preg_match(): Passing null to parameter #2 ($subject) of type string is deprecated
[ error ] [8192]preg_match(): Passing null to parameter #2 ($subject) of type string is deprecated
---------------------------------------------------------------
[ 2026-03-20T22:38:10+08:00 ] 149.86.227.60 GET 120.24.147.77/
[ error ] [8192]preg_match(): Passing null to parameter #2 ($subject) of type string is deprecated
[ error ] [8192]preg_match(): Passing null to parameter #2 ($subject) of type string is deprecated
[ error ] [8192]preg_match(): Passing null to parameter #2 ($subject) of type string is deprecated
[ error ] [8192]preg_match(): Passing null to parameter #2 ($subject) of type string is deprecated
[ error ] [8192]preg_match(): Passing null to parameter #2 ($subject) of type string is deprecated
[ error ] [8192]preg_match(): Passing null to parameter #2 ($subject) of type string is deprecated
[ error ] [8192]preg_match(): Passing null to parameter #2 ($subject) of type string is deprecated
[ error ] [8192]preg_match(): Passing null to parameter #2 ($subject) of type string is deprecated
[ error ] [8192]Automatic conversion of false to array is deprecated
[ error ] [2]Undefined array key "title"
[ error ] [2]Undefined array key "title"
[ error ] [2]Undefined array key "title"
[ error ] [2]Undefined array key "title"
---------------------------------------------------------------
[ 2026-03-20T22:43:58+08:00 ] 176.65.149.235 GET 120.24.147.77/
[ error ] [8192]preg_match(): Passing null to parameter #2 ($subject) of type string is deprecated
[ error ] [8192]preg_match(): Passing null to parameter #2 ($subject) of type string is deprecated
[ error ] [8192]preg_match(): Passing null to parameter #2 ($subject) of type string is deprecated
[ error ] [8192]preg_match(): Passing null to parameter #2 ($subject) of type string is deprecated
[ error ] [8192]preg_match(): Passing null to parameter #2 ($subject) of type string is deprecated
[ error ] [8192]preg_match(): Passing null to parameter #2 ($subject) of type string is deprecated
[ error ] [8192]preg_match(): Passing null to parameter #2 ($subject) of type string is deprecated
[ error ] [8192]preg_match(): Passing null to parameter #2 ($subject) of type string is deprecated
[ error ] [8192]Automatic conversion of false to array is deprecated
[ error ] [2]Undefined array key "title"
[ error ] [2]Undefined array key "title"
[ error ] [2]Undefined array key "title"
[ error ] [2]Undefined array key "title"
---------------------------------------------------------------
[ 2026-03-20T22:46:26+08:00 ] 206.168.34.38 GET 120.24.147.77/favicon.ico
[ error ] [8192]preg_match(): Passing null to parameter #2 ($subject) of type string is deprecated
[ error ] [8192]preg_match(): Passing null to parameter #2 ($subject) of type string is deprecated
[ error ] [8192]preg_match(): Passing null to parameter #2 ($subject) of type string is deprecated
[ error ] [8192]preg_match(): Passing null to parameter #2 ($subject) of type string is deprecated
[ error ] [8192]preg_match(): Passing null to parameter #2 ($subject) of type string is deprecated
[ error ] [8192]preg_match(): Passing null to parameter #2 ($subject) of type string is deprecated
---------------------------------------------------------------
[ 2026-03-20T22:46:26+08:00 ] 206.168.34.38 GET 120.24.147.77/favicon.ico
[ error ] [8192]preg_match(): Passing null to parameter #2 ($subject) of type string is deprecated
[ error ] [8192]preg_match(): Passing null to parameter #2 ($subject) of type string is deprecated
[ error ] [8192]preg_match(): Passing null to parameter #2 ($subject) of type string is deprecated
[ error ] [8192]preg_match(): Passing null to parameter #2 ($subject) of type string is deprecated
[ error ] [8192]preg_match(): Passing null to parameter #2 ($subject) of type string is deprecated
[ error ] [8192]preg_match(): Passing null to parameter #2 ($subject) of type string is deprecated
---------------------------------------------------------------
[ 2026-03-20T22:46:30+08:00 ] 206.168.34.38 GET 120.24.147.77/7v_pzm55of4
[ error ] [8192]preg_match(): Passing null to parameter #2 ($subject) of type string is deprecated
[ error ] [8192]preg_match(): Passing null to parameter #2 ($subject) of type string is deprecated
[ error ] [8192]preg_match(): Passing null to parameter #2 ($subject) of type string is deprecated
[ error ] [8192]preg_match(): Passing null to parameter #2 ($subject) of type string is deprecated
[ error ] [8192]preg_match(): Passing null to parameter #2 ($subject) of type string is deprecated
[ error ] [8192]preg_match(): Passing null to parameter #2 ($subject) of type string is deprecated
---------------------------------------------------------------
[ 2026-03-20T22:46:30+08:00 ] 206.168.34.38 GET 120.24.147.77/7v_pzm55of4
[ error ] [8192]preg_match(): Passing null to parameter #2 ($subject) of type string is deprecated
[ error ] [8192]preg_match(): Passing null to parameter #2 ($subject) of type string is deprecated
[ error ] [8192]preg_match(): Passing null to parameter #2 ($subject) of type string is deprecated
[ error ] [8192]preg_match(): Passing null to parameter #2 ($subject) of type string is deprecated
[ error ] [8192]preg_match(): Passing null to parameter #2 ($subject) of type string is deprecated
[ error ] [8192]preg_match(): Passing null to parameter #2 ($subject) of type string is deprecated
---------------------------------------------------------------
[ 2026-03-20T22:50:29+08:00 ] 40.77.167.241 GET www.punalei.cn/ldcms/gaosutongdaocaijiwenduceshiyiPNL2000PLUSxilie/272.html
[ error ] [8192]preg_match(): Passing null to parameter #2 ($subject) of type string is deprecated
[ error ] [8192]preg_match(): Passing null to parameter #2 ($subject) of type string is deprecated
[ error ] [8192]preg_match(): Passing null to parameter #2 ($subject) of type string is deprecated
[ error ] [8192]preg_match(): Passing null to parameter #2 ($subject) of type string is deprecated
[ error ] [8192]preg_match(): Passing null to parameter #2 ($subject) of type string is deprecated
[ error ] [8192]preg_match(): Passing null to parameter #2 ($subject) of type string is deprecated
[ error ] [8192]preg_match(): Passing null to parameter #2 ($subject) of type string is deprecated
[ error ] [8192]preg_match(): Passing null to parameter #2 ($subject) of type string is deprecated
[ error ] [8192]Automatic conversion of false to array is deprecated
---------------------------------------------------------------
[ 2026-03-20T22:57:09+08:00 ] 20.163.60.199 GET 120.24.147.77/hudson
[ error ] [8192]preg_match(): Passing null to parameter #2 ($subject) of type string is deprecated
[ error ] [8192]preg_match(): Passing null to parameter #2 ($subject) of type string is deprecated
[ error ] [8192]preg_match(): Passing null to parameter #2 ($subject) of type string is deprecated
[ error ] [8192]preg_match(): Passing null to parameter #2 ($subject) of type string is deprecated
[ error ] [8192]preg_match(): Passing null to parameter #2 ($subject) of type string is deprecated
[ error ] [8192]preg_match(): Passing null to parameter #2 ($subject) of type string is deprecated
---------------------------------------------------------------
[ 2026-03-20T22:57:09+08:00 ] 20.163.60.199 GET 120.24.147.77/hudson
[ error ] [8192]preg_match(): Passing null to parameter #2 ($subject) of type string is deprecated
[ error ] [8192]preg_match(): Passing null to parameter #2 ($subject) of type string is deprecated
[ error ] [8192]preg_match(): Passing null to parameter #2 ($subject) of type string is deprecated
[ error ] [8192]preg_match(): Passing null to parameter #2 ($subject) of type string is deprecated
[ error ] [8192]preg_match(): Passing null to parameter #2 ($subject) of type string is deprecated
[ error ] [8192]preg_match(): Passing null to parameter #2 ($subject) of type string is deprecated
---------------------------------------------------------------
[ 2026-03-20T23:08:16+08:00 ] 144.31.186.157 GET 120.24.147.77/
[ error ] [8192]preg_match(): Passing null to parameter #2 ($subject) of type string is deprecated
[ error ] [8192]preg_match(): Passing null to parameter #2 ($subject) of type string is deprecated
[ error ] [8192]preg_match(): Passing null to parameter #2 ($subject) of type string is deprecated
[ error ] [8192]preg_match(): Passing null to parameter #2 ($subject) of type string is deprecated
[ error ] [8192]preg_match(): Passing null to parameter #2 ($subject) of type string is deprecated
[ error ] [8192]preg_match(): Passing null to parameter #2 ($subject) of type string is deprecated
[ error ] [8192]preg_match(): Passing null to parameter #2 ($subject) of type string is deprecated
[ error ] [8192]preg_match(): Passing null to parameter #2 ($subject) of type string is deprecated
[ error ] [8192]Automatic conversion of false to array is deprecated
[ error ] [2]Undefined array key "title"
[ error ] [2]Undefined array key "title"
[ error ] [2]Undefined array key "title"
[ error ] [2]Undefined array key "title"
---------------------------------------------------------------
[ 2026-03-20T23:08:18+08:00 ] 144.31.186.157 GET 120.24.147.77/
[ error ] [8192]preg_match(): Passing null to parameter #2 ($subject) of type string is deprecated
[ error ] [8192]preg_match(): Passing null to parameter #2 ($subject) of type string is deprecated
[ error ] [8192]preg_match(): Passing null to parameter #2 ($subject) of type string is deprecated
[ error ] [8192]preg_match(): Passing null to parameter #2 ($subject) of type string is deprecated
[ error ] [8192]preg_match(): Passing null to parameter #2 ($subject) of type string is deprecated
[ error ] [8192]preg_match(): Passing null to parameter #2 ($subject) of type string is deprecated
[ error ] [8192]preg_match(): Passing null to parameter #2 ($subject) of type string is deprecated
[ error ] [8192]preg_match(): Passing null to parameter #2 ($subject) of type string is deprecated
[ error ] [8192]Automatic conversion of false to array is deprecated
[ error ] [2]Undefined array key "title"
[ error ] [2]Undefined array key "title"
[ error ] [2]Undefined array key "title"
[ error ] [2]Undefined array key "title"
---------------------------------------------------------------
[ 2026-03-20T23:08:34+08:00 ] 144.31.186.157 GET 120.24.147.77/.env
[ error ] [8192]preg_match(): Passing null to parameter #2 ($subject) of type string is deprecated
[ error ] [8192]preg_match(): Passing null to parameter #2 ($subject) of type string is deprecated
[ error ] [8192]preg_match(): Passing null to parameter #2 ($subject) of type string is deprecated
[ error ] [8192]preg_match(): Passing null to parameter #2 ($subject) of type string is deprecated
[ error ] [8192]preg_match(): Passing null to parameter #2 ($subject) of type string is deprecated
[ error ] [8192]preg_match(): Passing null to parameter #2 ($subject) of type string is deprecated
---------------------------------------------------------------
[ 2026-03-20T23:08:48+08:00 ] 144.31.186.157 GET 120.24.147.77/.env.production
[ error ] [8192]preg_match(): Passing null to parameter #2 ($subject) of type string is deprecated
[ error ] [8192]preg_match(): Passing null to parameter #2 ($subject) of type string is deprecated
[ error ] [8192]preg_match(): Passing null to parameter #2 ($subject) of type string is deprecated
[ error ] [8192]preg_match(): Passing null to parameter #2 ($subject) of type string is deprecated
[ error ] [8192]preg_match(): Passing null to parameter #2 ($subject) of type string is deprecated
[ error ] [8192]preg_match(): Passing null to parameter #2 ($subject) of type string is deprecated
---------------------------------------------------------------
[ 2026-03-20T23:09:09+08:00 ] 144.31.186.157 GET 120.24.147.77/.env.development
[ error ] [8192]preg_match(): Passing null to parameter #2 ($subject) of type string is deprecated
[ error ] [8192]preg_match(): Passing null to parameter #2 ($subject) of type string is deprecated
[ error ] [8192]preg_match(): Passing null to parameter #2 ($subject) of type string is deprecated
[ error ] [8192]preg_match(): Passing null to parameter #2 ($subject) of type string is deprecated
[ error ] [8192]preg_match(): Passing null to parameter #2 ($subject) of type string is deprecated
[ error ] [8192]preg_match(): Passing null to parameter #2 ($subject) of type string is deprecated
---------------------------------------------------------------
[ 2026-03-20T23:09:13+08:00 ] 144.31.186.157 GET 120.24.147.77/.env.dev
[ error ] [8192]preg_match(): Passing null to parameter #2 ($subject) of type string is deprecated
[ error ] [8192]preg_match(): Passing null to parameter #2 ($subject) of type string is deprecated
[ error ] [8192]preg_match(): Passing null to parameter #2 ($subject) of type string is deprecated
[ error ] [8192]preg_match(): Passing null to parameter #2 ($subject) of type string is deprecated
[ error ] [8192]preg_match(): Passing null to parameter #2 ($subject) of type string is deprecated
[ error ] [8192]preg_match(): Passing null to parameter #2 ($subject) of type string is deprecated
---------------------------------------------------------------
[ 2026-03-20T23:09:29+08:00 ] 144.31.186.157 GET 120.24.147.77/.env.test
[ error ] [8192]preg_match(): Passing null to parameter #2 ($subject) of type string is deprecated
[ error ] [8192]preg_match(): Passing null to parameter #2 ($subject) of type string is deprecated
[ error ] [8192]preg_match(): Passing null to parameter #2 ($subject) of type string is deprecated
[ error ] [8192]preg_match(): Passing null to parameter #2 ($subject) of type string is deprecated
[ error ] [8192]preg_match(): Passing null to parameter #2 ($subject) of type string is deprecated
[ error ] [8192]preg_match(): Passing null to parameter #2 ($subject) of type string is deprecated
---------------------------------------------------------------
[ 2026-03-20T23:09:31+08:00 ] 144.31.186.157 GET 120.24.147.77/.env.staging
[ error ] [8192]preg_match(): Passing null to parameter #2 ($subject) of type string is deprecated
[ error ] [8192]preg_match(): Passing null to parameter #2 ($subject) of type string is deprecated
[ error ] [8192]preg_match(): Passing null to parameter #2 ($subject) of type string is deprecated
[ error ] [8192]preg_match(): Passing null to parameter #2 ($subject) of type string is deprecated
[ error ] [8192]preg_match(): Passing null to parameter #2 ($subject) of type string is deprecated
[ error ] [8192]preg_match(): Passing null to parameter #2 ($subject) of type string is deprecated
---------------------------------------------------------------
[ 2026-03-20T23:09:32+08:00 ] 144.31.186.157 GET 120.24.147.77/.env.backup
[ error ] [8192]preg_match(): Passing null to parameter #2 ($subject) of type string is deprecated
[ error ] [8192]preg_match(): Passing null to parameter #2 ($subject) of type string is deprecated
[ error ] [8192]preg_match(): Passing null to parameter #2 ($subject) of type string is deprecated
[ error ] [8192]preg_match(): Passing null to parameter #2 ($subject) of type string is deprecated
[ error ] [8192]preg_match(): Passing null to parameter #2 ($subject) of type string is deprecated
[ error ] [8192]preg_match(): Passing null to parameter #2 ($subject) of type string is deprecated
---------------------------------------------------------------
[ 2026-03-20T23:09:45+08:00 ] 144.31.186.157 GET 120.24.147.77/.env.old
[ error ] [8192]preg_match(): Passing null to parameter #2 ($subject) of type string is deprecated
[ error ] [8192]preg_match(): Passing null to parameter #2 ($subject) of type string is deprecated
[ error ] [8192]preg_match(): Passing null to parameter #2 ($subject) of type string is deprecated
[ error ] [8192]preg_match(): Passing null to parameter #2 ($subject) of type string is deprecated
[ error ] [8192]preg_match(): Passing null to parameter #2 ($subject) of type string is deprecated
[ error ] [8192]preg_match(): Passing null to parameter #2 ($subject) of type string is deprecated
---------------------------------------------------------------
[ 2026-03-20T23:09:46+08:00 ] 144.31.186.157 GET 120.24.147.77/.env.bak
[ error ] [8192]preg_match(): Passing null to parameter #2 ($subject) of type string is deprecated
[ error ] [8192]preg_match(): Passing null to parameter #2 ($subject) of type string is deprecated
[ error ] [8192]preg_match(): Passing null to parameter #2 ($subject) of type string is deprecated
[ error ] [8192]preg_match(): Passing null to parameter #2 ($subject) of type string is deprecated
[ error ] [8192]preg_match(): Passing null to parameter #2 ($subject) of type string is deprecated
[ error ] [8192]preg_match(): Passing null to parameter #2 ($subject) of type string is deprecated
---------------------------------------------------------------
[ 2026-03-20T23:16:36+08:00 ] 195.178.110.246 GET 120.24.147.77/.git/credentials
[ error ] [8192]preg_match(): Passing null to parameter #2 ($subject) of type string is deprecated
[ error ] [8192]preg_match(): Passing null to parameter #2 ($subject) of type string is deprecated
[ error ] [8192]preg_match(): Passing null to parameter #2 ($subject) of type string is deprecated
[ error ] [8192]preg_match(): Passing null to parameter #2 ($subject) of type string is deprecated
[ error ] [8192]preg_match(): Passing null to parameter #2 ($subject) of type string is deprecated
[ error ] [8192]preg_match(): Passing null to parameter #2 ($subject) of type string is deprecated
---------------------------------------------------------------
[ 2026-03-20T23:21:38+08:00 ] 18.218.118.203 GET 120.24.147.77/
[ error ] [8192]preg_match(): Passing null to parameter #2 ($subject) of type string is deprecated
[ error ] [8192]preg_match(): Passing null to parameter #2 ($subject) of type string is deprecated
[ error ] [8192]preg_match(): Passing null to parameter #2 ($subject) of type string is deprecated
[ error ] [8192]preg_match(): Passing null to parameter #2 ($subject) of type string is deprecated
[ error ] [8192]preg_match(): Passing null to parameter #2 ($subject) of type string is deprecated
[ error ] [8192]preg_match(): Passing null to parameter #2 ($subject) of type string is deprecated
[ error ] [8192]preg_match(): Passing null to parameter #2 ($subject) of type string is deprecated
[ error ] [8192]preg_match(): Passing null to parameter #2 ($subject) of type string is deprecated
[ error ] [8192]Automatic conversion of false to array is deprecated
[ error ] [2]Undefined array key "title"
[ error ] [2]Undefined array key "title"
[ error ] [2]Undefined array key "title"
[ error ] [2]Undefined array key "title"
---------------------------------------------------------------
[ 2026-03-20T23:25:06+08:00 ] 18.218.118.203 GET 120.24.147.77/
[ error ] [8192]preg_match(): Passing null to parameter #2 ($subject) of type string is deprecated
[ error ] [8192]preg_match(): Passing null to parameter #2 ($subject) of type string is deprecated
[ error ] [8192]preg_match(): Passing null to parameter #2 ($subject) of type string is deprecated
[ error ] [8192]preg_match(): Passing null to parameter #2 ($subject) of type string is deprecated
[ error ] [8192]preg_match(): Passing null to parameter #2 ($subject) of type string is deprecated
[ error ] [8192]preg_match(): Passing null to parameter #2 ($subject) of type string is deprecated
[ error ] [8192]preg_match(): Passing null to parameter #2 ($subject) of type string is deprecated
[ error ] [8192]preg_match(): Passing null to parameter #2 ($subject) of type string is deprecated
[ error ] [8192]Automatic conversion of false to array is deprecated
[ error ] [2]Undefined array key "title"
[ error ] [2]Undefined array key "title"
[ error ] [2]Undefined array key "title"
[ error ] [2]Undefined array key "title"
---------------------------------------------------------------
[ 2026-03-20T23:45:59+08:00 ] 40.77.167.61 GET www.punalei.cn/ldcms/qiyexinwen.html
[ error ] [8192]preg_match(): Passing null to parameter #2 ($subject) of type string is deprecated
[ error ] [8192]preg_match(): Passing null to parameter #2 ($subject) of type string is deprecated
[ error ] [8192]preg_match(): Passing null to parameter #2 ($subject) of type string is deprecated
[ error ] [8192]preg_match(): Passing null to parameter #2 ($subject) of type string is deprecated
[ error ] [8192]preg_match(): Passing null to parameter #2 ($subject) of type string is deprecated
[ error ] [8192]preg_match(): Passing null to parameter #2 ($subject) of type string is deprecated
[ error ] [8192]preg_match(): Passing null to parameter #2 ($subject) of type string is deprecated
[ error ] [8192]preg_match(): Passing null to parameter #2 ($subject) of type string is deprecated
[ error ] [8192]Automatic conversion of false to array is deprecated
[ error ] [2]Undefined variable $content
[ error ] [2]Trying to access array offset on value of type null
---------------------------------------------------------------
[ 2026-03-20T23:46:31+08:00 ] 198.235.24.58 GET 120.24.147.77/
[ error ] [8192]preg_match(): Passing null to parameter #2 ($subject) of type string is deprecated
[ error ] [8192]preg_match(): Passing null to parameter #2 ($subject) of type string is deprecated
[ error ] [8192]preg_match(): Passing null to parameter #2 ($subject) of type string is deprecated
[ error ] [8192]preg_match(): Passing null to parameter #2 ($subject) of type string is deprecated
[ error ] [8192]preg_match(): Passing null to parameter #2 ($subject) of type string is deprecated
[ error ] [8192]preg_match(): Passing null to parameter #2 ($subject) of type string is deprecated
[ error ] [8192]preg_match(): Passing null to parameter #2 ($subject) of type string is deprecated
[ error ] [8192]preg_match(): Passing null to parameter #2 ($subject) of type string is deprecated
[ error ] [8192]Automatic conversion of false to array is deprecated
[ error ] [2]Undefined array key "title"
[ error ] [2]Undefined array key "title"
[ error ] [2]Undefined array key "title"
[ error ] [2]Undefined array key "title"
---------------------------------------------------------------
[ 2026-03-20T23:47:24+08:00 ] 142.91.102.186 GET 120.24.147.77/
[ error ] [8192]preg_match(): Passing null to parameter #2 ($subject) of type string is deprecated
[ error ] [8192]preg_match(): Passing null to parameter #2 ($subject) of type string is deprecated
[ error ] [8192]preg_match(): Passing null to parameter #2 ($subject) of type string is deprecated
[ error ] [8192]preg_match(): Passing null to parameter #2 ($subject) of type string is deprecated
[ error ] [8192]preg_match(): Passing null to parameter #2 ($subject) of type string is deprecated
[ error ] [8192]preg_match(): Passing null to parameter #2 ($subject) of type string is deprecated
[ error ] [8192]preg_match(): Passing null to parameter #2 ($subject) of type string is deprecated
[ error ] [8192]preg_match(): Passing null to parameter #2 ($subject) of type string is deprecated
[ error ] [8192]Automatic conversion of false to array is deprecated
[ error ] [2]Undefined array key "title"
[ error ] [2]Undefined array key "title"
[ error ] [2]Undefined array key "title"
[ error ] [2]Undefined array key "title"
---------------------------------------------------------------
[ 2026-03-20T23:51:05+08:00 ] 172.104.11.51 GET 120.24.147.77/
[ error ] [8192]preg_match(): Passing null to parameter #2 ($subject) of type string is deprecated
[ error ] [8192]preg_match(): Passing null to parameter #2 ($subject) of type string is deprecated
[ error ] [8192]preg_match(): Passing null to parameter #2 ($subject) of type string is deprecated
[ error ] [8192]preg_match(): Passing null to parameter #2 ($subject) of type string is deprecated
[ error ] [8192]preg_match(): Passing null to parameter #2 ($subject) of type string is deprecated
[ error ] [8192]preg_match(): Passing null to parameter #2 ($subject) of type string is deprecated
[ error ] [8192]preg_match(): Passing null to parameter #2 ($subject) of type string is deprecated
[ error ] [8192]preg_match(): Passing null to parameter #2 ($subject) of type string is deprecated
[ error ] [8192]Automatic conversion of false to array is deprecated
[ error ] [2]Undefined array key "title"
[ error ] [2]Undefined array key "title"
[ error ] [2]Undefined array key "title"
[ error ] [2]Undefined array key "title"
---------------------------------------------------------------
[ 2026-03-20T23:55:01+08:00 ] 45.79.181.104 GET 120.24.147.77/
[ error ] [8192]preg_match(): Passing null to parameter #2 ($subject) of type string is deprecated
[ error ] [8192]preg_match(): Passing null to parameter #2 ($subject) of type string is deprecated
[ error ] [8192]preg_match(): Passing null to parameter #2 ($subject) of type string is deprecated
[ error ] [8192]preg_match(): Passing null to parameter #2 ($subject) of type string is deprecated
[ error ] [8192]preg_match(): Passing null to parameter #2 ($subject) of type string is deprecated
[ error ] [8192]preg_match(): Passing null to parameter #2 ($subject) of type string is deprecated
[ error ] [8192]preg_match(): Passing null to parameter #2 ($subject) of type string is deprecated
[ error ] [8192]preg_match(): Passing null to parameter #2 ($subject) of type string is deprecated
[ error ] [8192]Automatic conversion of false to array is deprecated
[ error ] [2]Undefined array key "title"
[ error ] [2]Undefined array key "title"
[ error ] [2]Undefined array key "title"
[ error ] [2]Undefined array key "title"
