---------------------------------------------------------------
[ 2026-03-25T00:03:15+08:00 ] 43.164.195.17 GET www.punalei.cn/ldcms/zhiliudianyuanchanpin.html
[ error ] [8192]preg_match(): Passing null to parameter #2 ($subject) of type string is deprecated
[ error ] [8192]preg_match(): Passing null to parameter #2 ($subject) of type string is deprecated
[ error ] [8192]preg_match(): Passing null to parameter #2 ($subject) of type string is deprecated
[ error ] [8192]preg_match(): Passing null to parameter #2 ($subject) of type string is deprecated
[ error ] [8192]preg_match(): Passing null to parameter #2 ($subject) of type string is deprecated
[ error ] [8192]preg_match(): Passing null to parameter #2 ($subject) of type string is deprecated
[ error ] [8192]preg_match(): Passing null to parameter #2 ($subject) of type string is deprecated
[ error ] [8192]preg_match(): Passing null to parameter #2 ($subject) of type string is deprecated
[ error ] [8192]Automatic conversion of false to array is deprecated
---------------------------------------------------------------
[ 2026-03-25T00:14:22+08:00 ] 43.131.32.36 GET www.punalei.cn/index.html
[ error ] [8192]preg_match(): Passing null to parameter #2 ($subject) of type string is deprecated
[ error ] [8192]preg_match(): Passing null to parameter #2 ($subject) of type string is deprecated
[ error ] [8192]preg_match(): Passing null to parameter #2 ($subject) of type string is deprecated
[ error ] [8192]preg_match(): Passing null to parameter #2 ($subject) of type string is deprecated
[ error ] [8192]preg_match(): Passing null to parameter #2 ($subject) of type string is deprecated
[ error ] [8192]preg_match(): Passing null to parameter #2 ($subject) of type string is deprecated
---------------------------------------------------------------
[ 2026-03-25T00:18:03+08:00 ] 81.29.142.100 GET 120.24.147.77/
[ error ] [8192]preg_match(): Passing null to parameter #2 ($subject) of type string is deprecated
[ error ] [8192]preg_match(): Passing null to parameter #2 ($subject) of type string is deprecated
[ error ] [8192]preg_match(): Passing null to parameter #2 ($subject) of type string is deprecated
[ error ] [8192]preg_match(): Passing null to parameter #2 ($subject) of type string is deprecated
[ error ] [8192]preg_match(): Passing null to parameter #2 ($subject) of type string is deprecated
[ error ] [8192]preg_match(): Passing null to parameter #2 ($subject) of type string is deprecated
[ error ] [8192]preg_match(): Passing null to parameter #2 ($subject) of type string is deprecated
[ error ] [8192]preg_match(): Passing null to parameter #2 ($subject) of type string is deprecated
[ error ] [8192]Automatic conversion of false to array is deprecated
[ error ] [2]Undefined array key "title"
[ error ] [2]Undefined array key "title"
[ error ] [2]Undefined array key "title"
[ error ] [2]Undefined array key "title"
---------------------------------------------------------------
[ 2026-03-25T00:23:02+08:00 ] 43.165.67.57 GET www.punalei.cn/ldcms/2jidanxianggonglvjiPNL300xilie/xiazaizhongxin.html
[ error ] [8192]preg_match(): Passing null to parameter #2 ($subject) of type string is deprecated
[ error ] [8192]preg_match(): Passing null to parameter #2 ($subject) of type string is deprecated
[ error ] [8192]preg_match(): Passing null to parameter #2 ($subject) of type string is deprecated
[ error ] [8192]preg_match(): Passing null to parameter #2 ($subject) of type string is deprecated
[ error ] [8192]preg_match(): Passing null to parameter #2 ($subject) of type string is deprecated
[ error ] [8192]preg_match(): Passing null to parameter #2 ($subject) of type string is deprecated
[ error ] [8192]preg_match(): Passing null to parameter #2 ($subject) of type string is deprecated
[ error ] [8192]preg_match(): Passing null to parameter #2 ($subject) of type string is deprecated
[ error ] [8192]Automatic conversion of false to array is deprecated
---------------------------------------------------------------
[ 2026-03-25T00:23:02+08:00 ] 43.165.67.57 GET www.punalei.cn/ldcms/2jidanxianggonglvjiPNL300xilie/xiazaizhongxin.html
[ error ] [8192]preg_match(): Passing null to parameter #2 ($subject) of type string is deprecated
[ error ] [8192]preg_match(): Passing null to parameter #2 ($subject) of type string is deprecated
[ error ] [8192]preg_match(): Passing null to parameter #2 ($subject) of type string is deprecated
[ error ] [8192]preg_match(): Passing null to parameter #2 ($subject) of type string is deprecated
[ error ] [8192]preg_match(): Passing null to parameter #2 ($subject) of type string is deprecated
[ error ] [8192]preg_match(): Passing null to parameter #2 ($subject) of type string is deprecated
---------------------------------------------------------------
[ 2026-03-25T00:23:28+08:00 ] 3.132.26.232 GET 120.24.147.77/
[ error ] [8192]preg_match(): Passing null to parameter #2 ($subject) of type string is deprecated
[ error ] [8192]preg_match(): Passing null to parameter #2 ($subject) of type string is deprecated
[ error ] [8192]preg_match(): Passing null to parameter #2 ($subject) of type string is deprecated
[ error ] [8192]preg_match(): Passing null to parameter #2 ($subject) of type string is deprecated
[ error ] [8192]preg_match(): Passing null to parameter #2 ($subject) of type string is deprecated
[ error ] [8192]preg_match(): Passing null to parameter #2 ($subject) of type string is deprecated
[ error ] [8192]preg_match(): Passing null to parameter #2 ($subject) of type string is deprecated
[ error ] [8192]preg_match(): Passing null to parameter #2 ($subject) of type string is deprecated
[ error ] [8192]Automatic conversion of false to array is deprecated
[ error ] [2]Undefined array key "title"
[ error ] [2]Undefined array key "title"
[ error ] [2]Undefined array key "title"
[ error ] [2]Undefined array key "title"
---------------------------------------------------------------
[ 2026-03-25T00:27:39+08:00 ] 3.132.26.232 GET 120.24.147.77/
[ error ] [8192]preg_match(): Passing null to parameter #2 ($subject) of type string is deprecated
[ error ] [8192]preg_match(): Passing null to parameter #2 ($subject) of type string is deprecated
[ error ] [8192]preg_match(): Passing null to parameter #2 ($subject) of type string is deprecated
[ error ] [8192]preg_match(): Passing null to parameter #2 ($subject) of type string is deprecated
[ error ] [8192]preg_match(): Passing null to parameter #2 ($subject) of type string is deprecated
[ error ] [8192]preg_match(): Passing null to parameter #2 ($subject) of type string is deprecated
[ error ] [8192]preg_match(): Passing null to parameter #2 ($subject) of type string is deprecated
[ error ] [8192]preg_match(): Passing null to parameter #2 ($subject) of type string is deprecated
[ error ] [8192]Automatic conversion of false to array is deprecated
[ error ] [2]Undefined array key "title"
[ error ] [2]Undefined array key "title"
[ error ] [2]Undefined array key "title"
[ error ] [2]Undefined array key "title"
---------------------------------------------------------------
[ 2026-03-25T00:27:51+08:00 ] 192.109.200.205 GET 120.24.147.77/
[ error ] [8192]preg_match(): Passing null to parameter #2 ($subject) of type string is deprecated
[ error ] [8192]preg_match(): Passing null to parameter #2 ($subject) of type string is deprecated
[ error ] [8192]preg_match(): Passing null to parameter #2 ($subject) of type string is deprecated
[ error ] [8192]preg_match(): Passing null to parameter #2 ($subject) of type string is deprecated
[ error ] [8192]preg_match(): Passing null to parameter #2 ($subject) of type string is deprecated
[ error ] [8192]preg_match(): Passing null to parameter #2 ($subject) of type string is deprecated
[ error ] [8192]preg_match(): Passing null to parameter #2 ($subject) of type string is deprecated
[ error ] [8192]preg_match(): Passing null to parameter #2 ($subject) of type string is deprecated
[ error ] [8192]Automatic conversion of false to array is deprecated
[ error ] [2]Undefined array key "title"
[ error ] [2]Undefined array key "title"
[ error ] [2]Undefined array key "title"
[ error ] [2]Undefined array key "title"
---------------------------------------------------------------
[ 2026-03-25T00:27:52+08:00 ] 192.109.200.205 POST 120.24.147.77/
[ error ] [8192]preg_match(): Passing null to parameter #2 ($subject) of type string is deprecated
[ error ] [8192]preg_match(): Passing null to parameter #2 ($subject) of type string is deprecated
[ error ] [8192]preg_match(): Passing null to parameter #2 ($subject) of type string is deprecated
[ error ] [8192]preg_match(): Passing null to parameter #2 ($subject) of type string is deprecated
[ error ] [8192]preg_match(): Passing null to parameter #2 ($subject) of type string is deprecated
[ error ] [8192]preg_match(): Passing null to parameter #2 ($subject) of type string is deprecated
---------------------------------------------------------------
[ 2026-03-25T00:27:52+08:00 ] 192.109.200.205 GET 120.24.147.77/
[ error ] [8192]preg_match(): Passing null to parameter #2 ($subject) of type string is deprecated
[ error ] [8192]preg_match(): Passing null to parameter #2 ($subject) of type string is deprecated
[ error ] [8192]preg_match(): Passing null to parameter #2 ($subject) of type string is deprecated
[ error ] [8192]preg_match(): Passing null to parameter #2 ($subject) of type string is deprecated
[ error ] [8192]preg_match(): Passing null to parameter #2 ($subject) of type string is deprecated
[ error ] [8192]preg_match(): Passing null to parameter #2 ($subject) of type string is deprecated
---------------------------------------------------------------
[ 2026-03-25T00:33:49+08:00 ] 45.33.14.5 GET 120.24.147.77/
[ error ] [8192]preg_match(): Passing null to parameter #2 ($subject) of type string is deprecated
[ error ] [8192]preg_match(): Passing null to parameter #2 ($subject) of type string is deprecated
[ error ] [8192]preg_match(): Passing null to parameter #2 ($subject) of type string is deprecated
[ error ] [8192]preg_match(): Passing null to parameter #2 ($subject) of type string is deprecated
[ error ] [8192]preg_match(): Passing null to parameter #2 ($subject) of type string is deprecated
[ error ] [8192]preg_match(): Passing null to parameter #2 ($subject) of type string is deprecated
[ error ] [8192]preg_match(): Passing null to parameter #2 ($subject) of type string is deprecated
[ error ] [8192]preg_match(): Passing null to parameter #2 ($subject) of type string is deprecated
[ error ] [8192]Automatic conversion of false to array is deprecated
[ error ] [2]Undefined array key "title"
[ error ] [2]Undefined array key "title"
[ error ] [2]Undefined array key "title"
[ error ] [2]Undefined array key "title"
---------------------------------------------------------------
[ 2026-03-25T00:34:19+08:00 ] 43.159.139.164 GET www.punalei.cn/ldcms/gaosutongdaocaijiwenduceshiyiPNL2000PLUSxilie/xiazaizhongxin.html
[ error ] [8192]preg_match(): Passing null to parameter #2 ($subject) of type string is deprecated
[ error ] [8192]preg_match(): Passing null to parameter #2 ($subject) of type string is deprecated
[ error ] [8192]preg_match(): Passing null to parameter #2 ($subject) of type string is deprecated
[ error ] [8192]preg_match(): Passing null to parameter #2 ($subject) of type string is deprecated
[ error ] [8192]preg_match(): Passing null to parameter #2 ($subject) of type string is deprecated
[ error ] [8192]preg_match(): Passing null to parameter #2 ($subject) of type string is deprecated
[ error ] [8192]preg_match(): Passing null to parameter #2 ($subject) of type string is deprecated
[ error ] [8192]preg_match(): Passing null to parameter #2 ($subject) of type string is deprecated
[ error ] [8192]Automatic conversion of false to array is deprecated
---------------------------------------------------------------
[ 2026-03-25T00:34:19+08:00 ] 43.159.139.164 GET www.punalei.cn/ldcms/gaosutongdaocaijiwenduceshiyiPNL2000PLUSxilie/xiazaizhongxin.html
[ error ] [8192]preg_match(): Passing null to parameter #2 ($subject) of type string is deprecated
[ error ] [8192]preg_match(): Passing null to parameter #2 ($subject) of type string is deprecated
[ error ] [8192]preg_match(): Passing null to parameter #2 ($subject) of type string is deprecated
[ error ] [8192]preg_match(): Passing null to parameter #2 ($subject) of type string is deprecated
[ error ] [8192]preg_match(): Passing null to parameter #2 ($subject) of type string is deprecated
[ error ] [8192]preg_match(): Passing null to parameter #2 ($subject) of type string is deprecated
---------------------------------------------------------------
[ 2026-03-25T00:34:45+08:00 ] 180.153.236.224 GET punalei.cn/
[ error ] [8192]preg_match(): Passing null to parameter #2 ($subject) of type string is deprecated
[ error ] [8192]preg_match(): Passing null to parameter #2 ($subject) of type string is deprecated
[ error ] [8192]preg_match(): Passing null to parameter #2 ($subject) of type string is deprecated
[ error ] [8192]preg_match(): Passing null to parameter #2 ($subject) of type string is deprecated
[ error ] [8192]preg_match(): Passing null to parameter #2 ($subject) of type string is deprecated
[ error ] [8192]preg_match(): Passing null to parameter #2 ($subject) of type string is deprecated
[ error ] [8192]preg_match(): Passing null to parameter #2 ($subject) of type string is deprecated
[ error ] [8192]preg_match(): Passing null to parameter #2 ($subject) of type string is deprecated
[ error ] [8192]Automatic conversion of false to array is deprecated
[ error ] [2]Undefined array key "title"
[ error ] [2]Undefined array key "title"
[ error ] [2]Undefined array key "title"
[ error ] [2]Undefined array key "title"
---------------------------------------------------------------
[ 2026-03-25T00:35:02+08:00 ] 180.153.236.88 GET punalei.cn/
[ error ] [8192]preg_match(): Passing null to parameter #2 ($subject) of type string is deprecated
[ error ] [8192]preg_match(): Passing null to parameter #2 ($subject) of type string is deprecated
[ error ] [8192]preg_match(): Passing null to parameter #2 ($subject) of type string is deprecated
[ error ] [8192]preg_match(): Passing null to parameter #2 ($subject) of type string is deprecated
[ error ] [8192]preg_match(): Passing null to parameter #2 ($subject) of type string is deprecated
[ error ] [8192]preg_match(): Passing null to parameter #2 ($subject) of type string is deprecated
[ error ] [8192]preg_match(): Passing null to parameter #2 ($subject) of type string is deprecated
[ error ] [8192]preg_match(): Passing null to parameter #2 ($subject) of type string is deprecated
[ error ] [8192]Automatic conversion of false to array is deprecated
[ error ] [2]Undefined array key "title"
[ error ] [2]Undefined array key "title"
[ error ] [2]Undefined array key "title"
[ error ] [2]Undefined array key "title"
---------------------------------------------------------------
[ 2026-03-25T00:41:34+08:00 ] 31.58.214.23 GET 120.24.147.77/constants.py
[ error ] [8192]preg_match(): Passing null to parameter #2 ($subject) of type string is deprecated
[ error ] [8192]preg_match(): Passing null to parameter #2 ($subject) of type string is deprecated
[ error ] [8192]preg_match(): Passing null to parameter #2 ($subject) of type string is deprecated
[ error ] [8192]preg_match(): Passing null to parameter #2 ($subject) of type string is deprecated
[ error ] [8192]preg_match(): Passing null to parameter #2 ($subject) of type string is deprecated
[ error ] [8192]preg_match(): Passing null to parameter #2 ($subject) of type string is deprecated
---------------------------------------------------------------
[ 2026-03-25T00:41:34+08:00 ] 31.58.214.23 GET 120.24.147.77/constants.py
[ error ] [8192]preg_match(): Passing null to parameter #2 ($subject) of type string is deprecated
[ error ] [8192]preg_match(): Passing null to parameter #2 ($subject) of type string is deprecated
[ error ] [8192]preg_match(): Passing null to parameter #2 ($subject) of type string is deprecated
[ error ] [8192]preg_match(): Passing null to parameter #2 ($subject) of type string is deprecated
[ error ] [8192]preg_match(): Passing null to parameter #2 ($subject) of type string is deprecated
[ error ] [8192]preg_match(): Passing null to parameter #2 ($subject) of type string is deprecated
---------------------------------------------------------------
[ 2026-03-25T00:43:47+08:00 ] 43.167.241.46 GET www.punalei.cn/ldcms/jueyuandianzuceshiyi/315.html
[ error ] [8192]preg_match(): Passing null to parameter #2 ($subject) of type string is deprecated
[ error ] [8192]preg_match(): Passing null to parameter #2 ($subject) of type string is deprecated
[ error ] [8192]preg_match(): Passing null to parameter #2 ($subject) of type string is deprecated
[ error ] [8192]preg_match(): Passing null to parameter #2 ($subject) of type string is deprecated
[ error ] [8192]preg_match(): Passing null to parameter #2 ($subject) of type string is deprecated
[ error ] [8192]preg_match(): Passing null to parameter #2 ($subject) of type string is deprecated
[ error ] [8192]preg_match(): Passing null to parameter #2 ($subject) of type string is deprecated
[ error ] [8192]preg_match(): Passing null to parameter #2 ($subject) of type string is deprecated
[ error ] [8192]Automatic conversion of false to array is deprecated
---------------------------------------------------------------
[ 2026-03-25T00:46:03+08:00 ] 74.7.241.31 GET www.punalei.cn/
[ error ] [8192]preg_match(): Passing null to parameter #2 ($subject) of type string is deprecated
[ error ] [8192]preg_match(): Passing null to parameter #2 ($subject) of type string is deprecated
[ error ] [8192]preg_match(): Passing null to parameter #2 ($subject) of type string is deprecated
[ error ] [8192]preg_match(): Passing null to parameter #2 ($subject) of type string is deprecated
[ error ] [8192]preg_match(): Passing null to parameter #2 ($subject) of type string is deprecated
[ error ] [8192]preg_match(): Passing null to parameter #2 ($subject) of type string is deprecated
[ error ] [8192]preg_match(): Passing null to parameter #2 ($subject) of type string is deprecated
[ error ] [8192]preg_match(): Passing null to parameter #2 ($subject) of type string is deprecated
[ error ] [8192]Automatic conversion of false to array is deprecated
[ error ] [2]Undefined array key "title"
[ error ] [2]Undefined array key "title"
[ error ] [2]Undefined array key "title"
[ error ] [2]Undefined array key "title"
---------------------------------------------------------------
[ 2026-03-25T00:46:34+08:00 ] 74.7.241.31 GET www.punalei.cn/ldcms/punaleizixun.html
[ error ] [2]Undefined variable $content
[ error ] [2]Trying to access array offset on value of type null
---------------------------------------------------------------
[ 2026-03-25T00:46:45+08:00 ] 74.7.241.31 GET www.punalei.cn/ldcms/dianzifuzaixilie.html
[ error ] [8192]Automatic conversion of false to array is deprecated
---------------------------------------------------------------
[ 2026-03-25T00:46:45+08:00 ] 49.51.233.95 GET 120.24.147.77/
[ error ] [8192]preg_match(): Passing null to parameter #2 ($subject) of type string is deprecated
[ error ] [8192]preg_match(): Passing null to parameter #2 ($subject) of type string is deprecated
[ error ] [8192]preg_match(): Passing null to parameter #2 ($subject) of type string is deprecated
[ error ] [8192]preg_match(): Passing null to parameter #2 ($subject) of type string is deprecated
[ error ] [8192]preg_match(): Passing null to parameter #2 ($subject) of type string is deprecated
[ error ] [8192]preg_match(): Passing null to parameter #2 ($subject) of type string is deprecated
[ error ] [8192]preg_match(): Passing null to parameter #2 ($subject) of type string is deprecated
[ error ] [8192]preg_match(): Passing null to parameter #2 ($subject) of type string is deprecated
[ error ] [2]Undefined array key "title"
[ error ] [2]Undefined array key "title"
[ error ] [2]Undefined array key "title"
[ error ] [2]Undefined array key "title"
---------------------------------------------------------------
[ 2026-03-25T00:46:53+08:00 ] 74.7.241.31 GET www.punalei.cn/ldcms/xiazaizhongxin.html
[ download ] NULL
---------------------------------------------------------------
[ 2026-03-25T00:46:53+08:00 ] 74.7.241.31 GET www.punalei.cn/ldcms/xiazaizhongxin.html
[ download ] [{"id":242,"title":"1-300V\/45-400Hz \u4ea4\u6d41\u53d8\u9891\u7535\u6e90 P9510\\15\\20\\30\\45\\60-\\TSS\u7cfb\u5217","catalog":"https:\/\/qiniu.punalei.cn\/uploads\/20250630\/9f6157e1177e99e4fe3674e8d06014a8.pdf","handbook":"https:\/\/qiniu.punalei.cn\/uploads\/20250630\/9f6157e1177e99e4fe3674e8d06014a8.pdf","agreement":"","drive":"","resource":""},{"id":244,"title":"1-300V\/45-400Hz \u4ea4\u6d41\u53d8\u9891\u7535\u6e90 P9530\\60-\\GSD\\GSS\u7cfb\u5217","catalog":"https:\/\/qiniu.punalei.cn\/uploads\/20250630\/9f6157e1177e99e4fe3674e8d06014a8.pdf","handbook":"https:\/\/qiniu.punalei.cn\/uploads\/20250630\/9f6157e1177e99e4fe3674e8d06014a8.pdf","agreement":"","drive":"","resource":""},{"id":260,"title":"1-300V\/45-400Hz \u4ea4\u6d41\u53d8\u9891\u7535\u6e90 P9505\\10-\\D\u7cfb\u5217","catalog":"https:\/\/qiniu.punalei.cn\/uploads\/20250630\/9f6157e1177e99e4fe3674e8d06014a8.pdf","handbook":"https:\/\/qiniu.punalei.cn\/uploads\/20250630\/9f6157e1177e99e4fe3674e8d06014a8.pdf","agreement":"","drive":"","resource":""},{"id":262,"title":"\u5355\u76f8\u578bPNL300-A\u4ea4\u6d41\u7cfb\u52170.2\u7ea7","catalog":"https:\/\/qiniu.punalei.cn\/uploads\/20250630\/9f6157e1177e99e4fe3674e8d06014a8.pdf","handbook":"https:\/\/qiniu.punalei.cn\/uploads\/20260309\/ed50ce8156e54152582ff3356228093d.pdf","agreement":"","drive":"","resource":"https:\/\/qiniu.punalei.cn\/uploads\/20250811\/ed50ce8156e54152582ff3356228093d.pdf"},{"id":263,"title":"\u6cc4\u6f0f\u7535\u6d41\u6d4b\u8bd5\u4eeaPNL2675\u7cfb\u5217","catalog":"https:\/\/qiniu.punalei.cn\/uploads\/20250630\/9f6157e1177e99e4fe3674e8d06014a8.pdf","handbook":"https:\/\/qiniu.punalei.cn\/uploads\/20250630\/9f6157e1177e99e4fe3674e8d06014a8.pdf","agreement":"","drive":"","resource":""},{"id":264,"title":" \u63a5\u5730\u7535\u963b\u6d4b\u8bd5\u4eeaPNL2678XM\u7cfb\u5217","catalog":"https:\/\/qiniu.punalei.cn\/uploads\/20250630\/9f6157e1177e99e4fe3674e8d06014a8.pdf","handbook":"https:\/\/qiniu.punalei.cn\/uploads\/20250630\/9f6157e1177e99e4fe3674e8d06014a8.pdf","agreement":"","drive":"","resource":""},{"id":268,"title":"\u591a\u901a\u9053\u76f4\u6d41\u7535\u963b\u6d4b\u8bd5\u4eeaPNL2818-X\u7cfb\u5217","catalog":"https:\/\/qiniu.punalei.cn\/uploads\/20250630\/9f6157e1177e99e4fe3674e8d06014a8.pdf","handbook":"https:\/\/qiniu.punalei.cn\/uploads\/20250630\/9f6157e1177e99e4fe3674e8d06014a8.pdf","agreement":"","drive":"","resource":""},{"id":270,"title":"\u76f4\u6d41\u7535\u963b\u6d4b\u8bd5\u4eeaPNL2511\u6570\u7801\u7cfb\u5217","catalog":"https:\/\/qiniu.punalei.cn\/uploads\/20250630\/9f6157e1177e99e4fe3674e8d06014a8.pdf","handbook":"https:\/\/qiniu.punalei.cn\/uploads\/20250811\/405841dc3a1790083cdfb28d392a51b6.pdf","agreement":"","drive":"","resource":""},{"id":271,"title":"\u591a\u8def\u6e29\u5ea6\u5de1\u68c0\u6d4b\u8bd5\u4eeaP2000-X PLUS\u7cfb\u5217","catalog":"https:\/\/qiniu.punalei.cn\/uploads\/20250630\/9f6157e1177e99e4fe3674e8d06014a8.pdf","handbook":"https:\/\/qiniu.punalei.cn\/uploads\/20250811\/88bebf25cc9f75277abfb9945aa00ebc.pdf","agreement":"","drive":"","resource":""},{"id":272,"title":"\u624b\u6301\u591a\u8def\u6e29\u5ea6\u6d4b\u8bd5\u4eeaP300-S\u7cfb\u5217","catalog":"https:\/\/qiniu.punalei.cn\/uploads\/20250630\/9f6157e1177e99e4fe3674e8d06014a8.pdf","handbook":"https:\/\/qiniu.punalei.cn\/uploads\/20250811\/4eeb7970b89981df90d0560b8dbe2ff8.pdf","agreement":"","drive":"","resource":""},{"id":290,"title":"\u4ea4\u6d41\u6052\u6d41\u6e90","catalog":"","handbook":"","agreement":"","drive":"","resource":""},{"id":291,"title":"\u4e09\u76f8\u578bPNL300-S\u7cfb\u52170.2\u7ea7","catalog":"","handbook":"https:\/\/qiniu.punalei.cn\/uploads\/20250811\/5f7e3f318e22f4a79790e06a66ac2625.pdf","agreement":"","drive":"","resource":"https:\/\/qiniu.punalei.cn\/uploads\/20250811\/5f7e3f318e22f4a79790e06a66ac2625.pdf"},{"id":295,"title":"\u5c0f\u529f\u7387\u76f4\u6d41\u7535\u5b50\u8d1f\u8f7d","catalog":"","handbook":"https:\/\/qiniu.punalei.cn\/uploads\/20250811\/3c0024e1494ae6a3a5ee57c6e55308d8.pdf","agreement":"","drive":"","resource":""},{"id":298,"title":"\u533b\u7528\u6cc4\u6f0f\u7535\u6d41\u6d4b\u8bd5\u4eea","catalog":"","handbook":"","agreement":"","drive":"","resource":""},{"id":299,"title":"\u5927\u529f\u7387\u76f4\u6d41\u7535\u6e90\u6db2\u66763U\u7cfb\u5217","catalog":"","handbook":"","agreement":"","drive":"","resource":""},{"id":300,"title":"\u5927\u529f\u7387\u76f4\u6d41\u7535\u6e90\u6570\u7801PNL-Y 10kw-15kw\u7cfb\u5217","catalog":"","handbook":"https:\/\/qiniu.punalei.cn\/uploads\/20250811\/6991e7a5b3190aa67ef71fc5ef74964e.pdf","agreement":"","drive":"","resource":""},{"id":303,"title":"\u5b89\u89c4\u7efc\u5408\u6821\u51c6\u70b9\u68c0\u5de5\u88c5","catalog":"","handbook":"","agreement":"","drive":"","resource":""},{"id":304,"title":"\u8010\u538b\u6d4b\u8bd5\u4eea5KV\u7cfb\u5217","catalog":"","handbook":"","agreement":"","drive":"","resource":""},{"id":306,"title":"\u8010\u538b\u6d4b\u8bd5\u4eea10KV\u7cfb\u5217","catalog":"https:\/\/qiniu.punalei.cn\/uploads\/20250630\/9f6157e1177e99e4fe3674e8d06014a8.pdf","handbook":"https:\/\/qiniu.punalei.cn\/uploads\/20250630\/9f6157e1177e99e4fe3674e8d06014a8.pdf","agreement":"","drive":"","resource":""},{"id":307,"title":"\u8010\u538b\u6d4b\u8bd5\u4eea20KV\u7cfb\u5217","catalog":"https:\/\/qiniu.punalei.cn\/uploads\/20250630\/9f6157e1177e99e4fe3674e8d06014a8.pdf","handbook":"https:\/\/qiniu.punalei.cn\/uploads\/20250630\/9f6157e1177e99e4fe3674e8d06014a8.pdf","agreement":"","drive":"","resource":""},{"id":308,"title":"\u7a0b\u63a7\u8010\u538b\u7edd\u7f18PNL7110\\PNL7122\u7cfb\u5217","catalog":"https:\/\/qiniu.punalei.cn\/uploads\/20250630\/9f6157e1177e99e4fe3674e8d06014a8.pdf","handbook":"https:\/\/qiniu.punalei.cn\/uploads\/20250630\/9f6157e1177e99e4fe3674e8d06014a8.pdf","agreement":"","drive":"","resource":""},{"id":309,"title":"\u5b89\u5168\u7efc\u5408\u6027\u80fd\u5206\u6790\u4eeaPNL9950\u7cfb\u5217","catalog":"https:\/\/qiniu.punalei.cn\/uploads\/20250630\/9f6157e1177e99e4fe3674e8d06014a8.pdf","handbook":"https:\/\/qiniu.punalei.cn\/uploads\/20250630\/9f6157e1177e99e4fe3674e8d06014a8.pdf","agreement":"","drive":"","resource":""},{"id":311,"title":"\u5355\u4e09\u76f8 - \u5b89\u5168\u7efc\u5408\u6027\u80fd\u5206\u6790\u4eeaPNL9950-C\u7cfb\u5217","catalog":"https:\/\/qiniu.punalei.cn\/uploads\/20250630\/9f6157e1177e99e4fe3674e8d06014a8.pdf","handbook":"https:\/\/qiniu.punalei.cn\/uploads\/20250630\/9f6157e1177e99e4fe3674e8d06014a8.pdf","agreement":"","drive":"","resource":""},{"id":312,"title":"1-300V\/45-400Hz \u4ea4\u6d41\u53d8\u9891\u7535\u6e90 P9515\\20\\30\\45\\60-\\TSD\u7cfb\u5217","catalog":"https:\/\/qiniu.punalei.cn\/uploads\/20250630\/9f6157e1177e99e4fe3674e8d06014a8.pdf","handbook":"https:\/\/qiniu.punalei.cn\/uploads\/20250630\/9f6157e1177e99e4fe3674e8d06014a8.pdf","agreement":"","drive":"","resource":""},{"id":314,"title":"1-300V\/45-400Hz \u4ea4\u6d41\u53d8\u9891\u7535\u6e90 P9520\\30-\\D\u7cfb\u5217","catalog":"https:\/\/qiniu.punalei.cn\/uploads\/20250630\/9f6157e1177e99e4fe3674e8d06014a8.pdf","handbook":"https:\/\/qiniu.punalei.cn\/uploads\/20250630\/9f6157e1177e99e4fe3674e8d06014a8.pdf","agreement":"","drive":"","resource":""},{"id":315,"title":"\u7edd\u7f18\u7535\u963b\u6d4b\u8bd5\u4eeaPNL2682N\u7cfb\u5217","catalog":"https:\/\/qiniu.punalei.cn\/uploads\/20250630\/9f6157e1177e99e4fe3674e8d06014a8.pdf","handbook":"https:\/\/qiniu.punalei.cn\/uploads\/20250811\/7c63757a23e5e98e594bf1b4bf50445a.pdf","agreement":"","drive":"","resource":""},{"id":316,"title":"1-300V\/45-400Hz \u4ea4\u6d41\u53d8\u9891\u7535\u6e90 P9510\\15\\20-\\TD\u7cfb\u5217","catalog":"https:\/\/qiniu.punalei.cn\/uploads\/20250630\/9f6157e1177e99e4fe3674e8d06014a8.pdf","handbook":"https:\/\/qiniu.punalei.cn\/uploads\/20250630\/9f6157e1177e99e4fe3674e8d06014a8.pdf","agreement":"","drive":"","resource":""},{"id":317,"title":"1-300V\/45-400Hz \u4ea4\u6d41\u53d8\u9891\u7535\u6e90 P9530\\50-\\G\\D\u7cfb\u5217","catalog":"https:\/\/qiniu.punalei.cn\/uploads\/20250630\/9f6157e1177e99e4fe3674e8d06014a8.pdf","handbook":"https:\/\/qiniu.punalei.cn\/uploads\/20250630\/9f6157e1177e99e4fe3674e8d06014a8.pdf","agreement":"","drive":"","resource":""},{"id":318,"title":"\u4e09\u76f8\u578b\u8c10\u6ce2PNL300-SX\u7cfb\u52170.2\u7ea7","catalog":"","handbook":"https:\/\/qiniu.punalei.cn\/uploads\/20250811\/c3915be2288c668d42fab75c77d557b6.pdf","agreement":"","drive":"","resource":"https:\/\/qiniu.punalei.cn\/uploads\/20250811\/c3915be2288c668d42fab75c77d557b6.pdf"},{"id":319,"title":"\u7edd\u7f18\u7535\u963b\u6d4b\u8bd5\u4eeaPNL2683AL\u7cfb\u5217","catalog":"https:\/\/qiniu.punalei.cn\/uploads\/20250630\/9f6157e1177e99e4fe3674e8d06014a8.pdf","handbook":"https:\/\/qiniu.punalei.cn\/uploads\/20250811\/29f9570871ea60e153dce0b05698a13e.pdf","agreement":"","drive":"","resource":""},{"id":320,"title":"\u5bbd\u8303\u56f4\u76f4\u6d41\u7535\u963b\u6d4b\u8bd5\u4eeaPNL2513\/15\u7cfb\u5217","catalog":"https:\/\/qiniu.punalei.cn\/uploads\/20250630\/9f6157e1177e99e4fe3674e8d06014a8.pdf","handbook":"https:\/\/qiniu.punalei.cn\/uploads\/20250811\/d94e60f7d79a2b3b6d9b106bf787c6db.pdf","agreement":"","drive":"","resource":""},{"id":321,"title":"\u5927\u529f\u7387\u76f4\u6d41\u7535\u6e90\u6db2\u66764U\u7cfb\u5217","catalog":"","handbook":"","agreement":"","drive":"","resource":""},{"id":322,"title":"\u5927\u529f\u7387\u76f4\u6d41\u7535\u6e90\u6db2\u66765U\u7cfb\u5217","catalog":"","handbook":"","agreement":"","drive":"","resource":""},{"id":323,"title":"\u5927\u529f\u7387\u76f4\u6d41\u7535\u6e90\u6db2\u667620K\u7cfb\u5217","catalog":"","handbook":"","agreement":"","drive":"","resource":""},{"id":324,"title":"\u5927\u529f\u7387\u76f4\u6d41\u7535\u6e90\u6db2\u667640K\u7cfb\u5217","catalog":"","handbook":"","agreement":"","drive":"","resource":""},{"id":325,"title":"\u5927\u529f\u7387\u76f4\u6d41\u7535\u6e90\u6db2\u667660K\u7cfb\u5217","catalog":"","handbook":"","agreement":"","drive":"","resource":""},{"id":326,"title":"\u5927\u529f\u7387\u76f4\u6d41\u7535\u6e90\u6570\u7801PNL-Y 20kw-30kw\u7cfb\u5217","catalog":"","handbook":"https:\/\/qiniu.punalei.cn\/uploads\/20250811\/6991e7a5b3190aa67ef71fc5ef74964e.pdf","agreement":"","drive":"","resource":""},{"id":327,"title":"\u5927\u529f\u7387\u76f4\u6d41\u7535\u6e90\u6570\u7801PNL-Y 40kw-60kw\u7cfb\u5217","catalog":"","handbook":"https:\/\/qiniu.punalei.cn\/uploads\/20250811\/6991e7a5b3190aa67ef71fc5ef74964e.pdf","agreement":"","drive":"","resource":""},{"id":328,"title":"\u5927\u529f\u7387\u76f4\u6d41\u7535\u6e90\u6570\u7801PNL-Y 75kw-90kw\u7cfb\u5217","catalog":"","handbook":"https:\/\/qiniu.punalei.cn\/uploads\/20250811\/6991e7a5b3190aa67ef71fc5ef74964e.pdf","agreement":"","drive":"","resource":""},{"id":329,"title":"\u5927\u529f\u7387\u76f4\u6d41\u7535\u6e90\u6570\u7801PNL-U \u9ad8\u538b\u7cfb\u5217","catalog":"","handbook":"https:\/\/qiniu.punalei.cn\/uploads\/20250811\/6991e7a5b3190aa67ef71fc5ef74964e.pdf","agreement":"","drive":"","resource":""},{"id":330,"title":"\u4ea4\u6d41\u7535\u5b50\u8d1f\u8f7d","catalog":"","handbook":"https:\/\/qiniu.punalei.cn\/uploads\/20250811\/18ff267d1dc26e503128741d78be61d7.pdf","agreement":"","drive":"","resource":""},{"id":331,"title":"\u4ea4\u76f4\u6d41\u7535\u5b50\u8d1f\u8f7d","catalog":"","handbook":"https:\/\/qiniu.punalei.cn\/uploads\/20250811\/04725819a3c60dff3e1af918dc2ccaf2.pdf","agreement":"","drive":"","resource":""},{"id":332,"title":"\u5927\u529f\u7387\u76f4\u6d41\u7535\u5b50\u8d1f\u8f7d","catalog":"","handbook":"https:\/\/qiniu.punalei.cn\/uploads\/20250811\/639e5850541f700cdc64053f1d7a18a7.pdf","agreement":"","drive":"","resource":""},{"id":333,"title":"\u5927\u529f\u7387\u76f4\u6d41\u7535\u5b50\u8d1f\u8f7d","catalog":"","handbook":"https:\/\/qiniu.punalei.cn\/uploads\/20250811\/3c0024e1494ae6a3a5ee57c6e55308d8.pdf","agreement":"","drive":"","resource":""},{"id":337,"title":"\u5355\u76f8\u578bPNL300-C\u4ea4\u76f4\u6d41\u7cfb\u52170.2\u7ea7","catalog":"https:\/\/qiniu.punalei.cn\/uploads\/20250630\/9f6157e1177e99e4fe3674e8d06014a8.pdf","handbook":"https:\/\/qiniu.punalei.cn\/uploads\/20250811\/ed50ce8156e54152582ff3356228093d.pdf","agreement":"","drive":"","resource":"https:\/\/qiniu.punalei.cn\/uploads\/20250811\/ed50ce8156e54152582ff3356228093d.pdf"},{"id":338,"title":"\u80fd\u6548\u578bPNL300-E\u4ea4\u76f4\u6d41\u7cfb\u52170.2\u7ea7","catalog":"https:\/\/qiniu.punalei.cn\/uploads\/20250630\/9f6157e1177e99e4fe3674e8d06014a8.pdf","handbook":"https:\/\/qiniu.punalei.cn\/uploads\/20250811\/ed50ce8156e54152582ff3356228093d.pdf","agreement":"","drive":"","resource":"https:\/\/qiniu.punalei.cn\/uploads\/20250811\/ed50ce8156e54152582ff3356228093d.pdf"}]
---------------------------------------------------------------
[ 2026-03-25T00:46:53+08:00 ] 74.7.241.31 GET www.punalei.cn/ldcms/xiazaizhongxin.html
[ download ] [{"id":242,"name":"1-300V\/45-400Hz \u4ea4\u6d41\u53d8\u9891\u7535\u6e90 P9510\\15\\20\\30\\45\\60-\\TSS\u7cfb\u5217-\u4ea7\u54c1\u578b\u5f55","url":"https:\/\/qiniu.punalei.cn\/uploads\/20250630\/9f6157e1177e99e4fe3674e8d06014a8.pdf"},{"id":242,"name":"1-300V\/45-400Hz \u4ea4\u6d41\u53d8\u9891\u7535\u6e90 P9510\\15\\20\\30\\45\\60-\\TSS\u7cfb\u5217-\u7528\u6237\u624b\u518c","url":"https:\/\/qiniu.punalei.cn\/uploads\/20250630\/9f6157e1177e99e4fe3674e8d06014a8.pdf"},{"id":244,"name":"1-300V\/45-400Hz \u4ea4\u6d41\u53d8\u9891\u7535\u6e90 P9530\\60-\\GSD\\GSS\u7cfb\u5217-\u4ea7\u54c1\u578b\u5f55","url":"https:\/\/qiniu.punalei.cn\/uploads\/20250630\/9f6157e1177e99e4fe3674e8d06014a8.pdf"},{"id":244,"name":"1-300V\/45-400Hz \u4ea4\u6d41\u53d8\u9891\u7535\u6e90 P9530\\60-\\GSD\\GSS\u7cfb\u5217-\u7528\u6237\u624b\u518c","url":"https:\/\/qiniu.punalei.cn\/uploads\/20250630\/9f6157e1177e99e4fe3674e8d06014a8.pdf"},{"id":260,"name":"1-300V\/45-400Hz \u4ea4\u6d41\u53d8\u9891\u7535\u6e90 P9505\\10-\\D\u7cfb\u5217-\u4ea7\u54c1\u578b\u5f55","url":"https:\/\/qiniu.punalei.cn\/uploads\/20250630\/9f6157e1177e99e4fe3674e8d06014a8.pdf"},{"id":260,"name":"1-300V\/45-400Hz \u4ea4\u6d41\u53d8\u9891\u7535\u6e90 P9505\\10-\\D\u7cfb\u5217-\u7528\u6237\u624b\u518c","url":"https:\/\/qiniu.punalei.cn\/uploads\/20250630\/9f6157e1177e99e4fe3674e8d06014a8.pdf"},{"id":262,"name":"\u5355\u76f8\u578bPNL300-A\u4ea4\u6d41\u7cfb\u52170.2\u7ea7-\u4ea7\u54c1\u578b\u5f55","url":"https:\/\/qiniu.punalei.cn\/uploads\/20250630\/9f6157e1177e99e4fe3674e8d06014a8.pdf"},{"id":262,"name":"\u5355\u76f8\u578bPNL300-A\u4ea4\u6d41\u7cfb\u52170.2\u7ea7-\u7528\u6237\u624b\u518c","url":"https:\/\/qiniu.punalei.cn\/uploads\/20260309\/ed50ce8156e54152582ff3356228093d.pdf"},{"id":262,"name":"\u5355\u76f8\u578bPNL300-A\u4ea4\u6d41\u7cfb\u52170.2\u7ea7-\u5e94\u7528\u4ea7\u54c1\u8d44\u6599","url":"https:\/\/qiniu.punalei.cn\/uploads\/20250811\/ed50ce8156e54152582ff3356228093d.pdf"},{"id":263,"name":"\u6cc4\u6f0f\u7535\u6d41\u6d4b\u8bd5\u4eeaPNL2675\u7cfb\u5217-\u4ea7\u54c1\u578b\u5f55","url":"https:\/\/qiniu.punalei.cn\/uploads\/20250630\/9f6157e1177e99e4fe3674e8d06014a8.pdf"},{"id":263,"name":"\u6cc4\u6f0f\u7535\u6d41\u6d4b\u8bd5\u4eeaPNL2675\u7cfb\u5217-\u7528\u6237\u624b\u518c","url":"https:\/\/qiniu.punalei.cn\/uploads\/20250630\/9f6157e1177e99e4fe3674e8d06014a8.pdf"},{"id":264,"name":" \u63a5\u5730\u7535\u963b\u6d4b\u8bd5\u4eeaPNL2678XM\u7cfb\u5217-\u4ea7\u54c1\u578b\u5f55","url":"https:\/\/qiniu.punalei.cn\/uploads\/20250630\/9f6157e1177e99e4fe3674e8d06014a8.pdf"},{"id":264,"name":" \u63a5\u5730\u7535\u963b\u6d4b\u8bd5\u4eeaPNL2678XM\u7cfb\u5217-\u7528\u6237\u624b\u518c","url":"https:\/\/qiniu.punalei.cn\/uploads\/20250630\/9f6157e1177e99e4fe3674e8d06014a8.pdf"},{"id":268,"name":"\u591a\u901a\u9053\u76f4\u6d41\u7535\u963b\u6d4b\u8bd5\u4eeaPNL2818-X\u7cfb\u5217-\u4ea7\u54c1\u578b\u5f55","url":"https:\/\/qiniu.punalei.cn\/uploads\/20250630\/9f6157e1177e99e4fe3674e8d06014a8.pdf"},{"id":268,"name":"\u591a\u901a\u9053\u76f4\u6d41\u7535\u963b\u6d4b\u8bd5\u4eeaPNL2818-X\u7cfb\u5217-\u7528\u6237\u624b\u518c","url":"https:\/\/qiniu.punalei.cn\/uploads\/20250630\/9f6157e1177e99e4fe3674e8d06014a8.pdf"},{"id":270,"name":"\u76f4\u6d41\u7535\u963b\u6d4b\u8bd5\u4eeaPNL2511\u6570\u7801\u7cfb\u5217-\u4ea7\u54c1\u578b\u5f55","url":"https:\/\/qiniu.punalei.cn\/uploads\/20250630\/9f6157e1177e99e4fe3674e8d06014a8.pdf"},{"id":270,"name":"\u76f4\u6d41\u7535\u963b\u6d4b\u8bd5\u4eeaPNL2511\u6570\u7801\u7cfb\u5217-\u7528\u6237\u624b\u518c","url":"https:\/\/qiniu.punalei.cn\/uploads\/20250811\/405841dc3a1790083cdfb28d392a51b6.pdf"},{"id":271,"name":"\u591a\u8def\u6e29\u5ea6\u5de1\u68c0\u6d4b\u8bd5\u4eeaP2000-X PLUS\u7cfb\u5217-\u4ea7\u54c1\u578b\u5f55","url":"https:\/\/qiniu.punalei.cn\/uploads\/20250630\/9f6157e1177e99e4fe3674e8d06014a8.pdf"},{"id":271,"name":"\u591a\u8def\u6e29\u5ea6\u5de1\u68c0\u6d4b\u8bd5\u4eeaP2000-X PLUS\u7cfb\u5217-\u7528\u6237\u624b\u518c","url":"https:\/\/qiniu.punalei.cn\/uploads\/20250811\/88bebf25cc9f75277abfb9945aa00ebc.pdf"},{"id":272,"name":"\u624b\u6301\u591a\u8def\u6e29\u5ea6\u6d4b\u8bd5\u4eeaP300-S\u7cfb\u5217-\u4ea7\u54c1\u578b\u5f55","url":"https:\/\/qiniu.punalei.cn\/uploads\/20250630\/9f6157e1177e99e4fe3674e8d06014a8.pdf"},{"id":272,"name":"\u624b\u6301\u591a\u8def\u6e29\u5ea6\u6d4b\u8bd5\u4eeaP300-S\u7cfb\u5217-\u7528\u6237\u624b\u518c","url":"https:\/\/qiniu.punalei.cn\/uploads\/20250811\/4eeb7970b89981df90d0560b8dbe2ff8.pdf"},{"id":291,"name":"\u4e09\u76f8\u578bPNL300-S\u7cfb\u52170.2\u7ea7-\u7528\u6237\u624b\u518c","url":"https:\/\/qiniu.punalei.cn\/uploads\/20250811\/5f7e3f318e22f4a79790e06a66ac2625.pdf"},{"id":291,"name":"\u4e09\u76f8\u578bPNL300-S\u7cfb\u52170.2\u7ea7-\u5e94\u7528\u4ea7\u54c1\u8d44\u6599","url":"https:\/\/qiniu.punalei.cn\/uploads\/20250811\/5f7e3f318e22f4a79790e06a66ac2625.pdf"},{"id":295,"name":"\u5c0f\u529f\u7387\u76f4\u6d41\u7535\u5b50\u8d1f\u8f7d-\u7528\u6237\u624b\u518c","url":"https:\/\/qiniu.punalei.cn\/uploads\/20250811\/3c0024e1494ae6a3a5ee57c6e55308d8.pdf"},{"id":300,"name":"\u5927\u529f\u7387\u76f4\u6d41\u7535\u6e90\u6570\u7801PNL-Y 10kw-15kw\u7cfb\u5217-\u7528\u6237\u624b\u518c","url":"https:\/\/qiniu.punalei.cn\/uploads\/20250811\/6991e7a5b3190aa67ef71fc5ef74964e.pdf"},{"id":306,"name":"\u8010\u538b\u6d4b\u8bd5\u4eea10KV\u7cfb\u5217-\u4ea7\u54c1\u578b\u5f55","url":"https:\/\/qiniu.punalei.cn\/uploads\/20250630\/9f6157e1177e99e4fe3674e8d06014a8.pdf"},{"id":306,"name":"\u8010\u538b\u6d4b\u8bd5\u4eea10KV\u7cfb\u5217-\u7528\u6237\u624b\u518c","url":"https:\/\/qiniu.punalei.cn\/uploads\/20250630\/9f6157e1177e99e4fe3674e8d06014a8.pdf"},{"id":307,"name":"\u8010\u538b\u6d4b\u8bd5\u4eea20KV\u7cfb\u5217-\u4ea7\u54c1\u578b\u5f55","url":"https:\/\/qiniu.punalei.cn\/uploads\/20250630\/9f6157e1177e99e4fe3674e8d06014a8.pdf"},{"id":307,"name":"\u8010\u538b\u6d4b\u8bd5\u4eea20KV\u7cfb\u5217-\u7528\u6237\u624b\u518c","url":"https:\/\/qiniu.punalei.cn\/uploads\/20250630\/9f6157e1177e99e4fe3674e8d06014a8.pdf"},{"id":308,"name":"\u7a0b\u63a7\u8010\u538b\u7edd\u7f18PNL7110\\PNL7122\u7cfb\u5217-\u4ea7\u54c1\u578b\u5f55","url":"https:\/\/qiniu.punalei.cn\/uploads\/20250630\/9f6157e1177e99e4fe3674e8d06014a8.pdf"},{"id":308,"name":"\u7a0b\u63a7\u8010\u538b\u7edd\u7f18PNL7110\\PNL7122\u7cfb\u5217-\u7528\u6237\u624b\u518c","url":"https:\/\/qiniu.punalei.cn\/uploads\/20250630\/9f6157e1177e99e4fe3674e8d06014a8.pdf"},{"id":309,"name":"\u5b89\u5168\u7efc\u5408\u6027\u80fd\u5206\u6790\u4eeaPNL9950\u7cfb\u5217-\u4ea7\u54c1\u578b\u5f55","url":"https:\/\/qiniu.punalei.cn\/uploads\/20250630\/9f6157e1177e99e4fe3674e8d06014a8.pdf"},{"id":309,"name":"\u5b89\u5168\u7efc\u5408\u6027\u80fd\u5206\u6790\u4eeaPNL9950\u7cfb\u5217-\u7528\u6237\u624b\u518c","url":"https:\/\/qiniu.punalei.cn\/uploads\/20250630\/9f6157e1177e99e4fe3674e8d06014a8.pdf"},{"id":311,"name":"\u5355\u4e09\u76f8 - \u5b89\u5168\u7efc\u5408\u6027\u80fd\u5206\u6790\u4eeaPNL9950-C\u7cfb\u5217-\u4ea7\u54c1\u578b\u5f55","url":"https:\/\/qiniu.punalei.cn\/uploads\/20250630\/9f6157e1177e99e4fe3674e8d06014a8.pdf"},{"id":311,"name":"\u5355\u4e09\u76f8 - \u5b89\u5168\u7efc\u5408\u6027\u80fd\u5206\u6790\u4eeaPNL9950-C\u7cfb\u5217-\u7528\u6237\u624b\u518c","url":"https:\/\/qiniu.punalei.cn\/uploads\/20250630\/9f6157e1177e99e4fe3674e8d06014a8.pdf"},{"id":312,"name":"1-300V\/45-400Hz \u4ea4\u6d41\u53d8\u9891\u7535\u6e90 P9515\\20\\30\\45\\60-\\TSD\u7cfb\u5217-\u4ea7\u54c1\u578b\u5f55","url":"https:\/\/qiniu.punalei.cn\/uploads\/20250630\/9f6157e1177e99e4fe3674e8d06014a8.pdf"},{"id":312,"name":"1-300V\/45-400Hz \u4ea4\u6d41\u53d8\u9891\u7535\u6e90 P9515\\20\\30\\45\\60-\\TSD\u7cfb\u5217-\u7528\u6237\u624b\u518c","url":"https:\/\/qiniu.punalei.cn\/uploads\/20250630\/9f6157e1177e99e4fe3674e8d06014a8.pdf"},{"id":314,"name":"1-300V\/45-400Hz \u4ea4\u6d41\u53d8\u9891\u7535\u6e90 P9520\\30-\\D\u7cfb\u5217-\u4ea7\u54c1\u578b\u5f55","url":"https:\/\/qiniu.punalei.cn\/uploads\/20250630\/9f6157e1177e99e4fe3674e8d06014a8.pdf"},{"id":314,"name":"1-300V\/45-400Hz \u4ea4\u6d41\u53d8\u9891\u7535\u6e90 P9520\\30-\\D\u7cfb\u5217-\u7528\u6237\u624b\u518c","url":"https:\/\/qiniu.punalei.cn\/uploads\/20250630\/9f6157e1177e99e4fe3674e8d06014a8.pdf"},{"id":315,"name":"\u7edd\u7f18\u7535\u963b\u6d4b\u8bd5\u4eeaPNL2682N\u7cfb\u5217-\u4ea7\u54c1\u578b\u5f55","url":"https:\/\/qiniu.punalei.cn\/uploads\/20250630\/9f6157e1177e99e4fe3674e8d06014a8.pdf"},{"id":315,"name":"\u7edd\u7f18\u7535\u963b\u6d4b\u8bd5\u4eeaPNL2682N\u7cfb\u5217-\u7528\u6237\u624b\u518c","url":"https:\/\/qiniu.punalei.cn\/uploads\/20250811\/7c63757a23e5e98e594bf1b4bf50445a.pdf"},{"id":316,"name":"1-300V\/45-400Hz \u4ea4\u6d41\u53d8\u9891\u7535\u6e90 P9510\\15\\20-\\TD\u7cfb\u5217-\u4ea7\u54c1\u578b\u5f55","url":"https:\/\/qiniu.punalei.cn\/uploads\/20250630\/9f6157e1177e99e4fe3674e8d06014a8.pdf"},{"id":316,"name":"1-300V\/45-400Hz \u4ea4\u6d41\u53d8\u9891\u7535\u6e90 P9510\\15\\20-\\TD\u7cfb\u5217-\u7528\u6237\u624b\u518c","url":"https:\/\/qiniu.punalei.cn\/uploads\/20250630\/9f6157e1177e99e4fe3674e8d06014a8.pdf"},{"id":317,"name":"1-300V\/45-400Hz \u4ea4\u6d41\u53d8\u9891\u7535\u6e90 P9530\\50-\\G\\D\u7cfb\u5217-\u4ea7\u54c1\u578b\u5f55","url":"https:\/\/qiniu.punalei.cn\/uploads\/20250630\/9f6157e1177e99e4fe3674e8d06014a8.pdf"},{"id":317,"name":"1-300V\/45-400Hz \u4ea4\u6d41\u53d8\u9891\u7535\u6e90 P9530\\50-\\G\\D\u7cfb\u5217-\u7528\u6237\u624b\u518c","url":"https:\/\/qiniu.punalei.cn\/uploads\/20250630\/9f6157e1177e99e4fe3674e8d06014a8.pdf"},{"id":318,"name":"\u4e09\u76f8\u578b\u8c10\u6ce2PNL300-SX\u7cfb\u52170.2\u7ea7-\u7528\u6237\u624b\u518c","url":"https:\/\/qiniu.punalei.cn\/uploads\/20250811\/c3915be2288c668d42fab75c77d557b6.pdf"},{"id":318,"name":"\u4e09\u76f8\u578b\u8c10\u6ce2PNL300-SX\u7cfb\u52170.2\u7ea7-\u5e94\u7528\u4ea7\u54c1\u8d44\u6599","url":"https:\/\/qiniu.punalei.cn\/uploads\/20250811\/c3915be2288c668d42fab75c77d557b6.pdf"},{"id":319,"name":"\u7edd\u7f18\u7535\u963b\u6d4b\u8bd5\u4eeaPNL2683AL\u7cfb\u5217-\u4ea7\u54c1\u578b\u5f55","url":"https:\/\/qiniu.punalei.cn\/uploads\/20250630\/9f6157e1177e99e4fe3674e8d06014a8.pdf"},{"id":319,"name":"\u7edd\u7f18\u7535\u963b\u6d4b\u8bd5\u4eeaPNL2683AL\u7cfb\u5217-\u7528\u6237\u624b\u518c","url":"https:\/\/qiniu.punalei.cn\/uploads\/20250811\/29f9570871ea60e153dce0b05698a13e.pdf"},{"id":320,"name":"\u5bbd\u8303\u56f4\u76f4\u6d41\u7535\u963b\u6d4b\u8bd5\u4eeaPNL2513\/15\u7cfb\u5217-\u4ea7\u54c1\u578b\u5f55","url":"https:\/\/qiniu.punalei.cn\/uploads\/20250630\/9f6157e1177e99e4fe3674e8d06014a8.pdf"},{"id":320,"name":"\u5bbd\u8303\u56f4\u76f4\u6d41\u7535\u963b\u6d4b\u8bd5\u4eeaPNL2513\/15\u7cfb\u5217-\u7528\u6237\u624b\u518c","url":"https:\/\/qiniu.punalei.cn\/uploads\/20250811\/d94e60f7d79a2b3b6d9b106bf787c6db.pdf"},{"id":326,"name":"\u5927\u529f\u7387\u76f4\u6d41\u7535\u6e90\u6570\u7801PNL-Y 20kw-30kw\u7cfb\u5217-\u7528\u6237\u624b\u518c","url":"https:\/\/qiniu.punalei.cn\/uploads\/20250811\/6991e7a5b3190aa67ef71fc5ef74964e.pdf"},{"id":327,"name":"\u5927\u529f\u7387\u76f4\u6d41\u7535\u6e90\u6570\u7801PNL-Y 40kw-60kw\u7cfb\u5217-\u7528\u6237\u624b\u518c","url":"https:\/\/qiniu.punalei.cn\/uploads\/20250811\/6991e7a5b3190aa67ef71fc5ef74964e.pdf"},{"id":328,"name":"\u5927\u529f\u7387\u76f4\u6d41\u7535\u6e90\u6570\u7801PNL-Y 75kw-90kw\u7cfb\u5217-\u7528\u6237\u624b\u518c","url":"https:\/\/qiniu.punalei.cn\/uploads\/20250811\/6991e7a5b3190aa67ef71fc5ef74964e.pdf"},{"id":329,"name":"\u5927\u529f\u7387\u76f4\u6d41\u7535\u6e90\u6570\u7801PNL-U \u9ad8\u538b\u7cfb\u5217-\u7528\u6237\u624b\u518c","url":"https:\/\/qiniu.punalei.cn\/uploads\/20250811\/6991e7a5b3190aa67ef71fc5ef74964e.pdf"},{"id":330,"name":"\u4ea4\u6d41\u7535\u5b50\u8d1f\u8f7d-\u7528\u6237\u624b\u518c","url":"https:\/\/qiniu.punalei.cn\/uploads\/20250811\/18ff267d1dc26e503128741d78be61d7.pdf"},{"id":331,"name":"\u4ea4\u76f4\u6d41\u7535\u5b50\u8d1f\u8f7d-\u7528\u6237\u624b\u518c","url":"https:\/\/qiniu.punalei.cn\/uploads\/20250811\/04725819a3c60dff3e1af918dc2ccaf2.pdf"},{"id":332,"name":"\u5927\u529f\u7387\u76f4\u6d41\u7535\u5b50\u8d1f\u8f7d-\u7528\u6237\u624b\u518c","url":"https:\/\/qiniu.punalei.cn\/uploads\/20250811\/639e5850541f700cdc64053f1d7a18a7.pdf"},{"id":333,"name":"\u5927\u529f\u7387\u76f4\u6d41\u7535\u5b50\u8d1f\u8f7d-\u7528\u6237\u624b\u518c","url":"https:\/\/qiniu.punalei.cn\/uploads\/20250811\/3c0024e1494ae6a3a5ee57c6e55308d8.pdf"},{"id":337,"name":"\u5355\u76f8\u578bPNL300-C\u4ea4\u76f4\u6d41\u7cfb\u52170.2\u7ea7-\u4ea7\u54c1\u578b\u5f55","url":"https:\/\/qiniu.punalei.cn\/uploads\/20250630\/9f6157e1177e99e4fe3674e8d06014a8.pdf"},{"id":337,"name":"\u5355\u76f8\u578bPNL300-C\u4ea4\u76f4\u6d41\u7cfb\u52170.2\u7ea7-\u7528\u6237\u624b\u518c","url":"https:\/\/qiniu.punalei.cn\/uploads\/20250811\/ed50ce8156e54152582ff3356228093d.pdf"},{"id":337,"name":"\u5355\u76f8\u578bPNL300-C\u4ea4\u76f4\u6d41\u7cfb\u52170.2\u7ea7-\u5e94\u7528\u4ea7\u54c1\u8d44\u6599","url":"https:\/\/qiniu.punalei.cn\/uploads\/20250811\/ed50ce8156e54152582ff3356228093d.pdf"},{"id":338,"name":"\u80fd\u6548\u578bPNL300-E\u4ea4\u76f4\u6d41\u7cfb\u52170.2\u7ea7-\u4ea7\u54c1\u578b\u5f55","url":"https:\/\/qiniu.punalei.cn\/uploads\/20250630\/9f6157e1177e99e4fe3674e8d06014a8.pdf"},{"id":338,"name":"\u80fd\u6548\u578bPNL300-E\u4ea4\u76f4\u6d41\u7cfb\u52170.2\u7ea7-\u7528\u6237\u624b\u518c","url":"https:\/\/qiniu.punalei.cn\/uploads\/20250811\/ed50ce8156e54152582ff3356228093d.pdf"},{"id":338,"name":"\u80fd\u6548\u578bPNL300-E\u4ea4\u76f4\u6d41\u7cfb\u52170.2\u7ea7-\u5e94\u7528\u4ea7\u54c1\u8d44\u6599","url":"https:\/\/qiniu.punalei.cn\/uploads\/20250811\/ed50ce8156e54152582ff3356228093d.pdf"}]
---------------------------------------------------------------
[ 2026-03-25T00:47:04+08:00 ] 74.7.241.31 GET www.punalei.cn/ldcms/qiyexinwen.html
[ error ] [2]Undefined variable $content
[ error ] [2]Trying to access array offset on value of type null
---------------------------------------------------------------
[ 2026-03-25T00:47:17+08:00 ] 39.100.70.31 GET 120.24.147.77/
[ error ] [8192]preg_match(): Passing null to parameter #2 ($subject) of type string is deprecated
[ error ] [8192]preg_match(): Passing null to parameter #2 ($subject) of type string is deprecated
[ error ] [8192]preg_match(): Passing null to parameter #2 ($subject) of type string is deprecated
[ error ] [8192]preg_match(): Passing null to parameter #2 ($subject) of type string is deprecated
[ error ] [8192]preg_match(): Passing null to parameter #2 ($subject) of type string is deprecated
[ error ] [8192]preg_match(): Passing null to parameter #2 ($subject) of type string is deprecated
[ error ] [8192]preg_match(): Passing null to parameter #2 ($subject) of type string is deprecated
[ error ] [8192]preg_match(): Passing null to parameter #2 ($subject) of type string is deprecated
[ error ] [8192]Automatic conversion of false to array is deprecated
[ error ] [2]Undefined array key "title"
[ error ] [2]Undefined array key "title"
[ error ] [2]Undefined array key "title"
[ error ] [2]Undefined array key "title"
---------------------------------------------------------------
[ 2026-03-25T00:52:28+08:00 ] 43.156.202.34 GET www.punalei.cn/ldcms/zhiliudianyuanshumaxilie/328.html
[ error ] [8192]preg_match(): Passing null to parameter #2 ($subject) of type string is deprecated
[ error ] [8192]preg_match(): Passing null to parameter #2 ($subject) of type string is deprecated
[ error ] [8192]preg_match(): Passing null to parameter #2 ($subject) of type string is deprecated
[ error ] [8192]preg_match(): Passing null to parameter #2 ($subject) of type string is deprecated
[ error ] [8192]preg_match(): Passing null to parameter #2 ($subject) of type string is deprecated
[ error ] [8192]preg_match(): Passing null to parameter #2 ($subject) of type string is deprecated
[ error ] [8192]preg_match(): Passing null to parameter #2 ($subject) of type string is deprecated
[ error ] [8192]preg_match(): Passing null to parameter #2 ($subject) of type string is deprecated
[ error ] [8192]Automatic conversion of false to array is deprecated
---------------------------------------------------------------
[ 2026-03-25T00:56:16+08:00 ] 66.132.172.202 GET 120.24.147.77/favicon.ico
[ error ] [8192]preg_match(): Passing null to parameter #2 ($subject) of type string is deprecated
[ error ] [8192]preg_match(): Passing null to parameter #2 ($subject) of type string is deprecated
[ error ] [8192]preg_match(): Passing null to parameter #2 ($subject) of type string is deprecated
[ error ] [8192]preg_match(): Passing null to parameter #2 ($subject) of type string is deprecated
[ error ] [8192]preg_match(): Passing null to parameter #2 ($subject) of type string is deprecated
[ error ] [8192]preg_match(): Passing null to parameter #2 ($subject) of type string is deprecated
---------------------------------------------------------------
[ 2026-03-25T00:56:16+08:00 ] 66.132.172.202 GET 120.24.147.77/favicon.ico
[ error ] [8192]preg_match(): Passing null to parameter #2 ($subject) of type string is deprecated
[ error ] [8192]preg_match(): Passing null to parameter #2 ($subject) of type string is deprecated
[ error ] [8192]preg_match(): Passing null to parameter #2 ($subject) of type string is deprecated
[ error ] [8192]preg_match(): Passing null to parameter #2 ($subject) of type string is deprecated
[ error ] [8192]preg_match(): Passing null to parameter #2 ($subject) of type string is deprecated
[ error ] [8192]preg_match(): Passing null to parameter #2 ($subject) of type string is deprecated
---------------------------------------------------------------
[ 2026-03-25T00:56:20+08:00 ] 66.132.172.202 GET 120.24.147.77/qzeu1qrysdefi9ks
[ error ] [8192]preg_match(): Passing null to parameter #2 ($subject) of type string is deprecated
[ error ] [8192]preg_match(): Passing null to parameter #2 ($subject) of type string is deprecated
[ error ] [8192]preg_match(): Passing null to parameter #2 ($subject) of type string is deprecated
[ error ] [8192]preg_match(): Passing null to parameter #2 ($subject) of type string is deprecated
[ error ] [8192]preg_match(): Passing null to parameter #2 ($subject) of type string is deprecated
[ error ] [8192]preg_match(): Passing null to parameter #2 ($subject) of type string is deprecated
---------------------------------------------------------------
[ 2026-03-25T00:56:20+08:00 ] 66.132.172.202 GET 120.24.147.77/qzeu1qrysdefi9ks
[ error ] [8192]preg_match(): Passing null to parameter #2 ($subject) of type string is deprecated
[ error ] [8192]preg_match(): Passing null to parameter #2 ($subject) of type string is deprecated
[ error ] [8192]preg_match(): Passing null to parameter #2 ($subject) of type string is deprecated
[ error ] [8192]preg_match(): Passing null to parameter #2 ($subject) of type string is deprecated
[ error ] [8192]preg_match(): Passing null to parameter #2 ($subject) of type string is deprecated
[ error ] [8192]preg_match(): Passing null to parameter #2 ($subject) of type string is deprecated
---------------------------------------------------------------
[ 2026-03-25T00:58:44+08:00 ] 121.199.173.138 GET 120.24.147.77/
[ error ] [8192]preg_match(): Passing null to parameter #2 ($subject) of type string is deprecated
[ error ] [8192]preg_match(): Passing null to parameter #2 ($subject) of type string is deprecated
[ error ] [8192]preg_match(): Passing null to parameter #2 ($subject) of type string is deprecated
[ error ] [8192]preg_match(): Passing null to parameter #2 ($subject) of type string is deprecated
[ error ] [8192]preg_match(): Passing null to parameter #2 ($subject) of type string is deprecated
[ error ] [8192]preg_match(): Passing null to parameter #2 ($subject) of type string is deprecated
[ error ] [8192]preg_match(): Passing null to parameter #2 ($subject) of type string is deprecated
[ error ] [8192]preg_match(): Passing null to parameter #2 ($subject) of type string is deprecated
[ error ] [8192]Automatic conversion of false to array is deprecated
[ error ] [2]Undefined array key "title"
[ error ] [2]Undefined array key "title"
[ error ] [2]Undefined array key "title"
[ error ] [2]Undefined array key "title"
---------------------------------------------------------------
[ 2026-03-25T00:59:06+08:00 ] 121.199.173.138 GET 120.24.147.77/nmaplowercheck1774371546
[ error ] [8192]preg_match(): Passing null to parameter #2 ($subject) of type string is deprecated
[ error ] [8192]preg_match(): Passing null to parameter #2 ($subject) of type string is deprecated
[ error ] [8192]preg_match(): Passing null to parameter #2 ($subject) of type string is deprecated
[ error ] [8192]preg_match(): Passing null to parameter #2 ($subject) of type string is deprecated
[ error ] [8192]preg_match(): Passing null to parameter #2 ($subject) of type string is deprecated
[ error ] [8192]preg_match(): Passing null to parameter #2 ($subject) of type string is deprecated
---------------------------------------------------------------
[ 2026-03-25T00:59:06+08:00 ] 121.199.173.138 POST 120.24.147.77/sdk
[ error ] [8192]preg_match(): Passing null to parameter #2 ($subject) of type string is deprecated
[ error ] [8192]preg_match(): Passing null to parameter #2 ($subject) of type string is deprecated
[ error ] [8192]preg_match(): Passing null to parameter #2 ($subject) of type string is deprecated
[ error ] [8192]preg_match(): Passing null to parameter #2 ($subject) of type string is deprecated
[ error ] [8192]preg_match(): Passing null to parameter #2 ($subject) of type string is deprecated
[ error ] [8192]preg_match(): Passing null to parameter #2 ($subject) of type string is deprecated
---------------------------------------------------------------
[ 2026-03-25T00:59:06+08:00 ] 121.199.173.138 POST 120.24.147.77/sdk
[ error ] [8192]preg_match(): Passing null to parameter #2 ($subject) of type string is deprecated
[ error ] [8192]preg_match(): Passing null to parameter #2 ($subject) of type string is deprecated
[ error ] [8192]preg_match(): Passing null to parameter #2 ($subject) of type string is deprecated
[ error ] [8192]preg_match(): Passing null to parameter #2 ($subject) of type string is deprecated
[ error ] [8192]preg_match(): Passing null to parameter #2 ($subject) of type string is deprecated
[ error ] [8192]preg_match(): Passing null to parameter #2 ($subject) of type string is deprecated
---------------------------------------------------------------
[ 2026-03-25T00:59:06+08:00 ] 121.199.173.138 GET 120.24.147.77/sdk
[ error ] [8192]preg_match(): Passing null to parameter #2 ($subject) of type string is deprecated
[ error ] [8192]preg_match(): Passing null to parameter #2 ($subject) of type string is deprecated
[ error ] [8192]preg_match(): Passing null to parameter #2 ($subject) of type string is deprecated
[ error ] [8192]preg_match(): Passing null to parameter #2 ($subject) of type string is deprecated
[ error ] [8192]preg_match(): Passing null to parameter #2 ($subject) of type string is deprecated
[ error ] [8192]preg_match(): Passing null to parameter #2 ($subject) of type string is deprecated
---------------------------------------------------------------
[ 2026-03-25T00:59:06+08:00 ] 121.199.173.138 GET 120.24.147.77/nmaplowercheck1774371546
[ error ] [8192]preg_match(): Passing null to parameter #2 ($subject) of type string is deprecated
[ error ] [8192]preg_match(): Passing null to parameter #2 ($subject) of type string is deprecated
[ error ] [8192]preg_match(): Passing null to parameter #2 ($subject) of type string is deprecated
[ error ] [8192]preg_match(): Passing null to parameter #2 ($subject) of type string is deprecated
[ error ] [8192]preg_match(): Passing null to parameter #2 ($subject) of type string is deprecated
[ error ] [8192]preg_match(): Passing null to parameter #2 ($subject) of type string is deprecated
---------------------------------------------------------------
[ 2026-03-25T00:59:06+08:00 ] 121.199.173.138 GET 120.24.147.77/nmaplowercheck1774371546
[ error ] [8192]preg_match(): Passing null to parameter #2 ($subject) of type string is deprecated
[ error ] [8192]preg_match(): Passing null to parameter #2 ($subject) of type string is deprecated
[ error ] [8192]preg_match(): Passing null to parameter #2 ($subject) of type string is deprecated
[ error ] [8192]preg_match(): Passing null to parameter #2 ($subject) of type string is deprecated
[ error ] [8192]preg_match(): Passing null to parameter #2 ($subject) of type string is deprecated
[ error ] [8192]preg_match(): Passing null to parameter #2 ($subject) of type string is deprecated
---------------------------------------------------------------
[ 2026-03-25T00:59:06+08:00 ] 121.199.173.138 GET 120.24.147.77/sdk
[ error ] [8192]preg_match(): Passing null to parameter #2 ($subject) of type string is deprecated
[ error ] [8192]preg_match(): Passing null to parameter #2 ($subject) of type string is deprecated
[ error ] [8192]preg_match(): Passing null to parameter #2 ($subject) of type string is deprecated
[ error ] [8192]preg_match(): Passing null to parameter #2 ($subject) of type string is deprecated
[ error ] [8192]preg_match(): Passing null to parameter #2 ($subject) of type string is deprecated
[ error ] [8192]preg_match(): Passing null to parameter #2 ($subject) of type string is deprecated
---------------------------------------------------------------
[ 2026-03-25T00:59:06+08:00 ] 121.199.173.138 GET 120.24.147.77/nmaplowercheck1774371546
[ error ] [8192]preg_match(): Passing null to parameter #2 ($subject) of type string is deprecated
[ error ] [8192]preg_match(): Passing null to parameter #2 ($subject) of type string is deprecated
[ error ] [8192]preg_match(): Passing null to parameter #2 ($subject) of type string is deprecated
[ error ] [8192]preg_match(): Passing null to parameter #2 ($subject) of type string is deprecated
[ error ] [8192]preg_match(): Passing null to parameter #2 ($subject) of type string is deprecated
[ error ] [8192]preg_match(): Passing null to parameter #2 ($subject) of type string is deprecated
---------------------------------------------------------------
[ 2026-03-25T00:59:06+08:00 ] 121.199.173.138 GET 120.24.147.77/evox/about
[ error ] [8192]preg_match(): Passing null to parameter #2 ($subject) of type string is deprecated
[ error ] [8192]preg_match(): Passing null to parameter #2 ($subject) of type string is deprecated
[ error ] [8192]preg_match(): Passing null to parameter #2 ($subject) of type string is deprecated
[ error ] [8192]preg_match(): Passing null to parameter #2 ($subject) of type string is deprecated
[ error ] [8192]preg_match(): Passing null to parameter #2 ($subject) of type string is deprecated
[ error ] [8192]preg_match(): Passing null to parameter #2 ($subject) of type string is deprecated
---------------------------------------------------------------
[ 2026-03-25T00:59:06+08:00 ] 121.199.173.138 GET 120.24.147.77/evox/about
[ error ] [8192]preg_match(): Passing null to parameter #2 ($subject) of type string is deprecated
[ error ] [8192]preg_match(): Passing null to parameter #2 ($subject) of type string is deprecated
[ error ] [8192]preg_match(): Passing null to parameter #2 ($subject) of type string is deprecated
[ error ] [8192]preg_match(): Passing null to parameter #2 ($subject) of type string is deprecated
[ error ] [8192]preg_match(): Passing null to parameter #2 ($subject) of type string is deprecated
[ error ] [8192]preg_match(): Passing null to parameter #2 ($subject) of type string is deprecated
---------------------------------------------------------------
[ 2026-03-25T00:59:06+08:00 ] 121.199.173.138 GET 120.24.147.77/HNAP1
[ error ] [8192]preg_match(): Passing null to parameter #2 ($subject) of type string is deprecated
[ error ] [8192]preg_match(): Passing null to parameter #2 ($subject) of type string is deprecated
[ error ] [8192]preg_match(): Passing null to parameter #2 ($subject) of type string is deprecated
[ error ] [8192]preg_match(): Passing null to parameter #2 ($subject) of type string is deprecated
[ error ] [8192]preg_match(): Passing null to parameter #2 ($subject) of type string is deprecated
[ error ] [8192]preg_match(): Passing null to parameter #2 ($subject) of type string is deprecated
---------------------------------------------------------------
[ 2026-03-25T00:59:06+08:00 ] 121.199.173.138 GET 120.24.147.77/HNAP1
[ error ] [8192]preg_match(): Passing null to parameter #2 ($subject) of type string is deprecated
[ error ] [8192]preg_match(): Passing null to parameter #2 ($subject) of type string is deprecated
[ error ] [8192]preg_match(): Passing null to parameter #2 ($subject) of type string is deprecated
[ error ] [8192]preg_match(): Passing null to parameter #2 ($subject) of type string is deprecated
[ error ] [8192]preg_match(): Passing null to parameter #2 ($subject) of type string is deprecated
[ error ] [8192]preg_match(): Passing null to parameter #2 ($subject) of type string is deprecated
---------------------------------------------------------------
[ 2026-03-25T00:59:06+08:00 ] 121.199.173.138 GET 120.24.147.77/evox/about
[ error ] [8192]preg_match(): Passing null to parameter #2 ($subject) of type string is deprecated
[ error ] [8192]preg_match(): Passing null to parameter #2 ($subject) of type string is deprecated
[ error ] [8192]preg_match(): Passing null to parameter #2 ($subject) of type string is deprecated
[ error ] [8192]preg_match(): Passing null to parameter #2 ($subject) of type string is deprecated
[ error ] [8192]preg_match(): Passing null to parameter #2 ($subject) of type string is deprecated
[ error ] [8192]preg_match(): Passing null to parameter #2 ($subject) of type string is deprecated
---------------------------------------------------------------
[ 2026-03-25T00:59:06+08:00 ] 121.199.173.138 GET 120.24.147.77/HNAP1
[ error ] [8192]preg_match(): Passing null to parameter #2 ($subject) of type string is deprecated
[ error ] [8192]preg_match(): Passing null to parameter #2 ($subject) of type string is deprecated
[ error ] [8192]preg_match(): Passing null to parameter #2 ($subject) of type string is deprecated
[ error ] [8192]preg_match(): Passing null to parameter #2 ($subject) of type string is deprecated
[ error ] [8192]preg_match(): Passing null to parameter #2 ($subject) of type string is deprecated
[ error ] [8192]preg_match(): Passing null to parameter #2 ($subject) of type string is deprecated
---------------------------------------------------------------
[ 2026-03-25T00:59:06+08:00 ] 121.199.173.138 GET 120.24.147.77/evox/about
[ error ] [8192]preg_match(): Passing null to parameter #2 ($subject) of type string is deprecated
[ error ] [8192]preg_match(): Passing null to parameter #2 ($subject) of type string is deprecated
[ error ] [8192]preg_match(): Passing null to parameter #2 ($subject) of type string is deprecated
[ error ] [8192]preg_match(): Passing null to parameter #2 ($subject) of type string is deprecated
[ error ] [8192]preg_match(): Passing null to parameter #2 ($subject) of type string is deprecated
[ error ] [8192]preg_match(): Passing null to parameter #2 ($subject) of type string is deprecated
---------------------------------------------------------------
[ 2026-03-25T00:59:06+08:00 ] 121.199.173.138 GET 120.24.147.77/HNAP1
[ error ] [8192]preg_match(): Passing null to parameter #2 ($subject) of type string is deprecated
[ error ] [8192]preg_match(): Passing null to parameter #2 ($subject) of type string is deprecated
[ error ] [8192]preg_match(): Passing null to parameter #2 ($subject) of type string is deprecated
[ error ] [8192]preg_match(): Passing null to parameter #2 ($subject) of type string is deprecated
[ error ] [8192]preg_match(): Passing null to parameter #2 ($subject) of type string is deprecated
[ error ] [8192]preg_match(): Passing null to parameter #2 ($subject) of type string is deprecated
---------------------------------------------------------------
[ 2026-03-25T00:59:26+08:00 ] 121.199.173.138 GET 120.24.147.77/
[ error ] [8192]preg_match(): Passing null to parameter #2 ($subject) of type string is deprecated
[ error ] [8192]preg_match(): Passing null to parameter #2 ($subject) of type string is deprecated
[ error ] [8192]preg_match(): Passing null to parameter #2 ($subject) of type string is deprecated
[ error ] [8192]preg_match(): Passing null to parameter #2 ($subject) of type string is deprecated
[ error ] [8192]preg_match(): Passing null to parameter #2 ($subject) of type string is deprecated
[ error ] [8192]preg_match(): Passing null to parameter #2 ($subject) of type string is deprecated
[ error ] [8192]preg_match(): Passing null to parameter #2 ($subject) of type string is deprecated
[ error ] [8192]preg_match(): Passing null to parameter #2 ($subject) of type string is deprecated
[ error ] [8192]Automatic conversion of false to array is deprecated
[ error ] [8192]Automatic conversion of false to array is deprecated
[ error ] [2]Undefined array key "title"
[ error ] [2]Undefined array key "title"
[ error ] [2]Undefined array key "title"
[ error ] [2]Undefined array key "title"
---------------------------------------------------------------
[ 2026-03-25T00:59:26+08:00 ] 121.199.173.138 GET 120.24.147.77/
[ error ] [8192]preg_match(): Passing null to parameter #2 ($subject) of type string is deprecated
[ error ] [8192]preg_match(): Passing null to parameter #2 ($subject) of type string is deprecated
[ error ] [8192]preg_match(): Passing null to parameter #2 ($subject) of type string is deprecated
[ error ] [8192]preg_match(): Passing null to parameter #2 ($subject) of type string is deprecated
[ error ] [8192]preg_match(): Passing null to parameter #2 ($subject) of type string is deprecated
[ error ] [8192]preg_match(): Passing null to parameter #2 ($subject) of type string is deprecated
[ error ] [8192]preg_match(): Passing null to parameter #2 ($subject) of type string is deprecated
[ error ] [8192]preg_match(): Passing null to parameter #2 ($subject) of type string is deprecated
[ error ] [2]Undefined array key "title"
[ error ] [2]Undefined array key "title"
[ error ] [2]Undefined array key "title"
[ error ] [2]Undefined array key "title"
---------------------------------------------------------------
[ 2026-03-25T00:59:26+08:00 ] 121.199.173.138 GET 120.24.147.77/
[ error ] [8192]preg_match(): Passing null to parameter #2 ($subject) of type string is deprecated
[ error ] [8192]preg_match(): Passing null to parameter #2 ($subject) of type string is deprecated
[ error ] [8192]preg_match(): Passing null to parameter #2 ($subject) of type string is deprecated
[ error ] [8192]preg_match(): Passing null to parameter #2 ($subject) of type string is deprecated
[ error ] [8192]preg_match(): Passing null to parameter #2 ($subject) of type string is deprecated
[ error ] [8192]preg_match(): Passing null to parameter #2 ($subject) of type string is deprecated
[ error ] [8192]preg_match(): Passing null to parameter #2 ($subject) of type string is deprecated
[ error ] [8192]preg_match(): Passing null to parameter #2 ($subject) of type string is deprecated
[ error ] [8192]Automatic conversion of false to array is deprecated
[ error ] [2]Undefined array key "title"
[ error ] [2]Undefined array key "title"
[ error ] [2]Undefined array key "title"
[ error ] [2]Undefined array key "title"
---------------------------------------------------------------
[ 2026-03-25T01:04:01+08:00 ] 43.166.224.244 GET www.punalei.cn/ldcms/zhiliudianzuceshiyiPNL2511xilie/320.html
[ error ] [8192]preg_match(): Passing null to parameter #2 ($subject) of type string is deprecated
[ error ] [8192]preg_match(): Passing null to parameter #2 ($subject) of type string is deprecated
[ error ] [8192]preg_match(): Passing null to parameter #2 ($subject) of type string is deprecated
[ error ] [8192]preg_match(): Passing null to parameter #2 ($subject) of type string is deprecated
[ error ] [8192]preg_match(): Passing null to parameter #2 ($subject) of type string is deprecated
[ error ] [8192]preg_match(): Passing null to parameter #2 ($subject) of type string is deprecated
[ error ] [8192]preg_match(): Passing null to parameter #2 ($subject) of type string is deprecated
[ error ] [8192]preg_match(): Passing null to parameter #2 ($subject) of type string is deprecated
[ error ] [8192]Automatic conversion of false to array is deprecated
---------------------------------------------------------------
[ 2026-03-25T01:04:50+08:00 ] 111.33.154.219 HEAD punalei.cn/
[ error ] [8192]preg_match(): Passing null to parameter #2 ($subject) of type string is deprecated
[ error ] [8192]preg_match(): Passing null to parameter #2 ($subject) of type string is deprecated
[ error ] [8192]preg_match(): Passing null to parameter #2 ($subject) of type string is deprecated
[ error ] [8192]preg_match(): Passing null to parameter #2 ($subject) of type string is deprecated
[ error ] [8192]preg_match(): Passing null to parameter #2 ($subject) of type string is deprecated
[ error ] [8192]preg_match(): Passing null to parameter #2 ($subject) of type string is deprecated
[ error ] [8192]preg_match(): Passing null to parameter #2 ($subject) of type string is deprecated
[ error ] [8192]preg_match(): Passing null to parameter #2 ($subject) of type string is deprecated
[ error ] [8192]Automatic conversion of false to array is deprecated
[ error ] [2]Undefined array key "title"
[ error ] [2]Undefined array key "title"
[ error ] [2]Undefined array key "title"
[ error ] [2]Undefined array key "title"
---------------------------------------------------------------
[ 2026-03-25T01:15:02+08:00 ] 43.130.154.56 GET www.punalei.cn/index/user/index
[ error ] [8192]preg_match(): Passing null to parameter #2 ($subject) of type string is deprecated
[ error ] [8192]preg_match(): Passing null to parameter #2 ($subject) of type string is deprecated
[ error ] [8192]preg_match(): Passing null to parameter #2 ($subject) of type string is deprecated
[ error ] [8192]preg_match(): Passing null to parameter #2 ($subject) of type string is deprecated
[ error ] [8192]preg_match(): Passing null to parameter #2 ($subject) of type string is deprecated
[ error ] [8192]preg_match(): Passing null to parameter #2 ($subject) of type string is deprecated
---------------------------------------------------------------
[ 2026-03-25T01:23:43+08:00 ] 43.247.4.40 HEAD www.punalei.cn/
[ error ] [8192]preg_match(): Passing null to parameter #2 ($subject) of type string is deprecated
[ error ] [8192]preg_match(): Passing null to parameter #2 ($subject) of type string is deprecated
[ error ] [8192]preg_match(): Passing null to parameter #2 ($subject) of type string is deprecated
[ error ] [8192]preg_match(): Passing null to parameter #2 ($subject) of type string is deprecated
[ error ] [8192]preg_match(): Passing null to parameter #2 ($subject) of type string is deprecated
[ error ] [8192]preg_match(): Passing null to parameter #2 ($subject) of type string is deprecated
[ error ] [8192]preg_match(): Passing null to parameter #2 ($subject) of type string is deprecated
[ error ] [8192]preg_match(): Passing null to parameter #2 ($subject) of type string is deprecated
[ error ] [8192]Automatic conversion of false to array is deprecated
[ error ] [2]Undefined array key "title"
[ error ] [2]Undefined array key "title"
[ error ] [2]Undefined array key "title"
[ error ] [2]Undefined array key "title"
---------------------------------------------------------------
[ 2026-03-25T01:24:37+08:00 ] 170.106.37.134 GET www.punalei.cn/ldcms/zhiliudianzifuzai/330.html
[ error ] [8192]preg_match(): Passing null to parameter #2 ($subject) of type string is deprecated
[ error ] [8192]preg_match(): Passing null to parameter #2 ($subject) of type string is deprecated
[ error ] [8192]preg_match(): Passing null to parameter #2 ($subject) of type string is deprecated
[ error ] [8192]preg_match(): Passing null to parameter #2 ($subject) of type string is deprecated
[ error ] [8192]preg_match(): Passing null to parameter #2 ($subject) of type string is deprecated
[ error ] [8192]preg_match(): Passing null to parameter #2 ($subject) of type string is deprecated
[ error ] [8192]preg_match(): Passing null to parameter #2 ($subject) of type string is deprecated
[ error ] [8192]preg_match(): Passing null to parameter #2 ($subject) of type string is deprecated
[ error ] [8192]Automatic conversion of false to array is deprecated
---------------------------------------------------------------
[ 2026-03-25T01:26:43+08:00 ] 52.167.144.170 GET www.punalei.cn/ldcms/qiyexinwen/334.html
[ error ] [8192]preg_match(): Passing null to parameter #2 ($subject) of type string is deprecated
[ error ] [8192]preg_match(): Passing null to parameter #2 ($subject) of type string is deprecated
[ error ] [8192]preg_match(): Passing null to parameter #2 ($subject) of type string is deprecated
[ error ] [8192]preg_match(): Passing null to parameter #2 ($subject) of type string is deprecated
[ error ] [8192]preg_match(): Passing null to parameter #2 ($subject) of type string is deprecated
[ error ] [8192]preg_match(): Passing null to parameter #2 ($subject) of type string is deprecated
[ error ] [8192]preg_match(): Passing null to parameter #2 ($subject) of type string is deprecated
[ error ] [8192]preg_match(): Passing null to parameter #2 ($subject) of type string is deprecated
[ error ] [8192]Automatic conversion of false to array is deprecated
---------------------------------------------------------------
[ 2026-03-25T01:27:19+08:00 ] 172.234.217.192 GET 120.24.147.77/
[ error ] [8192]preg_match(): Passing null to parameter #2 ($subject) of type string is deprecated
[ error ] [8192]preg_match(): Passing null to parameter #2 ($subject) of type string is deprecated
[ error ] [8192]preg_match(): Passing null to parameter #2 ($subject) of type string is deprecated
[ error ] [8192]preg_match(): Passing null to parameter #2 ($subject) of type string is deprecated
[ error ] [8192]preg_match(): Passing null to parameter #2 ($subject) of type string is deprecated
[ error ] [8192]preg_match(): Passing null to parameter #2 ($subject) of type string is deprecated
[ error ] [8192]preg_match(): Passing null to parameter #2 ($subject) of type string is deprecated
[ error ] [8192]preg_match(): Passing null to parameter #2 ($subject) of type string is deprecated
[ error ] [8192]Automatic conversion of false to array is deprecated
[ error ] [2]Undefined array key "title"
[ error ] [2]Undefined array key "title"
[ error ] [2]Undefined array key "title"
[ error ] [2]Undefined array key "title"
---------------------------------------------------------------
[ 2026-03-25T01:30:28+08:00 ] 45.61.129.5 GET punalei.cn/.git/config
[ error ] [8192]preg_match(): Passing null to parameter #2 ($subject) of type string is deprecated
[ error ] [8192]preg_match(): Passing null to parameter #2 ($subject) of type string is deprecated
[ error ] [8192]preg_match(): Passing null to parameter #2 ($subject) of type string is deprecated
[ error ] [8192]preg_match(): Passing null to parameter #2 ($subject) of type string is deprecated
[ error ] [8192]preg_match(): Passing null to parameter #2 ($subject) of type string is deprecated
[ error ] [8192]preg_match(): Passing null to parameter #2 ($subject) of type string is deprecated
---------------------------------------------------------------
[ 2026-03-25T01:31:25+08:00 ] 34.76.68.11 GET 120.24.147.77/
[ error ] [8192]preg_match(): Passing null to parameter #2 ($subject) of type string is deprecated
[ error ] [8192]preg_match(): Passing null to parameter #2 ($subject) of type string is deprecated
[ error ] [8192]preg_match(): Passing null to parameter #2 ($subject) of type string is deprecated
[ error ] [8192]preg_match(): Passing null to parameter #2 ($subject) of type string is deprecated
[ error ] [8192]preg_match(): Passing null to parameter #2 ($subject) of type string is deprecated
[ error ] [8192]preg_match(): Passing null to parameter #2 ($subject) of type string is deprecated
[ error ] [8192]preg_match(): Passing null to parameter #2 ($subject) of type string is deprecated
[ error ] [8192]preg_match(): Passing null to parameter #2 ($subject) of type string is deprecated
[ error ] [8192]Automatic conversion of false to array is deprecated
[ error ] [2]Undefined array key "title"
[ error ] [2]Undefined array key "title"
[ error ] [2]Undefined array key "title"
[ error ] [2]Undefined array key "title"
---------------------------------------------------------------
[ 2026-03-25T01:33:14+08:00 ] 43.156.228.27 GET www.punalei.cn/ldcms/ceshi/322.html
[ error ] [8192]preg_match(): Passing null to parameter #2 ($subject) of type string is deprecated
[ error ] [8192]preg_match(): Passing null to parameter #2 ($subject) of type string is deprecated
[ error ] [8192]preg_match(): Passing null to parameter #2 ($subject) of type string is deprecated
[ error ] [8192]preg_match(): Passing null to parameter #2 ($subject) of type string is deprecated
[ error ] [8192]preg_match(): Passing null to parameter #2 ($subject) of type string is deprecated
[ error ] [8192]preg_match(): Passing null to parameter #2 ($subject) of type string is deprecated
[ error ] [8192]preg_match(): Passing null to parameter #2 ($subject) of type string is deprecated
[ error ] [8192]preg_match(): Passing null to parameter #2 ($subject) of type string is deprecated
[ error ] [8192]Automatic conversion of false to array is deprecated
---------------------------------------------------------------
[ 2026-03-25T01:33:45+08:00 ] 45.33.14.5 GET 120.24.147.77/
[ error ] [8192]preg_match(): Passing null to parameter #2 ($subject) of type string is deprecated
[ error ] [8192]preg_match(): Passing null to parameter #2 ($subject) of type string is deprecated
[ error ] [8192]preg_match(): Passing null to parameter #2 ($subject) of type string is deprecated
[ error ] [8192]preg_match(): Passing null to parameter #2 ($subject) of type string is deprecated
[ error ] [8192]preg_match(): Passing null to parameter #2 ($subject) of type string is deprecated
[ error ] [8192]preg_match(): Passing null to parameter #2 ($subject) of type string is deprecated
[ error ] [8192]preg_match(): Passing null to parameter #2 ($subject) of type string is deprecated
[ error ] [8192]preg_match(): Passing null to parameter #2 ($subject) of type string is deprecated
[ error ] [8192]Automatic conversion of false to array is deprecated
[ error ] [2]Undefined array key "title"
[ error ] [2]Undefined array key "title"
[ error ] [2]Undefined array key "title"
[ error ] [2]Undefined array key "title"
---------------------------------------------------------------
[ 2026-03-25T01:43:17+08:00 ] 43.153.58.28 GET www.punalei.cn/ldcms/sanxiangjiaoliubianpindianyuan/244.html
[ error ] [8192]preg_match(): Passing null to parameter #2 ($subject) of type string is deprecated
[ error ] [8192]preg_match(): Passing null to parameter #2 ($subject) of type string is deprecated
[ error ] [8192]preg_match(): Passing null to parameter #2 ($subject) of type string is deprecated
[ error ] [8192]preg_match(): Passing null to parameter #2 ($subject) of type string is deprecated
[ error ] [8192]preg_match(): Passing null to parameter #2 ($subject) of type string is deprecated
[ error ] [8192]preg_match(): Passing null to parameter #2 ($subject) of type string is deprecated
[ error ] [8192]preg_match(): Passing null to parameter #2 ($subject) of type string is deprecated
[ error ] [8192]preg_match(): Passing null to parameter #2 ($subject) of type string is deprecated
[ error ] [8192]Automatic conversion of false to array is deprecated
---------------------------------------------------------------
[ 2026-03-25T01:44:33+08:00 ] 31.58.214.23 GET 120.24.147.77/terraform.tfstate.backup
[ error ] [8192]preg_match(): Passing null to parameter #2 ($subject) of type string is deprecated
[ error ] [8192]preg_match(): Passing null to parameter #2 ($subject) of type string is deprecated
[ error ] [8192]preg_match(): Passing null to parameter #2 ($subject) of type string is deprecated
[ error ] [8192]preg_match(): Passing null to parameter #2 ($subject) of type string is deprecated
[ error ] [8192]preg_match(): Passing null to parameter #2 ($subject) of type string is deprecated
[ error ] [8192]preg_match(): Passing null to parameter #2 ($subject) of type string is deprecated
---------------------------------------------------------------
[ 2026-03-25T01:44:33+08:00 ] 31.58.214.23 GET 120.24.147.77/terraform.tfstate.backup
[ error ] [8192]preg_match(): Passing null to parameter #2 ($subject) of type string is deprecated
[ error ] [8192]preg_match(): Passing null to parameter #2 ($subject) of type string is deprecated
[ error ] [8192]preg_match(): Passing null to parameter #2 ($subject) of type string is deprecated
[ error ] [8192]preg_match(): Passing null to parameter #2 ($subject) of type string is deprecated
[ error ] [8192]preg_match(): Passing null to parameter #2 ($subject) of type string is deprecated
[ error ] [8192]preg_match(): Passing null to parameter #2 ($subject) of type string is deprecated
---------------------------------------------------------------
[ 2026-03-25T01:47:27+08:00 ] 66.228.53.4 GET 120.24.147.77/
[ error ] [8192]preg_match(): Passing null to parameter #2 ($subject) of type string is deprecated
[ error ] [8192]preg_match(): Passing null to parameter #2 ($subject) of type string is deprecated
[ error ] [8192]preg_match(): Passing null to parameter #2 ($subject) of type string is deprecated
[ error ] [8192]preg_match(): Passing null to parameter #2 ($subject) of type string is deprecated
[ error ] [8192]preg_match(): Passing null to parameter #2 ($subject) of type string is deprecated
[ error ] [8192]preg_match(): Passing null to parameter #2 ($subject) of type string is deprecated
[ error ] [8192]preg_match(): Passing null to parameter #2 ($subject) of type string is deprecated
[ error ] [8192]preg_match(): Passing null to parameter #2 ($subject) of type string is deprecated
[ error ] [8192]Automatic conversion of false to array is deprecated
[ error ] [2]Undefined array key "title"
[ error ] [2]Undefined array key "title"
[ error ] [2]Undefined array key "title"
[ error ] [2]Undefined array key "title"
---------------------------------------------------------------
[ 2026-03-25T01:49:01+08:00 ] 45.79.172.21 GET 120.24.147.77/
[ error ] [8192]preg_match(): Passing null to parameter #2 ($subject) of type string is deprecated
[ error ] [8192]preg_match(): Passing null to parameter #2 ($subject) of type string is deprecated
[ error ] [8192]preg_match(): Passing null to parameter #2 ($subject) of type string is deprecated
[ error ] [8192]preg_match(): Passing null to parameter #2 ($subject) of type string is deprecated
[ error ] [8192]preg_match(): Passing null to parameter #2 ($subject) of type string is deprecated
[ error ] [8192]preg_match(): Passing null to parameter #2 ($subject) of type string is deprecated
[ error ] [8192]preg_match(): Passing null to parameter #2 ($subject) of type string is deprecated
[ error ] [8192]preg_match(): Passing null to parameter #2 ($subject) of type string is deprecated
[ error ] [8192]Automatic conversion of false to array is deprecated
[ error ] [2]Undefined array key "title"
[ error ] [2]Undefined array key "title"
[ error ] [2]Undefined array key "title"
[ error ] [2]Undefined array key "title"
---------------------------------------------------------------
[ 2026-03-25T01:49:45+08:00 ] 84.32.34.42 GET 120.24.147.77/
[ error ] [8192]preg_match(): Passing null to parameter #2 ($subject) of type string is deprecated
[ error ] [8192]preg_match(): Passing null to parameter #2 ($subject) of type string is deprecated
[ error ] [8192]preg_match(): Passing null to parameter #2 ($subject) of type string is deprecated
[ error ] [8192]preg_match(): Passing null to parameter #2 ($subject) of type string is deprecated
[ error ] [8192]preg_match(): Passing null to parameter #2 ($subject) of type string is deprecated
[ error ] [8192]preg_match(): Passing null to parameter #2 ($subject) of type string is deprecated
[ error ] [8192]preg_match(): Passing null to parameter #2 ($subject) of type string is deprecated
[ error ] [8192]preg_match(): Passing null to parameter #2 ($subject) of type string is deprecated
[ error ] [8192]Automatic conversion of false to array is deprecated
[ error ] [2]Undefined array key "title"
[ error ] [2]Undefined array key "title"
[ error ] [2]Undefined array key "title"
[ error ] [2]Undefined array key "title"
---------------------------------------------------------------
[ 2026-03-25T01:50:48+08:00 ] 45.79.181.104 GET 120.24.147.77/
[ error ] [8192]preg_match(): Passing null to parameter #2 ($subject) of type string is deprecated
[ error ] [8192]preg_match(): Passing null to parameter #2 ($subject) of type string is deprecated
[ error ] [8192]preg_match(): Passing null to parameter #2 ($subject) of type string is deprecated
[ error ] [8192]preg_match(): Passing null to parameter #2 ($subject) of type string is deprecated
[ error ] [8192]preg_match(): Passing null to parameter #2 ($subject) of type string is deprecated
[ error ] [8192]preg_match(): Passing null to parameter #2 ($subject) of type string is deprecated
[ error ] [8192]preg_match(): Passing null to parameter #2 ($subject) of type string is deprecated
[ error ] [8192]preg_match(): Passing null to parameter #2 ($subject) of type string is deprecated
[ error ] [8192]Automatic conversion of false to array is deprecated
[ error ] [2]Undefined array key "title"
[ error ] [2]Undefined array key "title"
[ error ] [2]Undefined array key "title"
[ error ] [2]Undefined array key "title"
---------------------------------------------------------------
[ 2026-03-25T01:54:08+08:00 ] 43.130.78.203 GET www.punalei.cn/ldcms/ceshi/324.html
[ error ] [8192]preg_match(): Passing null to parameter #2 ($subject) of type string is deprecated
[ error ] [8192]preg_match(): Passing null to parameter #2 ($subject) of type string is deprecated
[ error ] [8192]preg_match(): Passing null to parameter #2 ($subject) of type string is deprecated
[ error ] [8192]preg_match(): Passing null to parameter #2 ($subject) of type string is deprecated
[ error ] [8192]preg_match(): Passing null to parameter #2 ($subject) of type string is deprecated
[ error ] [8192]preg_match(): Passing null to parameter #2 ($subject) of type string is deprecated
[ error ] [8192]preg_match(): Passing null to parameter #2 ($subject) of type string is deprecated
[ error ] [8192]preg_match(): Passing null to parameter #2 ($subject) of type string is deprecated
[ error ] [8192]Automatic conversion of false to array is deprecated
---------------------------------------------------------------
[ 2026-03-25T02:00:06+08:00 ] 66.132.195.48 GET 120.24.147.77/favicon.ico
[ error ] [8192]preg_match(): Passing null to parameter #2 ($subject) of type string is deprecated
[ error ] [8192]preg_match(): Passing null to parameter #2 ($subject) of type string is deprecated
[ error ] [8192]preg_match(): Passing null to parameter #2 ($subject) of type string is deprecated
[ error ] [8192]preg_match(): Passing null to parameter #2 ($subject) of type string is deprecated
[ error ] [8192]preg_match(): Passing null to parameter #2 ($subject) of type string is deprecated
[ error ] [8192]preg_match(): Passing null to parameter #2 ($subject) of type string is deprecated
---------------------------------------------------------------
[ 2026-03-25T02:00:06+08:00 ] 66.132.195.48 GET 120.24.147.77/favicon.ico
[ error ] [8192]preg_match(): Passing null to parameter #2 ($subject) of type string is deprecated
[ error ] [8192]preg_match(): Passing null to parameter #2 ($subject) of type string is deprecated
[ error ] [8192]preg_match(): Passing null to parameter #2 ($subject) of type string is deprecated
[ error ] [8192]preg_match(): Passing null to parameter #2 ($subject) of type string is deprecated
[ error ] [8192]preg_match(): Passing null to parameter #2 ($subject) of type string is deprecated
[ error ] [8192]preg_match(): Passing null to parameter #2 ($subject) of type string is deprecated
---------------------------------------------------------------
[ 2026-03-25T02:00:06+08:00 ] 66.132.195.48 GET 120.24.147.77/g3bznvkfrq0c
[ error ] [8192]preg_match(): Passing null to parameter #2 ($subject) of type string is deprecated
[ error ] [8192]preg_match(): Passing null to parameter #2 ($subject) of type string is deprecated
[ error ] [8192]preg_match(): Passing null to parameter #2 ($subject) of type string is deprecated
[ error ] [8192]preg_match(): Passing null to parameter #2 ($subject) of type string is deprecated
[ error ] [8192]preg_match(): Passing null to parameter #2 ($subject) of type string is deprecated
[ error ] [8192]preg_match(): Passing null to parameter #2 ($subject) of type string is deprecated
---------------------------------------------------------------
[ 2026-03-25T02:00:06+08:00 ] 66.132.195.48 GET 120.24.147.77/g3bznvkfrq0c
[ error ] [8192]preg_match(): Passing null to parameter #2 ($subject) of type string is deprecated
[ error ] [8192]preg_match(): Passing null to parameter #2 ($subject) of type string is deprecated
[ error ] [8192]preg_match(): Passing null to parameter #2 ($subject) of type string is deprecated
[ error ] [8192]preg_match(): Passing null to parameter #2 ($subject) of type string is deprecated
[ error ] [8192]preg_match(): Passing null to parameter #2 ($subject) of type string is deprecated
[ error ] [8192]preg_match(): Passing null to parameter #2 ($subject) of type string is deprecated
---------------------------------------------------------------
[ 2026-03-25T02:01:18+08:00 ] 66.132.186.167 GET 120.24.147.77/
[ error ] [8192]preg_match(): Passing null to parameter #2 ($subject) of type string is deprecated
[ error ] [8192]preg_match(): Passing null to parameter #2 ($subject) of type string is deprecated
[ error ] [8192]preg_match(): Passing null to parameter #2 ($subject) of type string is deprecated
[ error ] [8192]preg_match(): Passing null to parameter #2 ($subject) of type string is deprecated
[ error ] [8192]preg_match(): Passing null to parameter #2 ($subject) of type string is deprecated
[ error ] [8192]preg_match(): Passing null to parameter #2 ($subject) of type string is deprecated
[ error ] [8192]preg_match(): Passing null to parameter #2 ($subject) of type string is deprecated
[ error ] [8192]preg_match(): Passing null to parameter #2 ($subject) of type string is deprecated
[ error ] [8192]Automatic conversion of false to array is deprecated
[ error ] [2]Undefined array key "title"
[ error ] [2]Undefined array key "title"
[ error ] [2]Undefined array key "title"
[ error ] [2]Undefined array key "title"
---------------------------------------------------------------
[ 2026-03-25T02:01:33+08:00 ] 66.132.186.167 GET 120.24.147.77/favicon.ico
[ error ] [8192]preg_match(): Passing null to parameter #2 ($subject) of type string is deprecated
[ error ] [8192]preg_match(): Passing null to parameter #2 ($subject) of type string is deprecated
[ error ] [8192]preg_match(): Passing null to parameter #2 ($subject) of type string is deprecated
[ error ] [8192]preg_match(): Passing null to parameter #2 ($subject) of type string is deprecated
[ error ] [8192]preg_match(): Passing null to parameter #2 ($subject) of type string is deprecated
[ error ] [8192]preg_match(): Passing null to parameter #2 ($subject) of type string is deprecated
---------------------------------------------------------------
[ 2026-03-25T02:01:33+08:00 ] 66.132.186.167 GET 120.24.147.77/favicon.ico
[ error ] [8192]preg_match(): Passing null to parameter #2 ($subject) of type string is deprecated
[ error ] [8192]preg_match(): Passing null to parameter #2 ($subject) of type string is deprecated
[ error ] [8192]preg_match(): Passing null to parameter #2 ($subject) of type string is deprecated
[ error ] [8192]preg_match(): Passing null to parameter #2 ($subject) of type string is deprecated
[ error ] [8192]preg_match(): Passing null to parameter #2 ($subject) of type string is deprecated
[ error ] [8192]preg_match(): Passing null to parameter #2 ($subject) of type string is deprecated
---------------------------------------------------------------
[ 2026-03-25T02:02:52+08:00 ] 66.132.186.167 GET 120.24.147.77/wiki
[ error ] [8192]preg_match(): Passing null to parameter #2 ($subject) of type string is deprecated
[ error ] [8192]preg_match(): Passing null to parameter #2 ($subject) of type string is deprecated
[ error ] [8192]preg_match(): Passing null to parameter #2 ($subject) of type string is deprecated
[ error ] [8192]preg_match(): Passing null to parameter #2 ($subject) of type string is deprecated
[ error ] [8192]preg_match(): Passing null to parameter #2 ($subject) of type string is deprecated
[ error ] [8192]preg_match(): Passing null to parameter #2 ($subject) of type string is deprecated
---------------------------------------------------------------
[ 2026-03-25T02:02:52+08:00 ] 66.132.186.167 GET 120.24.147.77/wiki
[ error ] [8192]preg_match(): Passing null to parameter #2 ($subject) of type string is deprecated
[ error ] [8192]preg_match(): Passing null to parameter #2 ($subject) of type string is deprecated
[ error ] [8192]preg_match(): Passing null to parameter #2 ($subject) of type string is deprecated
[ error ] [8192]preg_match(): Passing null to parameter #2 ($subject) of type string is deprecated
[ error ] [8192]preg_match(): Passing null to parameter #2 ($subject) of type string is deprecated
[ error ] [8192]preg_match(): Passing null to parameter #2 ($subject) of type string is deprecated
---------------------------------------------------------------
[ 2026-03-25T02:04:00+08:00 ] 49.51.183.84 GET www.punalei.cn/ldcms/ceshi/323.html
[ error ] [8192]preg_match(): Passing null to parameter #2 ($subject) of type string is deprecated
[ error ] [8192]preg_match(): Passing null to parameter #2 ($subject) of type string is deprecated
[ error ] [8192]preg_match(): Passing null to parameter #2 ($subject) of type string is deprecated
[ error ] [8192]preg_match(): Passing null to parameter #2 ($subject) of type string is deprecated
[ error ] [8192]preg_match(): Passing null to parameter #2 ($subject) of type string is deprecated
[ error ] [8192]preg_match(): Passing null to parameter #2 ($subject) of type string is deprecated
[ error ] [8192]preg_match(): Passing null to parameter #2 ($subject) of type string is deprecated
[ error ] [8192]preg_match(): Passing null to parameter #2 ($subject) of type string is deprecated
[ error ] [8192]Automatic conversion of false to array is deprecated
---------------------------------------------------------------
[ 2026-03-25T02:04:24+08:00 ] 20.118.225.19 GET 120.24.147.77/
[ error ] [8192]preg_match(): Passing null to parameter #2 ($subject) of type string is deprecated
[ error ] [8192]preg_match(): Passing null to parameter #2 ($subject) of type string is deprecated
[ error ] [8192]preg_match(): Passing null to parameter #2 ($subject) of type string is deprecated
[ error ] [8192]preg_match(): Passing null to parameter #2 ($subject) of type string is deprecated
[ error ] [8192]preg_match(): Passing null to parameter #2 ($subject) of type string is deprecated
[ error ] [8192]preg_match(): Passing null to parameter #2 ($subject) of type string is deprecated
[ error ] [8192]preg_match(): Passing null to parameter #2 ($subject) of type string is deprecated
[ error ] [8192]preg_match(): Passing null to parameter #2 ($subject) of type string is deprecated
[ error ] [8192]Automatic conversion of false to array is deprecated
[ error ] [2]Undefined array key "title"
[ error ] [2]Undefined array key "title"
[ error ] [2]Undefined array key "title"
[ error ] [2]Undefined array key "title"
---------------------------------------------------------------
[ 2026-03-25T02:13:31+08:00 ] 162.62.213.187 GET www.punalei.cn/index/user/login.html
[ error ] [8192]preg_match(): Passing null to parameter #2 ($subject) of type string is deprecated
[ error ] [8192]preg_match(): Passing null to parameter #2 ($subject) of type string is deprecated
[ error ] [8192]preg_match(): Passing null to parameter #2 ($subject) of type string is deprecated
[ error ] [8192]preg_match(): Passing null to parameter #2 ($subject) of type string is deprecated
[ error ] [8192]preg_match(): Passing null to parameter #2 ($subject) of type string is deprecated
[ error ] [8192]preg_match(): Passing null to parameter #2 ($subject) of type string is deprecated
---------------------------------------------------------------
[ 2026-03-25T02:23:40+08:00 ] 18.218.118.203 GET 120.24.147.77/
[ error ] [8192]preg_match(): Passing null to parameter #2 ($subject) of type string is deprecated
[ error ] [8192]preg_match(): Passing null to parameter #2 ($subject) of type string is deprecated
[ error ] [8192]preg_match(): Passing null to parameter #2 ($subject) of type string is deprecated
[ error ] [8192]preg_match(): Passing null to parameter #2 ($subject) of type string is deprecated
[ error ] [8192]preg_match(): Passing null to parameter #2 ($subject) of type string is deprecated
[ error ] [8192]preg_match(): Passing null to parameter #2 ($subject) of type string is deprecated
[ error ] [8192]preg_match(): Passing null to parameter #2 ($subject) of type string is deprecated
[ error ] [8192]preg_match(): Passing null to parameter #2 ($subject) of type string is deprecated
[ error ] [8192]Automatic conversion of false to array is deprecated
[ error ] [2]Undefined array key "title"
[ error ] [2]Undefined array key "title"
[ error ] [2]Undefined array key "title"
[ error ] [2]Undefined array key "title"
---------------------------------------------------------------
[ 2026-03-25T02:24:32+08:00 ] 18.218.118.203 GET 120.24.147.77/
[ error ] [8192]preg_match(): Passing null to parameter #2 ($subject) of type string is deprecated
[ error ] [8192]preg_match(): Passing null to parameter #2 ($subject) of type string is deprecated
[ error ] [8192]preg_match(): Passing null to parameter #2 ($subject) of type string is deprecated
[ error ] [8192]preg_match(): Passing null to parameter #2 ($subject) of type string is deprecated
[ error ] [8192]preg_match(): Passing null to parameter #2 ($subject) of type string is deprecated
[ error ] [8192]preg_match(): Passing null to parameter #2 ($subject) of type string is deprecated
[ error ] [8192]preg_match(): Passing null to parameter #2 ($subject) of type string is deprecated
[ error ] [8192]preg_match(): Passing null to parameter #2 ($subject) of type string is deprecated
[ error ] [8192]Automatic conversion of false to array is deprecated
[ error ] [2]Undefined array key "title"
[ error ] [2]Undefined array key "title"
[ error ] [2]Undefined array key "title"
[ error ] [2]Undefined array key "title"
---------------------------------------------------------------
[ 2026-03-25T02:28:04+08:00 ] 185.12.59.118 GET 120.24.147.77/
[ error ] [8192]preg_match(): Passing null to parameter #2 ($subject) of type string is deprecated
[ error ] [8192]preg_match(): Passing null to parameter #2 ($subject) of type string is deprecated
[ error ] [8192]preg_match(): Passing null to parameter #2 ($subject) of type string is deprecated
[ error ] [8192]preg_match(): Passing null to parameter #2 ($subject) of type string is deprecated
[ error ] [8192]preg_match(): Passing null to parameter #2 ($subject) of type string is deprecated
[ error ] [8192]preg_match(): Passing null to parameter #2 ($subject) of type string is deprecated
[ error ] [8192]preg_match(): Passing null to parameter #2 ($subject) of type string is deprecated
[ error ] [8192]preg_match(): Passing null to parameter #2 ($subject) of type string is deprecated
[ error ] [8192]Automatic conversion of false to array is deprecated
[ error ] [2]Undefined array key "title"
[ error ] [2]Undefined array key "title"
[ error ] [2]Undefined array key "title"
[ error ] [2]Undefined array key "title"
---------------------------------------------------------------
[ 2026-03-25T02:37:14+08:00 ] 121.41.165.169 GET 120.24.147.77/
[ error ] [8192]preg_match(): Passing null to parameter #2 ($subject) of type string is deprecated
[ error ] [8192]preg_match(): Passing null to parameter #2 ($subject) of type string is deprecated
[ error ] [8192]preg_match(): Passing null to parameter #2 ($subject) of type string is deprecated
[ error ] [8192]preg_match(): Passing null to parameter #2 ($subject) of type string is deprecated
[ error ] [8192]preg_match(): Passing null to parameter #2 ($subject) of type string is deprecated
[ error ] [8192]preg_match(): Passing null to parameter #2 ($subject) of type string is deprecated
[ error ] [8192]preg_match(): Passing null to parameter #2 ($subject) of type string is deprecated
[ error ] [8192]preg_match(): Passing null to parameter #2 ($subject) of type string is deprecated
[ error ] [8192]Automatic conversion of false to array is deprecated
[ error ] [2]Undefined array key "title"
[ error ] [2]Undefined array key "title"
[ error ] [2]Undefined array key "title"
[ error ] [2]Undefined array key "title"
---------------------------------------------------------------
[ 2026-03-25T02:37:36+08:00 ] 121.41.165.169 GET 120.24.147.77/nmaplowercheck1774377456
[ error ] [8192]preg_match(): Passing null to parameter #2 ($subject) of type string is deprecated
[ error ] [8192]preg_match(): Passing null to parameter #2 ($subject) of type string is deprecated
[ error ] [8192]preg_match(): Passing null to parameter #2 ($subject) of type string is deprecated
[ error ] [8192]preg_match(): Passing null to parameter #2 ($subject) of type string is deprecated
[ error ] [8192]preg_match(): Passing null to parameter #2 ($subject) of type string is deprecated
[ error ] [8192]preg_match(): Passing null to parameter #2 ($subject) of type string is deprecated
---------------------------------------------------------------
[ 2026-03-25T02:37:36+08:00 ] 121.41.165.169 POST 120.24.147.77/sdk
[ error ] [8192]preg_match(): Passing null to parameter #2 ($subject) of type string is deprecated
[ error ] [8192]preg_match(): Passing null to parameter #2 ($subject) of type string is deprecated
[ error ] [8192]preg_match(): Passing null to parameter #2 ($subject) of type string is deprecated
[ error ] [8192]preg_match(): Passing null to parameter #2 ($subject) of type string is deprecated
[ error ] [8192]preg_match(): Passing null to parameter #2 ($subject) of type string is deprecated
[ error ] [8192]preg_match(): Passing null to parameter #2 ($subject) of type string is deprecated
---------------------------------------------------------------
[ 2026-03-25T02:37:36+08:00 ] 121.41.165.169 POST 120.24.147.77/sdk
[ error ] [8192]preg_match(): Passing null to parameter #2 ($subject) of type string is deprecated
[ error ] [8192]preg_match(): Passing null to parameter #2 ($subject) of type string is deprecated
[ error ] [8192]preg_match(): Passing null to parameter #2 ($subject) of type string is deprecated
[ error ] [8192]preg_match(): Passing null to parameter #2 ($subject) of type string is deprecated
[ error ] [8192]preg_match(): Passing null to parameter #2 ($subject) of type string is deprecated
[ error ] [8192]preg_match(): Passing null to parameter #2 ($subject) of type string is deprecated
---------------------------------------------------------------
[ 2026-03-25T02:37:36+08:00 ] 121.41.165.169 GET 120.24.147.77/sdk
[ error ] [8192]preg_match(): Passing null to parameter #2 ($subject) of type string is deprecated
[ error ] [8192]preg_match(): Passing null to parameter #2 ($subject) of type string is deprecated
[ error ] [8192]preg_match(): Passing null to parameter #2 ($subject) of type string is deprecated
[ error ] [8192]preg_match(): Passing null to parameter #2 ($subject) of type string is deprecated
[ error ] [8192]preg_match(): Passing null to parameter #2 ($subject) of type string is deprecated
[ error ] [8192]preg_match(): Passing null to parameter #2 ($subject) of type string is deprecated
---------------------------------------------------------------
[ 2026-03-25T02:37:36+08:00 ] 121.41.165.169 GET 120.24.147.77/nmaplowercheck1774377456
[ error ] [8192]preg_match(): Passing null to parameter #2 ($subject) of type string is deprecated
[ error ] [8192]preg_match(): Passing null to parameter #2 ($subject) of type string is deprecated
[ error ] [8192]preg_match(): Passing null to parameter #2 ($subject) of type string is deprecated
[ error ] [8192]preg_match(): Passing null to parameter #2 ($subject) of type string is deprecated
[ error ] [8192]preg_match(): Passing null to parameter #2 ($subject) of type string is deprecated
[ error ] [8192]preg_match(): Passing null to parameter #2 ($subject) of type string is deprecated
---------------------------------------------------------------
[ 2026-03-25T02:37:36+08:00 ] 121.41.165.169 GET 120.24.147.77/sdk
[ error ] [8192]preg_match(): Passing null to parameter #2 ($subject) of type string is deprecated
[ error ] [8192]preg_match(): Passing null to parameter #2 ($subject) of type string is deprecated
[ error ] [8192]preg_match(): Passing null to parameter #2 ($subject) of type string is deprecated
[ error ] [8192]preg_match(): Passing null to parameter #2 ($subject) of type string is deprecated
[ error ] [8192]preg_match(): Passing null to parameter #2 ($subject) of type string is deprecated
[ error ] [8192]preg_match(): Passing null to parameter #2 ($subject) of type string is deprecated
---------------------------------------------------------------
[ 2026-03-25T02:37:36+08:00 ] 121.41.165.169 GET 120.24.147.77/nmaplowercheck1774377456
[ error ] [8192]preg_match(): Passing null to parameter #2 ($subject) of type string is deprecated
[ error ] [8192]preg_match(): Passing null to parameter #2 ($subject) of type string is deprecated
[ error ] [8192]preg_match(): Passing null to parameter #2 ($subject) of type string is deprecated
[ error ] [8192]preg_match(): Passing null to parameter #2 ($subject) of type string is deprecated
[ error ] [8192]preg_match(): Passing null to parameter #2 ($subject) of type string is deprecated
[ error ] [8192]preg_match(): Passing null to parameter #2 ($subject) of type string is deprecated
---------------------------------------------------------------
[ 2026-03-25T02:37:36+08:00 ] 121.41.165.169 GET 120.24.147.77/nmaplowercheck1774377456
[ error ] [8192]preg_match(): Passing null to parameter #2 ($subject) of type string is deprecated
[ error ] [8192]preg_match(): Passing null to parameter #2 ($subject) of type string is deprecated
[ error ] [8192]preg_match(): Passing null to parameter #2 ($subject) of type string is deprecated
[ error ] [8192]preg_match(): Passing null to parameter #2 ($subject) of type string is deprecated
[ error ] [8192]preg_match(): Passing null to parameter #2 ($subject) of type string is deprecated
[ error ] [8192]preg_match(): Passing null to parameter #2 ($subject) of type string is deprecated
---------------------------------------------------------------
[ 2026-03-25T02:37:36+08:00 ] 121.41.165.169 GET 120.24.147.77/evox/about
[ error ] [8192]preg_match(): Passing null to parameter #2 ($subject) of type string is deprecated
[ error ] [8192]preg_match(): Passing null to parameter #2 ($subject) of type string is deprecated
[ error ] [8192]preg_match(): Passing null to parameter #2 ($subject) of type string is deprecated
[ error ] [8192]preg_match(): Passing null to parameter #2 ($subject) of type string is deprecated
[ error ] [8192]preg_match(): Passing null to parameter #2 ($subject) of type string is deprecated
[ error ] [8192]preg_match(): Passing null to parameter #2 ($subject) of type string is deprecated
---------------------------------------------------------------
[ 2026-03-25T02:37:36+08:00 ] 121.41.165.169 GET 120.24.147.77/evox/about
[ error ] [8192]preg_match(): Passing null to parameter #2 ($subject) of type string is deprecated
[ error ] [8192]preg_match(): Passing null to parameter #2 ($subject) of type string is deprecated
[ error ] [8192]preg_match(): Passing null to parameter #2 ($subject) of type string is deprecated
[ error ] [8192]preg_match(): Passing null to parameter #2 ($subject) of type string is deprecated
[ error ] [8192]preg_match(): Passing null to parameter #2 ($subject) of type string is deprecated
[ error ] [8192]preg_match(): Passing null to parameter #2 ($subject) of type string is deprecated
---------------------------------------------------------------
[ 2026-03-25T02:37:36+08:00 ] 121.41.165.169 GET 120.24.147.77/HNAP1
[ error ] [8192]preg_match(): Passing null to parameter #2 ($subject) of type string is deprecated
[ error ] [8192]preg_match(): Passing null to parameter #2 ($subject) of type string is deprecated
[ error ] [8192]preg_match(): Passing null to parameter #2 ($subject) of type string is deprecated
[ error ] [8192]preg_match(): Passing null to parameter #2 ($subject) of type string is deprecated
[ error ] [8192]preg_match(): Passing null to parameter #2 ($subject) of type string is deprecated
[ error ] [8192]preg_match(): Passing null to parameter #2 ($subject) of type string is deprecated
---------------------------------------------------------------
[ 2026-03-25T02:37:36+08:00 ] 121.41.165.169 GET 120.24.147.77/HNAP1
[ error ] [8192]preg_match(): Passing null to parameter #2 ($subject) of type string is deprecated
[ error ] [8192]preg_match(): Passing null to parameter #2 ($subject) of type string is deprecated
[ error ] [8192]preg_match(): Passing null to parameter #2 ($subject) of type string is deprecated
[ error ] [8192]preg_match(): Passing null to parameter #2 ($subject) of type string is deprecated
[ error ] [8192]preg_match(): Passing null to parameter #2 ($subject) of type string is deprecated
[ error ] [8192]preg_match(): Passing null to parameter #2 ($subject) of type string is deprecated
---------------------------------------------------------------
[ 2026-03-25T02:37:36+08:00 ] 121.41.165.169 GET 120.24.147.77/HNAP1
[ error ] [8192]preg_match(): Passing null to parameter #2 ($subject) of type string is deprecated
[ error ] [8192]preg_match(): Passing null to parameter #2 ($subject) of type string is deprecated
[ error ] [8192]preg_match(): Passing null to parameter #2 ($subject) of type string is deprecated
[ error ] [8192]preg_match(): Passing null to parameter #2 ($subject) of type string is deprecated
[ error ] [8192]preg_match(): Passing null to parameter #2 ($subject) of type string is deprecated
[ error ] [8192]preg_match(): Passing null to parameter #2 ($subject) of type string is deprecated
---------------------------------------------------------------
[ 2026-03-25T02:37:36+08:00 ] 121.41.165.169 GET 120.24.147.77/HNAP1
[ error ] [8192]preg_match(): Passing null to parameter #2 ($subject) of type string is deprecated
[ error ] [8192]preg_match(): Passing null to parameter #2 ($subject) of type string is deprecated
[ error ] [8192]preg_match(): Passing null to parameter #2 ($subject) of type string is deprecated
[ error ] [8192]preg_match(): Passing null to parameter #2 ($subject) of type string is deprecated
[ error ] [8192]preg_match(): Passing null to parameter #2 ($subject) of type string is deprecated
[ error ] [8192]preg_match(): Passing null to parameter #2 ($subject) of type string is deprecated
---------------------------------------------------------------
[ 2026-03-25T02:37:36+08:00 ] 121.41.165.169 GET 120.24.147.77/evox/about
[ error ] [8192]preg_match(): Passing null to parameter #2 ($subject) of type string is deprecated
[ error ] [8192]preg_match(): Passing null to parameter #2 ($subject) of type string is deprecated
[ error ] [8192]preg_match(): Passing null to parameter #2 ($subject) of type string is deprecated
[ error ] [8192]preg_match(): Passing null to parameter #2 ($subject) of type string is deprecated
[ error ] [8192]preg_match(): Passing null to parameter #2 ($subject) of type string is deprecated
[ error ] [8192]preg_match(): Passing null to parameter #2 ($subject) of type string is deprecated
---------------------------------------------------------------
[ 2026-03-25T02:37:36+08:00 ] 121.41.165.169 GET 120.24.147.77/evox/about
[ error ] [8192]preg_match(): Passing null to parameter #2 ($subject) of type string is deprecated
[ error ] [8192]preg_match(): Passing null to parameter #2 ($subject) of type string is deprecated
[ error ] [8192]preg_match(): Passing null to parameter #2 ($subject) of type string is deprecated
[ error ] [8192]preg_match(): Passing null to parameter #2 ($subject) of type string is deprecated
[ error ] [8192]preg_match(): Passing null to parameter #2 ($subject) of type string is deprecated
[ error ] [8192]preg_match(): Passing null to parameter #2 ($subject) of type string is deprecated
---------------------------------------------------------------
[ 2026-03-25T02:37:56+08:00 ] 121.41.165.169 GET 120.24.147.77/
[ error ] [8192]preg_match(): Passing null to parameter #2 ($subject) of type string is deprecated
[ error ] [8192]preg_match(): Passing null to parameter #2 ($subject) of type string is deprecated
[ error ] [8192]preg_match(): Passing null to parameter #2 ($subject) of type string is deprecated
[ error ] [8192]preg_match(): Passing null to parameter #2 ($subject) of type string is deprecated
[ error ] [8192]preg_match(): Passing null to parameter #2 ($subject) of type string is deprecated
[ error ] [8192]preg_match(): Passing null to parameter #2 ($subject) of type string is deprecated
[ error ] [8192]preg_match(): Passing null to parameter #2 ($subject) of type string is deprecated
[ error ] [8192]preg_match(): Passing null to parameter #2 ($subject) of type string is deprecated
[ error ] [8192]Automatic conversion of false to array is deprecated
[ error ] [8192]Automatic conversion of false to array is deprecated
[ error ] [2]Undefined array key "title"
[ error ] [2]Undefined array key "title"
[ error ] [2]Undefined array key "title"
[ error ] [2]Undefined array key "title"
---------------------------------------------------------------
[ 2026-03-25T02:37:56+08:00 ] 121.41.165.169 GET 120.24.147.77/
[ error ] [8192]preg_match(): Passing null to parameter #2 ($subject) of type string is deprecated
[ error ] [8192]preg_match(): Passing null to parameter #2 ($subject) of type string is deprecated
[ error ] [8192]preg_match(): Passing null to parameter #2 ($subject) of type string is deprecated
[ error ] [8192]preg_match(): Passing null to parameter #2 ($subject) of type string is deprecated
[ error ] [8192]preg_match(): Passing null to parameter #2 ($subject) of type string is deprecated
[ error ] [8192]preg_match(): Passing null to parameter #2 ($subject) of type string is deprecated
[ error ] [8192]preg_match(): Passing null to parameter #2 ($subject) of type string is deprecated
[ error ] [8192]preg_match(): Passing null to parameter #2 ($subject) of type string is deprecated
[ error ] [2]Undefined array key "title"
[ error ] [2]Undefined array key "title"
[ error ] [2]Undefined array key "title"
[ error ] [2]Undefined array key "title"
---------------------------------------------------------------
[ 2026-03-25T02:37:56+08:00 ] 121.41.165.169 GET 120.24.147.77/
[ error ] [8192]preg_match(): Passing null to parameter #2 ($subject) of type string is deprecated
[ error ] [8192]preg_match(): Passing null to parameter #2 ($subject) of type string is deprecated
[ error ] [8192]preg_match(): Passing null to parameter #2 ($subject) of type string is deprecated
[ error ] [8192]preg_match(): Passing null to parameter #2 ($subject) of type string is deprecated
[ error ] [8192]preg_match(): Passing null to parameter #2 ($subject) of type string is deprecated
[ error ] [8192]preg_match(): Passing null to parameter #2 ($subject) of type string is deprecated
[ error ] [8192]preg_match(): Passing null to parameter #2 ($subject) of type string is deprecated
[ error ] [8192]preg_match(): Passing null to parameter #2 ($subject) of type string is deprecated
[ error ] [8192]Automatic conversion of false to array is deprecated
[ error ] [2]Undefined array key "title"
[ error ] [2]Undefined array key "title"
[ error ] [2]Undefined array key "title"
[ error ] [2]Undefined array key "title"
---------------------------------------------------------------
[ 2026-03-25T02:38:30+08:00 ] 40.77.167.123 GET www.punalei.cn/ldcms/2jidanxianggonglvjiPNL300xilie/337.html
[ error ] [8192]preg_match(): Passing null to parameter #2 ($subject) of type string is deprecated
[ error ] [8192]preg_match(): Passing null to parameter #2 ($subject) of type string is deprecated
[ error ] [8192]preg_match(): Passing null to parameter #2 ($subject) of type string is deprecated
[ error ] [8192]preg_match(): Passing null to parameter #2 ($subject) of type string is deprecated
[ error ] [8192]preg_match(): Passing null to parameter #2 ($subject) of type string is deprecated
[ error ] [8192]preg_match(): Passing null to parameter #2 ($subject) of type string is deprecated
[ error ] [8192]preg_match(): Passing null to parameter #2 ($subject) of type string is deprecated
[ error ] [8192]preg_match(): Passing null to parameter #2 ($subject) of type string is deprecated
[ error ] [8192]Automatic conversion of false to array is deprecated
---------------------------------------------------------------
[ 2026-03-25T02:39:39+08:00 ] 47.97.111.180 GET 120.24.147.77/
[ error ] [8192]preg_match(): Passing null to parameter #2 ($subject) of type string is deprecated
[ error ] [8192]preg_match(): Passing null to parameter #2 ($subject) of type string is deprecated
[ error ] [8192]preg_match(): Passing null to parameter #2 ($subject) of type string is deprecated
[ error ] [8192]preg_match(): Passing null to parameter #2 ($subject) of type string is deprecated
[ error ] [8192]preg_match(): Passing null to parameter #2 ($subject) of type string is deprecated
[ error ] [8192]preg_match(): Passing null to parameter #2 ($subject) of type string is deprecated
[ error ] [8192]preg_match(): Passing null to parameter #2 ($subject) of type string is deprecated
[ error ] [8192]preg_match(): Passing null to parameter #2 ($subject) of type string is deprecated
[ error ] [8192]Automatic conversion of false to array is deprecated
[ error ] [2]Undefined array key "title"
[ error ] [2]Undefined array key "title"
[ error ] [2]Undefined array key "title"
[ error ] [2]Undefined array key "title"
---------------------------------------------------------------
[ 2026-03-25T02:40:12+08:00 ] 120.55.92.153 GET 120.24.147.77/
[ error ] [8192]preg_match(): Passing null to parameter #2 ($subject) of type string is deprecated
[ error ] [8192]preg_match(): Passing null to parameter #2 ($subject) of type string is deprecated
[ error ] [8192]preg_match(): Passing null to parameter #2 ($subject) of type string is deprecated
[ error ] [8192]preg_match(): Passing null to parameter #2 ($subject) of type string is deprecated
[ error ] [8192]preg_match(): Passing null to parameter #2 ($subject) of type string is deprecated
[ error ] [8192]preg_match(): Passing null to parameter #2 ($subject) of type string is deprecated
[ error ] [8192]preg_match(): Passing null to parameter #2 ($subject) of type string is deprecated
[ error ] [8192]preg_match(): Passing null to parameter #2 ($subject) of type string is deprecated
[ error ] [8192]Automatic conversion of false to array is deprecated
[ error ] [2]Undefined array key "title"
[ error ] [2]Undefined array key "title"
[ error ] [2]Undefined array key "title"
[ error ] [2]Undefined array key "title"
---------------------------------------------------------------
[ 2026-03-25T02:47:31+08:00 ] 206.189.84.29 GET 120.24.147.77/
[ error ] [8192]preg_match(): Passing null to parameter #2 ($subject) of type string is deprecated
[ error ] [8192]preg_match(): Passing null to parameter #2 ($subject) of type string is deprecated
[ error ] [8192]preg_match(): Passing null to parameter #2 ($subject) of type string is deprecated
[ error ] [8192]preg_match(): Passing null to parameter #2 ($subject) of type string is deprecated
[ error ] [8192]preg_match(): Passing null to parameter #2 ($subject) of type string is deprecated
[ error ] [8192]preg_match(): Passing null to parameter #2 ($subject) of type string is deprecated
[ error ] [8192]preg_match(): Passing null to parameter #2 ($subject) of type string is deprecated
[ error ] [8192]preg_match(): Passing null to parameter #2 ($subject) of type string is deprecated
[ error ] [8192]Automatic conversion of false to array is deprecated
[ error ] [2]Undefined array key "title"
[ error ] [2]Undefined array key "title"
[ error ] [2]Undefined array key "title"
[ error ] [2]Undefined array key "title"
---------------------------------------------------------------
[ 2026-03-25T02:50:37+08:00 ] 43.247.4.40 HEAD punalei.cn/
[ error ] [8192]preg_match(): Passing null to parameter #2 ($subject) of type string is deprecated
[ error ] [8192]preg_match(): Passing null to parameter #2 ($subject) of type string is deprecated
[ error ] [8192]preg_match(): Passing null to parameter #2 ($subject) of type string is deprecated
[ error ] [8192]preg_match(): Passing null to parameter #2 ($subject) of type string is deprecated
[ error ] [8192]preg_match(): Passing null to parameter #2 ($subject) of type string is deprecated
[ error ] [8192]preg_match(): Passing null to parameter #2 ($subject) of type string is deprecated
[ error ] [8192]preg_match(): Passing null to parameter #2 ($subject) of type string is deprecated
[ error ] [8192]preg_match(): Passing null to parameter #2 ($subject) of type string is deprecated
[ error ] [8192]Automatic conversion of false to array is deprecated
[ error ] [2]Undefined array key "title"
[ error ] [2]Undefined array key "title"
[ error ] [2]Undefined array key "title"
[ error ] [2]Undefined array key "title"
---------------------------------------------------------------
[ 2026-03-25T02:53:33+08:00 ] 66.132.186.188 GET 120.24.147.77/zg5nynvaeqvf
[ error ] [8192]preg_match(): Passing null to parameter #2 ($subject) of type string is deprecated
[ error ] [8192]preg_match(): Passing null to parameter #2 ($subject) of type string is deprecated
[ error ] [8192]preg_match(): Passing null to parameter #2 ($subject) of type string is deprecated
[ error ] [8192]preg_match(): Passing null to parameter #2 ($subject) of type string is deprecated
[ error ] [8192]preg_match(): Passing null to parameter #2 ($subject) of type string is deprecated
[ error ] [8192]preg_match(): Passing null to parameter #2 ($subject) of type string is deprecated
---------------------------------------------------------------
[ 2026-03-25T02:53:33+08:00 ] 66.132.186.188 GET 120.24.147.77/zg5nynvaeqvf
[ error ] [8192]preg_match(): Passing null to parameter #2 ($subject) of type string is deprecated
[ error ] [8192]preg_match(): Passing null to parameter #2 ($subject) of type string is deprecated
[ error ] [8192]preg_match(): Passing null to parameter #2 ($subject) of type string is deprecated
[ error ] [8192]preg_match(): Passing null to parameter #2 ($subject) of type string is deprecated
[ error ] [8192]preg_match(): Passing null to parameter #2 ($subject) of type string is deprecated
[ error ] [8192]preg_match(): Passing null to parameter #2 ($subject) of type string is deprecated
---------------------------------------------------------------
[ 2026-03-25T02:55:38+08:00 ] 66.132.172.187 GET 120.24.147.77/
[ error ] [8192]preg_match(): Passing null to parameter #2 ($subject) of type string is deprecated
[ error ] [8192]preg_match(): Passing null to parameter #2 ($subject) of type string is deprecated
[ error ] [8192]preg_match(): Passing null to parameter #2 ($subject) of type string is deprecated
[ error ] [8192]preg_match(): Passing null to parameter #2 ($subject) of type string is deprecated
[ error ] [8192]preg_match(): Passing null to parameter #2 ($subject) of type string is deprecated
[ error ] [8192]preg_match(): Passing null to parameter #2 ($subject) of type string is deprecated
[ error ] [8192]preg_match(): Passing null to parameter #2 ($subject) of type string is deprecated
[ error ] [8192]preg_match(): Passing null to parameter #2 ($subject) of type string is deprecated
[ error ] [8192]Automatic conversion of false to array is deprecated
[ error ] [2]Undefined array key "title"
[ error ] [2]Undefined array key "title"
[ error ] [2]Undefined array key "title"
[ error ] [2]Undefined array key "title"
---------------------------------------------------------------
[ 2026-03-25T02:57:23+08:00 ] 66.132.172.187 GET 120.24.147.77/favicon.ico
[ error ] [8192]preg_match(): Passing null to parameter #2 ($subject) of type string is deprecated
[ error ] [8192]preg_match(): Passing null to parameter #2 ($subject) of type string is deprecated
[ error ] [8192]preg_match(): Passing null to parameter #2 ($subject) of type string is deprecated
[ error ] [8192]preg_match(): Passing null to parameter #2 ($subject) of type string is deprecated
[ error ] [8192]preg_match(): Passing null to parameter #2 ($subject) of type string is deprecated
[ error ] [8192]preg_match(): Passing null to parameter #2 ($subject) of type string is deprecated
---------------------------------------------------------------
[ 2026-03-25T02:57:23+08:00 ] 66.132.172.187 GET 120.24.147.77/favicon.ico
[ error ] [8192]preg_match(): Passing null to parameter #2 ($subject) of type string is deprecated
[ error ] [8192]preg_match(): Passing null to parameter #2 ($subject) of type string is deprecated
[ error ] [8192]preg_match(): Passing null to parameter #2 ($subject) of type string is deprecated
[ error ] [8192]preg_match(): Passing null to parameter #2 ($subject) of type string is deprecated
[ error ] [8192]preg_match(): Passing null to parameter #2 ($subject) of type string is deprecated
[ error ] [8192]preg_match(): Passing null to parameter #2 ($subject) of type string is deprecated
---------------------------------------------------------------
[ 2026-03-25T02:57:25+08:00 ] 66.132.172.187 GET 120.24.147.77/dw4zbgxk5nb3rwph7z
[ error ] [8192]preg_match(): Passing null to parameter #2 ($subject) of type string is deprecated
[ error ] [8192]preg_match(): Passing null to parameter #2 ($subject) of type string is deprecated
[ error ] [8192]preg_match(): Passing null to parameter #2 ($subject) of type string is deprecated
[ error ] [8192]preg_match(): Passing null to parameter #2 ($subject) of type string is deprecated
[ error ] [8192]preg_match(): Passing null to parameter #2 ($subject) of type string is deprecated
[ error ] [8192]preg_match(): Passing null to parameter #2 ($subject) of type string is deprecated
---------------------------------------------------------------
[ 2026-03-25T02:57:25+08:00 ] 66.132.172.187 GET 120.24.147.77/dw4zbgxk5nb3rwph7z
[ error ] [8192]preg_match(): Passing null to parameter #2 ($subject) of type string is deprecated
[ error ] [8192]preg_match(): Passing null to parameter #2 ($subject) of type string is deprecated
[ error ] [8192]preg_match(): Passing null to parameter #2 ($subject) of type string is deprecated
[ error ] [8192]preg_match(): Passing null to parameter #2 ($subject) of type string is deprecated
[ error ] [8192]preg_match(): Passing null to parameter #2 ($subject) of type string is deprecated
[ error ] [8192]preg_match(): Passing null to parameter #2 ($subject) of type string is deprecated
---------------------------------------------------------------
[ 2026-03-25T03:08:02+08:00 ] 43.153.102.138 GET 120.24.147.77/
[ error ] [8192]preg_match(): Passing null to parameter #2 ($subject) of type string is deprecated
[ error ] [8192]preg_match(): Passing null to parameter #2 ($subject) of type string is deprecated
[ error ] [8192]preg_match(): Passing null to parameter #2 ($subject) of type string is deprecated
[ error ] [8192]preg_match(): Passing null to parameter #2 ($subject) of type string is deprecated
[ error ] [8192]preg_match(): Passing null to parameter #2 ($subject) of type string is deprecated
[ error ] [8192]preg_match(): Passing null to parameter #2 ($subject) of type string is deprecated
[ error ] [8192]preg_match(): Passing null to parameter #2 ($subject) of type string is deprecated
[ error ] [8192]preg_match(): Passing null to parameter #2 ($subject) of type string is deprecated
[ error ] [8192]Automatic conversion of false to array is deprecated
[ error ] [2]Undefined array key "title"
[ error ] [2]Undefined array key "title"
[ error ] [2]Undefined array key "title"
[ error ] [2]Undefined array key "title"
---------------------------------------------------------------
[ 2026-03-25T03:12:53+08:00 ] 137.184.61.56 GET 120.24.147.77/
[ error ] [8192]preg_match(): Passing null to parameter #2 ($subject) of type string is deprecated
[ error ] [8192]preg_match(): Passing null to parameter #2 ($subject) of type string is deprecated
[ error ] [8192]preg_match(): Passing null to parameter #2 ($subject) of type string is deprecated
[ error ] [8192]preg_match(): Passing null to parameter #2 ($subject) of type string is deprecated
[ error ] [8192]preg_match(): Passing null to parameter #2 ($subject) of type string is deprecated
[ error ] [8192]preg_match(): Passing null to parameter #2 ($subject) of type string is deprecated
[ error ] [8192]preg_match(): Passing null to parameter #2 ($subject) of type string is deprecated
[ error ] [8192]preg_match(): Passing null to parameter #2 ($subject) of type string is deprecated
[ error ] [8192]Automatic conversion of false to array is deprecated
[ error ] [2]Undefined array key "title"
[ error ] [2]Undefined array key "title"
[ error ] [2]Undefined array key "title"
[ error ] [2]Undefined array key "title"
---------------------------------------------------------------
[ 2026-03-25T03:16:15+08:00 ] 47.87.140.88 GET 120.24.147.77/T6bHkeeG3IixY7Bh0noD1QyFLiPlD23T05_fYYWAB0SqWLgWGk-3zAazG2k0MqhO6AxISCCvosgJ0eBTxGrQHktud-cN20EuWN5bCgJQ7zQLOPyK5jhNF7Y2p-_JSxpBpQvWHxM5plh6NA2yELiAvVST24ah1aKWBxJ3EDpy2DOgE3DO9xUsIIP6R9Vy49sZRKRZKYyU6s9Z3QCfH7jzY3ZFQsI-dvC37Aw
[ error ] [8192]preg_match(): Passing null to parameter #2 ($subject) of type string is deprecated
[ error ] [8192]preg_match(): Passing null to parameter #2 ($subject) of type string is deprecated
[ error ] [8192]preg_match(): Passing null to parameter #2 ($subject) of type string is deprecated
[ error ] [8192]preg_match(): Passing null to parameter #2 ($subject) of type string is deprecated
[ error ] [8192]preg_match(): Passing null to parameter #2 ($subject) of type string is deprecated
[ error ] [8192]preg_match(): Passing null to parameter #2 ($subject) of type string is deprecated
---------------------------------------------------------------
[ 2026-03-25T03:16:15+08:00 ] 47.87.140.88 GET 120.24.147.77/T6bHkeeG3IixY7Bh0noD1QyFLiPlD23T05_fYYWAB0SqWLgWGk-3zAazG2k0MqhO6AxISCCvosgJ0eBTxGrQHktud-cN20EuWN5bCgJQ7zQLOPyK5jhNF7Y2p-_JSxpBpQvWHxM5plh6NA2yELiAvVST24ah1aKWBxJ3EDpy2DOgE3DO9xUsIIP6R9Vy49sZRKRZKYyU6s9Z3QCfH7jzY3ZFQsI-dvC37Aw
[ error ] [8192]preg_match(): Passing null to parameter #2 ($subject) of type string is deprecated
[ error ] [8192]preg_match(): Passing null to parameter #2 ($subject) of type string is deprecated
[ error ] [8192]preg_match(): Passing null to parameter #2 ($subject) of type string is deprecated
[ error ] [8192]preg_match(): Passing null to parameter #2 ($subject) of type string is deprecated
[ error ] [8192]preg_match(): Passing null to parameter #2 ($subject) of type string is deprecated
[ error ] [8192]preg_match(): Passing null to parameter #2 ($subject) of type string is deprecated
---------------------------------------------------------------
[ 2026-03-25T03:23:08+08:00 ] 168.76.20.229 GET 120.24.147.77/
[ error ] [8192]preg_match(): Passing null to parameter #2 ($subject) of type string is deprecated
[ error ] [8192]preg_match(): Passing null to parameter #2 ($subject) of type string is deprecated
[ error ] [8192]preg_match(): Passing null to parameter #2 ($subject) of type string is deprecated
[ error ] [8192]preg_match(): Passing null to parameter #2 ($subject) of type string is deprecated
[ error ] [8192]preg_match(): Passing null to parameter #2 ($subject) of type string is deprecated
[ error ] [8192]preg_match(): Passing null to parameter #2 ($subject) of type string is deprecated
[ error ] [8192]preg_match(): Passing null to parameter #2 ($subject) of type string is deprecated
[ error ] [8192]preg_match(): Passing null to parameter #2 ($subject) of type string is deprecated
[ error ] [8192]Automatic conversion of false to array is deprecated
[ error ] [2]Undefined array key "title"
[ error ] [2]Undefined array key "title"
[ error ] [2]Undefined array key "title"
[ error ] [2]Undefined array key "title"
---------------------------------------------------------------
[ 2026-03-25T03:23:12+08:00 ] 43.166.132.142 GET punalei.cn/
[ error ] [8192]preg_match(): Passing null to parameter #2 ($subject) of type string is deprecated
[ error ] [8192]preg_match(): Passing null to parameter #2 ($subject) of type string is deprecated
[ error ] [8192]preg_match(): Passing null to parameter #2 ($subject) of type string is deprecated
[ error ] [8192]preg_match(): Passing null to parameter #2 ($subject) of type string is deprecated
[ error ] [8192]preg_match(): Passing null to parameter #2 ($subject) of type string is deprecated
[ error ] [8192]preg_match(): Passing null to parameter #2 ($subject) of type string is deprecated
[ error ] [8192]preg_match(): Passing null to parameter #2 ($subject) of type string is deprecated
[ error ] [8192]preg_match(): Passing null to parameter #2 ($subject) of type string is deprecated
[ error ] [8192]Automatic conversion of false to array is deprecated
[ error ] [2]Undefined array key "title"
[ error ] [2]Undefined array key "title"
[ error ] [2]Undefined array key "title"
[ error ] [2]Undefined array key "title"
---------------------------------------------------------------
[ 2026-03-25T03:29:17+08:00 ] 120.55.58.176 GET 120.24.147.77/
[ error ] [8192]preg_match(): Passing null to parameter #2 ($subject) of type string is deprecated
[ error ] [8192]preg_match(): Passing null to parameter #2 ($subject) of type string is deprecated
[ error ] [8192]preg_match(): Passing null to parameter #2 ($subject) of type string is deprecated
[ error ] [8192]preg_match(): Passing null to parameter #2 ($subject) of type string is deprecated
[ error ] [8192]preg_match(): Passing null to parameter #2 ($subject) of type string is deprecated
[ error ] [8192]preg_match(): Passing null to parameter #2 ($subject) of type string is deprecated
[ error ] [8192]preg_match(): Passing null to parameter #2 ($subject) of type string is deprecated
[ error ] [8192]preg_match(): Passing null to parameter #2 ($subject) of type string is deprecated
[ error ] [8192]Automatic conversion of false to array is deprecated
[ error ] [2]Undefined array key "title"
[ error ] [2]Undefined array key "title"
[ error ] [2]Undefined array key "title"
[ error ] [2]Undefined array key "title"
---------------------------------------------------------------
[ 2026-03-25T03:29:37+08:00 ] 45.79.128.205 GET 120.24.147.77/
[ error ] [8192]preg_match(): Passing null to parameter #2 ($subject) of type string is deprecated
[ error ] [8192]preg_match(): Passing null to parameter #2 ($subject) of type string is deprecated
[ error ] [8192]preg_match(): Passing null to parameter #2 ($subject) of type string is deprecated
[ error ] [8192]preg_match(): Passing null to parameter #2 ($subject) of type string is deprecated
[ error ] [8192]preg_match(): Passing null to parameter #2 ($subject) of type string is deprecated
[ error ] [8192]preg_match(): Passing null to parameter #2 ($subject) of type string is deprecated
[ error ] [8192]preg_match(): Passing null to parameter #2 ($subject) of type string is deprecated
[ error ] [8192]preg_match(): Passing null to parameter #2 ($subject) of type string is deprecated
[ error ] [8192]Automatic conversion of false to array is deprecated
[ error ] [2]Undefined array key "title"
[ error ] [2]Undefined array key "title"
[ error ] [2]Undefined array key "title"
[ error ] [2]Undefined array key "title"
---------------------------------------------------------------
[ 2026-03-25T03:30:24+08:00 ] 195.178.110.162 GET 120.24.147.77/.git/config
[ error ] [8192]preg_match(): Passing null to parameter #2 ($subject) of type string is deprecated
[ error ] [8192]preg_match(): Passing null to parameter #2 ($subject) of type string is deprecated
[ error ] [8192]preg_match(): Passing null to parameter #2 ($subject) of type string is deprecated
[ error ] [8192]preg_match(): Passing null to parameter #2 ($subject) of type string is deprecated
[ error ] [8192]preg_match(): Passing null to parameter #2 ($subject) of type string is deprecated
[ error ] [8192]preg_match(): Passing null to parameter #2 ($subject) of type string is deprecated
---------------------------------------------------------------
[ 2026-03-25T03:33:24+08:00 ] 113.215.189.25 GET punalei.cn/
[ error ] [8192]preg_match(): Passing null to parameter #2 ($subject) of type string is deprecated
[ error ] [8192]preg_match(): Passing null to parameter #2 ($subject) of type string is deprecated
[ error ] [8192]preg_match(): Passing null to parameter #2 ($subject) of type string is deprecated
[ error ] [8192]preg_match(): Passing null to parameter #2 ($subject) of type string is deprecated
[ error ] [8192]preg_match(): Passing null to parameter #2 ($subject) of type string is deprecated
[ error ] [8192]preg_match(): Passing null to parameter #2 ($subject) of type string is deprecated
[ error ] [8192]preg_match(): Passing null to parameter #2 ($subject) of type string is deprecated
[ error ] [8192]preg_match(): Passing null to parameter #2 ($subject) of type string is deprecated
[ error ] [8192]Automatic conversion of false to array is deprecated
[ error ] [2]Undefined array key "title"
[ error ] [2]Undefined array key "title"
[ error ] [2]Undefined array key "title"
[ error ] [2]Undefined array key "title"
---------------------------------------------------------------
[ 2026-03-25T03:33:24+08:00 ] 113.215.189.25 GET punalei.cn/
[ error ] [2]Undefined array key "title"
[ error ] [2]Undefined array key "title"
[ error ] [2]Undefined array key "title"
[ error ] [2]Undefined array key "title"
---------------------------------------------------------------
[ 2026-03-25T03:34:54+08:00 ] 192.144.148.122 GET www.punalei.cn/
[ error ] [8192]preg_match(): Passing null to parameter #2 ($subject) of type string is deprecated
[ error ] [8192]preg_match(): Passing null to parameter #2 ($subject) of type string is deprecated
[ error ] [8192]preg_match(): Passing null to parameter #2 ($subject) of type string is deprecated
[ error ] [8192]preg_match(): Passing null to parameter #2 ($subject) of type string is deprecated
[ error ] [8192]preg_match(): Passing null to parameter #2 ($subject) of type string is deprecated
[ error ] [8192]preg_match(): Passing null to parameter #2 ($subject) of type string is deprecated
[ error ] [8192]preg_match(): Passing null to parameter #2 ($subject) of type string is deprecated
[ error ] [8192]preg_match(): Passing null to parameter #2 ($subject) of type string is deprecated
[ error ] [8192]Automatic conversion of false to array is deprecated
[ error ] [2]Undefined array key "title"
[ error ] [2]Undefined array key "title"
[ error ] [2]Undefined array key "title"
[ error ] [2]Undefined array key "title"
---------------------------------------------------------------
[ 2026-03-25T03:36:33+08:00 ] 91.224.92.125 GET 120.24.147.77/SDK/webLanguage
[ error ] [8192]preg_match(): Passing null to parameter #2 ($subject) of type string is deprecated
[ error ] [8192]preg_match(): Passing null to parameter #2 ($subject) of type string is deprecated
[ error ] [8192]preg_match(): Passing null to parameter #2 ($subject) of type string is deprecated
[ error ] [8192]preg_match(): Passing null to parameter #2 ($subject) of type string is deprecated
[ error ] [8192]preg_match(): Passing null to parameter #2 ($subject) of type string is deprecated
[ error ] [8192]preg_match(): Passing null to parameter #2 ($subject) of type string is deprecated
---------------------------------------------------------------
[ 2026-03-25T03:36:33+08:00 ] 91.224.92.125 GET 120.24.147.77/SDK/webLanguage
[ error ] [8192]preg_match(): Passing null to parameter #2 ($subject) of type string is deprecated
[ error ] [8192]preg_match(): Passing null to parameter #2 ($subject) of type string is deprecated
[ error ] [8192]preg_match(): Passing null to parameter #2 ($subject) of type string is deprecated
[ error ] [8192]preg_match(): Passing null to parameter #2 ($subject) of type string is deprecated
[ error ] [8192]preg_match(): Passing null to parameter #2 ($subject) of type string is deprecated
[ error ] [8192]preg_match(): Passing null to parameter #2 ($subject) of type string is deprecated
---------------------------------------------------------------
[ 2026-03-25T03:41:19+08:00 ] 113.215.188.186 GET www.punalei.cn/
[ error ] [8192]preg_match(): Passing null to parameter #2 ($subject) of type string is deprecated
[ error ] [8192]preg_match(): Passing null to parameter #2 ($subject) of type string is deprecated
[ error ] [8192]preg_match(): Passing null to parameter #2 ($subject) of type string is deprecated
[ error ] [8192]preg_match(): Passing null to parameter #2 ($subject) of type string is deprecated
[ error ] [8192]preg_match(): Passing null to parameter #2 ($subject) of type string is deprecated
[ error ] [8192]preg_match(): Passing null to parameter #2 ($subject) of type string is deprecated
[ error ] [8192]preg_match(): Passing null to parameter #2 ($subject) of type string is deprecated
[ error ] [8192]preg_match(): Passing null to parameter #2 ($subject) of type string is deprecated
[ error ] [8192]Automatic conversion of false to array is deprecated
[ error ] [2]Undefined array key "title"
[ error ] [2]Undefined array key "title"
[ error ] [2]Undefined array key "title"
[ error ] [2]Undefined array key "title"
---------------------------------------------------------------
[ 2026-03-25T03:41:19+08:00 ] 113.215.188.186 GET www.punalei.cn/
[ error ] [2]Undefined array key "title"
[ error ] [2]Undefined array key "title"
[ error ] [2]Undefined array key "title"
[ error ] [2]Undefined array key "title"
---------------------------------------------------------------
[ 2026-03-25T03:42:07+08:00 ] 185.242.226.40 GET 120.24.147.77/
[ error ] [8192]preg_match(): Passing null to parameter #2 ($subject) of type string is deprecated
[ error ] [8192]preg_match(): Passing null to parameter #2 ($subject) of type string is deprecated
[ error ] [8192]preg_match(): Passing null to parameter #2 ($subject) of type string is deprecated
[ error ] [8192]preg_match(): Passing null to parameter #2 ($subject) of type string is deprecated
[ error ] [8192]preg_match(): Passing null to parameter #2 ($subject) of type string is deprecated
[ error ] [8192]preg_match(): Passing null to parameter #2 ($subject) of type string is deprecated
[ error ] [8192]preg_match(): Passing null to parameter #2 ($subject) of type string is deprecated
[ error ] [8192]preg_match(): Passing null to parameter #2 ($subject) of type string is deprecated
[ error ] [8192]Automatic conversion of false to array is deprecated
[ error ] [2]Undefined array key "title"
[ error ] [2]Undefined array key "title"
[ error ] [2]Undefined array key "title"
[ error ] [2]Undefined array key "title"
---------------------------------------------------------------
[ 2026-03-25T03:51:48+08:00 ] 149.86.227.60 GET 120.24.147.77/
[ error ] [8192]preg_match(): Passing null to parameter #2 ($subject) of type string is deprecated
[ error ] [8192]preg_match(): Passing null to parameter #2 ($subject) of type string is deprecated
[ error ] [8192]preg_match(): Passing null to parameter #2 ($subject) of type string is deprecated
[ error ] [8192]preg_match(): Passing null to parameter #2 ($subject) of type string is deprecated
[ error ] [8192]preg_match(): Passing null to parameter #2 ($subject) of type string is deprecated
[ error ] [8192]preg_match(): Passing null to parameter #2 ($subject) of type string is deprecated
[ error ] [8192]preg_match(): Passing null to parameter #2 ($subject) of type string is deprecated
[ error ] [8192]preg_match(): Passing null to parameter #2 ($subject) of type string is deprecated
[ error ] [8192]Automatic conversion of false to array is deprecated
[ error ] [2]Undefined array key "title"
[ error ] [2]Undefined array key "title"
[ error ] [2]Undefined array key "title"
[ error ] [2]Undefined array key "title"
---------------------------------------------------------------
[ 2026-03-25T03:57:04+08:00 ] 66.132.224.82 GET 120.24.147.77/favicon.ico
[ error ] [8192]preg_match(): Passing null to parameter #2 ($subject) of type string is deprecated
[ error ] [8192]preg_match(): Passing null to parameter #2 ($subject) of type string is deprecated
[ error ] [8192]preg_match(): Passing null to parameter #2 ($subject) of type string is deprecated
[ error ] [8192]preg_match(): Passing null to parameter #2 ($subject) of type string is deprecated
[ error ] [8192]preg_match(): Passing null to parameter #2 ($subject) of type string is deprecated
[ error ] [8192]preg_match(): Passing null to parameter #2 ($subject) of type string is deprecated
---------------------------------------------------------------
[ 2026-03-25T03:57:04+08:00 ] 66.132.224.82 GET 120.24.147.77/favicon.ico
[ error ] [8192]preg_match(): Passing null to parameter #2 ($subject) of type string is deprecated
[ error ] [8192]preg_match(): Passing null to parameter #2 ($subject) of type string is deprecated
[ error ] [8192]preg_match(): Passing null to parameter #2 ($subject) of type string is deprecated
[ error ] [8192]preg_match(): Passing null to parameter #2 ($subject) of type string is deprecated
[ error ] [8192]preg_match(): Passing null to parameter #2 ($subject) of type string is deprecated
[ error ] [8192]preg_match(): Passing null to parameter #2 ($subject) of type string is deprecated
---------------------------------------------------------------
[ 2026-03-25T03:57:06+08:00 ] 66.132.224.82 GET 120.24.147.77/hvuh_ty798_
[ error ] [8192]preg_match(): Passing null to parameter #2 ($subject) of type string is deprecated
[ error ] [8192]preg_match(): Passing null to parameter #2 ($subject) of type string is deprecated
[ error ] [8192]preg_match(): Passing null to parameter #2 ($subject) of type string is deprecated
[ error ] [8192]preg_match(): Passing null to parameter #2 ($subject) of type string is deprecated
[ error ] [8192]preg_match(): Passing null to parameter #2 ($subject) of type string is deprecated
[ error ] [8192]preg_match(): Passing null to parameter #2 ($subject) of type string is deprecated
---------------------------------------------------------------
[ 2026-03-25T03:57:06+08:00 ] 66.132.224.82 GET 120.24.147.77/hvuh_ty798_
[ error ] [8192]preg_match(): Passing null to parameter #2 ($subject) of type string is deprecated
[ error ] [8192]preg_match(): Passing null to parameter #2 ($subject) of type string is deprecated
[ error ] [8192]preg_match(): Passing null to parameter #2 ($subject) of type string is deprecated
[ error ] [8192]preg_match(): Passing null to parameter #2 ($subject) of type string is deprecated
[ error ] [8192]preg_match(): Passing null to parameter #2 ($subject) of type string is deprecated
[ error ] [8192]preg_match(): Passing null to parameter #2 ($subject) of type string is deprecated
---------------------------------------------------------------
[ 2026-03-25T04:09:02+08:00 ] 195.178.110.246 GET 120.24.147.77/.git/credentials
[ error ] [8192]preg_match(): Passing null to parameter #2 ($subject) of type string is deprecated
[ error ] [8192]preg_match(): Passing null to parameter #2 ($subject) of type string is deprecated
[ error ] [8192]preg_match(): Passing null to parameter #2 ($subject) of type string is deprecated
[ error ] [8192]preg_match(): Passing null to parameter #2 ($subject) of type string is deprecated
[ error ] [8192]preg_match(): Passing null to parameter #2 ($subject) of type string is deprecated
[ error ] [8192]preg_match(): Passing null to parameter #2 ($subject) of type string is deprecated
---------------------------------------------------------------
[ 2026-03-25T04:15:48+08:00 ] 85.217.140.40 GET 120.24.147.77/
[ error ] [8192]preg_match(): Passing null to parameter #2 ($subject) of type string is deprecated
[ error ] [8192]preg_match(): Passing null to parameter #2 ($subject) of type string is deprecated
[ error ] [8192]preg_match(): Passing null to parameter #2 ($subject) of type string is deprecated
[ error ] [8192]preg_match(): Passing null to parameter #2 ($subject) of type string is deprecated
[ error ] [8192]preg_match(): Passing null to parameter #2 ($subject) of type string is deprecated
[ error ] [8192]preg_match(): Passing null to parameter #2 ($subject) of type string is deprecated
[ error ] [8192]preg_match(): Passing null to parameter #2 ($subject) of type string is deprecated
[ error ] [8192]preg_match(): Passing null to parameter #2 ($subject) of type string is deprecated
[ error ] [8192]Automatic conversion of false to array is deprecated
[ error ] [2]Undefined array key "title"
[ error ] [2]Undefined array key "title"
[ error ] [2]Undefined array key "title"
[ error ] [2]Undefined array key "title"
---------------------------------------------------------------
[ 2026-03-25T04:17:33+08:00 ] 113.215.189.18 GET www.punalei.cn/
[ error ] [8192]preg_match(): Passing null to parameter #2 ($subject) of type string is deprecated
[ error ] [8192]preg_match(): Passing null to parameter #2 ($subject) of type string is deprecated
[ error ] [8192]preg_match(): Passing null to parameter #2 ($subject) of type string is deprecated
[ error ] [8192]preg_match(): Passing null to parameter #2 ($subject) of type string is deprecated
[ error ] [8192]preg_match(): Passing null to parameter #2 ($subject) of type string is deprecated
[ error ] [8192]preg_match(): Passing null to parameter #2 ($subject) of type string is deprecated
[ error ] [8192]preg_match(): Passing null to parameter #2 ($subject) of type string is deprecated
[ error ] [8192]preg_match(): Passing null to parameter #2 ($subject) of type string is deprecated
[ error ] [8192]Automatic conversion of false to array is deprecated
[ error ] [2]Undefined array key "title"
[ error ] [2]Undefined array key "title"
[ error ] [2]Undefined array key "title"
[ error ] [2]Undefined array key "title"
---------------------------------------------------------------
[ 2026-03-25T04:17:33+08:00 ] 113.215.189.18 GET www.punalei.cn/
[ error ] [2]Undefined array key "title"
[ error ] [2]Undefined array key "title"
[ error ] [2]Undefined array key "title"
[ error ] [2]Undefined array key "title"
---------------------------------------------------------------
[ 2026-03-25T04:18:12+08:00 ] 43.130.57.76 GET www.punalei.cn/
[ error ] [8192]preg_match(): Passing null to parameter #2 ($subject) of type string is deprecated
[ error ] [8192]preg_match(): Passing null to parameter #2 ($subject) of type string is deprecated
[ error ] [8192]preg_match(): Passing null to parameter #2 ($subject) of type string is deprecated
[ error ] [8192]preg_match(): Passing null to parameter #2 ($subject) of type string is deprecated
[ error ] [8192]preg_match(): Passing null to parameter #2 ($subject) of type string is deprecated
[ error ] [8192]preg_match(): Passing null to parameter #2 ($subject) of type string is deprecated
[ error ] [8192]preg_match(): Passing null to parameter #2 ($subject) of type string is deprecated
[ error ] [8192]preg_match(): Passing null to parameter #2 ($subject) of type string is deprecated
[ error ] [8192]Automatic conversion of false to array is deprecated
[ error ] [2]Undefined array key "title"
[ error ] [2]Undefined array key "title"
[ error ] [2]Undefined array key "title"
[ error ] [2]Undefined array key "title"
---------------------------------------------------------------
[ 2026-03-25T04:20:09+08:00 ] 91.224.92.125 GET 120.24.147.77/SDK/webLanguage
[ error ] [8192]preg_match(): Passing null to parameter #2 ($subject) of type string is deprecated
[ error ] [8192]preg_match(): Passing null to parameter #2 ($subject) of type string is deprecated
[ error ] [8192]preg_match(): Passing null to parameter #2 ($subject) of type string is deprecated
[ error ] [8192]preg_match(): Passing null to parameter #2 ($subject) of type string is deprecated
[ error ] [8192]preg_match(): Passing null to parameter #2 ($subject) of type string is deprecated
[ error ] [8192]preg_match(): Passing null to parameter #2 ($subject) of type string is deprecated
---------------------------------------------------------------
[ 2026-03-25T04:20:09+08:00 ] 91.224.92.125 GET 120.24.147.77/SDK/webLanguage
[ error ] [8192]preg_match(): Passing null to parameter #2 ($subject) of type string is deprecated
[ error ] [8192]preg_match(): Passing null to parameter #2 ($subject) of type string is deprecated
[ error ] [8192]preg_match(): Passing null to parameter #2 ($subject) of type string is deprecated
[ error ] [8192]preg_match(): Passing null to parameter #2 ($subject) of type string is deprecated
[ error ] [8192]preg_match(): Passing null to parameter #2 ($subject) of type string is deprecated
[ error ] [8192]preg_match(): Passing null to parameter #2 ($subject) of type string is deprecated
---------------------------------------------------------------
[ 2026-03-25T04:28:20+08:00 ] 159.65.252.173 GET 120.24.147.77/
[ error ] [8192]preg_match(): Passing null to parameter #2 ($subject) of type string is deprecated
[ error ] [8192]preg_match(): Passing null to parameter #2 ($subject) of type string is deprecated
[ error ] [8192]preg_match(): Passing null to parameter #2 ($subject) of type string is deprecated
[ error ] [8192]preg_match(): Passing null to parameter #2 ($subject) of type string is deprecated
[ error ] [8192]preg_match(): Passing null to parameter #2 ($subject) of type string is deprecated
[ error ] [8192]preg_match(): Passing null to parameter #2 ($subject) of type string is deprecated
[ error ] [8192]preg_match(): Passing null to parameter #2 ($subject) of type string is deprecated
[ error ] [8192]preg_match(): Passing null to parameter #2 ($subject) of type string is deprecated
[ error ] [8192]Automatic conversion of false to array is deprecated
[ error ] [2]Undefined array key "title"
[ error ] [2]Undefined array key "title"
[ error ] [2]Undefined array key "title"
[ error ] [2]Undefined array key "title"
---------------------------------------------------------------
[ 2026-03-25T04:31:41+08:00 ] 43.157.191.20 GET www.punalei.cn/ldcms/hangyedongtai/336.html
[ error ] [8192]preg_match(): Passing null to parameter #2 ($subject) of type string is deprecated
[ error ] [8192]preg_match(): Passing null to parameter #2 ($subject) of type string is deprecated
[ error ] [8192]preg_match(): Passing null to parameter #2 ($subject) of type string is deprecated
[ error ] [8192]preg_match(): Passing null to parameter #2 ($subject) of type string is deprecated
[ error ] [8192]preg_match(): Passing null to parameter #2 ($subject) of type string is deprecated
[ error ] [8192]preg_match(): Passing null to parameter #2 ($subject) of type string is deprecated
[ error ] [8192]preg_match(): Passing null to parameter #2 ($subject) of type string is deprecated
[ error ] [8192]preg_match(): Passing null to parameter #2 ($subject) of type string is deprecated
[ error ] [8192]Automatic conversion of false to array is deprecated
---------------------------------------------------------------
[ 2026-03-25T04:39:34+08:00 ] 89.42.231.241 GET 120.24.147.77/
[ error ] [8192]preg_match(): Passing null to parameter #2 ($subject) of type string is deprecated
[ error ] [8192]preg_match(): Passing null to parameter #2 ($subject) of type string is deprecated
[ error ] [8192]preg_match(): Passing null to parameter #2 ($subject) of type string is deprecated
[ error ] [8192]preg_match(): Passing null to parameter #2 ($subject) of type string is deprecated
[ error ] [8192]preg_match(): Passing null to parameter #2 ($subject) of type string is deprecated
[ error ] [8192]preg_match(): Passing null to parameter #2 ($subject) of type string is deprecated
[ error ] [8192]preg_match(): Passing null to parameter #2 ($subject) of type string is deprecated
[ error ] [8192]preg_match(): Passing null to parameter #2 ($subject) of type string is deprecated
[ error ] [8192]Automatic conversion of false to array is deprecated
[ error ] [2]Undefined array key "title"
[ error ] [2]Undefined array key "title"
[ error ] [2]Undefined array key "title"
[ error ] [2]Undefined array key "title"
---------------------------------------------------------------
[ 2026-03-25T04:41:19+08:00 ] 43.135.211.148 GET www.punalei.cn/xiazaizhongxin.html
[ error ] [8192]preg_match(): Passing null to parameter #2 ($subject) of type string is deprecated
[ error ] [8192]preg_match(): Passing null to parameter #2 ($subject) of type string is deprecated
[ error ] [8192]preg_match(): Passing null to parameter #2 ($subject) of type string is deprecated
[ error ] [8192]preg_match(): Passing null to parameter #2 ($subject) of type string is deprecated
[ error ] [8192]preg_match(): Passing null to parameter #2 ($subject) of type string is deprecated
[ error ] [8192]preg_match(): Passing null to parameter #2 ($subject) of type string is deprecated
---------------------------------------------------------------
[ 2026-03-25T04:41:19+08:00 ] 43.135.211.148 GET www.punalei.cn/xiazaizhongxin.html
[ error ] [8192]preg_match(): Passing null to parameter #2 ($subject) of type string is deprecated
[ error ] [8192]preg_match(): Passing null to parameter #2 ($subject) of type string is deprecated
[ error ] [8192]preg_match(): Passing null to parameter #2 ($subject) of type string is deprecated
[ error ] [8192]preg_match(): Passing null to parameter #2 ($subject) of type string is deprecated
[ error ] [8192]preg_match(): Passing null to parameter #2 ($subject) of type string is deprecated
[ error ] [8192]preg_match(): Passing null to parameter #2 ($subject) of type string is deprecated
---------------------------------------------------------------
[ 2026-03-25T04:43:09+08:00 ] 176.65.149.234 GET 120.24.147.77/
[ error ] [8192]preg_match(): Passing null to parameter #2 ($subject) of type string is deprecated
[ error ] [8192]preg_match(): Passing null to parameter #2 ($subject) of type string is deprecated
[ error ] [8192]preg_match(): Passing null to parameter #2 ($subject) of type string is deprecated
[ error ] [8192]preg_match(): Passing null to parameter #2 ($subject) of type string is deprecated
[ error ] [8192]preg_match(): Passing null to parameter #2 ($subject) of type string is deprecated
[ error ] [8192]preg_match(): Passing null to parameter #2 ($subject) of type string is deprecated
[ error ] [8192]preg_match(): Passing null to parameter #2 ($subject) of type string is deprecated
[ error ] [8192]preg_match(): Passing null to parameter #2 ($subject) of type string is deprecated
[ error ] [8192]Automatic conversion of false to array is deprecated
[ error ] [2]Undefined array key "title"
[ error ] [2]Undefined array key "title"
[ error ] [2]Undefined array key "title"
[ error ] [2]Undefined array key "title"
---------------------------------------------------------------
[ 2026-03-25T04:48:17+08:00 ] 113.215.189.25 GET www.punalei.cn/
[ error ] [8192]preg_match(): Passing null to parameter #2 ($subject) of type string is deprecated
[ error ] [8192]preg_match(): Passing null to parameter #2 ($subject) of type string is deprecated
[ error ] [8192]preg_match(): Passing null to parameter #2 ($subject) of type string is deprecated
[ error ] [8192]preg_match(): Passing null to parameter #2 ($subject) of type string is deprecated
[ error ] [8192]preg_match(): Passing null to parameter #2 ($subject) of type string is deprecated
[ error ] [8192]preg_match(): Passing null to parameter #2 ($subject) of type string is deprecated
[ error ] [8192]preg_match(): Passing null to parameter #2 ($subject) of type string is deprecated
[ error ] [8192]preg_match(): Passing null to parameter #2 ($subject) of type string is deprecated
[ error ] [8192]Automatic conversion of false to array is deprecated
[ error ] [2]Undefined array key "title"
[ error ] [2]Undefined array key "title"
[ error ] [2]Undefined array key "title"
[ error ] [2]Undefined array key "title"
---------------------------------------------------------------
[ 2026-03-25T04:51:38+08:00 ] 43.159.135.203 GET www.punalei.cn/xiazaizhongxin.html?type=4&name=应用驱动软件
[ error ] [8192]preg_match(): Passing null to parameter #2 ($subject) of type string is deprecated
[ error ] [8192]preg_match(): Passing null to parameter #2 ($subject) of type string is deprecated
[ error ] [8192]preg_match(): Passing null to parameter #2 ($subject) of type string is deprecated
[ error ] [8192]preg_match(): Passing null to parameter #2 ($subject) of type string is deprecated
[ error ] [8192]preg_match(): Passing null to parameter #2 ($subject) of type string is deprecated
[ error ] [8192]preg_match(): Passing null to parameter #2 ($subject) of type string is deprecated
---------------------------------------------------------------
[ 2026-03-25T04:51:38+08:00 ] 43.159.135.203 GET www.punalei.cn/xiazaizhongxin.html?type=4&name=应用驱动软件
[ error ] [8192]preg_match(): Passing null to parameter #2 ($subject) of type string is deprecated
[ error ] [8192]preg_match(): Passing null to parameter #2 ($subject) of type string is deprecated
[ error ] [8192]preg_match(): Passing null to parameter #2 ($subject) of type string is deprecated
[ error ] [8192]preg_match(): Passing null to parameter #2 ($subject) of type string is deprecated
[ error ] [8192]preg_match(): Passing null to parameter #2 ($subject) of type string is deprecated
[ error ] [8192]preg_match(): Passing null to parameter #2 ($subject) of type string is deprecated
---------------------------------------------------------------
[ 2026-03-25T04:52:45+08:00 ] 121.43.55.31 GET 120.24.147.77/
[ error ] [8192]preg_match(): Passing null to parameter #2 ($subject) of type string is deprecated
[ error ] [8192]preg_match(): Passing null to parameter #2 ($subject) of type string is deprecated
[ error ] [8192]preg_match(): Passing null to parameter #2 ($subject) of type string is deprecated
[ error ] [8192]preg_match(): Passing null to parameter #2 ($subject) of type string is deprecated
[ error ] [8192]preg_match(): Passing null to parameter #2 ($subject) of type string is deprecated
[ error ] [8192]preg_match(): Passing null to parameter #2 ($subject) of type string is deprecated
[ error ] [8192]preg_match(): Passing null to parameter #2 ($subject) of type string is deprecated
[ error ] [8192]preg_match(): Passing null to parameter #2 ($subject) of type string is deprecated
[ error ] [8192]Automatic conversion of false to array is deprecated
[ error ] [2]Undefined array key "title"
[ error ] [2]Undefined array key "title"
[ error ] [2]Undefined array key "title"
[ error ] [2]Undefined array key "title"
---------------------------------------------------------------
[ 2026-03-25T04:54:09+08:00 ] 172.236.119.165 GET 120.24.147.77/
[ error ] [8192]preg_match(): Passing null to parameter #2 ($subject) of type string is deprecated
[ error ] [8192]preg_match(): Passing null to parameter #2 ($subject) of type string is deprecated
[ error ] [8192]preg_match(): Passing null to parameter #2 ($subject) of type string is deprecated
[ error ] [8192]preg_match(): Passing null to parameter #2 ($subject) of type string is deprecated
[ error ] [8192]preg_match(): Passing null to parameter #2 ($subject) of type string is deprecated
[ error ] [8192]preg_match(): Passing null to parameter #2 ($subject) of type string is deprecated
[ error ] [8192]preg_match(): Passing null to parameter #2 ($subject) of type string is deprecated
[ error ] [8192]preg_match(): Passing null to parameter #2 ($subject) of type string is deprecated
[ error ] [8192]Automatic conversion of false to array is deprecated
[ error ] [2]Undefined array key "title"
[ error ] [2]Undefined array key "title"
[ error ] [2]Undefined array key "title"
[ error ] [2]Undefined array key "title"
---------------------------------------------------------------
[ 2026-03-25T04:56:49+08:00 ] 91.231.89.105 GET 120.24.147.77/
[ error ] [8192]preg_match(): Passing null to parameter #2 ($subject) of type string is deprecated
[ error ] [8192]preg_match(): Passing null to parameter #2 ($subject) of type string is deprecated
[ error ] [8192]preg_match(): Passing null to parameter #2 ($subject) of type string is deprecated
[ error ] [8192]preg_match(): Passing null to parameter #2 ($subject) of type string is deprecated
[ error ] [8192]preg_match(): Passing null to parameter #2 ($subject) of type string is deprecated
[ error ] [8192]preg_match(): Passing null to parameter #2 ($subject) of type string is deprecated
[ error ] [8192]preg_match(): Passing null to parameter #2 ($subject) of type string is deprecated
[ error ] [8192]preg_match(): Passing null to parameter #2 ($subject) of type string is deprecated
[ error ] [8192]Automatic conversion of false to array is deprecated
[ error ] [2]Undefined array key "title"
[ error ] [2]Undefined array key "title"
[ error ] [2]Undefined array key "title"
[ error ] [2]Undefined array key "title"
---------------------------------------------------------------
[ 2026-03-25T04:59:36+08:00 ] 91.231.89.136 GET 120.24.147.77/uploads/20250705/93a02783e7874deb423d980c973e71dc.jpg
[ error ] [8192]preg_match(): Passing null to parameter #2 ($subject) of type string is deprecated
[ error ] [8192]preg_match(): Passing null to parameter #2 ($subject) of type string is deprecated
[ error ] [8192]preg_match(): Passing null to parameter #2 ($subject) of type string is deprecated
[ error ] [8192]preg_match(): Passing null to parameter #2 ($subject) of type string is deprecated
[ error ] [8192]preg_match(): Passing null to parameter #2 ($subject) of type string is deprecated
[ error ] [8192]preg_match(): Passing null to parameter #2 ($subject) of type string is deprecated
---------------------------------------------------------------
[ 2026-03-25T05:01:42+08:00 ] 31.58.214.23 GET 120.24.147.77/.vscode/sftp.json
[ error ] [8192]preg_match(): Passing null to parameter #2 ($subject) of type string is deprecated
[ error ] [8192]preg_match(): Passing null to parameter #2 ($subject) of type string is deprecated
[ error ] [8192]preg_match(): Passing null to parameter #2 ($subject) of type string is deprecated
[ error ] [8192]preg_match(): Passing null to parameter #2 ($subject) of type string is deprecated
[ error ] [8192]preg_match(): Passing null to parameter #2 ($subject) of type string is deprecated
[ error ] [8192]preg_match(): Passing null to parameter #2 ($subject) of type string is deprecated
---------------------------------------------------------------
[ 2026-03-25T05:01:48+08:00 ] 43.166.136.202 GET www.punalei.cn/ldcms/punaleiPNAIdangongnenganguixilie/307.html
[ error ] [8192]preg_match(): Passing null to parameter #2 ($subject) of type string is deprecated
[ error ] [8192]preg_match(): Passing null to parameter #2 ($subject) of type string is deprecated
[ error ] [8192]preg_match(): Passing null to parameter #2 ($subject) of type string is deprecated
[ error ] [8192]preg_match(): Passing null to parameter #2 ($subject) of type string is deprecated
[ error ] [8192]preg_match(): Passing null to parameter #2 ($subject) of type string is deprecated
[ error ] [8192]preg_match(): Passing null to parameter #2 ($subject) of type string is deprecated
[ error ] [8192]preg_match(): Passing null to parameter #2 ($subject) of type string is deprecated
[ error ] [8192]preg_match(): Passing null to parameter #2 ($subject) of type string is deprecated
[ error ] [8192]Automatic conversion of false to array is deprecated
---------------------------------------------------------------
[ 2026-03-25T05:03:43+08:00 ] 49.51.195.195 GET www.punalei.cn/
[ error ] [8192]preg_match(): Passing null to parameter #2 ($subject) of type string is deprecated
[ error ] [8192]preg_match(): Passing null to parameter #2 ($subject) of type string is deprecated
[ error ] [8192]preg_match(): Passing null to parameter #2 ($subject) of type string is deprecated
[ error ] [8192]preg_match(): Passing null to parameter #2 ($subject) of type string is deprecated
[ error ] [8192]preg_match(): Passing null to parameter #2 ($subject) of type string is deprecated
[ error ] [8192]preg_match(): Passing null to parameter #2 ($subject) of type string is deprecated
[ error ] [8192]preg_match(): Passing null to parameter #2 ($subject) of type string is deprecated
[ error ] [8192]preg_match(): Passing null to parameter #2 ($subject) of type string is deprecated
[ error ] [8192]Automatic conversion of false to array is deprecated
[ error ] [2]Undefined array key "title"
[ error ] [2]Undefined array key "title"
[ error ] [2]Undefined array key "title"
[ error ] [2]Undefined array key "title"
---------------------------------------------------------------
[ 2026-03-25T05:04:49+08:00 ] 100.53.78.176 GET 120.24.147.77/
[ error ] [8192]preg_match(): Passing null to parameter #2 ($subject) of type string is deprecated
[ error ] [8192]preg_match(): Passing null to parameter #2 ($subject) of type string is deprecated
[ error ] [8192]preg_match(): Passing null to parameter #2 ($subject) of type string is deprecated
[ error ] [8192]preg_match(): Passing null to parameter #2 ($subject) of type string is deprecated
[ error ] [8192]preg_match(): Passing null to parameter #2 ($subject) of type string is deprecated
[ error ] [8192]preg_match(): Passing null to parameter #2 ($subject) of type string is deprecated
[ error ] [8192]preg_match(): Passing null to parameter #2 ($subject) of type string is deprecated
[ error ] [8192]preg_match(): Passing null to parameter #2 ($subject) of type string is deprecated
[ error ] [8192]Automatic conversion of false to array is deprecated
[ error ] [2]Undefined array key "title"
[ error ] [2]Undefined array key "title"
[ error ] [2]Undefined array key "title"
[ error ] [2]Undefined array key "title"
---------------------------------------------------------------
[ 2026-03-25T05:05:22+08:00 ] 147.185.133.32 GET 120.24.147.77/
[ error ] [8192]preg_match(): Passing null to parameter #2 ($subject) of type string is deprecated
[ error ] [8192]preg_match(): Passing null to parameter #2 ($subject) of type string is deprecated
[ error ] [8192]preg_match(): Passing null to parameter #2 ($subject) of type string is deprecated
[ error ] [8192]preg_match(): Passing null to parameter #2 ($subject) of type string is deprecated
[ error ] [8192]preg_match(): Passing null to parameter #2 ($subject) of type string is deprecated
[ error ] [8192]preg_match(): Passing null to parameter #2 ($subject) of type string is deprecated
[ error ] [8192]preg_match(): Passing null to parameter #2 ($subject) of type string is deprecated
[ error ] [8192]preg_match(): Passing null to parameter #2 ($subject) of type string is deprecated
[ error ] [8192]Automatic conversion of false to array is deprecated
[ error ] [2]Undefined array key "title"
[ error ] [2]Undefined array key "title"
[ error ] [2]Undefined array key "title"
[ error ] [2]Undefined array key "title"
---------------------------------------------------------------
[ 2026-03-25T05:12:10+08:00 ] 43.153.49.151 GET www.punalei.cn/ldcms/punaleiPNAIdangongnenganguixilie/264.html
[ error ] [8192]preg_match(): Passing null to parameter #2 ($subject) of type string is deprecated
[ error ] [8192]preg_match(): Passing null to parameter #2 ($subject) of type string is deprecated
[ error ] [8192]preg_match(): Passing null to parameter #2 ($subject) of type string is deprecated
[ error ] [8192]preg_match(): Passing null to parameter #2 ($subject) of type string is deprecated
[ error ] [8192]preg_match(): Passing null to parameter #2 ($subject) of type string is deprecated
[ error ] [8192]preg_match(): Passing null to parameter #2 ($subject) of type string is deprecated
[ error ] [8192]preg_match(): Passing null to parameter #2 ($subject) of type string is deprecated
[ error ] [8192]preg_match(): Passing null to parameter #2 ($subject) of type string is deprecated
[ error ] [8192]Automatic conversion of false to array is deprecated
---------------------------------------------------------------
[ 2026-03-25T05:18:25+08:00 ] 31.58.214.23 GET 120.24.147.77/.env.prod
[ error ] [8192]preg_match(): Passing null to parameter #2 ($subject) of type string is deprecated
[ error ] [8192]preg_match(): Passing null to parameter #2 ($subject) of type string is deprecated
[ error ] [8192]preg_match(): Passing null to parameter #2 ($subject) of type string is deprecated
[ error ] [8192]preg_match(): Passing null to parameter #2 ($subject) of type string is deprecated
[ error ] [8192]preg_match(): Passing null to parameter #2 ($subject) of type string is deprecated
[ error ] [8192]preg_match(): Passing null to parameter #2 ($subject) of type string is deprecated
---------------------------------------------------------------
[ 2026-03-25T05:21:12+08:00 ] 43.135.211.148 GET www.punalei.cn/ldcms/punaleiPNAIanguijiaozhunzhuangzhi/303.html
[ error ] [8192]preg_match(): Passing null to parameter #2 ($subject) of type string is deprecated
[ error ] [8192]preg_match(): Passing null to parameter #2 ($subject) of type string is deprecated
[ error ] [8192]preg_match(): Passing null to parameter #2 ($subject) of type string is deprecated
[ error ] [8192]preg_match(): Passing null to parameter #2 ($subject) of type string is deprecated
[ error ] [8192]preg_match(): Passing null to parameter #2 ($subject) of type string is deprecated
[ error ] [8192]preg_match(): Passing null to parameter #2 ($subject) of type string is deprecated
[ error ] [8192]preg_match(): Passing null to parameter #2 ($subject) of type string is deprecated
[ error ] [8192]preg_match(): Passing null to parameter #2 ($subject) of type string is deprecated
[ error ] [8192]Automatic conversion of false to array is deprecated
---------------------------------------------------------------
[ 2026-03-25T05:27:30+08:00 ] 109.105.210.105 GET 120.24.147.77/
[ error ] [8192]preg_match(): Passing null to parameter #2 ($subject) of type string is deprecated
[ error ] [8192]preg_match(): Passing null to parameter #2 ($subject) of type string is deprecated
[ error ] [8192]preg_match(): Passing null to parameter #2 ($subject) of type string is deprecated
[ error ] [8192]preg_match(): Passing null to parameter #2 ($subject) of type string is deprecated
[ error ] [8192]preg_match(): Passing null to parameter #2 ($subject) of type string is deprecated
[ error ] [8192]preg_match(): Passing null to parameter #2 ($subject) of type string is deprecated
[ error ] [8192]preg_match(): Passing null to parameter #2 ($subject) of type string is deprecated
[ error ] [8192]preg_match(): Passing null to parameter #2 ($subject) of type string is deprecated
[ error ] [8192]Automatic conversion of false to array is deprecated
[ error ] [2]Undefined array key "title"
[ error ] [2]Undefined array key "title"
[ error ] [2]Undefined array key "title"
[ error ] [2]Undefined array key "title"
---------------------------------------------------------------
[ 2026-03-25T05:29:43+08:00 ] 139.59.75.154 GET 120.24.147.77/
[ error ] [8192]preg_match(): Passing null to parameter #2 ($subject) of type string is deprecated
[ error ] [8192]preg_match(): Passing null to parameter #2 ($subject) of type string is deprecated
[ error ] [8192]preg_match(): Passing null to parameter #2 ($subject) of type string is deprecated
[ error ] [8192]preg_match(): Passing null to parameter #2 ($subject) of type string is deprecated
[ error ] [8192]preg_match(): Passing null to parameter #2 ($subject) of type string is deprecated
[ error ] [8192]preg_match(): Passing null to parameter #2 ($subject) of type string is deprecated
[ error ] [8192]preg_match(): Passing null to parameter #2 ($subject) of type string is deprecated
[ error ] [8192]preg_match(): Passing null to parameter #2 ($subject) of type string is deprecated
[ error ] [8192]Automatic conversion of false to array is deprecated
[ error ] [2]Undefined array key "title"
[ error ] [2]Undefined array key "title"
[ error ] [2]Undefined array key "title"
[ error ] [2]Undefined array key "title"
---------------------------------------------------------------
[ 2026-03-25T05:32:00+08:00 ] 43.133.66.51 GET www.punalei.cn/ldcms/qiyexinwen.html
[ error ] [8192]preg_match(): Passing null to parameter #2 ($subject) of type string is deprecated
[ error ] [8192]preg_match(): Passing null to parameter #2 ($subject) of type string is deprecated
[ error ] [8192]preg_match(): Passing null to parameter #2 ($subject) of type string is deprecated
[ error ] [8192]preg_match(): Passing null to parameter #2 ($subject) of type string is deprecated
[ error ] [8192]preg_match(): Passing null to parameter #2 ($subject) of type string is deprecated
[ error ] [8192]preg_match(): Passing null to parameter #2 ($subject) of type string is deprecated
[ error ] [8192]preg_match(): Passing null to parameter #2 ($subject) of type string is deprecated
[ error ] [8192]preg_match(): Passing null to parameter #2 ($subject) of type string is deprecated
[ error ] [8192]Automatic conversion of false to array is deprecated
[ error ] [2]Undefined variable $content
[ error ] [2]Trying to access array offset on value of type null
---------------------------------------------------------------
[ 2026-03-25T05:35:13+08:00 ] 172.236.228.208 GET 120.24.147.77/
[ error ] [8192]preg_match(): Passing null to parameter #2 ($subject) of type string is deprecated
[ error ] [8192]preg_match(): Passing null to parameter #2 ($subject) of type string is deprecated
[ error ] [8192]preg_match(): Passing null to parameter #2 ($subject) of type string is deprecated
[ error ] [8192]preg_match(): Passing null to parameter #2 ($subject) of type string is deprecated
[ error ] [8192]preg_match(): Passing null to parameter #2 ($subject) of type string is deprecated
[ error ] [8192]preg_match(): Passing null to parameter #2 ($subject) of type string is deprecated
[ error ] [8192]preg_match(): Passing null to parameter #2 ($subject) of type string is deprecated
[ error ] [8192]preg_match(): Passing null to parameter #2 ($subject) of type string is deprecated
[ error ] [8192]Automatic conversion of false to array is deprecated
[ error ] [2]Undefined array key "title"
[ error ] [2]Undefined array key "title"
[ error ] [2]Undefined array key "title"
[ error ] [2]Undefined array key "title"
---------------------------------------------------------------
[ 2026-03-25T05:41:35+08:00 ] 43.130.102.223 GET www.punalei.cn/ldcms/zhiliudianyuanshumaxilie/329.html
[ error ] [8192]preg_match(): Passing null to parameter #2 ($subject) of type string is deprecated
[ error ] [8192]preg_match(): Passing null to parameter #2 ($subject) of type string is deprecated
[ error ] [8192]preg_match(): Passing null to parameter #2 ($subject) of type string is deprecated
[ error ] [8192]preg_match(): Passing null to parameter #2 ($subject) of type string is deprecated
[ error ] [8192]preg_match(): Passing null to parameter #2 ($subject) of type string is deprecated
[ error ] [8192]preg_match(): Passing null to parameter #2 ($subject) of type string is deprecated
[ error ] [8192]preg_match(): Passing null to parameter #2 ($subject) of type string is deprecated
[ error ] [8192]preg_match(): Passing null to parameter #2 ($subject) of type string is deprecated
[ error ] [8192]Automatic conversion of false to array is deprecated
---------------------------------------------------------------
[ 2026-03-25T05:49:11+08:00 ] 89.42.231.241 GET 120.24.147.77/
[ error ] [8192]preg_match(): Passing null to parameter #2 ($subject) of type string is deprecated
[ error ] [8192]preg_match(): Passing null to parameter #2 ($subject) of type string is deprecated
[ error ] [8192]preg_match(): Passing null to parameter #2 ($subject) of type string is deprecated
[ error ] [8192]preg_match(): Passing null to parameter #2 ($subject) of type string is deprecated
[ error ] [8192]preg_match(): Passing null to parameter #2 ($subject) of type string is deprecated
[ error ] [8192]preg_match(): Passing null to parameter #2 ($subject) of type string is deprecated
[ error ] [8192]preg_match(): Passing null to parameter #2 ($subject) of type string is deprecated
[ error ] [8192]preg_match(): Passing null to parameter #2 ($subject) of type string is deprecated
[ error ] [8192]Automatic conversion of false to array is deprecated
[ error ] [2]Undefined array key "title"
[ error ] [2]Undefined array key "title"
[ error ] [2]Undefined array key "title"
[ error ] [2]Undefined array key "title"
---------------------------------------------------------------
[ 2026-03-25T05:51:40+08:00 ] 49.51.243.95 GET www.punalei.cn/ldcms/hangyedongtai.html
[ error ] [8192]preg_match(): Passing null to parameter #2 ($subject) of type string is deprecated
[ error ] [8192]preg_match(): Passing null to parameter #2 ($subject) of type string is deprecated
[ error ] [8192]preg_match(): Passing null to parameter #2 ($subject) of type string is deprecated
[ error ] [8192]preg_match(): Passing null to parameter #2 ($subject) of type string is deprecated
[ error ] [8192]preg_match(): Passing null to parameter #2 ($subject) of type string is deprecated
[ error ] [8192]preg_match(): Passing null to parameter #2 ($subject) of type string is deprecated
[ error ] [8192]preg_match(): Passing null to parameter #2 ($subject) of type string is deprecated
[ error ] [8192]preg_match(): Passing null to parameter #2 ($subject) of type string is deprecated
[ error ] [8192]Automatic conversion of false to array is deprecated
[ error ] [2]Undefined variable $content
[ error ] [2]Trying to access array offset on value of type null
---------------------------------------------------------------
[ 2026-03-25T05:56:38+08:00 ] 43.130.3.122 GET 120.24.147.77/
[ error ] [8192]preg_match(): Passing null to parameter #2 ($subject) of type string is deprecated
[ error ] [8192]preg_match(): Passing null to parameter #2 ($subject) of type string is deprecated
[ error ] [8192]preg_match(): Passing null to parameter #2 ($subject) of type string is deprecated
[ error ] [8192]preg_match(): Passing null to parameter #2 ($subject) of type string is deprecated
[ error ] [8192]preg_match(): Passing null to parameter #2 ($subject) of type string is deprecated
[ error ] [8192]preg_match(): Passing null to parameter #2 ($subject) of type string is deprecated
[ error ] [8192]preg_match(): Passing null to parameter #2 ($subject) of type string is deprecated
[ error ] [8192]preg_match(): Passing null to parameter #2 ($subject) of type string is deprecated
[ error ] [8192]Automatic conversion of false to array is deprecated
[ error ] [2]Undefined array key "title"
[ error ] [2]Undefined array key "title"
[ error ] [2]Undefined array key "title"
[ error ] [2]Undefined array key "title"
---------------------------------------------------------------
[ 2026-03-25T06:02:43+08:00 ] 43.163.104.54 GET www.punalei.cn/ldcms/zhiliudianzuchanpin.html
[ error ] [8192]preg_match(): Passing null to parameter #2 ($subject) of type string is deprecated
[ error ] [8192]preg_match(): Passing null to parameter #2 ($subject) of type string is deprecated
[ error ] [8192]preg_match(): Passing null to parameter #2 ($subject) of type string is deprecated
[ error ] [8192]preg_match(): Passing null to parameter #2 ($subject) of type string is deprecated
[ error ] [8192]preg_match(): Passing null to parameter #2 ($subject) of type string is deprecated
[ error ] [8192]preg_match(): Passing null to parameter #2 ($subject) of type string is deprecated
[ error ] [8192]preg_match(): Passing null to parameter #2 ($subject) of type string is deprecated
[ error ] [8192]preg_match(): Passing null to parameter #2 ($subject) of type string is deprecated
[ error ] [8192]Automatic conversion of false to array is deprecated
---------------------------------------------------------------
[ 2026-03-25T06:11:52+08:00 ] 43.132.214.228 GET www.punalei.cn/ldcms/jiaoliuhengliuyuanxilie.html
[ error ] [8192]preg_match(): Passing null to parameter #2 ($subject) of type string is deprecated
[ error ] [8192]preg_match(): Passing null to parameter #2 ($subject) of type string is deprecated
[ error ] [8192]preg_match(): Passing null to parameter #2 ($subject) of type string is deprecated
[ error ] [8192]preg_match(): Passing null to parameter #2 ($subject) of type string is deprecated
[ error ] [8192]preg_match(): Passing null to parameter #2 ($subject) of type string is deprecated
[ error ] [8192]preg_match(): Passing null to parameter #2 ($subject) of type string is deprecated
[ error ] [8192]preg_match(): Passing null to parameter #2 ($subject) of type string is deprecated
[ error ] [8192]preg_match(): Passing null to parameter #2 ($subject) of type string is deprecated
[ error ] [8192]Automatic conversion of false to array is deprecated
---------------------------------------------------------------
[ 2026-03-25T06:11:54+08:00 ] 176.65.149.253 GET 120.24.147.77/.env
[ error ] [8192]preg_match(): Passing null to parameter #2 ($subject) of type string is deprecated
[ error ] [8192]preg_match(): Passing null to parameter #2 ($subject) of type string is deprecated
[ error ] [8192]preg_match(): Passing null to parameter #2 ($subject) of type string is deprecated
[ error ] [8192]preg_match(): Passing null to parameter #2 ($subject) of type string is deprecated
[ error ] [8192]preg_match(): Passing null to parameter #2 ($subject) of type string is deprecated
[ error ] [8192]preg_match(): Passing null to parameter #2 ($subject) of type string is deprecated
---------------------------------------------------------------
[ 2026-03-25T06:16:06+08:00 ] 178.128.124.37 GET 120.24.147.77/
[ error ] [8192]preg_match(): Passing null to parameter #2 ($subject) of type string is deprecated
[ error ] [8192]preg_match(): Passing null to parameter #2 ($subject) of type string is deprecated
[ error ] [8192]preg_match(): Passing null to parameter #2 ($subject) of type string is deprecated
[ error ] [8192]preg_match(): Passing null to parameter #2 ($subject) of type string is deprecated
[ error ] [8192]preg_match(): Passing null to parameter #2 ($subject) of type string is deprecated
[ error ] [8192]preg_match(): Passing null to parameter #2 ($subject) of type string is deprecated
[ error ] [8192]preg_match(): Passing null to parameter #2 ($subject) of type string is deprecated
[ error ] [8192]preg_match(): Passing null to parameter #2 ($subject) of type string is deprecated
[ error ] [8192]Automatic conversion of false to array is deprecated
[ error ] [2]Undefined array key "title"
[ error ] [2]Undefined array key "title"
[ error ] [2]Undefined array key "title"
[ error ] [2]Undefined array key "title"
---------------------------------------------------------------
[ 2026-03-25T06:18:32+08:00 ] 40.77.167.156 GET www.punalei.cn/ldcms/xiazaizhongxin.html?type=2&name=%E7%94%A8%E6%88%B7%E6%89%8B%E5%86%8C
[ error ] [8192]preg_match(): Passing null to parameter #2 ($subject) of type string is deprecated
[ error ] [8192]preg_match(): Passing null to parameter #2 ($subject) of type string is deprecated
[ error ] [8192]preg_match(): Passing null to parameter #2 ($subject) of type string is deprecated
[ error ] [8192]preg_match(): Passing null to parameter #2 ($subject) of type string is deprecated
[ error ] [8192]preg_match(): Passing null to parameter #2 ($subject) of type string is deprecated
[ error ] [8192]preg_match(): Passing null to parameter #2 ($subject) of type string is deprecated
[ error ] [8192]preg_match(): Passing null to parameter #2 ($subject) of type string is deprecated
[ error ] [8192]preg_match(): Passing null to parameter #2 ($subject) of type string is deprecated
[ error ] [8192]Automatic conversion of false to array is deprecated
[ download ] 2
---------------------------------------------------------------
[ 2026-03-25T06:18:32+08:00 ] 40.77.167.156 GET www.punalei.cn/ldcms/xiazaizhongxin.html?type=2&name=%E7%94%A8%E6%88%B7%E6%89%8B%E5%86%8C
[ download ] [{"id":242,"title":"1-300V\/45-400Hz \u4ea4\u6d41\u53d8\u9891\u7535\u6e90 P9510\\15\\20\\30\\45\\60-\\TSS\u7cfb\u5217","catalog":"https:\/\/qiniu.punalei.cn\/uploads\/20250630\/9f6157e1177e99e4fe3674e8d06014a8.pdf","handbook":"https:\/\/qiniu.punalei.cn\/uploads\/20250630\/9f6157e1177e99e4fe3674e8d06014a8.pdf","agreement":"","drive":"","resource":""},{"id":244,"title":"1-300V\/45-400Hz \u4ea4\u6d41\u53d8\u9891\u7535\u6e90 P9530\\60-\\GSD\\GSS\u7cfb\u5217","catalog":"https:\/\/qiniu.punalei.cn\/uploads\/20250630\/9f6157e1177e99e4fe3674e8d06014a8.pdf","handbook":"https:\/\/qiniu.punalei.cn\/uploads\/20250630\/9f6157e1177e99e4fe3674e8d06014a8.pdf","agreement":"","drive":"","resource":""},{"id":260,"title":"1-300V\/45-400Hz \u4ea4\u6d41\u53d8\u9891\u7535\u6e90 P9505\\10-\\D\u7cfb\u5217","catalog":"https:\/\/qiniu.punalei.cn\/uploads\/20250630\/9f6157e1177e99e4fe3674e8d06014a8.pdf","handbook":"https:\/\/qiniu.punalei.cn\/uploads\/20250630\/9f6157e1177e99e4fe3674e8d06014a8.pdf","agreement":"","drive":"","resource":""},{"id":262,"title":"\u5355\u76f8\u578bPNL300-A\u4ea4\u6d41\u7cfb\u52170.2\u7ea7","catalog":"https:\/\/qiniu.punalei.cn\/uploads\/20250630\/9f6157e1177e99e4fe3674e8d06014a8.pdf","handbook":"https:\/\/qiniu.punalei.cn\/uploads\/20260309\/ed50ce8156e54152582ff3356228093d.pdf","agreement":"","drive":"","resource":"https:\/\/qiniu.punalei.cn\/uploads\/20250811\/ed50ce8156e54152582ff3356228093d.pdf"},{"id":263,"title":"\u6cc4\u6f0f\u7535\u6d41\u6d4b\u8bd5\u4eeaPNL2675\u7cfb\u5217","catalog":"https:\/\/qiniu.punalei.cn\/uploads\/20250630\/9f6157e1177e99e4fe3674e8d06014a8.pdf","handbook":"https:\/\/qiniu.punalei.cn\/uploads\/20250630\/9f6157e1177e99e4fe3674e8d06014a8.pdf","agreement":"","drive":"","resource":""},{"id":264,"title":" \u63a5\u5730\u7535\u963b\u6d4b\u8bd5\u4eeaPNL2678XM\u7cfb\u5217","catalog":"https:\/\/qiniu.punalei.cn\/uploads\/20250630\/9f6157e1177e99e4fe3674e8d06014a8.pdf","handbook":"https:\/\/qiniu.punalei.cn\/uploads\/20250630\/9f6157e1177e99e4fe3674e8d06014a8.pdf","agreement":"","drive":"","resource":""},{"id":268,"title":"\u591a\u901a\u9053\u76f4\u6d41\u7535\u963b\u6d4b\u8bd5\u4eeaPNL2818-X\u7cfb\u5217","catalog":"https:\/\/qiniu.punalei.cn\/uploads\/20250630\/9f6157e1177e99e4fe3674e8d06014a8.pdf","handbook":"https:\/\/qiniu.punalei.cn\/uploads\/20250630\/9f6157e1177e99e4fe3674e8d06014a8.pdf","agreement":"","drive":"","resource":""},{"id":270,"title":"\u76f4\u6d41\u7535\u963b\u6d4b\u8bd5\u4eeaPNL2511\u6570\u7801\u7cfb\u5217","catalog":"https:\/\/qiniu.punalei.cn\/uploads\/20250630\/9f6157e1177e99e4fe3674e8d06014a8.pdf","handbook":"https:\/\/qiniu.punalei.cn\/uploads\/20250811\/405841dc3a1790083cdfb28d392a51b6.pdf","agreement":"","drive":"","resource":""},{"id":271,"title":"\u591a\u8def\u6e29\u5ea6\u5de1\u68c0\u6d4b\u8bd5\u4eeaP2000-X PLUS\u7cfb\u5217","catalog":"https:\/\/qiniu.punalei.cn\/uploads\/20250630\/9f6157e1177e99e4fe3674e8d06014a8.pdf","handbook":"https:\/\/qiniu.punalei.cn\/uploads\/20250811\/88bebf25cc9f75277abfb9945aa00ebc.pdf","agreement":"","drive":"","resource":""},{"id":272,"title":"\u624b\u6301\u591a\u8def\u6e29\u5ea6\u6d4b\u8bd5\u4eeaP300-S\u7cfb\u5217","catalog":"https:\/\/qiniu.punalei.cn\/uploads\/20250630\/9f6157e1177e99e4fe3674e8d06014a8.pdf","handbook":"https:\/\/qiniu.punalei.cn\/uploads\/20250811\/4eeb7970b89981df90d0560b8dbe2ff8.pdf","agreement":"","drive":"","resource":""},{"id":290,"title":"\u4ea4\u6d41\u6052\u6d41\u6e90","catalog":"","handbook":"","agreement":"","drive":"","resource":""},{"id":291,"title":"\u4e09\u76f8\u578bPNL300-S\u7cfb\u52170.2\u7ea7","catalog":"","handbook":"https:\/\/qiniu.punalei.cn\/uploads\/20250811\/5f7e3f318e22f4a79790e06a66ac2625.pdf","agreement":"","drive":"","resource":"https:\/\/qiniu.punalei.cn\/uploads\/20250811\/5f7e3f318e22f4a79790e06a66ac2625.pdf"},{"id":295,"title":"\u5c0f\u529f\u7387\u76f4\u6d41\u7535\u5b50\u8d1f\u8f7d","catalog":"","handbook":"https:\/\/qiniu.punalei.cn\/uploads\/20250811\/3c0024e1494ae6a3a5ee57c6e55308d8.pdf","agreement":"","drive":"","resource":""},{"id":298,"title":"\u533b\u7528\u6cc4\u6f0f\u7535\u6d41\u6d4b\u8bd5\u4eea","catalog":"","handbook":"","agreement":"","drive":"","resource":""},{"id":299,"title":"\u5927\u529f\u7387\u76f4\u6d41\u7535\u6e90\u6db2\u66763U\u7cfb\u5217","catalog":"","handbook":"","agreement":"","drive":"","resource":""},{"id":300,"title":"\u5927\u529f\u7387\u76f4\u6d41\u7535\u6e90\u6570\u7801PNL-Y 10kw-15kw\u7cfb\u5217","catalog":"","handbook":"https:\/\/qiniu.punalei.cn\/uploads\/20250811\/6991e7a5b3190aa67ef71fc5ef74964e.pdf","agreement":"","drive":"","resource":""},{"id":303,"title":"\u5b89\u89c4\u7efc\u5408\u6821\u51c6\u70b9\u68c0\u5de5\u88c5","catalog":"","handbook":"","agreement":"","drive":"","resource":""},{"id":304,"title":"\u8010\u538b\u6d4b\u8bd5\u4eea5KV\u7cfb\u5217","catalog":"","handbook":"","agreement":"","drive":"","resource":""},{"id":306,"title":"\u8010\u538b\u6d4b\u8bd5\u4eea10KV\u7cfb\u5217","catalog":"https:\/\/qiniu.punalei.cn\/uploads\/20250630\/9f6157e1177e99e4fe3674e8d06014a8.pdf","handbook":"https:\/\/qiniu.punalei.cn\/uploads\/20250630\/9f6157e1177e99e4fe3674e8d06014a8.pdf","agreement":"","drive":"","resource":""},{"id":307,"title":"\u8010\u538b\u6d4b\u8bd5\u4eea20KV\u7cfb\u5217","catalog":"https:\/\/qiniu.punalei.cn\/uploads\/20250630\/9f6157e1177e99e4fe3674e8d06014a8.pdf","handbook":"https:\/\/qiniu.punalei.cn\/uploads\/20250630\/9f6157e1177e99e4fe3674e8d06014a8.pdf","agreement":"","drive":"","resource":""},{"id":308,"title":"\u7a0b\u63a7\u8010\u538b\u7edd\u7f18PNL7110\\PNL7122\u7cfb\u5217","catalog":"https:\/\/qiniu.punalei.cn\/uploads\/20250630\/9f6157e1177e99e4fe3674e8d06014a8.pdf","handbook":"https:\/\/qiniu.punalei.cn\/uploads\/20250630\/9f6157e1177e99e4fe3674e8d06014a8.pdf","agreement":"","drive":"","resource":""},{"id":309,"title":"\u5b89\u5168\u7efc\u5408\u6027\u80fd\u5206\u6790\u4eeaPNL9950\u7cfb\u5217","catalog":"https:\/\/qiniu.punalei.cn\/uploads\/20250630\/9f6157e1177e99e4fe3674e8d06014a8.pdf","handbook":"https:\/\/qiniu.punalei.cn\/uploads\/20250630\/9f6157e1177e99e4fe3674e8d06014a8.pdf","agreement":"","drive":"","resource":""},{"id":311,"title":"\u5355\u4e09\u76f8 - \u5b89\u5168\u7efc\u5408\u6027\u80fd\u5206\u6790\u4eeaPNL9950-C\u7cfb\u5217","catalog":"https:\/\/qiniu.punalei.cn\/uploads\/20250630\/9f6157e1177e99e4fe3674e8d06014a8.pdf","handbook":"https:\/\/qiniu.punalei.cn\/uploads\/20250630\/9f6157e1177e99e4fe3674e8d06014a8.pdf","agreement":"","drive":"","resource":""},{"id":312,"title":"1-300V\/45-400Hz \u4ea4\u6d41\u53d8\u9891\u7535\u6e90 P9515\\20\\30\\45\\60-\\TSD\u7cfb\u5217","catalog":"https:\/\/qiniu.punalei.cn\/uploads\/20250630\/9f6157e1177e99e4fe3674e8d06014a8.pdf","handbook":"https:\/\/qiniu.punalei.cn\/uploads\/20250630\/9f6157e1177e99e4fe3674e8d06014a8.pdf","agreement":"","drive":"","resource":""},{"id":314,"title":"1-300V\/45-400Hz \u4ea4\u6d41\u53d8\u9891\u7535\u6e90 P9520\\30-\\D\u7cfb\u5217","catalog":"https:\/\/qiniu.punalei.cn\/uploads\/20250630\/9f6157e1177e99e4fe3674e8d06014a8.pdf","handbook":"https:\/\/qiniu.punalei.cn\/uploads\/20250630\/9f6157e1177e99e4fe3674e8d06014a8.pdf","agreement":"","drive":"","resource":""},{"id":315,"title":"\u7edd\u7f18\u7535\u963b\u6d4b\u8bd5\u4eeaPNL2682N\u7cfb\u5217","catalog":"https:\/\/qiniu.punalei.cn\/uploads\/20250630\/9f6157e1177e99e4fe3674e8d06014a8.pdf","handbook":"https:\/\/qiniu.punalei.cn\/uploads\/20250811\/7c63757a23e5e98e594bf1b4bf50445a.pdf","agreement":"","drive":"","resource":""},{"id":316,"title":"1-300V\/45-400Hz \u4ea4\u6d41\u53d8\u9891\u7535\u6e90 P9510\\15\\20-\\TD\u7cfb\u5217","catalog":"https:\/\/qiniu.punalei.cn\/uploads\/20250630\/9f6157e1177e99e4fe3674e8d06014a8.pdf","handbook":"https:\/\/qiniu.punalei.cn\/uploads\/20250630\/9f6157e1177e99e4fe3674e8d06014a8.pdf","agreement":"","drive":"","resource":""},{"id":317,"title":"1-300V\/45-400Hz \u4ea4\u6d41\u53d8\u9891\u7535\u6e90 P9530\\50-\\G\\D\u7cfb\u5217","catalog":"https:\/\/qiniu.punalei.cn\/uploads\/20250630\/9f6157e1177e99e4fe3674e8d06014a8.pdf","handbook":"https:\/\/qiniu.punalei.cn\/uploads\/20250630\/9f6157e1177e99e4fe3674e8d06014a8.pdf","agreement":"","drive":"","resource":""},{"id":318,"title":"\u4e09\u76f8\u578b\u8c10\u6ce2PNL300-SX\u7cfb\u52170.2\u7ea7","catalog":"","handbook":"https:\/\/qiniu.punalei.cn\/uploads\/20250811\/c3915be2288c668d42fab75c77d557b6.pdf","agreement":"","drive":"","resource":"https:\/\/qiniu.punalei.cn\/uploads\/20250811\/c3915be2288c668d42fab75c77d557b6.pdf"},{"id":319,"title":"\u7edd\u7f18\u7535\u963b\u6d4b\u8bd5\u4eeaPNL2683AL\u7cfb\u5217","catalog":"https:\/\/qiniu.punalei.cn\/uploads\/20250630\/9f6157e1177e99e4fe3674e8d06014a8.pdf","handbook":"https:\/\/qiniu.punalei.cn\/uploads\/20250811\/29f9570871ea60e153dce0b05698a13e.pdf","agreement":"","drive":"","resource":""},{"id":320,"title":"\u5bbd\u8303\u56f4\u76f4\u6d41\u7535\u963b\u6d4b\u8bd5\u4eeaPNL2513\/15\u7cfb\u5217","catalog":"https:\/\/qiniu.punalei.cn\/uploads\/20250630\/9f6157e1177e99e4fe3674e8d06014a8.pdf","handbook":"https:\/\/qiniu.punalei.cn\/uploads\/20250811\/d94e60f7d79a2b3b6d9b106bf787c6db.pdf","agreement":"","drive":"","resource":""},{"id":321,"title":"\u5927\u529f\u7387\u76f4\u6d41\u7535\u6e90\u6db2\u66764U\u7cfb\u5217","catalog":"","handbook":"","agreement":"","drive":"","resource":""},{"id":322,"title":"\u5927\u529f\u7387\u76f4\u6d41\u7535\u6e90\u6db2\u66765U\u7cfb\u5217","catalog":"","handbook":"","agreement":"","drive":"","resource":""},{"id":323,"title":"\u5927\u529f\u7387\u76f4\u6d41\u7535\u6e90\u6db2\u667620K\u7cfb\u5217","catalog":"","handbook":"","agreement":"","drive":"","resource":""},{"id":324,"title":"\u5927\u529f\u7387\u76f4\u6d41\u7535\u6e90\u6db2\u667640K\u7cfb\u5217","catalog":"","handbook":"","agreement":"","drive":"","resource":""},{"id":325,"title":"\u5927\u529f\u7387\u76f4\u6d41\u7535\u6e90\u6db2\u667660K\u7cfb\u5217","catalog":"","handbook":"","agreement":"","drive":"","resource":""},{"id":326,"title":"\u5927\u529f\u7387\u76f4\u6d41\u7535\u6e90\u6570\u7801PNL-Y 20kw-30kw\u7cfb\u5217","catalog":"","handbook":"https:\/\/qiniu.punalei.cn\/uploads\/20250811\/6991e7a5b3190aa67ef71fc5ef74964e.pdf","agreement":"","drive":"","resource":""},{"id":327,"title":"\u5927\u529f\u7387\u76f4\u6d41\u7535\u6e90\u6570\u7801PNL-Y 40kw-60kw\u7cfb\u5217","catalog":"","handbook":"https:\/\/qiniu.punalei.cn\/uploads\/20250811\/6991e7a5b3190aa67ef71fc5ef74964e.pdf","agreement":"","drive":"","resource":""},{"id":328,"title":"\u5927\u529f\u7387\u76f4\u6d41\u7535\u6e90\u6570\u7801PNL-Y 75kw-90kw\u7cfb\u5217","catalog":"","handbook":"https:\/\/qiniu.punalei.cn\/uploads\/20250811\/6991e7a5b3190aa67ef71fc5ef74964e.pdf","agreement":"","drive":"","resource":""},{"id":329,"title":"\u5927\u529f\u7387\u76f4\u6d41\u7535\u6e90\u6570\u7801PNL-U \u9ad8\u538b\u7cfb\u5217","catalog":"","handbook":"https:\/\/qiniu.punalei.cn\/uploads\/20250811\/6991e7a5b3190aa67ef71fc5ef74964e.pdf","agreement":"","drive":"","resource":""},{"id":330,"title":"\u4ea4\u6d41\u7535\u5b50\u8d1f\u8f7d","catalog":"","handbook":"https:\/\/qiniu.punalei.cn\/uploads\/20250811\/18ff267d1dc26e503128741d78be61d7.pdf","agreement":"","drive":"","resource":""},{"id":331,"title":"\u4ea4\u76f4\u6d41\u7535\u5b50\u8d1f\u8f7d","catalog":"","handbook":"https:\/\/qiniu.punalei.cn\/uploads\/20250811\/04725819a3c60dff3e1af918dc2ccaf2.pdf","agreement":"","drive":"","resource":""},{"id":332,"title":"\u5927\u529f\u7387\u76f4\u6d41\u7535\u5b50\u8d1f\u8f7d","catalog":"","handbook":"https:\/\/qiniu.punalei.cn\/uploads\/20250811\/639e5850541f700cdc64053f1d7a18a7.pdf","agreement":"","drive":"","resource":""},{"id":333,"title":"\u5927\u529f\u7387\u76f4\u6d41\u7535\u5b50\u8d1f\u8f7d","catalog":"","handbook":"https:\/\/qiniu.punalei.cn\/uploads\/20250811\/3c0024e1494ae6a3a5ee57c6e55308d8.pdf","agreement":"","drive":"","resource":""},{"id":337,"title":"\u5355\u76f8\u578bPNL300-C\u4ea4\u76f4\u6d41\u7cfb\u52170.2\u7ea7","catalog":"https:\/\/qiniu.punalei.cn\/uploads\/20250630\/9f6157e1177e99e4fe3674e8d06014a8.pdf","handbook":"https:\/\/qiniu.punalei.cn\/uploads\/20250811\/ed50ce8156e54152582ff3356228093d.pdf","agreement":"","drive":"","resource":"https:\/\/qiniu.punalei.cn\/uploads\/20250811\/ed50ce8156e54152582ff3356228093d.pdf"},{"id":338,"title":"\u80fd\u6548\u578bPNL300-E\u4ea4\u76f4\u6d41\u7cfb\u52170.2\u7ea7","catalog":"https:\/\/qiniu.punalei.cn\/uploads\/20250630\/9f6157e1177e99e4fe3674e8d06014a8.pdf","handbook":"https:\/\/qiniu.punalei.cn\/uploads\/20250811\/ed50ce8156e54152582ff3356228093d.pdf","agreement":"","drive":"","resource":"https:\/\/qiniu.punalei.cn\/uploads\/20250811\/ed50ce8156e54152582ff3356228093d.pdf"}]
---------------------------------------------------------------
[ 2026-03-25T06:18:32+08:00 ] 40.77.167.156 GET www.punalei.cn/ldcms/xiazaizhongxin.html?type=2&name=%E7%94%A8%E6%88%B7%E6%89%8B%E5%86%8C
[ download ] [{"id":242,"name":"1-300V\/45-400Hz \u4ea4\u6d41\u53d8\u9891\u7535\u6e90 P9510\\15\\20\\30\\45\\60-\\TSS\u7cfb\u5217-\u7528\u6237\u624b\u518c","url":"https:\/\/qiniu.punalei.cn\/uploads\/20250630\/9f6157e1177e99e4fe3674e8d06014a8.pdf"},{"id":244,"name":"1-300V\/45-400Hz \u4ea4\u6d41\u53d8\u9891\u7535\u6e90 P9530\\60-\\GSD\\GSS\u7cfb\u5217-\u7528\u6237\u624b\u518c","url":"https:\/\/qiniu.punalei.cn\/uploads\/20250630\/9f6157e1177e99e4fe3674e8d06014a8.pdf"},{"id":260,"name":"1-300V\/45-400Hz \u4ea4\u6d41\u53d8\u9891\u7535\u6e90 P9505\\10-\\D\u7cfb\u5217-\u7528\u6237\u624b\u518c","url":"https:\/\/qiniu.punalei.cn\/uploads\/20250630\/9f6157e1177e99e4fe3674e8d06014a8.pdf"},{"id":262,"name":"\u5355\u76f8\u578bPNL300-A\u4ea4\u6d41\u7cfb\u52170.2\u7ea7-\u7528\u6237\u624b\u518c","url":"https:\/\/qiniu.punalei.cn\/uploads\/20260309\/ed50ce8156e54152582ff3356228093d.pdf"},{"id":263,"name":"\u6cc4\u6f0f\u7535\u6d41\u6d4b\u8bd5\u4eeaPNL2675\u7cfb\u5217-\u7528\u6237\u624b\u518c","url":"https:\/\/qiniu.punalei.cn\/uploads\/20250630\/9f6157e1177e99e4fe3674e8d06014a8.pdf"},{"id":264,"name":" \u63a5\u5730\u7535\u963b\u6d4b\u8bd5\u4eeaPNL2678XM\u7cfb\u5217-\u7528\u6237\u624b\u518c","url":"https:\/\/qiniu.punalei.cn\/uploads\/20250630\/9f6157e1177e99e4fe3674e8d06014a8.pdf"},{"id":268,"name":"\u591a\u901a\u9053\u76f4\u6d41\u7535\u963b\u6d4b\u8bd5\u4eeaPNL2818-X\u7cfb\u5217-\u7528\u6237\u624b\u518c","url":"https:\/\/qiniu.punalei.cn\/uploads\/20250630\/9f6157e1177e99e4fe3674e8d06014a8.pdf"},{"id":270,"name":"\u76f4\u6d41\u7535\u963b\u6d4b\u8bd5\u4eeaPNL2511\u6570\u7801\u7cfb\u5217-\u7528\u6237\u624b\u518c","url":"https:\/\/qiniu.punalei.cn\/uploads\/20250811\/405841dc3a1790083cdfb28d392a51b6.pdf"},{"id":271,"name":"\u591a\u8def\u6e29\u5ea6\u5de1\u68c0\u6d4b\u8bd5\u4eeaP2000-X PLUS\u7cfb\u5217-\u7528\u6237\u624b\u518c","url":"https:\/\/qiniu.punalei.cn\/uploads\/20250811\/88bebf25cc9f75277abfb9945aa00ebc.pdf"},{"id":272,"name":"\u624b\u6301\u591a\u8def\u6e29\u5ea6\u6d4b\u8bd5\u4eeaP300-S\u7cfb\u5217-\u7528\u6237\u624b\u518c","url":"https:\/\/qiniu.punalei.cn\/uploads\/20250811\/4eeb7970b89981df90d0560b8dbe2ff8.pdf"},{"id":291,"name":"\u4e09\u76f8\u578bPNL300-S\u7cfb\u52170.2\u7ea7-\u7528\u6237\u624b\u518c","url":"https:\/\/qiniu.punalei.cn\/uploads\/20250811\/5f7e3f318e22f4a79790e06a66ac2625.pdf"},{"id":295,"name":"\u5c0f\u529f\u7387\u76f4\u6d41\u7535\u5b50\u8d1f\u8f7d-\u7528\u6237\u624b\u518c","url":"https:\/\/qiniu.punalei.cn\/uploads\/20250811\/3c0024e1494ae6a3a5ee57c6e55308d8.pdf"},{"id":300,"name":"\u5927\u529f\u7387\u76f4\u6d41\u7535\u6e90\u6570\u7801PNL-Y 10kw-15kw\u7cfb\u5217-\u7528\u6237\u624b\u518c","url":"https:\/\/qiniu.punalei.cn\/uploads\/20250811\/6991e7a5b3190aa67ef71fc5ef74964e.pdf"},{"id":306,"name":"\u8010\u538b\u6d4b\u8bd5\u4eea10KV\u7cfb\u5217-\u7528\u6237\u624b\u518c","url":"https:\/\/qiniu.punalei.cn\/uploads\/20250630\/9f6157e1177e99e4fe3674e8d06014a8.pdf"},{"id":307,"name":"\u8010\u538b\u6d4b\u8bd5\u4eea20KV\u7cfb\u5217-\u7528\u6237\u624b\u518c","url":"https:\/\/qiniu.punalei.cn\/uploads\/20250630\/9f6157e1177e99e4fe3674e8d06014a8.pdf"},{"id":308,"name":"\u7a0b\u63a7\u8010\u538b\u7edd\u7f18PNL7110\\PNL7122\u7cfb\u5217-\u7528\u6237\u624b\u518c","url":"https:\/\/qiniu.punalei.cn\/uploads\/20250630\/9f6157e1177e99e4fe3674e8d06014a8.pdf"},{"id":309,"name":"\u5b89\u5168\u7efc\u5408\u6027\u80fd\u5206\u6790\u4eeaPNL9950\u7cfb\u5217-\u7528\u6237\u624b\u518c","url":"https:\/\/qiniu.punalei.cn\/uploads\/20250630\/9f6157e1177e99e4fe3674e8d06014a8.pdf"},{"id":311,"name":"\u5355\u4e09\u76f8 - \u5b89\u5168\u7efc\u5408\u6027\u80fd\u5206\u6790\u4eeaPNL9950-C\u7cfb\u5217-\u7528\u6237\u624b\u518c","url":"https:\/\/qiniu.punalei.cn\/uploads\/20250630\/9f6157e1177e99e4fe3674e8d06014a8.pdf"},{"id":312,"name":"1-300V\/45-400Hz \u4ea4\u6d41\u53d8\u9891\u7535\u6e90 P9515\\20\\30\\45\\60-\\TSD\u7cfb\u5217-\u7528\u6237\u624b\u518c","url":"https:\/\/qiniu.punalei.cn\/uploads\/20250630\/9f6157e1177e99e4fe3674e8d06014a8.pdf"},{"id":314,"name":"1-300V\/45-400Hz \u4ea4\u6d41\u53d8\u9891\u7535\u6e90 P9520\\30-\\D\u7cfb\u5217-\u7528\u6237\u624b\u518c","url":"https:\/\/qiniu.punalei.cn\/uploads\/20250630\/9f6157e1177e99e4fe3674e8d06014a8.pdf"},{"id":315,"name":"\u7edd\u7f18\u7535\u963b\u6d4b\u8bd5\u4eeaPNL2682N\u7cfb\u5217-\u7528\u6237\u624b\u518c","url":"https:\/\/qiniu.punalei.cn\/uploads\/20250811\/7c63757a23e5e98e594bf1b4bf50445a.pdf"},{"id":316,"name":"1-300V\/45-400Hz \u4ea4\u6d41\u53d8\u9891\u7535\u6e90 P9510\\15\\20-\\TD\u7cfb\u5217-\u7528\u6237\u624b\u518c","url":"https:\/\/qiniu.punalei.cn\/uploads\/20250630\/9f6157e1177e99e4fe3674e8d06014a8.pdf"},{"id":317,"name":"1-300V\/45-400Hz \u4ea4\u6d41\u53d8\u9891\u7535\u6e90 P9530\\50-\\G\\D\u7cfb\u5217-\u7528\u6237\u624b\u518c","url":"https:\/\/qiniu.punalei.cn\/uploads\/20250630\/9f6157e1177e99e4fe3674e8d06014a8.pdf"},{"id":318,"name":"\u4e09\u76f8\u578b\u8c10\u6ce2PNL300-SX\u7cfb\u52170.2\u7ea7-\u7528\u6237\u624b\u518c","url":"https:\/\/qiniu.punalei.cn\/uploads\/20250811\/c3915be2288c668d42fab75c77d557b6.pdf"},{"id":319,"name":"\u7edd\u7f18\u7535\u963b\u6d4b\u8bd5\u4eeaPNL2683AL\u7cfb\u5217-\u7528\u6237\u624b\u518c","url":"https:\/\/qiniu.punalei.cn\/uploads\/20250811\/29f9570871ea60e153dce0b05698a13e.pdf"},{"id":320,"name":"\u5bbd\u8303\u56f4\u76f4\u6d41\u7535\u963b\u6d4b\u8bd5\u4eeaPNL2513\/15\u7cfb\u5217-\u7528\u6237\u624b\u518c","url":"https:\/\/qiniu.punalei.cn\/uploads\/20250811\/d94e60f7d79a2b3b6d9b106bf787c6db.pdf"},{"id":326,"name":"\u5927\u529f\u7387\u76f4\u6d41\u7535\u6e90\u6570\u7801PNL-Y 20kw-30kw\u7cfb\u5217-\u7528\u6237\u624b\u518c","url":"https:\/\/qiniu.punalei.cn\/uploads\/20250811\/6991e7a5b3190aa67ef71fc5ef74964e.pdf"},{"id":327,"name":"\u5927\u529f\u7387\u76f4\u6d41\u7535\u6e90\u6570\u7801PNL-Y 40kw-60kw\u7cfb\u5217-\u7528\u6237\u624b\u518c","url":"https:\/\/qiniu.punalei.cn\/uploads\/20250811\/6991e7a5b3190aa67ef71fc5ef74964e.pdf"},{"id":328,"name":"\u5927\u529f\u7387\u76f4\u6d41\u7535\u6e90\u6570\u7801PNL-Y 75kw-90kw\u7cfb\u5217-\u7528\u6237\u624b\u518c","url":"https:\/\/qiniu.punalei.cn\/uploads\/20250811\/6991e7a5b3190aa67ef71fc5ef74964e.pdf"},{"id":329,"name":"\u5927\u529f\u7387\u76f4\u6d41\u7535\u6e90\u6570\u7801PNL-U \u9ad8\u538b\u7cfb\u5217-\u7528\u6237\u624b\u518c","url":"https:\/\/qiniu.punalei.cn\/uploads\/20250811\/6991e7a5b3190aa67ef71fc5ef74964e.pdf"},{"id":330,"name":"\u4ea4\u6d41\u7535\u5b50\u8d1f\u8f7d-\u7528\u6237\u624b\u518c","url":"https:\/\/qiniu.punalei.cn\/uploads\/20250811\/18ff267d1dc26e503128741d78be61d7.pdf"},{"id":331,"name":"\u4ea4\u76f4\u6d41\u7535\u5b50\u8d1f\u8f7d-\u7528\u6237\u624b\u518c","url":"https:\/\/qiniu.punalei.cn\/uploads\/20250811\/04725819a3c60dff3e1af918dc2ccaf2.pdf"},{"id":332,"name":"\u5927\u529f\u7387\u76f4\u6d41\u7535\u5b50\u8d1f\u8f7d-\u7528\u6237\u624b\u518c","url":"https:\/\/qiniu.punalei.cn\/uploads\/20250811\/639e5850541f700cdc64053f1d7a18a7.pdf"},{"id":333,"name":"\u5927\u529f\u7387\u76f4\u6d41\u7535\u5b50\u8d1f\u8f7d-\u7528\u6237\u624b\u518c","url":"https:\/\/qiniu.punalei.cn\/uploads\/20250811\/3c0024e1494ae6a3a5ee57c6e55308d8.pdf"},{"id":337,"name":"\u5355\u76f8\u578bPNL300-C\u4ea4\u76f4\u6d41\u7cfb\u52170.2\u7ea7-\u7528\u6237\u624b\u518c","url":"https:\/\/qiniu.punalei.cn\/uploads\/20250811\/ed50ce8156e54152582ff3356228093d.pdf"},{"id":338,"name":"\u80fd\u6548\u578bPNL300-E\u4ea4\u76f4\u6d41\u7cfb\u52170.2\u7ea7-\u7528\u6237\u624b\u518c","url":"https:\/\/qiniu.punalei.cn\/uploads\/20250811\/ed50ce8156e54152582ff3356228093d.pdf"}]
---------------------------------------------------------------
[ 2026-03-25T06:20:58+08:00 ] 43.153.76.247 GET www.punalei.cn/ldcms/ceshi/321.html
[ error ] [8192]preg_match(): Passing null to parameter #2 ($subject) of type string is deprecated
[ error ] [8192]preg_match(): Passing null to parameter #2 ($subject) of type string is deprecated
[ error ] [8192]preg_match(): Passing null to parameter #2 ($subject) of type string is deprecated
[ error ] [8192]preg_match(): Passing null to parameter #2 ($subject) of type string is deprecated
[ error ] [8192]preg_match(): Passing null to parameter #2 ($subject) of type string is deprecated
[ error ] [8192]preg_match(): Passing null to parameter #2 ($subject) of type string is deprecated
[ error ] [8192]preg_match(): Passing null to parameter #2 ($subject) of type string is deprecated
[ error ] [8192]preg_match(): Passing null to parameter #2 ($subject) of type string is deprecated
[ error ] [8192]Automatic conversion of false to array is deprecated
---------------------------------------------------------------
[ 2026-03-25T06:26:24+08:00 ] 45.61.129.5 GET punalei.cn/.git/config
[ error ] [8192]preg_match(): Passing null to parameter #2 ($subject) of type string is deprecated
[ error ] [8192]preg_match(): Passing null to parameter #2 ($subject) of type string is deprecated
[ error ] [8192]preg_match(): Passing null to parameter #2 ($subject) of type string is deprecated
[ error ] [8192]preg_match(): Passing null to parameter #2 ($subject) of type string is deprecated
[ error ] [8192]preg_match(): Passing null to parameter #2 ($subject) of type string is deprecated
[ error ] [8192]preg_match(): Passing null to parameter #2 ($subject) of type string is deprecated
---------------------------------------------------------------
[ 2026-03-25T06:30:12+08:00 ] 113.215.188.186 GET punalei.cn/
[ error ] [8192]preg_match(): Passing null to parameter #2 ($subject) of type string is deprecated
[ error ] [8192]preg_match(): Passing null to parameter #2 ($subject) of type string is deprecated
[ error ] [8192]preg_match(): Passing null to parameter #2 ($subject) of type string is deprecated
[ error ] [8192]preg_match(): Passing null to parameter #2 ($subject) of type string is deprecated
[ error ] [8192]preg_match(): Passing null to parameter #2 ($subject) of type string is deprecated
[ error ] [8192]preg_match(): Passing null to parameter #2 ($subject) of type string is deprecated
[ error ] [8192]preg_match(): Passing null to parameter #2 ($subject) of type string is deprecated
[ error ] [8192]preg_match(): Passing null to parameter #2 ($subject) of type string is deprecated
[ error ] [8192]Automatic conversion of false to array is deprecated
[ error ] [2]Undefined array key "title"
[ error ] [2]Undefined array key "title"
[ error ] [2]Undefined array key "title"
[ error ] [2]Undefined array key "title"
---------------------------------------------------------------
[ 2026-03-25T06:30:12+08:00 ] 113.215.188.186 GET punalei.cn/
[ error ] [2]Undefined array key "title"
[ error ] [2]Undefined array key "title"
[ error ] [2]Undefined array key "title"
[ error ] [2]Undefined array key "title"
---------------------------------------------------------------
[ 2026-03-25T06:31:42+08:00 ] 43.173.1.57 GET www.punalei.cn/ldcms/xiazaizhongxin.html?type=5&name=应用产品资料
[ error ] [8192]preg_match(): Passing null to parameter #2 ($subject) of type string is deprecated
[ error ] [8192]preg_match(): Passing null to parameter #2 ($subject) of type string is deprecated
[ error ] [8192]preg_match(): Passing null to parameter #2 ($subject) of type string is deprecated
[ error ] [8192]preg_match(): Passing null to parameter #2 ($subject) of type string is deprecated
[ error ] [8192]preg_match(): Passing null to parameter #2 ($subject) of type string is deprecated
[ error ] [8192]preg_match(): Passing null to parameter #2 ($subject) of type string is deprecated
[ error ] [8192]preg_match(): Passing null to parameter #2 ($subject) of type string is deprecated
[ error ] [8192]preg_match(): Passing null to parameter #2 ($subject) of type string is deprecated
[ error ] [8192]Automatic conversion of false to array is deprecated
[ download ] 5
---------------------------------------------------------------
[ 2026-03-25T06:31:42+08:00 ] 43.173.1.57 GET www.punalei.cn/ldcms/xiazaizhongxin.html?type=5&name=应用产品资料
[ download ] [{"id":242,"title":"1-300V\/45-400Hz \u4ea4\u6d41\u53d8\u9891\u7535\u6e90 P9510\\15\\20\\30\\45\\60-\\TSS\u7cfb\u5217","catalog":"https:\/\/qiniu.punalei.cn\/uploads\/20250630\/9f6157e1177e99e4fe3674e8d06014a8.pdf","handbook":"https:\/\/qiniu.punalei.cn\/uploads\/20250630\/9f6157e1177e99e4fe3674e8d06014a8.pdf","agreement":"","drive":"","resource":""},{"id":244,"title":"1-300V\/45-400Hz \u4ea4\u6d41\u53d8\u9891\u7535\u6e90 P9530\\60-\\GSD\\GSS\u7cfb\u5217","catalog":"https:\/\/qiniu.punalei.cn\/uploads\/20250630\/9f6157e1177e99e4fe3674e8d06014a8.pdf","handbook":"https:\/\/qiniu.punalei.cn\/uploads\/20250630\/9f6157e1177e99e4fe3674e8d06014a8.pdf","agreement":"","drive":"","resource":""},{"id":260,"title":"1-300V\/45-400Hz \u4ea4\u6d41\u53d8\u9891\u7535\u6e90 P9505\\10-\\D\u7cfb\u5217","catalog":"https:\/\/qiniu.punalei.cn\/uploads\/20250630\/9f6157e1177e99e4fe3674e8d06014a8.pdf","handbook":"https:\/\/qiniu.punalei.cn\/uploads\/20250630\/9f6157e1177e99e4fe3674e8d06014a8.pdf","agreement":"","drive":"","resource":""},{"id":262,"title":"\u5355\u76f8\u578bPNL300-A\u4ea4\u6d41\u7cfb\u52170.2\u7ea7","catalog":"https:\/\/qiniu.punalei.cn\/uploads\/20250630\/9f6157e1177e99e4fe3674e8d06014a8.pdf","handbook":"https:\/\/qiniu.punalei.cn\/uploads\/20260309\/ed50ce8156e54152582ff3356228093d.pdf","agreement":"","drive":"","resource":"https:\/\/qiniu.punalei.cn\/uploads\/20250811\/ed50ce8156e54152582ff3356228093d.pdf"},{"id":263,"title":"\u6cc4\u6f0f\u7535\u6d41\u6d4b\u8bd5\u4eeaPNL2675\u7cfb\u5217","catalog":"https:\/\/qiniu.punalei.cn\/uploads\/20250630\/9f6157e1177e99e4fe3674e8d06014a8.pdf","handbook":"https:\/\/qiniu.punalei.cn\/uploads\/20250630\/9f6157e1177e99e4fe3674e8d06014a8.pdf","agreement":"","drive":"","resource":""},{"id":264,"title":" \u63a5\u5730\u7535\u963b\u6d4b\u8bd5\u4eeaPNL2678XM\u7cfb\u5217","catalog":"https:\/\/qiniu.punalei.cn\/uploads\/20250630\/9f6157e1177e99e4fe3674e8d06014a8.pdf","handbook":"https:\/\/qiniu.punalei.cn\/uploads\/20250630\/9f6157e1177e99e4fe3674e8d06014a8.pdf","agreement":"","drive":"","resource":""},{"id":268,"title":"\u591a\u901a\u9053\u76f4\u6d41\u7535\u963b\u6d4b\u8bd5\u4eeaPNL2818-X\u7cfb\u5217","catalog":"https:\/\/qiniu.punalei.cn\/uploads\/20250630\/9f6157e1177e99e4fe3674e8d06014a8.pdf","handbook":"https:\/\/qiniu.punalei.cn\/uploads\/20250630\/9f6157e1177e99e4fe3674e8d06014a8.pdf","agreement":"","drive":"","resource":""},{"id":270,"title":"\u76f4\u6d41\u7535\u963b\u6d4b\u8bd5\u4eeaPNL2511\u6570\u7801\u7cfb\u5217","catalog":"https:\/\/qiniu.punalei.cn\/uploads\/20250630\/9f6157e1177e99e4fe3674e8d06014a8.pdf","handbook":"https:\/\/qiniu.punalei.cn\/uploads\/20250811\/405841dc3a1790083cdfb28d392a51b6.pdf","agreement":"","drive":"","resource":""},{"id":271,"title":"\u591a\u8def\u6e29\u5ea6\u5de1\u68c0\u6d4b\u8bd5\u4eeaP2000-X PLUS\u7cfb\u5217","catalog":"https:\/\/qiniu.punalei.cn\/uploads\/20250630\/9f6157e1177e99e4fe3674e8d06014a8.pdf","handbook":"https:\/\/qiniu.punalei.cn\/uploads\/20250811\/88bebf25cc9f75277abfb9945aa00ebc.pdf","agreement":"","drive":"","resource":""},{"id":272,"title":"\u624b\u6301\u591a\u8def\u6e29\u5ea6\u6d4b\u8bd5\u4eeaP300-S\u7cfb\u5217","catalog":"https:\/\/qiniu.punalei.cn\/uploads\/20250630\/9f6157e1177e99e4fe3674e8d06014a8.pdf","handbook":"https:\/\/qiniu.punalei.cn\/uploads\/20250811\/4eeb7970b89981df90d0560b8dbe2ff8.pdf","agreement":"","drive":"","resource":""},{"id":290,"title":"\u4ea4\u6d41\u6052\u6d41\u6e90","catalog":"","handbook":"","agreement":"","drive":"","resource":""},{"id":291,"title":"\u4e09\u76f8\u578bPNL300-S\u7cfb\u52170.2\u7ea7","catalog":"","handbook":"https:\/\/qiniu.punalei.cn\/uploads\/20250811\/5f7e3f318e22f4a79790e06a66ac2625.pdf","agreement":"","drive":"","resource":"https:\/\/qiniu.punalei.cn\/uploads\/20250811\/5f7e3f318e22f4a79790e06a66ac2625.pdf"},{"id":295,"title":"\u5c0f\u529f\u7387\u76f4\u6d41\u7535\u5b50\u8d1f\u8f7d","catalog":"","handbook":"https:\/\/qiniu.punalei.cn\/uploads\/20250811\/3c0024e1494ae6a3a5ee57c6e55308d8.pdf","agreement":"","drive":"","resource":""},{"id":298,"title":"\u533b\u7528\u6cc4\u6f0f\u7535\u6d41\u6d4b\u8bd5\u4eea","catalog":"","handbook":"","agreement":"","drive":"","resource":""},{"id":299,"title":"\u5927\u529f\u7387\u76f4\u6d41\u7535\u6e90\u6db2\u66763U\u7cfb\u5217","catalog":"","handbook":"","agreement":"","drive":"","resource":""},{"id":300,"title":"\u5927\u529f\u7387\u76f4\u6d41\u7535\u6e90\u6570\u7801PNL-Y 10kw-15kw\u7cfb\u5217","catalog":"","handbook":"https:\/\/qiniu.punalei.cn\/uploads\/20250811\/6991e7a5b3190aa67ef71fc5ef74964e.pdf","agreement":"","drive":"","resource":""},{"id":303,"title":"\u5b89\u89c4\u7efc\u5408\u6821\u51c6\u70b9\u68c0\u5de5\u88c5","catalog":"","handbook":"","agreement":"","drive":"","resource":""},{"id":304,"title":"\u8010\u538b\u6d4b\u8bd5\u4eea5KV\u7cfb\u5217","catalog":"","handbook":"","agreement":"","drive":"","resource":""},{"id":306,"title":"\u8010\u538b\u6d4b\u8bd5\u4eea10KV\u7cfb\u5217","catalog":"https:\/\/qiniu.punalei.cn\/uploads\/20250630\/9f6157e1177e99e4fe3674e8d06014a8.pdf","handbook":"https:\/\/qiniu.punalei.cn\/uploads\/20250630\/9f6157e1177e99e4fe3674e8d06014a8.pdf","agreement":"","drive":"","resource":""},{"id":307,"title":"\u8010\u538b\u6d4b\u8bd5\u4eea20KV\u7cfb\u5217","catalog":"https:\/\/qiniu.punalei.cn\/uploads\/20250630\/9f6157e1177e99e4fe3674e8d06014a8.pdf","handbook":"https:\/\/qiniu.punalei.cn\/uploads\/20250630\/9f6157e1177e99e4fe3674e8d06014a8.pdf","agreement":"","drive":"","resource":""},{"id":308,"title":"\u7a0b\u63a7\u8010\u538b\u7edd\u7f18PNL7110\\PNL7122\u7cfb\u5217","catalog":"https:\/\/qiniu.punalei.cn\/uploads\/20250630\/9f6157e1177e99e4fe3674e8d06014a8.pdf","handbook":"https:\/\/qiniu.punalei.cn\/uploads\/20250630\/9f6157e1177e99e4fe3674e8d06014a8.pdf","agreement":"","drive":"","resource":""},{"id":309,"title":"\u5b89\u5168\u7efc\u5408\u6027\u80fd\u5206\u6790\u4eeaPNL9950\u7cfb\u5217","catalog":"https:\/\/qiniu.punalei.cn\/uploads\/20250630\/9f6157e1177e99e4fe3674e8d06014a8.pdf","handbook":"https:\/\/qiniu.punalei.cn\/uploads\/20250630\/9f6157e1177e99e4fe3674e8d06014a8.pdf","agreement":"","drive":"","resource":""},{"id":311,"title":"\u5355\u4e09\u76f8 - \u5b89\u5168\u7efc\u5408\u6027\u80fd\u5206\u6790\u4eeaPNL9950-C\u7cfb\u5217","catalog":"https:\/\/qiniu.punalei.cn\/uploads\/20250630\/9f6157e1177e99e4fe3674e8d06014a8.pdf","handbook":"https:\/\/qiniu.punalei.cn\/uploads\/20250630\/9f6157e1177e99e4fe3674e8d06014a8.pdf","agreement":"","drive":"","resource":""},{"id":312,"title":"1-300V\/45-400Hz \u4ea4\u6d41\u53d8\u9891\u7535\u6e90 P9515\\20\\30\\45\\60-\\TSD\u7cfb\u5217","catalog":"https:\/\/qiniu.punalei.cn\/uploads\/20250630\/9f6157e1177e99e4fe3674e8d06014a8.pdf","handbook":"https:\/\/qiniu.punalei.cn\/uploads\/20250630\/9f6157e1177e99e4fe3674e8d06014a8.pdf","agreement":"","drive":"","resource":""},{"id":314,"title":"1-300V\/45-400Hz \u4ea4\u6d41\u53d8\u9891\u7535\u6e90 P9520\\30-\\D\u7cfb\u5217","catalog":"https:\/\/qiniu.punalei.cn\/uploads\/20250630\/9f6157e1177e99e4fe3674e8d06014a8.pdf","handbook":"https:\/\/qiniu.punalei.cn\/uploads\/20250630\/9f6157e1177e99e4fe3674e8d06014a8.pdf","agreement":"","drive":"","resource":""},{"id":315,"title":"\u7edd\u7f18\u7535\u963b\u6d4b\u8bd5\u4eeaPNL2682N\u7cfb\u5217","catalog":"https:\/\/qiniu.punalei.cn\/uploads\/20250630\/9f6157e1177e99e4fe3674e8d06014a8.pdf","handbook":"https:\/\/qiniu.punalei.cn\/uploads\/20250811\/7c63757a23e5e98e594bf1b4bf50445a.pdf","agreement":"","drive":"","resource":""},{"id":316,"title":"1-300V\/45-400Hz \u4ea4\u6d41\u53d8\u9891\u7535\u6e90 P9510\\15\\20-\\TD\u7cfb\u5217","catalog":"https:\/\/qiniu.punalei.cn\/uploads\/20250630\/9f6157e1177e99e4fe3674e8d06014a8.pdf","handbook":"https:\/\/qiniu.punalei.cn\/uploads\/20250630\/9f6157e1177e99e4fe3674e8d06014a8.pdf","agreement":"","drive":"","resource":""},{"id":317,"title":"1-300V\/45-400Hz \u4ea4\u6d41\u53d8\u9891\u7535\u6e90 P9530\\50-\\G\\D\u7cfb\u5217","catalog":"https:\/\/qiniu.punalei.cn\/uploads\/20250630\/9f6157e1177e99e4fe3674e8d06014a8.pdf","handbook":"https:\/\/qiniu.punalei.cn\/uploads\/20250630\/9f6157e1177e99e4fe3674e8d06014a8.pdf","agreement":"","drive":"","resource":""},{"id":318,"title":"\u4e09\u76f8\u578b\u8c10\u6ce2PNL300-SX\u7cfb\u52170.2\u7ea7","catalog":"","handbook":"https:\/\/qiniu.punalei.cn\/uploads\/20250811\/c3915be2288c668d42fab75c77d557b6.pdf","agreement":"","drive":"","resource":"https:\/\/qiniu.punalei.cn\/uploads\/20250811\/c3915be2288c668d42fab75c77d557b6.pdf"},{"id":319,"title":"\u7edd\u7f18\u7535\u963b\u6d4b\u8bd5\u4eeaPNL2683AL\u7cfb\u5217","catalog":"https:\/\/qiniu.punalei.cn\/uploads\/20250630\/9f6157e1177e99e4fe3674e8d06014a8.pdf","handbook":"https:\/\/qiniu.punalei.cn\/uploads\/20250811\/29f9570871ea60e153dce0b05698a13e.pdf","agreement":"","drive":"","resource":""},{"id":320,"title":"\u5bbd\u8303\u56f4\u76f4\u6d41\u7535\u963b\u6d4b\u8bd5\u4eeaPNL2513\/15\u7cfb\u5217","catalog":"https:\/\/qiniu.punalei.cn\/uploads\/20250630\/9f6157e1177e99e4fe3674e8d06014a8.pdf","handbook":"https:\/\/qiniu.punalei.cn\/uploads\/20250811\/d94e60f7d79a2b3b6d9b106bf787c6db.pdf","agreement":"","drive":"","resource":""},{"id":321,"title":"\u5927\u529f\u7387\u76f4\u6d41\u7535\u6e90\u6db2\u66764U\u7cfb\u5217","catalog":"","handbook":"","agreement":"","drive":"","resource":""},{"id":322,"title":"\u5927\u529f\u7387\u76f4\u6d41\u7535\u6e90\u6db2\u66765U\u7cfb\u5217","catalog":"","handbook":"","agreement":"","drive":"","resource":""},{"id":323,"title":"\u5927\u529f\u7387\u76f4\u6d41\u7535\u6e90\u6db2\u667620K\u7cfb\u5217","catalog":"","handbook":"","agreement":"","drive":"","resource":""},{"id":324,"title":"\u5927\u529f\u7387\u76f4\u6d41\u7535\u6e90\u6db2\u667640K\u7cfb\u5217","catalog":"","handbook":"","agreement":"","drive":"","resource":""},{"id":325,"title":"\u5927\u529f\u7387\u76f4\u6d41\u7535\u6e90\u6db2\u667660K\u7cfb\u5217","catalog":"","handbook":"","agreement":"","drive":"","resource":""},{"id":326,"title":"\u5927\u529f\u7387\u76f4\u6d41\u7535\u6e90\u6570\u7801PNL-Y 20kw-30kw\u7cfb\u5217","catalog":"","handbook":"https:\/\/qiniu.punalei.cn\/uploads\/20250811\/6991e7a5b3190aa67ef71fc5ef74964e.pdf","agreement":"","drive":"","resource":""},{"id":327,"title":"\u5927\u529f\u7387\u76f4\u6d41\u7535\u6e90\u6570\u7801PNL-Y 40kw-60kw\u7cfb\u5217","catalog":"","handbook":"https:\/\/qiniu.punalei.cn\/uploads\/20250811\/6991e7a5b3190aa67ef71fc5ef74964e.pdf","agreement":"","drive":"","resource":""},{"id":328,"title":"\u5927\u529f\u7387\u76f4\u6d41\u7535\u6e90\u6570\u7801PNL-Y 75kw-90kw\u7cfb\u5217","catalog":"","handbook":"https:\/\/qiniu.punalei.cn\/uploads\/20250811\/6991e7a5b3190aa67ef71fc5ef74964e.pdf","agreement":"","drive":"","resource":""},{"id":329,"title":"\u5927\u529f\u7387\u76f4\u6d41\u7535\u6e90\u6570\u7801PNL-U \u9ad8\u538b\u7cfb\u5217","catalog":"","handbook":"https:\/\/qiniu.punalei.cn\/uploads\/20250811\/6991e7a5b3190aa67ef71fc5ef74964e.pdf","agreement":"","drive":"","resource":""},{"id":330,"title":"\u4ea4\u6d41\u7535\u5b50\u8d1f\u8f7d","catalog":"","handbook":"https:\/\/qiniu.punalei.cn\/uploads\/20250811\/18ff267d1dc26e503128741d78be61d7.pdf","agreement":"","drive":"","resource":""},{"id":331,"title":"\u4ea4\u76f4\u6d41\u7535\u5b50\u8d1f\u8f7d","catalog":"","handbook":"https:\/\/qiniu.punalei.cn\/uploads\/20250811\/04725819a3c60dff3e1af918dc2ccaf2.pdf","agreement":"","drive":"","resource":""},{"id":332,"title":"\u5927\u529f\u7387\u76f4\u6d41\u7535\u5b50\u8d1f\u8f7d","catalog":"","handbook":"https:\/\/qiniu.punalei.cn\/uploads\/20250811\/639e5850541f700cdc64053f1d7a18a7.pdf","agreement":"","drive":"","resource":""},{"id":333,"title":"\u5927\u529f\u7387\u76f4\u6d41\u7535\u5b50\u8d1f\u8f7d","catalog":"","handbook":"https:\/\/qiniu.punalei.cn\/uploads\/20250811\/3c0024e1494ae6a3a5ee57c6e55308d8.pdf","agreement":"","drive":"","resource":""},{"id":337,"title":"\u5355\u76f8\u578bPNL300-C\u4ea4\u76f4\u6d41\u7cfb\u52170.2\u7ea7","catalog":"https:\/\/qiniu.punalei.cn\/uploads\/20250630\/9f6157e1177e99e4fe3674e8d06014a8.pdf","handbook":"https:\/\/qiniu.punalei.cn\/uploads\/20250811\/ed50ce8156e54152582ff3356228093d.pdf","agreement":"","drive":"","resource":"https:\/\/qiniu.punalei.cn\/uploads\/20250811\/ed50ce8156e54152582ff3356228093d.pdf"},{"id":338,"title":"\u80fd\u6548\u578bPNL300-E\u4ea4\u76f4\u6d41\u7cfb\u52170.2\u7ea7","catalog":"https:\/\/qiniu.punalei.cn\/uploads\/20250630\/9f6157e1177e99e4fe3674e8d06014a8.pdf","handbook":"https:\/\/qiniu.punalei.cn\/uploads\/20250811\/ed50ce8156e54152582ff3356228093d.pdf","agreement":"","drive":"","resource":"https:\/\/qiniu.punalei.cn\/uploads\/20250811\/ed50ce8156e54152582ff3356228093d.pdf"}]
---------------------------------------------------------------
[ 2026-03-25T06:31:42+08:00 ] 43.173.1.57 GET www.punalei.cn/ldcms/xiazaizhongxin.html?type=5&name=应用产品资料
[ download ] [{"id":262,"name":"\u5355\u76f8\u578bPNL300-A\u4ea4\u6d41\u7cfb\u52170.2\u7ea7-\u5e94\u7528\u4ea7\u54c1\u8d44\u6599","url":"https:\/\/qiniu.punalei.cn\/uploads\/20250811\/ed50ce8156e54152582ff3356228093d.pdf"},{"id":291,"name":"\u4e09\u76f8\u578bPNL300-S\u7cfb\u52170.2\u7ea7-\u5e94\u7528\u4ea7\u54c1\u8d44\u6599","url":"https:\/\/qiniu.punalei.cn\/uploads\/20250811\/5f7e3f318e22f4a79790e06a66ac2625.pdf"},{"id":318,"name":"\u4e09\u76f8\u578b\u8c10\u6ce2PNL300-SX\u7cfb\u52170.2\u7ea7-\u5e94\u7528\u4ea7\u54c1\u8d44\u6599","url":"https:\/\/qiniu.punalei.cn\/uploads\/20250811\/c3915be2288c668d42fab75c77d557b6.pdf"},{"id":337,"name":"\u5355\u76f8\u578bPNL300-C\u4ea4\u76f4\u6d41\u7cfb\u52170.2\u7ea7-\u5e94\u7528\u4ea7\u54c1\u8d44\u6599","url":"https:\/\/qiniu.punalei.cn\/uploads\/20250811\/ed50ce8156e54152582ff3356228093d.pdf"},{"id":338,"name":"\u80fd\u6548\u578bPNL300-E\u4ea4\u76f4\u6d41\u7cfb\u52170.2\u7ea7-\u5e94\u7528\u4ea7\u54c1\u8d44\u6599","url":"https:\/\/qiniu.punalei.cn\/uploads\/20250811\/ed50ce8156e54152582ff3356228093d.pdf"}]
---------------------------------------------------------------
[ 2026-03-25T06:38:39+08:00 ] 45.144.212.97 GET 120.24.147.77/.git/config
[ error ] [8192]preg_match(): Passing null to parameter #2 ($subject) of type string is deprecated
[ error ] [8192]preg_match(): Passing null to parameter #2 ($subject) of type string is deprecated
[ error ] [8192]preg_match(): Passing null to parameter #2 ($subject) of type string is deprecated
[ error ] [8192]preg_match(): Passing null to parameter #2 ($subject) of type string is deprecated
[ error ] [8192]preg_match(): Passing null to parameter #2 ($subject) of type string is deprecated
[ error ] [8192]preg_match(): Passing null to parameter #2 ($subject) of type string is deprecated
---------------------------------------------------------------
[ 2026-03-25T06:42:45+08:00 ] 43.166.242.189 GET www.punalei.cn/ldcms/zhiliudianyuanshumaxilie/329.html
[ error ] [8192]preg_match(): Passing null to parameter #2 ($subject) of type string is deprecated
[ error ] [8192]preg_match(): Passing null to parameter #2 ($subject) of type string is deprecated
[ error ] [8192]preg_match(): Passing null to parameter #2 ($subject) of type string is deprecated
[ error ] [8192]preg_match(): Passing null to parameter #2 ($subject) of type string is deprecated
[ error ] [8192]preg_match(): Passing null to parameter #2 ($subject) of type string is deprecated
[ error ] [8192]preg_match(): Passing null to parameter #2 ($subject) of type string is deprecated
[ error ] [8192]preg_match(): Passing null to parameter #2 ($subject) of type string is deprecated
[ error ] [8192]preg_match(): Passing null to parameter #2 ($subject) of type string is deprecated
[ error ] [8192]Automatic conversion of false to array is deprecated
---------------------------------------------------------------
[ 2026-03-25T06:43:28+08:00 ] 58.50.197.81 GET www.punalei.cn/
[ error ] [8192]preg_match(): Passing null to parameter #2 ($subject) of type string is deprecated
[ error ] [8192]preg_match(): Passing null to parameter #2 ($subject) of type string is deprecated
[ error ] [8192]preg_match(): Passing null to parameter #2 ($subject) of type string is deprecated
[ error ] [8192]preg_match(): Passing null to parameter #2 ($subject) of type string is deprecated
[ error ] [8192]preg_match(): Passing null to parameter #2 ($subject) of type string is deprecated
[ error ] [8192]preg_match(): Passing null to parameter #2 ($subject) of type string is deprecated
[ error ] [8192]preg_match(): Passing null to parameter #2 ($subject) of type string is deprecated
[ error ] [8192]preg_match(): Passing null to parameter #2 ($subject) of type string is deprecated
[ error ] [8192]Automatic conversion of false to array is deprecated
[ error ] [2]Undefined array key "title"
[ error ] [2]Undefined array key "title"
[ error ] [2]Undefined array key "title"
[ error ] [2]Undefined array key "title"
---------------------------------------------------------------
[ 2026-03-25T06:43:28+08:00 ] 58.50.197.81 GET www.punalei.cn/ldcms/lianxiwomen.html
[ error ] [8192]preg_match(): Passing null to parameter #2 ($subject) of type string is deprecated
[ error ] [8192]preg_match(): Passing null to parameter #2 ($subject) of type string is deprecated
[ error ] [8192]preg_match(): Passing null to parameter #2 ($subject) of type string is deprecated
[ error ] [8192]preg_match(): Passing null to parameter #2 ($subject) of type string is deprecated
[ error ] [8192]preg_match(): Passing null to parameter #2 ($subject) of type string is deprecated
[ error ] [8192]preg_match(): Passing null to parameter #2 ($subject) of type string is deprecated
[ error ] [8192]preg_match(): Passing null to parameter #2 ($subject) of type string is deprecated
[ error ] [8192]preg_match(): Passing null to parameter #2 ($subject) of type string is deprecated
[ error ] [8192]Automatic conversion of false to array is deprecated
---------------------------------------------------------------
[ 2026-03-25T06:43:28+08:00 ] 58.50.197.81 GET www.punalei.cn/lianxiwomen.html
[ error ] [8192]preg_match(): Passing null to parameter #2 ($subject) of type string is deprecated
[ error ] [8192]preg_match(): Passing null to parameter #2 ($subject) of type string is deprecated
[ error ] [8192]preg_match(): Passing null to parameter #2 ($subject) of type string is deprecated
[ error ] [8192]preg_match(): Passing null to parameter #2 ($subject) of type string is deprecated
[ error ] [8192]preg_match(): Passing null to parameter #2 ($subject) of type string is deprecated
[ error ] [8192]preg_match(): Passing null to parameter #2 ($subject) of type string is deprecated
---------------------------------------------------------------
[ 2026-03-25T06:43:28+08:00 ] 58.50.197.81 GET www.punalei.cn/lianxiwomen.html
[ error ] [8192]preg_match(): Passing null to parameter #2 ($subject) of type string is deprecated
[ error ] [8192]preg_match(): Passing null to parameter #2 ($subject) of type string is deprecated
[ error ] [8192]preg_match(): Passing null to parameter #2 ($subject) of type string is deprecated
[ error ] [8192]preg_match(): Passing null to parameter #2 ($subject) of type string is deprecated
[ error ] [8192]preg_match(): Passing null to parameter #2 ($subject) of type string is deprecated
[ error ] [8192]preg_match(): Passing null to parameter #2 ($subject) of type string is deprecated
---------------------------------------------------------------
[ 2026-03-25T06:47:02+08:00 ] 35.203.211.133 GET 120.24.147.77/
[ error ] [8192]preg_match(): Passing null to parameter #2 ($subject) of type string is deprecated
[ error ] [8192]preg_match(): Passing null to parameter #2 ($subject) of type string is deprecated
[ error ] [8192]preg_match(): Passing null to parameter #2 ($subject) of type string is deprecated
[ error ] [8192]preg_match(): Passing null to parameter #2 ($subject) of type string is deprecated
[ error ] [8192]preg_match(): Passing null to parameter #2 ($subject) of type string is deprecated
[ error ] [8192]preg_match(): Passing null to parameter #2 ($subject) of type string is deprecated
[ error ] [8192]preg_match(): Passing null to parameter #2 ($subject) of type string is deprecated
[ error ] [8192]preg_match(): Passing null to parameter #2 ($subject) of type string is deprecated
[ error ] [8192]Automatic conversion of false to array is deprecated
[ error ] [2]Undefined array key "title"
[ error ] [2]Undefined array key "title"
[ error ] [2]Undefined array key "title"
[ error ] [2]Undefined array key "title"
---------------------------------------------------------------
[ 2026-03-25T06:50:42+08:00 ] 43.157.158.178 GET www.punalei.cn/ldcms/xiazaizhongxin.html?type=3&name=通讯协议
[ error ] [8192]preg_match(): Passing null to parameter #2 ($subject) of type string is deprecated
[ error ] [8192]preg_match(): Passing null to parameter #2 ($subject) of type string is deprecated
[ error ] [8192]preg_match(): Passing null to parameter #2 ($subject) of type string is deprecated
[ error ] [8192]preg_match(): Passing null to parameter #2 ($subject) of type string is deprecated
[ error ] [8192]preg_match(): Passing null to parameter #2 ($subject) of type string is deprecated
[ error ] [8192]preg_match(): Passing null to parameter #2 ($subject) of type string is deprecated
[ error ] [8192]preg_match(): Passing null to parameter #2 ($subject) of type string is deprecated
[ error ] [8192]preg_match(): Passing null to parameter #2 ($subject) of type string is deprecated
[ error ] [8192]Automatic conversion of false to array is deprecated
[ download ] 3
---------------------------------------------------------------
[ 2026-03-25T06:50:42+08:00 ] 43.157.158.178 GET www.punalei.cn/ldcms/xiazaizhongxin.html?type=3&name=通讯协议
[ download ] [{"id":242,"title":"1-300V\/45-400Hz \u4ea4\u6d41\u53d8\u9891\u7535\u6e90 P9510\\15\\20\\30\\45\\60-\\TSS\u7cfb\u5217","catalog":"https:\/\/qiniu.punalei.cn\/uploads\/20250630\/9f6157e1177e99e4fe3674e8d06014a8.pdf","handbook":"https:\/\/qiniu.punalei.cn\/uploads\/20250630\/9f6157e1177e99e4fe3674e8d06014a8.pdf","agreement":"","drive":"","resource":""},{"id":244,"title":"1-300V\/45-400Hz \u4ea4\u6d41\u53d8\u9891\u7535\u6e90 P9530\\60-\\GSD\\GSS\u7cfb\u5217","catalog":"https:\/\/qiniu.punalei.cn\/uploads\/20250630\/9f6157e1177e99e4fe3674e8d06014a8.pdf","handbook":"https:\/\/qiniu.punalei.cn\/uploads\/20250630\/9f6157e1177e99e4fe3674e8d06014a8.pdf","agreement":"","drive":"","resource":""},{"id":260,"title":"1-300V\/45-400Hz \u4ea4\u6d41\u53d8\u9891\u7535\u6e90 P9505\\10-\\D\u7cfb\u5217","catalog":"https:\/\/qiniu.punalei.cn\/uploads\/20250630\/9f6157e1177e99e4fe3674e8d06014a8.pdf","handbook":"https:\/\/qiniu.punalei.cn\/uploads\/20250630\/9f6157e1177e99e4fe3674e8d06014a8.pdf","agreement":"","drive":"","resource":""},{"id":262,"title":"\u5355\u76f8\u578bPNL300-A\u4ea4\u6d41\u7cfb\u52170.2\u7ea7","catalog":"https:\/\/qiniu.punalei.cn\/uploads\/20250630\/9f6157e1177e99e4fe3674e8d06014a8.pdf","handbook":"https:\/\/qiniu.punalei.cn\/uploads\/20260309\/ed50ce8156e54152582ff3356228093d.pdf","agreement":"","drive":"","resource":"https:\/\/qiniu.punalei.cn\/uploads\/20250811\/ed50ce8156e54152582ff3356228093d.pdf"},{"id":263,"title":"\u6cc4\u6f0f\u7535\u6d41\u6d4b\u8bd5\u4eeaPNL2675\u7cfb\u5217","catalog":"https:\/\/qiniu.punalei.cn\/uploads\/20250630\/9f6157e1177e99e4fe3674e8d06014a8.pdf","handbook":"https:\/\/qiniu.punalei.cn\/uploads\/20250630\/9f6157e1177e99e4fe3674e8d06014a8.pdf","agreement":"","drive":"","resource":""},{"id":264,"title":" \u63a5\u5730\u7535\u963b\u6d4b\u8bd5\u4eeaPNL2678XM\u7cfb\u5217","catalog":"https:\/\/qiniu.punalei.cn\/uploads\/20250630\/9f6157e1177e99e4fe3674e8d06014a8.pdf","handbook":"https:\/\/qiniu.punalei.cn\/uploads\/20250630\/9f6157e1177e99e4fe3674e8d06014a8.pdf","agreement":"","drive":"","resource":""},{"id":268,"title":"\u591a\u901a\u9053\u76f4\u6d41\u7535\u963b\u6d4b\u8bd5\u4eeaPNL2818-X\u7cfb\u5217","catalog":"https:\/\/qiniu.punalei.cn\/uploads\/20250630\/9f6157e1177e99e4fe3674e8d06014a8.pdf","handbook":"https:\/\/qiniu.punalei.cn\/uploads\/20250630\/9f6157e1177e99e4fe3674e8d06014a8.pdf","agreement":"","drive":"","resource":""},{"id":270,"title":"\u76f4\u6d41\u7535\u963b\u6d4b\u8bd5\u4eeaPNL2511\u6570\u7801\u7cfb\u5217","catalog":"https:\/\/qiniu.punalei.cn\/uploads\/20250630\/9f6157e1177e99e4fe3674e8d06014a8.pdf","handbook":"https:\/\/qiniu.punalei.cn\/uploads\/20250811\/405841dc3a1790083cdfb28d392a51b6.pdf","agreement":"","drive":"","resource":""},{"id":271,"title":"\u591a\u8def\u6e29\u5ea6\u5de1\u68c0\u6d4b\u8bd5\u4eeaP2000-X PLUS\u7cfb\u5217","catalog":"https:\/\/qiniu.punalei.cn\/uploads\/20250630\/9f6157e1177e99e4fe3674e8d06014a8.pdf","handbook":"https:\/\/qiniu.punalei.cn\/uploads\/20250811\/88bebf25cc9f75277abfb9945aa00ebc.pdf","agreement":"","drive":"","resource":""},{"id":272,"title":"\u624b\u6301\u591a\u8def\u6e29\u5ea6\u6d4b\u8bd5\u4eeaP300-S\u7cfb\u5217","catalog":"https:\/\/qiniu.punalei.cn\/uploads\/20250630\/9f6157e1177e99e4fe3674e8d06014a8.pdf","handbook":"https:\/\/qiniu.punalei.cn\/uploads\/20250811\/4eeb7970b89981df90d0560b8dbe2ff8.pdf","agreement":"","drive":"","resource":""},{"id":290,"title":"\u4ea4\u6d41\u6052\u6d41\u6e90","catalog":"","handbook":"","agreement":"","drive":"","resource":""},{"id":291,"title":"\u4e09\u76f8\u578bPNL300-S\u7cfb\u52170.2\u7ea7","catalog":"","handbook":"https:\/\/qiniu.punalei.cn\/uploads\/20250811\/5f7e3f318e22f4a79790e06a66ac2625.pdf","agreement":"","drive":"","resource":"https:\/\/qiniu.punalei.cn\/uploads\/20250811\/5f7e3f318e22f4a79790e06a66ac2625.pdf"},{"id":295,"title":"\u5c0f\u529f\u7387\u76f4\u6d41\u7535\u5b50\u8d1f\u8f7d","catalog":"","handbook":"https:\/\/qiniu.punalei.cn\/uploads\/20250811\/3c0024e1494ae6a3a5ee57c6e55308d8.pdf","agreement":"","drive":"","resource":""},{"id":298,"title":"\u533b\u7528\u6cc4\u6f0f\u7535\u6d41\u6d4b\u8bd5\u4eea","catalog":"","handbook":"","agreement":"","drive":"","resource":""},{"id":299,"title":"\u5927\u529f\u7387\u76f4\u6d41\u7535\u6e90\u6db2\u66763U\u7cfb\u5217","catalog":"","handbook":"","agreement":"","drive":"","resource":""},{"id":300,"title":"\u5927\u529f\u7387\u76f4\u6d41\u7535\u6e90\u6570\u7801PNL-Y 10kw-15kw\u7cfb\u5217","catalog":"","handbook":"https:\/\/qiniu.punalei.cn\/uploads\/20250811\/6991e7a5b3190aa67ef71fc5ef74964e.pdf","agreement":"","drive":"","resource":""},{"id":303,"title":"\u5b89\u89c4\u7efc\u5408\u6821\u51c6\u70b9\u68c0\u5de5\u88c5","catalog":"","handbook":"","agreement":"","drive":"","resource":""},{"id":304,"title":"\u8010\u538b\u6d4b\u8bd5\u4eea5KV\u7cfb\u5217","catalog":"","handbook":"","agreement":"","drive":"","resource":""},{"id":306,"title":"\u8010\u538b\u6d4b\u8bd5\u4eea10KV\u7cfb\u5217","catalog":"https:\/\/qiniu.punalei.cn\/uploads\/20250630\/9f6157e1177e99e4fe3674e8d06014a8.pdf","handbook":"https:\/\/qiniu.punalei.cn\/uploads\/20250630\/9f6157e1177e99e4fe3674e8d06014a8.pdf","agreement":"","drive":"","resource":""},{"id":307,"title":"\u8010\u538b\u6d4b\u8bd5\u4eea20KV\u7cfb\u5217","catalog":"https:\/\/qiniu.punalei.cn\/uploads\/20250630\/9f6157e1177e99e4fe3674e8d06014a8.pdf","handbook":"https:\/\/qiniu.punalei.cn\/uploads\/20250630\/9f6157e1177e99e4fe3674e8d06014a8.pdf","agreement":"","drive":"","resource":""},{"id":308,"title":"\u7a0b\u63a7\u8010\u538b\u7edd\u7f18PNL7110\\PNL7122\u7cfb\u5217","catalog":"https:\/\/qiniu.punalei.cn\/uploads\/20250630\/9f6157e1177e99e4fe3674e8d06014a8.pdf","handbook":"https:\/\/qiniu.punalei.cn\/uploads\/20250630\/9f6157e1177e99e4fe3674e8d06014a8.pdf","agreement":"","drive":"","resource":""},{"id":309,"title":"\u5b89\u5168\u7efc\u5408\u6027\u80fd\u5206\u6790\u4eeaPNL9950\u7cfb\u5217","catalog":"https:\/\/qiniu.punalei.cn\/uploads\/20250630\/9f6157e1177e99e4fe3674e8d06014a8.pdf","handbook":"https:\/\/qiniu.punalei.cn\/uploads\/20250630\/9f6157e1177e99e4fe3674e8d06014a8.pdf","agreement":"","drive":"","resource":""},{"id":311,"title":"\u5355\u4e09\u76f8 - \u5b89\u5168\u7efc\u5408\u6027\u80fd\u5206\u6790\u4eeaPNL9950-C\u7cfb\u5217","catalog":"https:\/\/qiniu.punalei.cn\/uploads\/20250630\/9f6157e1177e99e4fe3674e8d06014a8.pdf","handbook":"https:\/\/qiniu.punalei.cn\/uploads\/20250630\/9f6157e1177e99e4fe3674e8d06014a8.pdf","agreement":"","drive":"","resource":""},{"id":312,"title":"1-300V\/45-400Hz \u4ea4\u6d41\u53d8\u9891\u7535\u6e90 P9515\\20\\30\\45\\60-\\TSD\u7cfb\u5217","catalog":"https:\/\/qiniu.punalei.cn\/uploads\/20250630\/9f6157e1177e99e4fe3674e8d06014a8.pdf","handbook":"https:\/\/qiniu.punalei.cn\/uploads\/20250630\/9f6157e1177e99e4fe3674e8d06014a8.pdf","agreement":"","drive":"","resource":""},{"id":314,"title":"1-300V\/45-400Hz \u4ea4\u6d41\u53d8\u9891\u7535\u6e90 P9520\\30-\\D\u7cfb\u5217","catalog":"https:\/\/qiniu.punalei.cn\/uploads\/20250630\/9f6157e1177e99e4fe3674e8d06014a8.pdf","handbook":"https:\/\/qiniu.punalei.cn\/uploads\/20250630\/9f6157e1177e99e4fe3674e8d06014a8.pdf","agreement":"","drive":"","resource":""},{"id":315,"title":"\u7edd\u7f18\u7535\u963b\u6d4b\u8bd5\u4eeaPNL2682N\u7cfb\u5217","catalog":"https:\/\/qiniu.punalei.cn\/uploads\/20250630\/9f6157e1177e99e4fe3674e8d06014a8.pdf","handbook":"https:\/\/qiniu.punalei.cn\/uploads\/20250811\/7c63757a23e5e98e594bf1b4bf50445a.pdf","agreement":"","drive":"","resource":""},{"id":316,"title":"1-300V\/45-400Hz \u4ea4\u6d41\u53d8\u9891\u7535\u6e90 P9510\\15\\20-\\TD\u7cfb\u5217","catalog":"https:\/\/qiniu.punalei.cn\/uploads\/20250630\/9f6157e1177e99e4fe3674e8d06014a8.pdf","handbook":"https:\/\/qiniu.punalei.cn\/uploads\/20250630\/9f6157e1177e99e4fe3674e8d06014a8.pdf","agreement":"","drive":"","resource":""},{"id":317,"title":"1-300V\/45-400Hz \u4ea4\u6d41\u53d8\u9891\u7535\u6e90 P9530\\50-\\G\\D\u7cfb\u5217","catalog":"https:\/\/qiniu.punalei.cn\/uploads\/20250630\/9f6157e1177e99e4fe3674e8d06014a8.pdf","handbook":"https:\/\/qiniu.punalei.cn\/uploads\/20250630\/9f6157e1177e99e4fe3674e8d06014a8.pdf","agreement":"","drive":"","resource":""},{"id":318,"title":"\u4e09\u76f8\u578b\u8c10\u6ce2PNL300-SX\u7cfb\u52170.2\u7ea7","catalog":"","handbook":"https:\/\/qiniu.punalei.cn\/uploads\/20250811\/c3915be2288c668d42fab75c77d557b6.pdf","agreement":"","drive":"","resource":"https:\/\/qiniu.punalei.cn\/uploads\/20250811\/c3915be2288c668d42fab75c77d557b6.pdf"},{"id":319,"title":"\u7edd\u7f18\u7535\u963b\u6d4b\u8bd5\u4eeaPNL2683AL\u7cfb\u5217","catalog":"https:\/\/qiniu.punalei.cn\/uploads\/20250630\/9f6157e1177e99e4fe3674e8d06014a8.pdf","handbook":"https:\/\/qiniu.punalei.cn\/uploads\/20250811\/29f9570871ea60e153dce0b05698a13e.pdf","agreement":"","drive":"","resource":""},{"id":320,"title":"\u5bbd\u8303\u56f4\u76f4\u6d41\u7535\u963b\u6d4b\u8bd5\u4eeaPNL2513\/15\u7cfb\u5217","catalog":"https:\/\/qiniu.punalei.cn\/uploads\/20250630\/9f6157e1177e99e4fe3674e8d06014a8.pdf","handbook":"https:\/\/qiniu.punalei.cn\/uploads\/20250811\/d94e60f7d79a2b3b6d9b106bf787c6db.pdf","agreement":"","drive":"","resource":""},{"id":321,"title":"\u5927\u529f\u7387\u76f4\u6d41\u7535\u6e90\u6db2\u66764U\u7cfb\u5217","catalog":"","handbook":"","agreement":"","drive":"","resource":""},{"id":322,"title":"\u5927\u529f\u7387\u76f4\u6d41\u7535\u6e90\u6db2\u66765U\u7cfb\u5217","catalog":"","handbook":"","agreement":"","drive":"","resource":""},{"id":323,"title":"\u5927\u529f\u7387\u76f4\u6d41\u7535\u6e90\u6db2\u667620K\u7cfb\u5217","catalog":"","handbook":"","agreement":"","drive":"","resource":""},{"id":324,"title":"\u5927\u529f\u7387\u76f4\u6d41\u7535\u6e90\u6db2\u667640K\u7cfb\u5217","catalog":"","handbook":"","agreement":"","drive":"","resource":""},{"id":325,"title":"\u5927\u529f\u7387\u76f4\u6d41\u7535\u6e90\u6db2\u667660K\u7cfb\u5217","catalog":"","handbook":"","agreement":"","drive":"","resource":""},{"id":326,"title":"\u5927\u529f\u7387\u76f4\u6d41\u7535\u6e90\u6570\u7801PNL-Y 20kw-30kw\u7cfb\u5217","catalog":"","handbook":"https:\/\/qiniu.punalei.cn\/uploads\/20250811\/6991e7a5b3190aa67ef71fc5ef74964e.pdf","agreement":"","drive":"","resource":""},{"id":327,"title":"\u5927\u529f\u7387\u76f4\u6d41\u7535\u6e90\u6570\u7801PNL-Y 40kw-60kw\u7cfb\u5217","catalog":"","handbook":"https:\/\/qiniu.punalei.cn\/uploads\/20250811\/6991e7a5b3190aa67ef71fc5ef74964e.pdf","agreement":"","drive":"","resource":""},{"id":328,"title":"\u5927\u529f\u7387\u76f4\u6d41\u7535\u6e90\u6570\u7801PNL-Y 75kw-90kw\u7cfb\u5217","catalog":"","handbook":"https:\/\/qiniu.punalei.cn\/uploads\/20250811\/6991e7a5b3190aa67ef71fc5ef74964e.pdf","agreement":"","drive":"","resource":""},{"id":329,"title":"\u5927\u529f\u7387\u76f4\u6d41\u7535\u6e90\u6570\u7801PNL-U \u9ad8\u538b\u7cfb\u5217","catalog":"","handbook":"https:\/\/qiniu.punalei.cn\/uploads\/20250811\/6991e7a5b3190aa67ef71fc5ef74964e.pdf","agreement":"","drive":"","resource":""},{"id":330,"title":"\u4ea4\u6d41\u7535\u5b50\u8d1f\u8f7d","catalog":"","handbook":"https:\/\/qiniu.punalei.cn\/uploads\/20250811\/18ff267d1dc26e503128741d78be61d7.pdf","agreement":"","drive":"","resource":""},{"id":331,"title":"\u4ea4\u76f4\u6d41\u7535\u5b50\u8d1f\u8f7d","catalog":"","handbook":"https:\/\/qiniu.punalei.cn\/uploads\/20250811\/04725819a3c60dff3e1af918dc2ccaf2.pdf","agreement":"","drive":"","resource":""},{"id":332,"title":"\u5927\u529f\u7387\u76f4\u6d41\u7535\u5b50\u8d1f\u8f7d","catalog":"","handbook":"https:\/\/qiniu.punalei.cn\/uploads\/20250811\/639e5850541f700cdc64053f1d7a18a7.pdf","agreement":"","drive":"","resource":""},{"id":333,"title":"\u5927\u529f\u7387\u76f4\u6d41\u7535\u5b50\u8d1f\u8f7d","catalog":"","handbook":"https:\/\/qiniu.punalei.cn\/uploads\/20250811\/3c0024e1494ae6a3a5ee57c6e55308d8.pdf","agreement":"","drive":"","resource":""},{"id":337,"title":"\u5355\u76f8\u578bPNL300-C\u4ea4\u76f4\u6d41\u7cfb\u52170.2\u7ea7","catalog":"https:\/\/qiniu.punalei.cn\/uploads\/20250630\/9f6157e1177e99e4fe3674e8d06014a8.pdf","handbook":"https:\/\/qiniu.punalei.cn\/uploads\/20250811\/ed50ce8156e54152582ff3356228093d.pdf","agreement":"","drive":"","resource":"https:\/\/qiniu.punalei.cn\/uploads\/20250811\/ed50ce8156e54152582ff3356228093d.pdf"},{"id":338,"title":"\u80fd\u6548\u578bPNL300-E\u4ea4\u76f4\u6d41\u7cfb\u52170.2\u7ea7","catalog":"https:\/\/qiniu.punalei.cn\/uploads\/20250630\/9f6157e1177e99e4fe3674e8d06014a8.pdf","handbook":"https:\/\/qiniu.punalei.cn\/uploads\/20250811\/ed50ce8156e54152582ff3356228093d.pdf","agreement":"","drive":"","resource":"https:\/\/qiniu.punalei.cn\/uploads\/20250811\/ed50ce8156e54152582ff3356228093d.pdf"}]
---------------------------------------------------------------
[ 2026-03-25T06:50:42+08:00 ] 43.157.158.178 GET www.punalei.cn/ldcms/xiazaizhongxin.html?type=3&name=通讯协议
[ download ] []
---------------------------------------------------------------
[ 2026-03-25T06:51:23+08:00 ] 113.215.189.22 GET punalei.cn/
[ error ] [8192]preg_match(): Passing null to parameter #2 ($subject) of type string is deprecated
[ error ] [8192]preg_match(): Passing null to parameter #2 ($subject) of type string is deprecated
[ error ] [8192]preg_match(): Passing null to parameter #2 ($subject) of type string is deprecated
[ error ] [8192]preg_match(): Passing null to parameter #2 ($subject) of type string is deprecated
[ error ] [8192]preg_match(): Passing null to parameter #2 ($subject) of type string is deprecated
[ error ] [8192]preg_match(): Passing null to parameter #2 ($subject) of type string is deprecated
[ error ] [8192]preg_match(): Passing null to parameter #2 ($subject) of type string is deprecated
[ error ] [8192]preg_match(): Passing null to parameter #2 ($subject) of type string is deprecated
[ error ] [8192]Automatic conversion of false to array is deprecated
[ error ] [2]Undefined array key "title"
[ error ] [2]Undefined array key "title"
[ error ] [2]Undefined array key "title"
[ error ] [2]Undefined array key "title"
---------------------------------------------------------------
[ 2026-03-25T06:51:38+08:00 ] 113.215.189.23 GET punalei.cn/
[ error ] [8192]preg_match(): Passing null to parameter #2 ($subject) of type string is deprecated
[ error ] [8192]preg_match(): Passing null to parameter #2 ($subject) of type string is deprecated
[ error ] [8192]preg_match(): Passing null to parameter #2 ($subject) of type string is deprecated
[ error ] [8192]preg_match(): Passing null to parameter #2 ($subject) of type string is deprecated
[ error ] [8192]preg_match(): Passing null to parameter #2 ($subject) of type string is deprecated
[ error ] [8192]preg_match(): Passing null to parameter #2 ($subject) of type string is deprecated
[ error ] [8192]preg_match(): Passing null to parameter #2 ($subject) of type string is deprecated
[ error ] [8192]preg_match(): Passing null to parameter #2 ($subject) of type string is deprecated
[ error ] [8192]Automatic conversion of false to array is deprecated
[ error ] [2]Undefined array key "title"
[ error ] [2]Undefined array key "title"
[ error ] [2]Undefined array key "title"
[ error ] [2]Undefined array key "title"
---------------------------------------------------------------
[ 2026-03-25T06:59:07+08:00 ] 59.82.83.84 GET 120.24.147.77/dns-query?dns=Z1kBAAABAAAAAAAAA3d3dwRiaW5nA2NvbQAAAQAB
[ error ] [8192]preg_match(): Passing null to parameter #2 ($subject) of type string is deprecated
[ error ] [8192]preg_match(): Passing null to parameter #2 ($subject) of type string is deprecated
[ error ] [8192]preg_match(): Passing null to parameter #2 ($subject) of type string is deprecated
[ error ] [8192]preg_match(): Passing null to parameter #2 ($subject) of type string is deprecated
[ error ] [8192]preg_match(): Passing null to parameter #2 ($subject) of type string is deprecated
[ error ] [8192]preg_match(): Passing null to parameter #2 ($subject) of type string is deprecated
---------------------------------------------------------------
[ 2026-03-25T06:59:07+08:00 ] 59.82.83.84 GET 120.24.147.77/dns-query?dns=Z1kBAAABAAAAAAAAA3d3dwRiaW5nA2NvbQAAAQAB
[ error ] [8192]preg_match(): Passing null to parameter #2 ($subject) of type string is deprecated
[ error ] [8192]preg_match(): Passing null to parameter #2 ($subject) of type string is deprecated
[ error ] [8192]preg_match(): Passing null to parameter #2 ($subject) of type string is deprecated
[ error ] [8192]preg_match(): Passing null to parameter #2 ($subject) of type string is deprecated
[ error ] [8192]preg_match(): Passing null to parameter #2 ($subject) of type string is deprecated
[ error ] [8192]preg_match(): Passing null to parameter #2 ($subject) of type string is deprecated
---------------------------------------------------------------
[ 2026-03-25T07:01:13+08:00 ] 31.58.214.23 GET 120.24.147.77/client_secret.json
[ error ] [8192]preg_match(): Passing null to parameter #2 ($subject) of type string is deprecated
[ error ] [8192]preg_match(): Passing null to parameter #2 ($subject) of type string is deprecated
[ error ] [8192]preg_match(): Passing null to parameter #2 ($subject) of type string is deprecated
[ error ] [8192]preg_match(): Passing null to parameter #2 ($subject) of type string is deprecated
[ error ] [8192]preg_match(): Passing null to parameter #2 ($subject) of type string is deprecated
[ error ] [8192]preg_match(): Passing null to parameter #2 ($subject) of type string is deprecated
---------------------------------------------------------------
[ 2026-03-25T07:01:13+08:00 ] 31.58.214.23 GET 120.24.147.77/client_secret.json
[ error ] [8192]preg_match(): Passing null to parameter #2 ($subject) of type string is deprecated
[ error ] [8192]preg_match(): Passing null to parameter #2 ($subject) of type string is deprecated
[ error ] [8192]preg_match(): Passing null to parameter #2 ($subject) of type string is deprecated
[ error ] [8192]preg_match(): Passing null to parameter #2 ($subject) of type string is deprecated
[ error ] [8192]preg_match(): Passing null to parameter #2 ($subject) of type string is deprecated
[ error ] [8192]preg_match(): Passing null to parameter #2 ($subject) of type string is deprecated
---------------------------------------------------------------
[ 2026-03-25T07:01:37+08:00 ] 43.135.134.127 GET www.punalei.cn/ldcms/punaleiPNAIdangongnenganguixilie.html
[ error ] [8192]preg_match(): Passing null to parameter #2 ($subject) of type string is deprecated
[ error ] [8192]preg_match(): Passing null to parameter #2 ($subject) of type string is deprecated
[ error ] [8192]preg_match(): Passing null to parameter #2 ($subject) of type string is deprecated
[ error ] [8192]preg_match(): Passing null to parameter #2 ($subject) of type string is deprecated
[ error ] [8192]preg_match(): Passing null to parameter #2 ($subject) of type string is deprecated
[ error ] [8192]preg_match(): Passing null to parameter #2 ($subject) of type string is deprecated
[ error ] [8192]preg_match(): Passing null to parameter #2 ($subject) of type string is deprecated
[ error ] [8192]preg_match(): Passing null to parameter #2 ($subject) of type string is deprecated
[ error ] [8192]Automatic conversion of false to array is deprecated
---------------------------------------------------------------
[ 2026-03-25T07:11:11+08:00 ] 43.158.91.71 GET www.punalei.cn/ldcms/dianyuanchanpin.html
[ error ] [8192]preg_match(): Passing null to parameter #2 ($subject) of type string is deprecated
[ error ] [8192]preg_match(): Passing null to parameter #2 ($subject) of type string is deprecated
[ error ] [8192]preg_match(): Passing null to parameter #2 ($subject) of type string is deprecated
[ error ] [8192]preg_match(): Passing null to parameter #2 ($subject) of type string is deprecated
[ error ] [8192]preg_match(): Passing null to parameter #2 ($subject) of type string is deprecated
[ error ] [8192]preg_match(): Passing null to parameter #2 ($subject) of type string is deprecated
[ error ] [8192]preg_match(): Passing null to parameter #2 ($subject) of type string is deprecated
[ error ] [8192]preg_match(): Passing null to parameter #2 ($subject) of type string is deprecated
[ error ] [8192]Automatic conversion of false to array is deprecated
---------------------------------------------------------------
[ 2026-03-25T07:20:04+08:00 ] 59.82.83.24 GET www.punalei.cn/
[ error ] [8192]preg_match(): Passing null to parameter #2 ($subject) of type string is deprecated
[ error ] [8192]preg_match(): Passing null to parameter #2 ($subject) of type string is deprecated
[ error ] [8192]preg_match(): Passing null to parameter #2 ($subject) of type string is deprecated
[ error ] [8192]preg_match(): Passing null to parameter #2 ($subject) of type string is deprecated
[ error ] [8192]preg_match(): Passing null to parameter #2 ($subject) of type string is deprecated
[ error ] [8192]preg_match(): Passing null to parameter #2 ($subject) of type string is deprecated
[ error ] [8192]preg_match(): Passing null to parameter #2 ($subject) of type string is deprecated
[ error ] [8192]preg_match(): Passing null to parameter #2 ($subject) of type string is deprecated
[ error ] [8192]Automatic conversion of false to array is deprecated
[ error ] [2]Undefined array key "title"
[ error ] [2]Undefined array key "title"
[ error ] [2]Undefined array key "title"
[ error ] [2]Undefined array key "title"
---------------------------------------------------------------
[ 2026-03-25T07:20:04+08:00 ] 59.82.83.24 GET www.punalei.cn/
[ error ] [2]Undefined array key "title"
[ error ] [2]Undefined array key "title"
[ error ] [2]Undefined array key "title"
[ error ] [2]Undefined array key "title"
---------------------------------------------------------------
[ 2026-03-25T07:20:08+08:00 ] 59.82.83.24 GET www.punalei.cn/
[ error ] [2]Undefined array key "title"
[ error ] [2]Undefined array key "title"
[ error ] [2]Undefined array key "title"
[ error ] [2]Undefined array key "title"
---------------------------------------------------------------
[ 2026-03-25T07:20:08+08:00 ] 59.82.83.100 GET www.punalei.cn/
[ error ] [2]Undefined array key "title"
[ error ] [2]Undefined array key "title"
[ error ] [2]Undefined array key "title"
[ error ] [2]Undefined array key "title"
---------------------------------------------------------------
[ 2026-03-25T07:20:08+08:00 ] 59.82.83.24 GET www.punalei.cn/
[ error ] [2]Undefined array key "title"
[ error ] [2]Undefined array key "title"
[ error ] [2]Undefined array key "title"
[ error ] [2]Undefined array key "title"
---------------------------------------------------------------
[ 2026-03-25T07:20:08+08:00 ] 59.82.83.100 GET www.punalei.cn/
[ error ] [2]Undefined array key "title"
[ error ] [2]Undefined array key "title"
[ error ] [2]Undefined array key "title"
[ error ] [2]Undefined array key "title"
---------------------------------------------------------------
[ 2026-03-25T07:20:09+08:00 ] 59.82.83.100 GET www.punalei.cn/
[ error ] [2]Undefined array key "title"
[ error ] [2]Undefined array key "title"
[ error ] [2]Undefined array key "title"
[ error ] [2]Undefined array key "title"
---------------------------------------------------------------
[ 2026-03-25T07:20:09+08:00 ] 59.82.83.24 GET www.punalei.cn/
[ error ] [2]Undefined array key "title"
[ error ] [2]Undefined array key "title"
[ error ] [2]Undefined array key "title"
[ error ] [2]Undefined array key "title"
---------------------------------------------------------------
[ 2026-03-25T07:20:10+08:00 ] 59.82.83.24 GET www.punalei.cn/
[ error ] [2]Undefined array key "title"
[ error ] [2]Undefined array key "title"
[ error ] [2]Undefined array key "title"
[ error ] [2]Undefined array key "title"
---------------------------------------------------------------
[ 2026-03-25T07:20:10+08:00 ] 59.82.83.100 GET www.punalei.cn/
[ error ] [2]Undefined array key "title"
[ error ] [2]Undefined array key "title"
[ error ] [2]Undefined array key "title"
[ error ] [2]Undefined array key "title"
---------------------------------------------------------------
[ 2026-03-25T07:20:11+08:00 ] 59.82.83.100 GET www.punalei.cn/
[ error ] [2]Undefined array key "title"
[ error ] [2]Undefined array key "title"
[ error ] [2]Undefined array key "title"
[ error ] [2]Undefined array key "title"
---------------------------------------------------------------
[ 2026-03-25T07:20:11+08:00 ] 59.82.83.100 GET www.punalei.cn/
[ error ] [2]Undefined array key "title"
[ error ] [2]Undefined array key "title"
[ error ] [2]Undefined array key "title"
[ error ] [2]Undefined array key "title"
---------------------------------------------------------------
[ 2026-03-25T07:20:12+08:00 ] 59.82.83.100 GET www.punalei.cn/
[ error ] [2]Undefined array key "title"
[ error ] [2]Undefined array key "title"
[ error ] [2]Undefined array key "title"
[ error ] [2]Undefined array key "title"
---------------------------------------------------------------
[ 2026-03-25T07:20:12+08:00 ] 59.82.83.100 GET www.punalei.cn/
[ error ] [2]Undefined array key "title"
[ error ] [2]Undefined array key "title"
[ error ] [2]Undefined array key "title"
[ error ] [2]Undefined array key "title"
---------------------------------------------------------------
[ 2026-03-25T07:21:03+08:00 ] 113.215.189.27 GET www.punalei.cn/
[ error ] [8192]preg_match(): Passing null to parameter #2 ($subject) of type string is deprecated
[ error ] [8192]preg_match(): Passing null to parameter #2 ($subject) of type string is deprecated
[ error ] [8192]preg_match(): Passing null to parameter #2 ($subject) of type string is deprecated
[ error ] [8192]preg_match(): Passing null to parameter #2 ($subject) of type string is deprecated
[ error ] [8192]preg_match(): Passing null to parameter #2 ($subject) of type string is deprecated
[ error ] [8192]preg_match(): Passing null to parameter #2 ($subject) of type string is deprecated
[ error ] [8192]preg_match(): Passing null to parameter #2 ($subject) of type string is deprecated
[ error ] [8192]preg_match(): Passing null to parameter #2 ($subject) of type string is deprecated
[ error ] [8192]Automatic conversion of false to array is deprecated
[ error ] [2]Undefined array key "title"
[ error ] [2]Undefined array key "title"
[ error ] [2]Undefined array key "title"
[ error ] [2]Undefined array key "title"
---------------------------------------------------------------
[ 2026-03-25T07:21:03+08:00 ] 113.215.189.27 GET www.punalei.cn/
[ error ] [2]Undefined array key "title"
[ error ] [2]Undefined array key "title"
[ error ] [2]Undefined array key "title"
[ error ] [2]Undefined array key "title"
---------------------------------------------------------------
[ 2026-03-25T07:24:20+08:00 ] 43.153.26.165 GET www.punalei.cn/ldcms/zhiliudianyuanshumaxilie.html
[ error ] [8192]preg_match(): Passing null to parameter #2 ($subject) of type string is deprecated
[ error ] [8192]preg_match(): Passing null to parameter #2 ($subject) of type string is deprecated
[ error ] [8192]preg_match(): Passing null to parameter #2 ($subject) of type string is deprecated
[ error ] [8192]preg_match(): Passing null to parameter #2 ($subject) of type string is deprecated
[ error ] [8192]preg_match(): Passing null to parameter #2 ($subject) of type string is deprecated
[ error ] [8192]preg_match(): Passing null to parameter #2 ($subject) of type string is deprecated
[ error ] [8192]preg_match(): Passing null to parameter #2 ($subject) of type string is deprecated
[ error ] [8192]preg_match(): Passing null to parameter #2 ($subject) of type string is deprecated
[ error ] [8192]Automatic conversion of false to array is deprecated
---------------------------------------------------------------
[ 2026-03-25T07:26:16+08:00 ] 176.65.149.253 GET 120.24.147.77/.streamlit/secrets.toml
[ error ] [8192]preg_match(): Passing null to parameter #2 ($subject) of type string is deprecated
[ error ] [8192]preg_match(): Passing null to parameter #2 ($subject) of type string is deprecated
[ error ] [8192]preg_match(): Passing null to parameter #2 ($subject) of type string is deprecated
[ error ] [8192]preg_match(): Passing null to parameter #2 ($subject) of type string is deprecated
[ error ] [8192]preg_match(): Passing null to parameter #2 ($subject) of type string is deprecated
[ error ] [8192]preg_match(): Passing null to parameter #2 ($subject) of type string is deprecated
---------------------------------------------------------------
[ 2026-03-25T07:26:16+08:00 ] 176.65.149.253 GET 120.24.147.77/.streamlit/secrets.toml
[ error ] [8192]preg_match(): Passing null to parameter #2 ($subject) of type string is deprecated
[ error ] [8192]preg_match(): Passing null to parameter #2 ($subject) of type string is deprecated
[ error ] [8192]preg_match(): Passing null to parameter #2 ($subject) of type string is deprecated
[ error ] [8192]preg_match(): Passing null to parameter #2 ($subject) of type string is deprecated
[ error ] [8192]preg_match(): Passing null to parameter #2 ($subject) of type string is deprecated
[ error ] [8192]preg_match(): Passing null to parameter #2 ($subject) of type string is deprecated
---------------------------------------------------------------
[ 2026-03-25T07:27:32+08:00 ] 79.124.40.174 GET 120.24.147.77/?XDEBUG_SESSION_START=phpstorm
[ error ] [8192]preg_match(): Passing null to parameter #2 ($subject) of type string is deprecated
[ error ] [8192]preg_match(): Passing null to parameter #2 ($subject) of type string is deprecated
[ error ] [8192]preg_match(): Passing null to parameter #2 ($subject) of type string is deprecated
[ error ] [8192]preg_match(): Passing null to parameter #2 ($subject) of type string is deprecated
[ error ] [8192]preg_match(): Passing null to parameter #2 ($subject) of type string is deprecated
[ error ] [8192]preg_match(): Passing null to parameter #2 ($subject) of type string is deprecated
[ error ] [8192]preg_match(): Passing null to parameter #2 ($subject) of type string is deprecated
[ error ] [8192]preg_match(): Passing null to parameter #2 ($subject) of type string is deprecated
[ error ] [8192]Automatic conversion of false to array is deprecated
[ error ] [2]Undefined array key "title"
[ error ] [2]Undefined array key "title"
[ error ] [2]Undefined array key "title"
[ error ] [2]Undefined array key "title"
---------------------------------------------------------------
[ 2026-03-25T07:30:09+08:00 ] 194.195.208.36 GET 120.24.147.77/dana-na/nc/nc_gina_ver.txt
[ error ] [8192]preg_match(): Passing null to parameter #2 ($subject) of type string is deprecated
[ error ] [8192]preg_match(): Passing null to parameter #2 ($subject) of type string is deprecated
[ error ] [8192]preg_match(): Passing null to parameter #2 ($subject) of type string is deprecated
[ error ] [8192]preg_match(): Passing null to parameter #2 ($subject) of type string is deprecated
[ error ] [8192]preg_match(): Passing null to parameter #2 ($subject) of type string is deprecated
[ error ] [8192]preg_match(): Passing null to parameter #2 ($subject) of type string is deprecated
---------------------------------------------------------------
[ 2026-03-25T07:30:09+08:00 ] 194.195.208.36 GET 120.24.147.77/dana-na/nc/nc_gina_ver.txt
[ error ] [8192]preg_match(): Passing null to parameter #2 ($subject) of type string is deprecated
[ error ] [8192]preg_match(): Passing null to parameter #2 ($subject) of type string is deprecated
[ error ] [8192]preg_match(): Passing null to parameter #2 ($subject) of type string is deprecated
[ error ] [8192]preg_match(): Passing null to parameter #2 ($subject) of type string is deprecated
[ error ] [8192]preg_match(): Passing null to parameter #2 ($subject) of type string is deprecated
[ error ] [8192]preg_match(): Passing null to parameter #2 ($subject) of type string is deprecated
---------------------------------------------------------------
[ 2026-03-25T07:30:10+08:00 ] 194.195.208.36 GET 120.24.147.77/dana-cached/hc/HostCheckerInstaller.osx
[ error ] [8192]preg_match(): Passing null to parameter #2 ($subject) of type string is deprecated
[ error ] [8192]preg_match(): Passing null to parameter #2 ($subject) of type string is deprecated
[ error ] [8192]preg_match(): Passing null to parameter #2 ($subject) of type string is deprecated
[ error ] [8192]preg_match(): Passing null to parameter #2 ($subject) of type string is deprecated
[ error ] [8192]preg_match(): Passing null to parameter #2 ($subject) of type string is deprecated
[ error ] [8192]preg_match(): Passing null to parameter #2 ($subject) of type string is deprecated
---------------------------------------------------------------
[ 2026-03-25T07:30:10+08:00 ] 194.195.208.36 GET 120.24.147.77/dana-cached/hc/HostCheckerInstaller.osx
[ error ] [8192]preg_match(): Passing null to parameter #2 ($subject) of type string is deprecated
[ error ] [8192]preg_match(): Passing null to parameter #2 ($subject) of type string is deprecated
[ error ] [8192]preg_match(): Passing null to parameter #2 ($subject) of type string is deprecated
[ error ] [8192]preg_match(): Passing null to parameter #2 ($subject) of type string is deprecated
[ error ] [8192]preg_match(): Passing null to parameter #2 ($subject) of type string is deprecated
[ error ] [8192]preg_match(): Passing null to parameter #2 ($subject) of type string is deprecated
---------------------------------------------------------------
[ 2026-03-25T07:34:47+08:00 ] 176.65.149.235 GET 120.24.147.77/
[ error ] [8192]preg_match(): Passing null to parameter #2 ($subject) of type string is deprecated
[ error ] [8192]preg_match(): Passing null to parameter #2 ($subject) of type string is deprecated
[ error ] [8192]preg_match(): Passing null to parameter #2 ($subject) of type string is deprecated
[ error ] [8192]preg_match(): Passing null to parameter #2 ($subject) of type string is deprecated
[ error ] [8192]preg_match(): Passing null to parameter #2 ($subject) of type string is deprecated
[ error ] [8192]preg_match(): Passing null to parameter #2 ($subject) of type string is deprecated
[ error ] [8192]preg_match(): Passing null to parameter #2 ($subject) of type string is deprecated
[ error ] [8192]preg_match(): Passing null to parameter #2 ($subject) of type string is deprecated
[ error ] [8192]Automatic conversion of false to array is deprecated
[ error ] [2]Undefined array key "title"
[ error ] [2]Undefined array key "title"
[ error ] [2]Undefined array key "title"
[ error ] [2]Undefined array key "title"
---------------------------------------------------------------
[ 2026-03-25T07:36:58+08:00 ] 31.58.214.23 GET 120.24.147.77/config.py
[ error ] [8192]preg_match(): Passing null to parameter #2 ($subject) of type string is deprecated
[ error ] [8192]preg_match(): Passing null to parameter #2 ($subject) of type string is deprecated
[ error ] [8192]preg_match(): Passing null to parameter #2 ($subject) of type string is deprecated
[ error ] [8192]preg_match(): Passing null to parameter #2 ($subject) of type string is deprecated
[ error ] [8192]preg_match(): Passing null to parameter #2 ($subject) of type string is deprecated
[ error ] [8192]preg_match(): Passing null to parameter #2 ($subject) of type string is deprecated
---------------------------------------------------------------
[ 2026-03-25T07:36:58+08:00 ] 31.58.214.23 GET 120.24.147.77/config.py
[ error ] [8192]preg_match(): Passing null to parameter #2 ($subject) of type string is deprecated
[ error ] [8192]preg_match(): Passing null to parameter #2 ($subject) of type string is deprecated
[ error ] [8192]preg_match(): Passing null to parameter #2 ($subject) of type string is deprecated
[ error ] [8192]preg_match(): Passing null to parameter #2 ($subject) of type string is deprecated
[ error ] [8192]preg_match(): Passing null to parameter #2 ($subject) of type string is deprecated
[ error ] [8192]preg_match(): Passing null to parameter #2 ($subject) of type string is deprecated
---------------------------------------------------------------
[ 2026-03-25T07:43:38+08:00 ] 89.42.231.241 GET 120.24.147.77/
[ error ] [8192]preg_match(): Passing null to parameter #2 ($subject) of type string is deprecated
[ error ] [8192]preg_match(): Passing null to parameter #2 ($subject) of type string is deprecated
[ error ] [8192]preg_match(): Passing null to parameter #2 ($subject) of type string is deprecated
[ error ] [8192]preg_match(): Passing null to parameter #2 ($subject) of type string is deprecated
[ error ] [8192]preg_match(): Passing null to parameter #2 ($subject) of type string is deprecated
[ error ] [8192]preg_match(): Passing null to parameter #2 ($subject) of type string is deprecated
[ error ] [8192]preg_match(): Passing null to parameter #2 ($subject) of type string is deprecated
[ error ] [8192]preg_match(): Passing null to parameter #2 ($subject) of type string is deprecated
[ error ] [8192]Automatic conversion of false to array is deprecated
[ error ] [2]Undefined array key "title"
[ error ] [2]Undefined array key "title"
[ error ] [2]Undefined array key "title"
[ error ] [2]Undefined array key "title"
---------------------------------------------------------------
[ 2026-03-25T07:48:40+08:00 ] 115.56.49.216 GET www.punalei.cn/ldcms/guanyupunalei.html
[ error ] [8192]preg_match(): Passing null to parameter #2 ($subject) of type string is deprecated
[ error ] [8192]preg_match(): Passing null to parameter #2 ($subject) of type string is deprecated
[ error ] [8192]preg_match(): Passing null to parameter #2 ($subject) of type string is deprecated
[ error ] [8192]preg_match(): Passing null to parameter #2 ($subject) of type string is deprecated
[ error ] [8192]preg_match(): Passing null to parameter #2 ($subject) of type string is deprecated
[ error ] [8192]preg_match(): Passing null to parameter #2 ($subject) of type string is deprecated
[ error ] [8192]preg_match(): Passing null to parameter #2 ($subject) of type string is deprecated
[ error ] [8192]preg_match(): Passing null to parameter #2 ($subject) of type string is deprecated
[ error ] [8192]Automatic conversion of false to array is deprecated
---------------------------------------------------------------
[ 2026-03-25T07:48:41+08:00 ] 123.148.151.243 GET www.punalei.cn/ldcms/guanyupunalei.html
[ error ] [8192]preg_match(): Passing null to parameter #2 ($subject) of type string is deprecated
[ error ] [8192]preg_match(): Passing null to parameter #2 ($subject) of type string is deprecated
[ error ] [8192]preg_match(): Passing null to parameter #2 ($subject) of type string is deprecated
[ error ] [8192]preg_match(): Passing null to parameter #2 ($subject) of type string is deprecated
[ error ] [8192]preg_match(): Passing null to parameter #2 ($subject) of type string is deprecated
[ error ] [8192]preg_match(): Passing null to parameter #2 ($subject) of type string is deprecated
[ error ] [8192]preg_match(): Passing null to parameter #2 ($subject) of type string is deprecated
[ error ] [8192]preg_match(): Passing null to parameter #2 ($subject) of type string is deprecated
[ error ] [8192]Automatic conversion of false to array is deprecated
---------------------------------------------------------------
[ 2026-03-25T07:58:11+08:00 ] 113.215.189.27 GET www.punalei.cn/
[ error ] [8192]preg_match(): Passing null to parameter #2 ($subject) of type string is deprecated
[ error ] [8192]preg_match(): Passing null to parameter #2 ($subject) of type string is deprecated
[ error ] [8192]preg_match(): Passing null to parameter #2 ($subject) of type string is deprecated
[ error ] [8192]preg_match(): Passing null to parameter #2 ($subject) of type string is deprecated
[ error ] [8192]preg_match(): Passing null to parameter #2 ($subject) of type string is deprecated
[ error ] [8192]preg_match(): Passing null to parameter #2 ($subject) of type string is deprecated
[ error ] [8192]preg_match(): Passing null to parameter #2 ($subject) of type string is deprecated
[ error ] [8192]preg_match(): Passing null to parameter #2 ($subject) of type string is deprecated
[ error ] [8192]Automatic conversion of false to array is deprecated
[ error ] [2]Undefined array key "title"
[ error ] [2]Undefined array key "title"
[ error ] [2]Undefined array key "title"
[ error ] [2]Undefined array key "title"
---------------------------------------------------------------
[ 2026-03-25T07:58:11+08:00 ] 113.215.189.27 GET www.punalei.cn/
[ error ] [2]Undefined array key "title"
[ error ] [2]Undefined array key "title"
[ error ] [2]Undefined array key "title"
[ error ] [2]Undefined array key "title"
---------------------------------------------------------------
[ 2026-03-25T07:58:27+08:00 ] 113.215.189.27 GET www.punalei.cn/
[ error ] [2]Undefined array key "title"
[ error ] [2]Undefined array key "title"
[ error ] [2]Undefined array key "title"
[ error ] [2]Undefined array key "title"
---------------------------------------------------------------
[ 2026-03-25T07:58:27+08:00 ] 113.215.189.27 GET www.punalei.cn/
[ error ] [2]Undefined array key "title"
[ error ] [2]Undefined array key "title"
[ error ] [2]Undefined array key "title"
[ error ] [2]Undefined array key "title"
---------------------------------------------------------------
[ 2026-03-25T07:58:27+08:00 ] 113.215.189.27 GET www.punalei.cn/
[ error ] [2]Undefined array key "title"
[ error ] [2]Undefined array key "title"
[ error ] [2]Undefined array key "title"
[ error ] [2]Undefined array key "title"
---------------------------------------------------------------
[ 2026-03-25T07:58:28+08:00 ] 113.215.189.27 GET www.punalei.cn/
[ error ] [2]Undefined array key "title"
[ error ] [2]Undefined array key "title"
[ error ] [2]Undefined array key "title"
[ error ] [2]Undefined array key "title"
---------------------------------------------------------------
[ 2026-03-25T07:58:28+08:00 ] 113.215.189.27 GET www.punalei.cn/
[ error ] [2]Undefined array key "title"
[ error ] [2]Undefined array key "title"
[ error ] [2]Undefined array key "title"
[ error ] [2]Undefined array key "title"
---------------------------------------------------------------
[ 2026-03-25T08:00:31+08:00 ] 205.210.31.249 GET 120.24.147.77/
[ error ] [8192]preg_match(): Passing null to parameter #2 ($subject) of type string is deprecated
[ error ] [8192]preg_match(): Passing null to parameter #2 ($subject) of type string is deprecated
[ error ] [8192]preg_match(): Passing null to parameter #2 ($subject) of type string is deprecated
[ error ] [8192]preg_match(): Passing null to parameter #2 ($subject) of type string is deprecated
[ error ] [8192]preg_match(): Passing null to parameter #2 ($subject) of type string is deprecated
[ error ] [8192]preg_match(): Passing null to parameter #2 ($subject) of type string is deprecated
[ error ] [8192]preg_match(): Passing null to parameter #2 ($subject) of type string is deprecated
[ error ] [8192]preg_match(): Passing null to parameter #2 ($subject) of type string is deprecated
[ error ] [8192]Automatic conversion of false to array is deprecated
[ error ] [2]Undefined array key "title"
[ error ] [2]Undefined array key "title"
[ error ] [2]Undefined array key "title"
[ error ] [2]Undefined array key "title"
---------------------------------------------------------------
[ 2026-03-25T08:10:48+08:00 ] 65.49.1.52 GET 120.24.147.77/
[ error ] [8192]preg_match(): Passing null to parameter #2 ($subject) of type string is deprecated
[ error ] [8192]preg_match(): Passing null to parameter #2 ($subject) of type string is deprecated
[ error ] [8192]preg_match(): Passing null to parameter #2 ($subject) of type string is deprecated
[ error ] [8192]preg_match(): Passing null to parameter #2 ($subject) of type string is deprecated
[ error ] [8192]preg_match(): Passing null to parameter #2 ($subject) of type string is deprecated
[ error ] [8192]preg_match(): Passing null to parameter #2 ($subject) of type string is deprecated
[ error ] [8192]preg_match(): Passing null to parameter #2 ($subject) of type string is deprecated
[ error ] [8192]preg_match(): Passing null to parameter #2 ($subject) of type string is deprecated
[ error ] [8192]Automatic conversion of false to array is deprecated
[ error ] [2]Undefined array key "title"
[ error ] [2]Undefined array key "title"
[ error ] [2]Undefined array key "title"
[ error ] [2]Undefined array key "title"
---------------------------------------------------------------
[ 2026-03-25T08:11:16+08:00 ] 5.61.209.107 GET 120.24.147.77/SDK/webLanguage
[ error ] [8192]preg_match(): Passing null to parameter #2 ($subject) of type string is deprecated
[ error ] [8192]preg_match(): Passing null to parameter #2 ($subject) of type string is deprecated
[ error ] [8192]preg_match(): Passing null to parameter #2 ($subject) of type string is deprecated
[ error ] [8192]preg_match(): Passing null to parameter #2 ($subject) of type string is deprecated
[ error ] [8192]preg_match(): Passing null to parameter #2 ($subject) of type string is deprecated
[ error ] [8192]preg_match(): Passing null to parameter #2 ($subject) of type string is deprecated
---------------------------------------------------------------
[ 2026-03-25T08:11:16+08:00 ] 5.61.209.107 GET 120.24.147.77/SDK/webLanguage
[ error ] [8192]preg_match(): Passing null to parameter #2 ($subject) of type string is deprecated
[ error ] [8192]preg_match(): Passing null to parameter #2 ($subject) of type string is deprecated
[ error ] [8192]preg_match(): Passing null to parameter #2 ($subject) of type string is deprecated
[ error ] [8192]preg_match(): Passing null to parameter #2 ($subject) of type string is deprecated
[ error ] [8192]preg_match(): Passing null to parameter #2 ($subject) of type string is deprecated
[ error ] [8192]preg_match(): Passing null to parameter #2 ($subject) of type string is deprecated
---------------------------------------------------------------
[ 2026-03-25T08:13:50+08:00 ] 43.135.142.37 GET 120.24.147.77/
[ error ] [8192]preg_match(): Passing null to parameter #2 ($subject) of type string is deprecated
[ error ] [8192]preg_match(): Passing null to parameter #2 ($subject) of type string is deprecated
[ error ] [8192]preg_match(): Passing null to parameter #2 ($subject) of type string is deprecated
[ error ] [8192]preg_match(): Passing null to parameter #2 ($subject) of type string is deprecated
[ error ] [8192]preg_match(): Passing null to parameter #2 ($subject) of type string is deprecated
[ error ] [8192]preg_match(): Passing null to parameter #2 ($subject) of type string is deprecated
[ error ] [8192]preg_match(): Passing null to parameter #2 ($subject) of type string is deprecated
[ error ] [8192]preg_match(): Passing null to parameter #2 ($subject) of type string is deprecated
[ error ] [8192]Automatic conversion of false to array is deprecated
[ error ] [2]Undefined array key "title"
[ error ] [2]Undefined array key "title"
[ error ] [2]Undefined array key "title"
[ error ] [2]Undefined array key "title"
---------------------------------------------------------------
[ 2026-03-25T08:15:49+08:00 ] 65.49.1.52 GET 120.24.147.77/webui/
[ error ] [8192]preg_match(): Passing null to parameter #2 ($subject) of type string is deprecated
[ error ] [8192]preg_match(): Passing null to parameter #2 ($subject) of type string is deprecated
[ error ] [8192]preg_match(): Passing null to parameter #2 ($subject) of type string is deprecated
[ error ] [8192]preg_match(): Passing null to parameter #2 ($subject) of type string is deprecated
[ error ] [8192]preg_match(): Passing null to parameter #2 ($subject) of type string is deprecated
[ error ] [8192]preg_match(): Passing null to parameter #2 ($subject) of type string is deprecated
---------------------------------------------------------------
[ 2026-03-25T08:15:49+08:00 ] 65.49.1.52 GET 120.24.147.77/webui/
[ error ] [8192]preg_match(): Passing null to parameter #2 ($subject) of type string is deprecated
[ error ] [8192]preg_match(): Passing null to parameter #2 ($subject) of type string is deprecated
[ error ] [8192]preg_match(): Passing null to parameter #2 ($subject) of type string is deprecated
[ error ] [8192]preg_match(): Passing null to parameter #2 ($subject) of type string is deprecated
[ error ] [8192]preg_match(): Passing null to parameter #2 ($subject) of type string is deprecated
[ error ] [8192]preg_match(): Passing null to parameter #2 ($subject) of type string is deprecated
---------------------------------------------------------------
[ 2026-03-25T08:16:34+08:00 ] 149.86.227.60 GET 120.24.147.77/
[ error ] [8192]preg_match(): Passing null to parameter #2 ($subject) of type string is deprecated
[ error ] [8192]preg_match(): Passing null to parameter #2 ($subject) of type string is deprecated
[ error ] [8192]preg_match(): Passing null to parameter #2 ($subject) of type string is deprecated
[ error ] [8192]preg_match(): Passing null to parameter #2 ($subject) of type string is deprecated
[ error ] [8192]preg_match(): Passing null to parameter #2 ($subject) of type string is deprecated
[ error ] [8192]preg_match(): Passing null to parameter #2 ($subject) of type string is deprecated
[ error ] [8192]preg_match(): Passing null to parameter #2 ($subject) of type string is deprecated
[ error ] [8192]preg_match(): Passing null to parameter #2 ($subject) of type string is deprecated
[ error ] [8192]Automatic conversion of false to array is deprecated
[ error ] [2]Undefined array key "title"
[ error ] [2]Undefined array key "title"
[ error ] [2]Undefined array key "title"
[ error ] [2]Undefined array key "title"
---------------------------------------------------------------
[ 2026-03-25T08:17:00+08:00 ] 8.208.10.94 GET 120.24.147.77/dns-query?dns=8V8BAAABAAAAAAAAATEEb2RucwFtCmRuc21lYXN1cmUDdG9wAAABAAE
[ error ] [8192]preg_match(): Passing null to parameter #2 ($subject) of type string is deprecated
[ error ] [8192]preg_match(): Passing null to parameter #2 ($subject) of type string is deprecated
[ error ] [8192]preg_match(): Passing null to parameter #2 ($subject) of type string is deprecated
[ error ] [8192]preg_match(): Passing null to parameter #2 ($subject) of type string is deprecated
[ error ] [8192]preg_match(): Passing null to parameter #2 ($subject) of type string is deprecated
[ error ] [8192]preg_match(): Passing null to parameter #2 ($subject) of type string is deprecated
---------------------------------------------------------------
[ 2026-03-25T08:17:00+08:00 ] 8.208.10.94 GET 120.24.147.77/dns-query?dns=8V8BAAABAAAAAAAAATEEb2RucwFtCmRuc21lYXN1cmUDdG9wAAABAAE
[ error ] [8192]preg_match(): Passing null to parameter #2 ($subject) of type string is deprecated
[ error ] [8192]preg_match(): Passing null to parameter #2 ($subject) of type string is deprecated
[ error ] [8192]preg_match(): Passing null to parameter #2 ($subject) of type string is deprecated
[ error ] [8192]preg_match(): Passing null to parameter #2 ($subject) of type string is deprecated
[ error ] [8192]preg_match(): Passing null to parameter #2 ($subject) of type string is deprecated
[ error ] [8192]preg_match(): Passing null to parameter #2 ($subject) of type string is deprecated
---------------------------------------------------------------
[ 2026-03-25T08:17:00+08:00 ] 8.208.10.94 POST 120.24.147.77/dns-query
[ error ] [8192]preg_match(): Passing null to parameter #2 ($subject) of type string is deprecated
[ error ] [8192]preg_match(): Passing null to parameter #2 ($subject) of type string is deprecated
[ error ] [8192]preg_match(): Passing null to parameter #2 ($subject) of type string is deprecated
[ error ] [8192]preg_match(): Passing null to parameter #2 ($subject) of type string is deprecated
[ error ] [8192]preg_match(): Passing null to parameter #2 ($subject) of type string is deprecated
[ error ] [8192]preg_match(): Passing null to parameter #2 ($subject) of type string is deprecated
---------------------------------------------------------------
[ 2026-03-25T08:17:00+08:00 ] 8.208.10.94 GET 120.24.147.77/dns-query
[ error ] [8192]preg_match(): Passing null to parameter #2 ($subject) of type string is deprecated
[ error ] [8192]preg_match(): Passing null to parameter #2 ($subject) of type string is deprecated
[ error ] [8192]preg_match(): Passing null to parameter #2 ($subject) of type string is deprecated
[ error ] [8192]preg_match(): Passing null to parameter #2 ($subject) of type string is deprecated
[ error ] [8192]preg_match(): Passing null to parameter #2 ($subject) of type string is deprecated
[ error ] [8192]preg_match(): Passing null to parameter #2 ($subject) of type string is deprecated
---------------------------------------------------------------
[ 2026-03-25T08:17:00+08:00 ] 8.208.10.94 GET 120.24.147.77/dns-query?name=1.odns.m.dnsmeasure.top&type=A
[ error ] [8192]preg_match(): Passing null to parameter #2 ($subject) of type string is deprecated
[ error ] [8192]preg_match(): Passing null to parameter #2 ($subject) of type string is deprecated
[ error ] [8192]preg_match(): Passing null to parameter #2 ($subject) of type string is deprecated
[ error ] [8192]preg_match(): Passing null to parameter #2 ($subject) of type string is deprecated
[ error ] [8192]preg_match(): Passing null to parameter #2 ($subject) of type string is deprecated
[ error ] [8192]preg_match(): Passing null to parameter #2 ($subject) of type string is deprecated
---------------------------------------------------------------
[ 2026-03-25T08:17:00+08:00 ] 8.208.10.94 GET 120.24.147.77/dns-query?name=1.odns.m.dnsmeasure.top&type=A
[ error ] [8192]preg_match(): Passing null to parameter #2 ($subject) of type string is deprecated
[ error ] [8192]preg_match(): Passing null to parameter #2 ($subject) of type string is deprecated
[ error ] [8192]preg_match(): Passing null to parameter #2 ($subject) of type string is deprecated
[ error ] [8192]preg_match(): Passing null to parameter #2 ($subject) of type string is deprecated
[ error ] [8192]preg_match(): Passing null to parameter #2 ($subject) of type string is deprecated
[ error ] [8192]preg_match(): Passing null to parameter #2 ($subject) of type string is deprecated
---------------------------------------------------------------
[ 2026-03-25T08:17:01+08:00 ] 8.208.10.94 GET 120.24.147.77/dns-query?dns=ViwBAAABAAAAAAAAATEEb2RucwFtCmRuc21lYXN1cmUDdG9wAAABAAE
[ error ] [8192]preg_match(): Passing null to parameter #2 ($subject) of type string is deprecated
[ error ] [8192]preg_match(): Passing null to parameter #2 ($subject) of type string is deprecated
[ error ] [8192]preg_match(): Passing null to parameter #2 ($subject) of type string is deprecated
[ error ] [8192]preg_match(): Passing null to parameter #2 ($subject) of type string is deprecated
[ error ] [8192]preg_match(): Passing null to parameter #2 ($subject) of type string is deprecated
[ error ] [8192]preg_match(): Passing null to parameter #2 ($subject) of type string is deprecated
---------------------------------------------------------------
[ 2026-03-25T08:17:01+08:00 ] 8.208.10.94 GET 120.24.147.77/dns-query?dns=ViwBAAABAAAAAAAAATEEb2RucwFtCmRuc21lYXN1cmUDdG9wAAABAAE
[ error ] [8192]preg_match(): Passing null to parameter #2 ($subject) of type string is deprecated
[ error ] [8192]preg_match(): Passing null to parameter #2 ($subject) of type string is deprecated
[ error ] [8192]preg_match(): Passing null to parameter #2 ($subject) of type string is deprecated
[ error ] [8192]preg_match(): Passing null to parameter #2 ($subject) of type string is deprecated
[ error ] [8192]preg_match(): Passing null to parameter #2 ($subject) of type string is deprecated
[ error ] [8192]preg_match(): Passing null to parameter #2 ($subject) of type string is deprecated
---------------------------------------------------------------
[ 2026-03-25T08:17:01+08:00 ] 8.208.10.94 POST 120.24.147.77/dns-query
[ error ] [8192]preg_match(): Passing null to parameter #2 ($subject) of type string is deprecated
[ error ] [8192]preg_match(): Passing null to parameter #2 ($subject) of type string is deprecated
[ error ] [8192]preg_match(): Passing null to parameter #2 ($subject) of type string is deprecated
[ error ] [8192]preg_match(): Passing null to parameter #2 ($subject) of type string is deprecated
[ error ] [8192]preg_match(): Passing null to parameter #2 ($subject) of type string is deprecated
[ error ] [8192]preg_match(): Passing null to parameter #2 ($subject) of type string is deprecated
---------------------------------------------------------------
[ 2026-03-25T08:17:01+08:00 ] 8.208.10.94 GET 120.24.147.77/dns-query
[ error ] [8192]preg_match(): Passing null to parameter #2 ($subject) of type string is deprecated
[ error ] [8192]preg_match(): Passing null to parameter #2 ($subject) of type string is deprecated
[ error ] [8192]preg_match(): Passing null to parameter #2 ($subject) of type string is deprecated
[ error ] [8192]preg_match(): Passing null to parameter #2 ($subject) of type string is deprecated
[ error ] [8192]preg_match(): Passing null to parameter #2 ($subject) of type string is deprecated
[ error ] [8192]preg_match(): Passing null to parameter #2 ($subject) of type string is deprecated
---------------------------------------------------------------
[ 2026-03-25T08:17:01+08:00 ] 8.208.10.94 GET 120.24.147.77/dns-query?name=1.odns.m.dnsmeasure.top&type=A
[ error ] [8192]preg_match(): Passing null to parameter #2 ($subject) of type string is deprecated
[ error ] [8192]preg_match(): Passing null to parameter #2 ($subject) of type string is deprecated
[ error ] [8192]preg_match(): Passing null to parameter #2 ($subject) of type string is deprecated
[ error ] [8192]preg_match(): Passing null to parameter #2 ($subject) of type string is deprecated
[ error ] [8192]preg_match(): Passing null to parameter #2 ($subject) of type string is deprecated
[ error ] [8192]preg_match(): Passing null to parameter #2 ($subject) of type string is deprecated
---------------------------------------------------------------
[ 2026-03-25T08:17:01+08:00 ] 8.208.10.94 GET 120.24.147.77/dns-query?name=1.odns.m.dnsmeasure.top&type=A
[ error ] [8192]preg_match(): Passing null to parameter #2 ($subject) of type string is deprecated
[ error ] [8192]preg_match(): Passing null to parameter #2 ($subject) of type string is deprecated
[ error ] [8192]preg_match(): Passing null to parameter #2 ($subject) of type string is deprecated
[ error ] [8192]preg_match(): Passing null to parameter #2 ($subject) of type string is deprecated
[ error ] [8192]preg_match(): Passing null to parameter #2 ($subject) of type string is deprecated
[ error ] [8192]preg_match(): Passing null to parameter #2 ($subject) of type string is deprecated
---------------------------------------------------------------
[ 2026-03-25T08:17:02+08:00 ] 8.208.10.94 GET 120.24.147.77/query?dns=05EBAAABAAAAAAAAATEEb2RucwFtCmRuc21lYXN1cmUDdG9wAAABAAE
[ error ] [8192]preg_match(): Passing null to parameter #2 ($subject) of type string is deprecated
[ error ] [8192]preg_match(): Passing null to parameter #2 ($subject) of type string is deprecated
[ error ] [8192]preg_match(): Passing null to parameter #2 ($subject) of type string is deprecated
[ error ] [8192]preg_match(): Passing null to parameter #2 ($subject) of type string is deprecated
[ error ] [8192]preg_match(): Passing null to parameter #2 ($subject) of type string is deprecated
[ error ] [8192]preg_match(): Passing null to parameter #2 ($subject) of type string is deprecated
---------------------------------------------------------------
[ 2026-03-25T08:17:02+08:00 ] 8.208.10.94 GET 120.24.147.77/query?dns=05EBAAABAAAAAAAAATEEb2RucwFtCmRuc21lYXN1cmUDdG9wAAABAAE
[ error ] [8192]preg_match(): Passing null to parameter #2 ($subject) of type string is deprecated
[ error ] [8192]preg_match(): Passing null to parameter #2 ($subject) of type string is deprecated
[ error ] [8192]preg_match(): Passing null to parameter #2 ($subject) of type string is deprecated
[ error ] [8192]preg_match(): Passing null to parameter #2 ($subject) of type string is deprecated
[ error ] [8192]preg_match(): Passing null to parameter #2 ($subject) of type string is deprecated
[ error ] [8192]preg_match(): Passing null to parameter #2 ($subject) of type string is deprecated
---------------------------------------------------------------
[ 2026-03-25T08:17:02+08:00 ] 8.208.10.94 POST 120.24.147.77/query
[ error ] [8192]preg_match(): Passing null to parameter #2 ($subject) of type string is deprecated
[ error ] [8192]preg_match(): Passing null to parameter #2 ($subject) of type string is deprecated
[ error ] [8192]preg_match(): Passing null to parameter #2 ($subject) of type string is deprecated
[ error ] [8192]preg_match(): Passing null to parameter #2 ($subject) of type string is deprecated
[ error ] [8192]preg_match(): Passing null to parameter #2 ($subject) of type string is deprecated
[ error ] [8192]preg_match(): Passing null to parameter #2 ($subject) of type string is deprecated
---------------------------------------------------------------
[ 2026-03-25T08:17:02+08:00 ] 8.208.10.94 GET 120.24.147.77/query
[ error ] [8192]preg_match(): Passing null to parameter #2 ($subject) of type string is deprecated
[ error ] [8192]preg_match(): Passing null to parameter #2 ($subject) of type string is deprecated
[ error ] [8192]preg_match(): Passing null to parameter #2 ($subject) of type string is deprecated
[ error ] [8192]preg_match(): Passing null to parameter #2 ($subject) of type string is deprecated
[ error ] [8192]preg_match(): Passing null to parameter #2 ($subject) of type string is deprecated
[ error ] [8192]preg_match(): Passing null to parameter #2 ($subject) of type string is deprecated
---------------------------------------------------------------
[ 2026-03-25T08:17:02+08:00 ] 8.208.10.94 GET 120.24.147.77/query?name=1.odns.m.dnsmeasure.top&type=A
[ error ] [8192]preg_match(): Passing null to parameter #2 ($subject) of type string is deprecated
[ error ] [8192]preg_match(): Passing null to parameter #2 ($subject) of type string is deprecated
[ error ] [8192]preg_match(): Passing null to parameter #2 ($subject) of type string is deprecated
[ error ] [8192]preg_match(): Passing null to parameter #2 ($subject) of type string is deprecated
[ error ] [8192]preg_match(): Passing null to parameter #2 ($subject) of type string is deprecated
[ error ] [8192]preg_match(): Passing null to parameter #2 ($subject) of type string is deprecated
---------------------------------------------------------------
[ 2026-03-25T08:17:02+08:00 ] 8.208.10.94 GET 120.24.147.77/query?name=1.odns.m.dnsmeasure.top&type=A
[ error ] [8192]preg_match(): Passing null to parameter #2 ($subject) of type string is deprecated
[ error ] [8192]preg_match(): Passing null to parameter #2 ($subject) of type string is deprecated
[ error ] [8192]preg_match(): Passing null to parameter #2 ($subject) of type string is deprecated
[ error ] [8192]preg_match(): Passing null to parameter #2 ($subject) of type string is deprecated
[ error ] [8192]preg_match(): Passing null to parameter #2 ($subject) of type string is deprecated
[ error ] [8192]preg_match(): Passing null to parameter #2 ($subject) of type string is deprecated
---------------------------------------------------------------
[ 2026-03-25T08:17:03+08:00 ] 8.208.10.94 GET 120.24.147.77/query?dns=gx8BAAABAAAAAAAAATEEb2RucwFtCmRuc21lYXN1cmUDdG9wAAABAAE
[ error ] [8192]preg_match(): Passing null to parameter #2 ($subject) of type string is deprecated
[ error ] [8192]preg_match(): Passing null to parameter #2 ($subject) of type string is deprecated
[ error ] [8192]preg_match(): Passing null to parameter #2 ($subject) of type string is deprecated
[ error ] [8192]preg_match(): Passing null to parameter #2 ($subject) of type string is deprecated
[ error ] [8192]preg_match(): Passing null to parameter #2 ($subject) of type string is deprecated
[ error ] [8192]preg_match(): Passing null to parameter #2 ($subject) of type string is deprecated
---------------------------------------------------------------
[ 2026-03-25T08:17:03+08:00 ] 8.208.10.94 GET 120.24.147.77/query?dns=gx8BAAABAAAAAAAAATEEb2RucwFtCmRuc21lYXN1cmUDdG9wAAABAAE
[ error ] [8192]preg_match(): Passing null to parameter #2 ($subject) of type string is deprecated
[ error ] [8192]preg_match(): Passing null to parameter #2 ($subject) of type string is deprecated
[ error ] [8192]preg_match(): Passing null to parameter #2 ($subject) of type string is deprecated
[ error ] [8192]preg_match(): Passing null to parameter #2 ($subject) of type string is deprecated
[ error ] [8192]preg_match(): Passing null to parameter #2 ($subject) of type string is deprecated
[ error ] [8192]preg_match(): Passing null to parameter #2 ($subject) of type string is deprecated
---------------------------------------------------------------
[ 2026-03-25T08:17:03+08:00 ] 8.208.10.94 POST 120.24.147.77/query
[ error ] [8192]preg_match(): Passing null to parameter #2 ($subject) of type string is deprecated
[ error ] [8192]preg_match(): Passing null to parameter #2 ($subject) of type string is deprecated
[ error ] [8192]preg_match(): Passing null to parameter #2 ($subject) of type string is deprecated
[ error ] [8192]preg_match(): Passing null to parameter #2 ($subject) of type string is deprecated
[ error ] [8192]preg_match(): Passing null to parameter #2 ($subject) of type string is deprecated
[ error ] [8192]preg_match(): Passing null to parameter #2 ($subject) of type string is deprecated
---------------------------------------------------------------
[ 2026-03-25T08:17:03+08:00 ] 8.208.10.94 GET 120.24.147.77/query
[ error ] [8192]preg_match(): Passing null to parameter #2 ($subject) of type string is deprecated
[ error ] [8192]preg_match(): Passing null to parameter #2 ($subject) of type string is deprecated
[ error ] [8192]preg_match(): Passing null to parameter #2 ($subject) of type string is deprecated
[ error ] [8192]preg_match(): Passing null to parameter #2 ($subject) of type string is deprecated
[ error ] [8192]preg_match(): Passing null to parameter #2 ($subject) of type string is deprecated
[ error ] [8192]preg_match(): Passing null to parameter #2 ($subject) of type string is deprecated
---------------------------------------------------------------
[ 2026-03-25T08:17:03+08:00 ] 8.208.10.94 GET 120.24.147.77/query?name=1.odns.m.dnsmeasure.top&type=A
[ error ] [8192]preg_match(): Passing null to parameter #2 ($subject) of type string is deprecated
[ error ] [8192]preg_match(): Passing null to parameter #2 ($subject) of type string is deprecated
[ error ] [8192]preg_match(): Passing null to parameter #2 ($subject) of type string is deprecated
[ error ] [8192]preg_match(): Passing null to parameter #2 ($subject) of type string is deprecated
[ error ] [8192]preg_match(): Passing null to parameter #2 ($subject) of type string is deprecated
[ error ] [8192]preg_match(): Passing null to parameter #2 ($subject) of type string is deprecated
---------------------------------------------------------------
[ 2026-03-25T08:17:03+08:00 ] 8.208.10.94 GET 120.24.147.77/query?name=1.odns.m.dnsmeasure.top&type=A
[ error ] [8192]preg_match(): Passing null to parameter #2 ($subject) of type string is deprecated
[ error ] [8192]preg_match(): Passing null to parameter #2 ($subject) of type string is deprecated
[ error ] [8192]preg_match(): Passing null to parameter #2 ($subject) of type string is deprecated
[ error ] [8192]preg_match(): Passing null to parameter #2 ($subject) of type string is deprecated
[ error ] [8192]preg_match(): Passing null to parameter #2 ($subject) of type string is deprecated
[ error ] [8192]preg_match(): Passing null to parameter #2 ($subject) of type string is deprecated
---------------------------------------------------------------
[ 2026-03-25T08:17:04+08:00 ] 8.208.10.94 GET 120.24.147.77/resolve?dns=rzQBAAABAAAAAAAAATEEb2RucwFtCmRuc21lYXN1cmUDdG9wAAABAAE
[ error ] [8192]preg_match(): Passing null to parameter #2 ($subject) of type string is deprecated
[ error ] [8192]preg_match(): Passing null to parameter #2 ($subject) of type string is deprecated
[ error ] [8192]preg_match(): Passing null to parameter #2 ($subject) of type string is deprecated
[ error ] [8192]preg_match(): Passing null to parameter #2 ($subject) of type string is deprecated
[ error ] [8192]preg_match(): Passing null to parameter #2 ($subject) of type string is deprecated
[ error ] [8192]preg_match(): Passing null to parameter #2 ($subject) of type string is deprecated
---------------------------------------------------------------
[ 2026-03-25T08:17:04+08:00 ] 8.208.10.94 GET 120.24.147.77/resolve?dns=rzQBAAABAAAAAAAAATEEb2RucwFtCmRuc21lYXN1cmUDdG9wAAABAAE
[ error ] [8192]preg_match(): Passing null to parameter #2 ($subject) of type string is deprecated
[ error ] [8192]preg_match(): Passing null to parameter #2 ($subject) of type string is deprecated
[ error ] [8192]preg_match(): Passing null to parameter #2 ($subject) of type string is deprecated
[ error ] [8192]preg_match(): Passing null to parameter #2 ($subject) of type string is deprecated
[ error ] [8192]preg_match(): Passing null to parameter #2 ($subject) of type string is deprecated
[ error ] [8192]preg_match(): Passing null to parameter #2 ($subject) of type string is deprecated
---------------------------------------------------------------
[ 2026-03-25T08:17:04+08:00 ] 8.208.10.94 POST 120.24.147.77/resolve
[ error ] [8192]preg_match(): Passing null to parameter #2 ($subject) of type string is deprecated
[ error ] [8192]preg_match(): Passing null to parameter #2 ($subject) of type string is deprecated
[ error ] [8192]preg_match(): Passing null to parameter #2 ($subject) of type string is deprecated
[ error ] [8192]preg_match(): Passing null to parameter #2 ($subject) of type string is deprecated
[ error ] [8192]preg_match(): Passing null to parameter #2 ($subject) of type string is deprecated
[ error ] [8192]preg_match(): Passing null to parameter #2 ($subject) of type string is deprecated
---------------------------------------------------------------
[ 2026-03-25T08:17:04+08:00 ] 8.208.10.94 GET 120.24.147.77/resolve
[ error ] [8192]preg_match(): Passing null to parameter #2 ($subject) of type string is deprecated
[ error ] [8192]preg_match(): Passing null to parameter #2 ($subject) of type string is deprecated
[ error ] [8192]preg_match(): Passing null to parameter #2 ($subject) of type string is deprecated
[ error ] [8192]preg_match(): Passing null to parameter #2 ($subject) of type string is deprecated
[ error ] [8192]preg_match(): Passing null to parameter #2 ($subject) of type string is deprecated
[ error ] [8192]preg_match(): Passing null to parameter #2 ($subject) of type string is deprecated
---------------------------------------------------------------
[ 2026-03-25T08:17:04+08:00 ] 8.208.10.94 GET 120.24.147.77/resolve?name=1.odns.m.dnsmeasure.top&type=A
[ error ] [8192]preg_match(): Passing null to parameter #2 ($subject) of type string is deprecated
[ error ] [8192]preg_match(): Passing null to parameter #2 ($subject) of type string is deprecated
[ error ] [8192]preg_match(): Passing null to parameter #2 ($subject) of type string is deprecated
[ error ] [8192]preg_match(): Passing null to parameter #2 ($subject) of type string is deprecated
[ error ] [8192]preg_match(): Passing null to parameter #2 ($subject) of type string is deprecated
[ error ] [8192]preg_match(): Passing null to parameter #2 ($subject) of type string is deprecated
---------------------------------------------------------------
[ 2026-03-25T08:17:04+08:00 ] 8.208.10.94 GET 120.24.147.77/resolve?name=1.odns.m.dnsmeasure.top&type=A
[ error ] [8192]preg_match(): Passing null to parameter #2 ($subject) of type string is deprecated
[ error ] [8192]preg_match(): Passing null to parameter #2 ($subject) of type string is deprecated
[ error ] [8192]preg_match(): Passing null to parameter #2 ($subject) of type string is deprecated
[ error ] [8192]preg_match(): Passing null to parameter #2 ($subject) of type string is deprecated
[ error ] [8192]preg_match(): Passing null to parameter #2 ($subject) of type string is deprecated
[ error ] [8192]preg_match(): Passing null to parameter #2 ($subject) of type string is deprecated
---------------------------------------------------------------
[ 2026-03-25T08:17:05+08:00 ] 8.208.10.94 GET 120.24.147.77/resolve?dns=jyMBAAABAAAAAAAAATEEb2RucwFtCmRuc21lYXN1cmUDdG9wAAABAAE
[ error ] [8192]preg_match(): Passing null to parameter #2 ($subject) of type string is deprecated
[ error ] [8192]preg_match(): Passing null to parameter #2 ($subject) of type string is deprecated
[ error ] [8192]preg_match(): Passing null to parameter #2 ($subject) of type string is deprecated
[ error ] [8192]preg_match(): Passing null to parameter #2 ($subject) of type string is deprecated
[ error ] [8192]preg_match(): Passing null to parameter #2 ($subject) of type string is deprecated
[ error ] [8192]preg_match(): Passing null to parameter #2 ($subject) of type string is deprecated
---------------------------------------------------------------
[ 2026-03-25T08:17:05+08:00 ] 8.208.10.94 GET 120.24.147.77/resolve?dns=jyMBAAABAAAAAAAAATEEb2RucwFtCmRuc21lYXN1cmUDdG9wAAABAAE
[ error ] [8192]preg_match(): Passing null to parameter #2 ($subject) of type string is deprecated
[ error ] [8192]preg_match(): Passing null to parameter #2 ($subject) of type string is deprecated
[ error ] [8192]preg_match(): Passing null to parameter #2 ($subject) of type string is deprecated
[ error ] [8192]preg_match(): Passing null to parameter #2 ($subject) of type string is deprecated
[ error ] [8192]preg_match(): Passing null to parameter #2 ($subject) of type string is deprecated
[ error ] [8192]preg_match(): Passing null to parameter #2 ($subject) of type string is deprecated
---------------------------------------------------------------
[ 2026-03-25T08:17:05+08:00 ] 8.208.10.94 POST 120.24.147.77/resolve
[ error ] [8192]preg_match(): Passing null to parameter #2 ($subject) of type string is deprecated
[ error ] [8192]preg_match(): Passing null to parameter #2 ($subject) of type string is deprecated
[ error ] [8192]preg_match(): Passing null to parameter #2 ($subject) of type string is deprecated
[ error ] [8192]preg_match(): Passing null to parameter #2 ($subject) of type string is deprecated
[ error ] [8192]preg_match(): Passing null to parameter #2 ($subject) of type string is deprecated
[ error ] [8192]preg_match(): Passing null to parameter #2 ($subject) of type string is deprecated
---------------------------------------------------------------
[ 2026-03-25T08:17:05+08:00 ] 8.208.10.94 GET 120.24.147.77/resolve
[ error ] [8192]preg_match(): Passing null to parameter #2 ($subject) of type string is deprecated
[ error ] [8192]preg_match(): Passing null to parameter #2 ($subject) of type string is deprecated
[ error ] [8192]preg_match(): Passing null to parameter #2 ($subject) of type string is deprecated
[ error ] [8192]preg_match(): Passing null to parameter #2 ($subject) of type string is deprecated
[ error ] [8192]preg_match(): Passing null to parameter #2 ($subject) of type string is deprecated
[ error ] [8192]preg_match(): Passing null to parameter #2 ($subject) of type string is deprecated
---------------------------------------------------------------
[ 2026-03-25T08:17:05+08:00 ] 8.208.10.94 GET 120.24.147.77/resolve?name=1.odns.m.dnsmeasure.top&type=A
[ error ] [8192]preg_match(): Passing null to parameter #2 ($subject) of type string is deprecated
[ error ] [8192]preg_match(): Passing null to parameter #2 ($subject) of type string is deprecated
[ error ] [8192]preg_match(): Passing null to parameter #2 ($subject) of type string is deprecated
[ error ] [8192]preg_match(): Passing null to parameter #2 ($subject) of type string is deprecated
[ error ] [8192]preg_match(): Passing null to parameter #2 ($subject) of type string is deprecated
[ error ] [8192]preg_match(): Passing null to parameter #2 ($subject) of type string is deprecated
---------------------------------------------------------------
[ 2026-03-25T08:17:05+08:00 ] 8.208.10.94 GET 120.24.147.77/resolve?name=1.odns.m.dnsmeasure.top&type=A
[ error ] [8192]preg_match(): Passing null to parameter #2 ($subject) of type string is deprecated
[ error ] [8192]preg_match(): Passing null to parameter #2 ($subject) of type string is deprecated
[ error ] [8192]preg_match(): Passing null to parameter #2 ($subject) of type string is deprecated
[ error ] [8192]preg_match(): Passing null to parameter #2 ($subject) of type string is deprecated
[ error ] [8192]preg_match(): Passing null to parameter #2 ($subject) of type string is deprecated
[ error ] [8192]preg_match(): Passing null to parameter #2 ($subject) of type string is deprecated
---------------------------------------------------------------
[ 2026-03-25T08:17:06+08:00 ] 8.208.10.94 GET 120.24.147.77/?dns=Y14BAAABAAAAAAAAATEEb2RucwFtCmRuc21lYXN1cmUDdG9wAAABAAE
[ error ] [8192]preg_match(): Passing null to parameter #2 ($subject) of type string is deprecated
[ error ] [8192]preg_match(): Passing null to parameter #2 ($subject) of type string is deprecated
[ error ] [8192]preg_match(): Passing null to parameter #2 ($subject) of type string is deprecated
[ error ] [8192]preg_match(): Passing null to parameter #2 ($subject) of type string is deprecated
[ error ] [8192]preg_match(): Passing null to parameter #2 ($subject) of type string is deprecated
[ error ] [8192]preg_match(): Passing null to parameter #2 ($subject) of type string is deprecated
[ error ] [8192]preg_match(): Passing null to parameter #2 ($subject) of type string is deprecated
[ error ] [8192]preg_match(): Passing null to parameter #2 ($subject) of type string is deprecated
[ error ] [8192]Automatic conversion of false to array is deprecated
[ error ] [2]Undefined array key "title"
[ error ] [2]Undefined array key "title"
[ error ] [2]Undefined array key "title"
[ error ] [2]Undefined array key "title"
---------------------------------------------------------------
[ 2026-03-25T08:17:07+08:00 ] 8.208.10.94 POST 120.24.147.77/
[ error ] [8192]preg_match(): Passing null to parameter #2 ($subject) of type string is deprecated
[ error ] [8192]preg_match(): Passing null to parameter #2 ($subject) of type string is deprecated
[ error ] [8192]preg_match(): Passing null to parameter #2 ($subject) of type string is deprecated
[ error ] [8192]preg_match(): Passing null to parameter #2 ($subject) of type string is deprecated
[ error ] [8192]preg_match(): Passing null to parameter #2 ($subject) of type string is deprecated
[ error ] [8192]preg_match(): Passing null to parameter #2 ($subject) of type string is deprecated
[ error ] [8192]preg_match(): Passing null to parameter #2 ($subject) of type string is deprecated
[ error ] [8192]preg_match(): Passing null to parameter #2 ($subject) of type string is deprecated
[ error ] [8192]Automatic conversion of false to array is deprecated
[ error ] [2]Undefined array key "title"
[ error ] [2]Undefined array key "title"
[ error ] [2]Undefined array key "title"
[ error ] [2]Undefined array key "title"
---------------------------------------------------------------
[ 2026-03-25T08:17:08+08:00 ] 8.208.10.94 GET 120.24.147.77/?name=1.odns.m.dnsmeasure.top&type=A
[ error ] [8192]preg_match(): Passing null to parameter #2 ($subject) of type string is deprecated
[ error ] [8192]preg_match(): Passing null to parameter #2 ($subject) of type string is deprecated
[ error ] [8192]preg_match(): Passing null to parameter #2 ($subject) of type string is deprecated
[ error ] [8192]preg_match(): Passing null to parameter #2 ($subject) of type string is deprecated
[ error ] [8192]preg_match(): Passing null to parameter #2 ($subject) of type string is deprecated
[ error ] [8192]preg_match(): Passing null to parameter #2 ($subject) of type string is deprecated
[ error ] [8192]preg_match(): Passing null to parameter #2 ($subject) of type string is deprecated
[ error ] [8192]preg_match(): Passing null to parameter #2 ($subject) of type string is deprecated
[ error ] [8192]Automatic conversion of false to array is deprecated
[ error ] [2]Undefined array key "title"
[ error ] [2]Undefined array key "title"
[ error ] [2]Undefined array key "title"
[ error ] [2]Undefined array key "title"
---------------------------------------------------------------
[ 2026-03-25T08:17:08+08:00 ] 8.208.10.94 GET 120.24.147.77/?dns=EqYBAAABAAAAAAAAATEEb2RucwFtCmRuc21lYXN1cmUDdG9wAAABAAE
[ error ] [8192]preg_match(): Passing null to parameter #2 ($subject) of type string is deprecated
[ error ] [8192]preg_match(): Passing null to parameter #2 ($subject) of type string is deprecated
[ error ] [8192]preg_match(): Passing null to parameter #2 ($subject) of type string is deprecated
[ error ] [8192]preg_match(): Passing null to parameter #2 ($subject) of type string is deprecated
[ error ] [8192]preg_match(): Passing null to parameter #2 ($subject) of type string is deprecated
[ error ] [8192]preg_match(): Passing null to parameter #2 ($subject) of type string is deprecated
[ error ] [8192]preg_match(): Passing null to parameter #2 ($subject) of type string is deprecated
[ error ] [8192]preg_match(): Passing null to parameter #2 ($subject) of type string is deprecated
[ error ] [8192]Automatic conversion of false to array is deprecated
[ error ] [2]Undefined array key "title"
[ error ] [2]Undefined array key "title"
[ error ] [2]Undefined array key "title"
[ error ] [2]Undefined array key "title"
---------------------------------------------------------------
[ 2026-03-25T08:17:09+08:00 ] 8.208.10.94 POST 120.24.147.77/
[ error ] [8192]preg_match(): Passing null to parameter #2 ($subject) of type string is deprecated
[ error ] [8192]preg_match(): Passing null to parameter #2 ($subject) of type string is deprecated
[ error ] [8192]preg_match(): Passing null to parameter #2 ($subject) of type string is deprecated
[ error ] [8192]preg_match(): Passing null to parameter #2 ($subject) of type string is deprecated
[ error ] [8192]preg_match(): Passing null to parameter #2 ($subject) of type string is deprecated
[ error ] [8192]preg_match(): Passing null to parameter #2 ($subject) of type string is deprecated
[ error ] [8192]preg_match(): Passing null to parameter #2 ($subject) of type string is deprecated
[ error ] [8192]preg_match(): Passing null to parameter #2 ($subject) of type string is deprecated
[ error ] [8192]Automatic conversion of false to array is deprecated
[ error ] [2]Undefined array key "title"
[ error ] [2]Undefined array key "title"
[ error ] [2]Undefined array key "title"
[ error ] [2]Undefined array key "title"
---------------------------------------------------------------
[ 2026-03-25T08:17:13+08:00 ] 8.208.10.94 GET 120.24.147.77/?name=1.odns.m.dnsmeasure.top&type=A
[ error ] [8192]preg_match(): Passing null to parameter #2 ($subject) of type string is deprecated
[ error ] [8192]preg_match(): Passing null to parameter #2 ($subject) of type string is deprecated
[ error ] [8192]preg_match(): Passing null to parameter #2 ($subject) of type string is deprecated
[ error ] [8192]preg_match(): Passing null to parameter #2 ($subject) of type string is deprecated
[ error ] [8192]preg_match(): Passing null to parameter #2 ($subject) of type string is deprecated
[ error ] [8192]preg_match(): Passing null to parameter #2 ($subject) of type string is deprecated
[ error ] [8192]preg_match(): Passing null to parameter #2 ($subject) of type string is deprecated
[ error ] [8192]preg_match(): Passing null to parameter #2 ($subject) of type string is deprecated
[ error ] [8192]Automatic conversion of false to array is deprecated
[ error ] [2]Undefined array key "title"
[ error ] [2]Undefined array key "title"
[ error ] [2]Undefined array key "title"
[ error ] [2]Undefined array key "title"
---------------------------------------------------------------
[ 2026-03-25T08:19:20+08:00 ] 65.49.1.59 GET 120.24.147.77/
[ error ] [8192]preg_match(): Passing null to parameter #2 ($subject) of type string is deprecated
[ error ] [8192]preg_match(): Passing null to parameter #2 ($subject) of type string is deprecated
[ error ] [8192]preg_match(): Passing null to parameter #2 ($subject) of type string is deprecated
[ error ] [8192]preg_match(): Passing null to parameter #2 ($subject) of type string is deprecated
[ error ] [8192]preg_match(): Passing null to parameter #2 ($subject) of type string is deprecated
[ error ] [8192]preg_match(): Passing null to parameter #2 ($subject) of type string is deprecated
[ error ] [8192]preg_match(): Passing null to parameter #2 ($subject) of type string is deprecated
[ error ] [8192]preg_match(): Passing null to parameter #2 ($subject) of type string is deprecated
[ error ] [8192]Automatic conversion of false to array is deprecated
[ error ] [2]Undefined array key "title"
[ error ] [2]Undefined array key "title"
[ error ] [2]Undefined array key "title"
[ error ] [2]Undefined array key "title"
---------------------------------------------------------------
[ 2026-03-25T08:24:02+08:00 ] 65.49.1.57 GET 120.24.147.77/favicon.ico
[ error ] [8192]preg_match(): Passing null to parameter #2 ($subject) of type string is deprecated
[ error ] [8192]preg_match(): Passing null to parameter #2 ($subject) of type string is deprecated
[ error ] [8192]preg_match(): Passing null to parameter #2 ($subject) of type string is deprecated
[ error ] [8192]preg_match(): Passing null to parameter #2 ($subject) of type string is deprecated
[ error ] [8192]preg_match(): Passing null to parameter #2 ($subject) of type string is deprecated
[ error ] [8192]preg_match(): Passing null to parameter #2 ($subject) of type string is deprecated
---------------------------------------------------------------
[ 2026-03-25T08:24:02+08:00 ] 65.49.1.57 GET 120.24.147.77/favicon.ico
[ error ] [8192]preg_match(): Passing null to parameter #2 ($subject) of type string is deprecated
[ error ] [8192]preg_match(): Passing null to parameter #2 ($subject) of type string is deprecated
[ error ] [8192]preg_match(): Passing null to parameter #2 ($subject) of type string is deprecated
[ error ] [8192]preg_match(): Passing null to parameter #2 ($subject) of type string is deprecated
[ error ] [8192]preg_match(): Passing null to parameter #2 ($subject) of type string is deprecated
[ error ] [8192]preg_match(): Passing null to parameter #2 ($subject) of type string is deprecated
---------------------------------------------------------------
[ 2026-03-25T08:31:28+08:00 ] 111.33.154.219 HEAD www.punalei.cn/
[ error ] [8192]preg_match(): Passing null to parameter #2 ($subject) of type string is deprecated
[ error ] [8192]preg_match(): Passing null to parameter #2 ($subject) of type string is deprecated
[ error ] [8192]preg_match(): Passing null to parameter #2 ($subject) of type string is deprecated
[ error ] [8192]preg_match(): Passing null to parameter #2 ($subject) of type string is deprecated
[ error ] [8192]preg_match(): Passing null to parameter #2 ($subject) of type string is deprecated
[ error ] [8192]preg_match(): Passing null to parameter #2 ($subject) of type string is deprecated
[ error ] [8192]preg_match(): Passing null to parameter #2 ($subject) of type string is deprecated
[ error ] [8192]preg_match(): Passing null to parameter #2 ($subject) of type string is deprecated
[ error ] [8192]Automatic conversion of false to array is deprecated
[ error ] [2]Undefined array key "title"
[ error ] [2]Undefined array key "title"
[ error ] [2]Undefined array key "title"
[ error ] [2]Undefined array key "title"
---------------------------------------------------------------
[ 2026-03-25T08:32:39+08:00 ] 129.28.51.52 GET 120.24.147.77/
[ error ] [8192]preg_match(): Passing null to parameter #2 ($subject) of type string is deprecated
[ error ] [8192]preg_match(): Passing null to parameter #2 ($subject) of type string is deprecated
[ error ] [8192]preg_match(): Passing null to parameter #2 ($subject) of type string is deprecated
[ error ] [8192]preg_match(): Passing null to parameter #2 ($subject) of type string is deprecated
[ error ] [8192]preg_match(): Passing null to parameter #2 ($subject) of type string is deprecated
[ error ] [8192]preg_match(): Passing null to parameter #2 ($subject) of type string is deprecated
[ error ] [8192]preg_match(): Passing null to parameter #2 ($subject) of type string is deprecated
[ error ] [8192]preg_match(): Passing null to parameter #2 ($subject) of type string is deprecated
[ error ] [8192]Automatic conversion of false to array is deprecated
[ error ] [2]Undefined array key "title"
[ error ] [2]Undefined array key "title"
[ error ] [2]Undefined array key "title"
[ error ] [2]Undefined array key "title"
---------------------------------------------------------------
[ 2026-03-25T08:35:07+08:00 ] 172.236.228.208 GET 120.24.147.77/
[ error ] [8192]preg_match(): Passing null to parameter #2 ($subject) of type string is deprecated
[ error ] [8192]preg_match(): Passing null to parameter #2 ($subject) of type string is deprecated
[ error ] [8192]preg_match(): Passing null to parameter #2 ($subject) of type string is deprecated
[ error ] [8192]preg_match(): Passing null to parameter #2 ($subject) of type string is deprecated
[ error ] [8192]preg_match(): Passing null to parameter #2 ($subject) of type string is deprecated
[ error ] [8192]preg_match(): Passing null to parameter #2 ($subject) of type string is deprecated
[ error ] [8192]preg_match(): Passing null to parameter #2 ($subject) of type string is deprecated
[ error ] [8192]preg_match(): Passing null to parameter #2 ($subject) of type string is deprecated
[ error ] [8192]Automatic conversion of false to array is deprecated
[ error ] [2]Undefined array key "title"
[ error ] [2]Undefined array key "title"
[ error ] [2]Undefined array key "title"
[ error ] [2]Undefined array key "title"
---------------------------------------------------------------
[ 2026-03-25T08:36:28+08:00 ] 43.130.9.111 GET punalei.cn/
[ error ] [8192]preg_match(): Passing null to parameter #2 ($subject) of type string is deprecated
[ error ] [8192]preg_match(): Passing null to parameter #2 ($subject) of type string is deprecated
[ error ] [8192]preg_match(): Passing null to parameter #2 ($subject) of type string is deprecated
[ error ] [8192]preg_match(): Passing null to parameter #2 ($subject) of type string is deprecated
[ error ] [8192]preg_match(): Passing null to parameter #2 ($subject) of type string is deprecated
[ error ] [8192]preg_match(): Passing null to parameter #2 ($subject) of type string is deprecated
[ error ] [8192]preg_match(): Passing null to parameter #2 ($subject) of type string is deprecated
[ error ] [8192]preg_match(): Passing null to parameter #2 ($subject) of type string is deprecated
[ error ] [8192]Automatic conversion of false to array is deprecated
[ error ] [2]Undefined array key "title"
[ error ] [2]Undefined array key "title"
[ error ] [2]Undefined array key "title"
[ error ] [2]Undefined array key "title"
---------------------------------------------------------------
[ 2026-03-25T08:38:21+08:00 ] 65.49.1.52 GET 120.24.147.77/geoserver/web/
[ error ] [8192]preg_match(): Passing null to parameter #2 ($subject) of type string is deprecated
[ error ] [8192]preg_match(): Passing null to parameter #2 ($subject) of type string is deprecated
[ error ] [8192]preg_match(): Passing null to parameter #2 ($subject) of type string is deprecated
[ error ] [8192]preg_match(): Passing null to parameter #2 ($subject) of type string is deprecated
[ error ] [8192]preg_match(): Passing null to parameter #2 ($subject) of type string is deprecated
[ error ] [8192]preg_match(): Passing null to parameter #2 ($subject) of type string is deprecated
---------------------------------------------------------------
[ 2026-03-25T08:38:21+08:00 ] 65.49.1.52 GET 120.24.147.77/geoserver/web/
[ error ] [8192]preg_match(): Passing null to parameter #2 ($subject) of type string is deprecated
[ error ] [8192]preg_match(): Passing null to parameter #2 ($subject) of type string is deprecated
[ error ] [8192]preg_match(): Passing null to parameter #2 ($subject) of type string is deprecated
[ error ] [8192]preg_match(): Passing null to parameter #2 ($subject) of type string is deprecated
[ error ] [8192]preg_match(): Passing null to parameter #2 ($subject) of type string is deprecated
[ error ] [8192]preg_match(): Passing null to parameter #2 ($subject) of type string is deprecated
---------------------------------------------------------------
[ 2026-03-25T08:38:46+08:00 ] 129.28.51.52 GET 120.24.147.77/uploads/20250705/93a02783e7874deb423d980c973e71dc.jpg
[ error ] [8192]preg_match(): Passing null to parameter #2 ($subject) of type string is deprecated
[ error ] [8192]preg_match(): Passing null to parameter #2 ($subject) of type string is deprecated
[ error ] [8192]preg_match(): Passing null to parameter #2 ($subject) of type string is deprecated
[ error ] [8192]preg_match(): Passing null to parameter #2 ($subject) of type string is deprecated
[ error ] [8192]preg_match(): Passing null to parameter #2 ($subject) of type string is deprecated
[ error ] [8192]preg_match(): Passing null to parameter #2 ($subject) of type string is deprecated
---------------------------------------------------------------
[ 2026-03-25T08:42:51+08:00 ] 65.49.1.52 GET 120.24.147.77/.git/config
[ error ] [8192]preg_match(): Passing null to parameter #2 ($subject) of type string is deprecated
[ error ] [8192]preg_match(): Passing null to parameter #2 ($subject) of type string is deprecated
[ error ] [8192]preg_match(): Passing null to parameter #2 ($subject) of type string is deprecated
[ error ] [8192]preg_match(): Passing null to parameter #2 ($subject) of type string is deprecated
[ error ] [8192]preg_match(): Passing null to parameter #2 ($subject) of type string is deprecated
[ error ] [8192]preg_match(): Passing null to parameter #2 ($subject) of type string is deprecated
---------------------------------------------------------------
[ 2026-03-25T08:46:07+08:00 ] 43.247.4.40 HEAD punalei.cn/
[ error ] [8192]preg_match(): Passing null to parameter #2 ($subject) of type string is deprecated
[ error ] [8192]preg_match(): Passing null to parameter #2 ($subject) of type string is deprecated
[ error ] [8192]preg_match(): Passing null to parameter #2 ($subject) of type string is deprecated
[ error ] [8192]preg_match(): Passing null to parameter #2 ($subject) of type string is deprecated
[ error ] [8192]preg_match(): Passing null to parameter #2 ($subject) of type string is deprecated
[ error ] [8192]preg_match(): Passing null to parameter #2 ($subject) of type string is deprecated
[ error ] [8192]preg_match(): Passing null to parameter #2 ($subject) of type string is deprecated
[ error ] [8192]preg_match(): Passing null to parameter #2 ($subject) of type string is deprecated
[ error ] [8192]Automatic conversion of false to array is deprecated
[ error ] [2]Undefined array key "title"
[ error ] [2]Undefined array key "title"
[ error ] [2]Undefined array key "title"
[ error ] [2]Undefined array key "title"
---------------------------------------------------------------
[ 2026-03-25T08:50:20+08:00 ] 59.82.135.186 GET 120.24.147.77/
[ error ] [8192]preg_match(): Passing null to parameter #2 ($subject) of type string is deprecated
[ error ] [8192]preg_match(): Passing null to parameter #2 ($subject) of type string is deprecated
[ error ] [8192]preg_match(): Passing null to parameter #2 ($subject) of type string is deprecated
[ error ] [8192]preg_match(): Passing null to parameter #2 ($subject) of type string is deprecated
[ error ] [8192]preg_match(): Passing null to parameter #2 ($subject) of type string is deprecated
[ error ] [8192]preg_match(): Passing null to parameter #2 ($subject) of type string is deprecated
[ error ] [8192]preg_match(): Passing null to parameter #2 ($subject) of type string is deprecated
[ error ] [8192]preg_match(): Passing null to parameter #2 ($subject) of type string is deprecated
[ error ] [8192]Automatic conversion of false to array is deprecated
[ error ] [2]Undefined array key "title"
[ error ] [2]Undefined array key "title"
[ error ] [2]Undefined array key "title"
[ error ] [2]Undefined array key "title"
---------------------------------------------------------------
[ 2026-03-25T08:50:20+08:00 ] 59.82.135.186 GET 120.24.147.77/
[ error ] [2]Undefined array key "title"
[ error ] [2]Undefined array key "title"
[ error ] [2]Undefined array key "title"
[ error ] [2]Undefined array key "title"
---------------------------------------------------------------
[ 2026-03-25T08:50:22+08:00 ] 59.82.135.186 GET 120.24.147.77/
[ error ] [2]Undefined array key "title"
[ error ] [2]Undefined array key "title"
[ error ] [2]Undefined array key "title"
[ error ] [2]Undefined array key "title"
---------------------------------------------------------------
[ 2026-03-25T08:50:23+08:00 ] 59.82.135.186 GET 120.24.147.77/
[ error ] [2]Undefined array key "title"
[ error ] [2]Undefined array key "title"
[ error ] [2]Undefined array key "title"
[ error ] [2]Undefined array key "title"
---------------------------------------------------------------
[ 2026-03-25T08:50:23+08:00 ] 59.82.135.4 GET 120.24.147.77/
[ error ] [2]Undefined array key "title"
[ error ] [2]Undefined array key "title"
[ error ] [2]Undefined array key "title"
[ error ] [2]Undefined array key "title"
---------------------------------------------------------------
[ 2026-03-25T08:50:24+08:00 ] 59.82.135.186 GET 120.24.147.77/
[ error ] [2]Undefined array key "title"
[ error ] [2]Undefined array key "title"
[ error ] [2]Undefined array key "title"
[ error ] [2]Undefined array key "title"
---------------------------------------------------------------
[ 2026-03-25T08:50:24+08:00 ] 59.82.135.4 GET 120.24.147.77/
[ error ] [2]Undefined array key "title"
[ error ] [2]Undefined array key "title"
[ error ] [2]Undefined array key "title"
[ error ] [2]Undefined array key "title"
---------------------------------------------------------------
[ 2026-03-25T08:53:51+08:00 ] 113.215.188.183 GET www.punalei.cn/
[ error ] [8192]preg_match(): Passing null to parameter #2 ($subject) of type string is deprecated
[ error ] [8192]preg_match(): Passing null to parameter #2 ($subject) of type string is deprecated
[ error ] [8192]preg_match(): Passing null to parameter #2 ($subject) of type string is deprecated
[ error ] [8192]preg_match(): Passing null to parameter #2 ($subject) of type string is deprecated
[ error ] [8192]preg_match(): Passing null to parameter #2 ($subject) of type string is deprecated
[ error ] [8192]preg_match(): Passing null to parameter #2 ($subject) of type string is deprecated
[ error ] [8192]preg_match(): Passing null to parameter #2 ($subject) of type string is deprecated
[ error ] [8192]preg_match(): Passing null to parameter #2 ($subject) of type string is deprecated
[ error ] [8192]Automatic conversion of false to array is deprecated
[ error ] [2]Undefined array key "title"
[ error ] [2]Undefined array key "title"
[ error ] [2]Undefined array key "title"
[ error ] [2]Undefined array key "title"
---------------------------------------------------------------
[ 2026-03-25T08:53:51+08:00 ] 113.215.188.183 GET www.punalei.cn/
[ error ] [2]Undefined array key "title"
[ error ] [2]Undefined array key "title"
[ error ] [2]Undefined array key "title"
[ error ] [2]Undefined array key "title"
---------------------------------------------------------------
[ 2026-03-25T08:54:06+08:00 ] 113.215.188.183 GET www.punalei.cn/
[ error ] [2]Undefined array key "title"
[ error ] [2]Undefined array key "title"
[ error ] [2]Undefined array key "title"
[ error ] [2]Undefined array key "title"
---------------------------------------------------------------
[ 2026-03-25T08:54:06+08:00 ] 113.215.188.183 GET www.punalei.cn/
[ error ] [2]Undefined array key "title"
[ error ] [2]Undefined array key "title"
[ error ] [2]Undefined array key "title"
[ error ] [2]Undefined array key "title"
---------------------------------------------------------------
[ 2026-03-25T08:54:07+08:00 ] 113.215.188.183 GET www.punalei.cn/
[ error ] [2]Undefined array key "title"
[ error ] [2]Undefined array key "title"
[ error ] [2]Undefined array key "title"
[ error ] [2]Undefined array key "title"
---------------------------------------------------------------
[ 2026-03-25T08:54:07+08:00 ] 113.215.188.183 GET www.punalei.cn/
[ error ] [2]Undefined array key "title"
[ error ] [2]Undefined array key "title"
[ error ] [2]Undefined array key "title"
[ error ] [2]Undefined array key "title"
---------------------------------------------------------------
[ 2026-03-25T08:54:07+08:00 ] 113.215.188.183 GET www.punalei.cn/
[ error ] [2]Undefined array key "title"
[ error ] [2]Undefined array key "title"
[ error ] [2]Undefined array key "title"
[ error ] [2]Undefined array key "title"
---------------------------------------------------------------
[ 2026-03-25T08:55:26+08:00 ] 59.82.135.159 GET punalei.cn/
[ error ] [8192]preg_match(): Passing null to parameter #2 ($subject) of type string is deprecated
[ error ] [8192]preg_match(): Passing null to parameter #2 ($subject) of type string is deprecated
[ error ] [8192]preg_match(): Passing null to parameter #2 ($subject) of type string is deprecated
[ error ] [8192]preg_match(): Passing null to parameter #2 ($subject) of type string is deprecated
[ error ] [8192]preg_match(): Passing null to parameter #2 ($subject) of type string is deprecated
[ error ] [8192]preg_match(): Passing null to parameter #2 ($subject) of type string is deprecated
[ error ] [8192]preg_match(): Passing null to parameter #2 ($subject) of type string is deprecated
[ error ] [8192]preg_match(): Passing null to parameter #2 ($subject) of type string is deprecated
[ error ] [8192]Automatic conversion of false to array is deprecated
[ error ] [2]Undefined array key "title"
[ error ] [2]Undefined array key "title"
[ error ] [2]Undefined array key "title"
[ error ] [2]Undefined array key "title"
---------------------------------------------------------------
[ 2026-03-25T08:55:26+08:00 ] 59.82.135.159 GET punalei.cn/
[ error ] [2]Undefined array key "title"
[ error ] [2]Undefined array key "title"
[ error ] [2]Undefined array key "title"
[ error ] [2]Undefined array key "title"
---------------------------------------------------------------
[ 2026-03-25T08:55:28+08:00 ] 59.82.135.159 GET punalei.cn/
[ error ] [2]Undefined array key "title"
[ error ] [2]Undefined array key "title"
[ error ] [2]Undefined array key "title"
[ error ] [2]Undefined array key "title"
---------------------------------------------------------------
[ 2026-03-25T08:55:29+08:00 ] 59.82.135.159 GET punalei.cn/
[ error ] [2]Undefined array key "title"
[ error ] [2]Undefined array key "title"
[ error ] [2]Undefined array key "title"
[ error ] [2]Undefined array key "title"
---------------------------------------------------------------
[ 2026-03-25T08:55:29+08:00 ] 59.82.135.32 GET punalei.cn/
[ error ] [2]Undefined array key "title"
[ error ] [2]Undefined array key "title"
[ error ] [2]Undefined array key "title"
[ error ] [2]Undefined array key "title"
---------------------------------------------------------------
[ 2026-03-25T08:55:30+08:00 ] 59.82.135.159 GET punalei.cn/
[ error ] [2]Undefined array key "title"
[ error ] [2]Undefined array key "title"
[ error ] [2]Undefined array key "title"
[ error ] [2]Undefined array key "title"
---------------------------------------------------------------
[ 2026-03-25T08:55:30+08:00 ] 59.82.135.32 GET punalei.cn/
[ error ] [2]Undefined array key "title"
[ error ] [2]Undefined array key "title"
[ error ] [2]Undefined array key "title"
[ error ] [2]Undefined array key "title"
---------------------------------------------------------------
[ 2026-03-25T08:58:31+08:00 ] 31.58.214.23 GET 120.24.147.77/.aider.conf.yml
[ error ] [8192]preg_match(): Passing null to parameter #2 ($subject) of type string is deprecated
[ error ] [8192]preg_match(): Passing null to parameter #2 ($subject) of type string is deprecated
[ error ] [8192]preg_match(): Passing null to parameter #2 ($subject) of type string is deprecated
[ error ] [8192]preg_match(): Passing null to parameter #2 ($subject) of type string is deprecated
[ error ] [8192]preg_match(): Passing null to parameter #2 ($subject) of type string is deprecated
[ error ] [8192]preg_match(): Passing null to parameter #2 ($subject) of type string is deprecated
---------------------------------------------------------------
[ 2026-03-25T08:58:31+08:00 ] 31.58.214.23 GET 120.24.147.77/.aider.conf.yml
[ error ] [8192]preg_match(): Passing null to parameter #2 ($subject) of type string is deprecated
[ error ] [8192]preg_match(): Passing null to parameter #2 ($subject) of type string is deprecated
[ error ] [8192]preg_match(): Passing null to parameter #2 ($subject) of type string is deprecated
[ error ] [8192]preg_match(): Passing null to parameter #2 ($subject) of type string is deprecated
[ error ] [8192]preg_match(): Passing null to parameter #2 ($subject) of type string is deprecated
[ error ] [8192]preg_match(): Passing null to parameter #2 ($subject) of type string is deprecated
---------------------------------------------------------------
[ 2026-03-25T09:01:13+08:00 ] 31.58.214.23 GET 120.24.147.77/terraform.tfstate.backup
[ error ] [8192]preg_match(): Passing null to parameter #2 ($subject) of type string is deprecated
[ error ] [8192]preg_match(): Passing null to parameter #2 ($subject) of type string is deprecated
[ error ] [8192]preg_match(): Passing null to parameter #2 ($subject) of type string is deprecated
[ error ] [8192]preg_match(): Passing null to parameter #2 ($subject) of type string is deprecated
[ error ] [8192]preg_match(): Passing null to parameter #2 ($subject) of type string is deprecated
[ error ] [8192]preg_match(): Passing null to parameter #2 ($subject) of type string is deprecated
---------------------------------------------------------------
[ 2026-03-25T09:01:13+08:00 ] 31.58.214.23 GET 120.24.147.77/terraform.tfstate.backup
[ error ] [8192]preg_match(): Passing null to parameter #2 ($subject) of type string is deprecated
[ error ] [8192]preg_match(): Passing null to parameter #2 ($subject) of type string is deprecated
[ error ] [8192]preg_match(): Passing null to parameter #2 ($subject) of type string is deprecated
[ error ] [8192]preg_match(): Passing null to parameter #2 ($subject) of type string is deprecated
[ error ] [8192]preg_match(): Passing null to parameter #2 ($subject) of type string is deprecated
[ error ] [8192]preg_match(): Passing null to parameter #2 ($subject) of type string is deprecated
---------------------------------------------------------------
[ 2026-03-25T09:03:44+08:00 ] 59.82.83.101 GET www.punalei.cn/
[ error ] [8192]preg_match(): Passing null to parameter #2 ($subject) of type string is deprecated
[ error ] [8192]preg_match(): Passing null to parameter #2 ($subject) of type string is deprecated
[ error ] [8192]preg_match(): Passing null to parameter #2 ($subject) of type string is deprecated
[ error ] [8192]preg_match(): Passing null to parameter #2 ($subject) of type string is deprecated
[ error ] [8192]preg_match(): Passing null to parameter #2 ($subject) of type string is deprecated
[ error ] [8192]preg_match(): Passing null to parameter #2 ($subject) of type string is deprecated
[ error ] [8192]preg_match(): Passing null to parameter #2 ($subject) of type string is deprecated
[ error ] [8192]preg_match(): Passing null to parameter #2 ($subject) of type string is deprecated
[ error ] [8192]Automatic conversion of false to array is deprecated
[ error ] [2]Undefined array key "title"
[ error ] [2]Undefined array key "title"
[ error ] [2]Undefined array key "title"
[ error ] [2]Undefined array key "title"
---------------------------------------------------------------
[ 2026-03-25T09:03:44+08:00 ] 59.82.83.101 GET www.punalei.cn/
[ error ] [2]Undefined array key "title"
[ error ] [2]Undefined array key "title"
[ error ] [2]Undefined array key "title"
[ error ] [2]Undefined array key "title"
---------------------------------------------------------------
[ 2026-03-25T09:03:46+08:00 ] 59.82.83.101 GET www.punalei.cn/
[ error ] [2]Undefined array key "title"
[ error ] [2]Undefined array key "title"
[ error ] [2]Undefined array key "title"
[ error ] [2]Undefined array key "title"
---------------------------------------------------------------
[ 2026-03-25T09:03:46+08:00 ] 59.82.83.101 GET www.punalei.cn/
[ error ] [2]Undefined array key "title"
[ error ] [2]Undefined array key "title"
[ error ] [2]Undefined array key "title"
[ error ] [2]Undefined array key "title"
---------------------------------------------------------------
[ 2026-03-25T09:03:46+08:00 ] 59.82.83.213 GET www.punalei.cn/
[ error ] [2]Undefined array key "title"
[ error ] [2]Undefined array key "title"
[ error ] [2]Undefined array key "title"
[ error ] [2]Undefined array key "title"
---------------------------------------------------------------
[ 2026-03-25T09:03:46+08:00 ] 59.82.83.101 GET www.punalei.cn/
[ error ] [2]Undefined array key "title"
[ error ] [2]Undefined array key "title"
[ error ] [2]Undefined array key "title"
[ error ] [2]Undefined array key "title"
---------------------------------------------------------------
[ 2026-03-25T09:03:47+08:00 ] 59.82.83.101 GET www.punalei.cn/
[ error ] [2]Undefined array key "title"
[ error ] [2]Undefined array key "title"
[ error ] [2]Undefined array key "title"
[ error ] [2]Undefined array key "title"
---------------------------------------------------------------
[ 2026-03-25T09:04:06+08:00 ] 43.153.204.189 GET punalei.cn/
[ error ] [8192]preg_match(): Passing null to parameter #2 ($subject) of type string is deprecated
[ error ] [8192]preg_match(): Passing null to parameter #2 ($subject) of type string is deprecated
[ error ] [8192]preg_match(): Passing null to parameter #2 ($subject) of type string is deprecated
[ error ] [8192]preg_match(): Passing null to parameter #2 ($subject) of type string is deprecated
[ error ] [8192]preg_match(): Passing null to parameter #2 ($subject) of type string is deprecated
[ error ] [8192]preg_match(): Passing null to parameter #2 ($subject) of type string is deprecated
[ error ] [8192]preg_match(): Passing null to parameter #2 ($subject) of type string is deprecated
[ error ] [8192]preg_match(): Passing null to parameter #2 ($subject) of type string is deprecated
[ error ] [8192]Automatic conversion of false to array is deprecated
[ error ] [2]Undefined array key "title"
[ error ] [2]Undefined array key "title"
[ error ] [2]Undefined array key "title"
[ error ] [2]Undefined array key "title"
---------------------------------------------------------------
[ 2026-03-25T09:09:37+08:00 ] 89.42.231.241 GET 120.24.147.77/
[ error ] [8192]preg_match(): Passing null to parameter #2 ($subject) of type string is deprecated
[ error ] [8192]preg_match(): Passing null to parameter #2 ($subject) of type string is deprecated
[ error ] [8192]preg_match(): Passing null to parameter #2 ($subject) of type string is deprecated
[ error ] [8192]preg_match(): Passing null to parameter #2 ($subject) of type string is deprecated
[ error ] [8192]preg_match(): Passing null to parameter #2 ($subject) of type string is deprecated
[ error ] [8192]preg_match(): Passing null to parameter #2 ($subject) of type string is deprecated
[ error ] [8192]preg_match(): Passing null to parameter #2 ($subject) of type string is deprecated
[ error ] [8192]preg_match(): Passing null to parameter #2 ($subject) of type string is deprecated
[ error ] [8192]Automatic conversion of false to array is deprecated
[ error ] [2]Undefined array key "title"
[ error ] [2]Undefined array key "title"
[ error ] [2]Undefined array key "title"
[ error ] [2]Undefined array key "title"
---------------------------------------------------------------
[ 2026-03-25T09:10:10+08:00 ] 185.224.128.25 GET 120.24.147.77/
[ error ] [8192]preg_match(): Passing null to parameter #2 ($subject) of type string is deprecated
[ error ] [8192]preg_match(): Passing null to parameter #2 ($subject) of type string is deprecated
[ error ] [8192]preg_match(): Passing null to parameter #2 ($subject) of type string is deprecated
[ error ] [8192]preg_match(): Passing null to parameter #2 ($subject) of type string is deprecated
[ error ] [8192]preg_match(): Passing null to parameter #2 ($subject) of type string is deprecated
[ error ] [8192]preg_match(): Passing null to parameter #2 ($subject) of type string is deprecated
[ error ] [8192]preg_match(): Passing null to parameter #2 ($subject) of type string is deprecated
[ error ] [8192]preg_match(): Passing null to parameter #2 ($subject) of type string is deprecated
[ error ] [8192]Automatic conversion of false to array is deprecated
[ error ] [2]Undefined array key "title"
[ error ] [2]Undefined array key "title"
[ error ] [2]Undefined array key "title"
[ error ] [2]Undefined array key "title"
---------------------------------------------------------------
[ 2026-03-25T09:21:03+08:00 ] 5.61.209.107 GET 120.24.147.77/SDK/webLanguage
[ error ] [8192]preg_match(): Passing null to parameter #2 ($subject) of type string is deprecated
[ error ] [8192]preg_match(): Passing null to parameter #2 ($subject) of type string is deprecated
[ error ] [8192]preg_match(): Passing null to parameter #2 ($subject) of type string is deprecated
[ error ] [8192]preg_match(): Passing null to parameter #2 ($subject) of type string is deprecated
[ error ] [8192]preg_match(): Passing null to parameter #2 ($subject) of type string is deprecated
[ error ] [8192]preg_match(): Passing null to parameter #2 ($subject) of type string is deprecated
---------------------------------------------------------------
[ 2026-03-25T09:21:03+08:00 ] 5.61.209.107 GET 120.24.147.77/SDK/webLanguage
[ error ] [8192]preg_match(): Passing null to parameter #2 ($subject) of type string is deprecated
[ error ] [8192]preg_match(): Passing null to parameter #2 ($subject) of type string is deprecated
[ error ] [8192]preg_match(): Passing null to parameter #2 ($subject) of type string is deprecated
[ error ] [8192]preg_match(): Passing null to parameter #2 ($subject) of type string is deprecated
[ error ] [8192]preg_match(): Passing null to parameter #2 ($subject) of type string is deprecated
[ error ] [8192]preg_match(): Passing null to parameter #2 ($subject) of type string is deprecated
---------------------------------------------------------------
[ 2026-03-25T09:21:18+08:00 ] 49.51.233.46 GET www.punalei.cn/
[ error ] [8192]preg_match(): Passing null to parameter #2 ($subject) of type string is deprecated
[ error ] [8192]preg_match(): Passing null to parameter #2 ($subject) of type string is deprecated
[ error ] [8192]preg_match(): Passing null to parameter #2 ($subject) of type string is deprecated
[ error ] [8192]preg_match(): Passing null to parameter #2 ($subject) of type string is deprecated
[ error ] [8192]preg_match(): Passing null to parameter #2 ($subject) of type string is deprecated
[ error ] [8192]preg_match(): Passing null to parameter #2 ($subject) of type string is deprecated
[ error ] [8192]preg_match(): Passing null to parameter #2 ($subject) of type string is deprecated
[ error ] [8192]preg_match(): Passing null to parameter #2 ($subject) of type string is deprecated
[ error ] [8192]Automatic conversion of false to array is deprecated
[ error ] [2]Undefined array key "title"
[ error ] [2]Undefined array key "title"
[ error ] [2]Undefined array key "title"
[ error ] [2]Undefined array key "title"
---------------------------------------------------------------
[ 2026-03-25T09:28:35+08:00 ] 79.124.40.174 GET 120.24.147.77/actuator/gateway/routes
[ error ] [8192]preg_match(): Passing null to parameter #2 ($subject) of type string is deprecated
[ error ] [8192]preg_match(): Passing null to parameter #2 ($subject) of type string is deprecated
[ error ] [8192]preg_match(): Passing null to parameter #2 ($subject) of type string is deprecated
[ error ] [8192]preg_match(): Passing null to parameter #2 ($subject) of type string is deprecated
[ error ] [8192]preg_match(): Passing null to parameter #2 ($subject) of type string is deprecated
[ error ] [8192]preg_match(): Passing null to parameter #2 ($subject) of type string is deprecated
---------------------------------------------------------------
[ 2026-03-25T09:28:35+08:00 ] 79.124.40.174 GET 120.24.147.77/actuator/gateway/routes
[ error ] [8192]preg_match(): Passing null to parameter #2 ($subject) of type string is deprecated
[ error ] [8192]preg_match(): Passing null to parameter #2 ($subject) of type string is deprecated
[ error ] [8192]preg_match(): Passing null to parameter #2 ($subject) of type string is deprecated
[ error ] [8192]preg_match(): Passing null to parameter #2 ($subject) of type string is deprecated
[ error ] [8192]preg_match(): Passing null to parameter #2 ($subject) of type string is deprecated
[ error ] [8192]preg_match(): Passing null to parameter #2 ($subject) of type string is deprecated
---------------------------------------------------------------
[ 2026-03-25T09:30:20+08:00 ] 36.132.230.87 GET 120.24.147.77/
[ error ] [8192]preg_match(): Passing null to parameter #2 ($subject) of type string is deprecated
[ error ] [8192]preg_match(): Passing null to parameter #2 ($subject) of type string is deprecated
[ error ] [8192]preg_match(): Passing null to parameter #2 ($subject) of type string is deprecated
[ error ] [8192]preg_match(): Passing null to parameter #2 ($subject) of type string is deprecated
[ error ] [8192]preg_match(): Passing null to parameter #2 ($subject) of type string is deprecated
[ error ] [8192]preg_match(): Passing null to parameter #2 ($subject) of type string is deprecated
[ error ] [8192]preg_match(): Passing null to parameter #2 ($subject) of type string is deprecated
[ error ] [8192]preg_match(): Passing null to parameter #2 ($subject) of type string is deprecated
[ error ] [8192]Automatic conversion of false to array is deprecated
[ error ] [2]Undefined array key "title"
[ error ] [2]Undefined array key "title"
[ error ] [2]Undefined array key "title"
[ error ] [2]Undefined array key "title"
---------------------------------------------------------------
[ 2026-03-25T09:32:40+08:00 ] 52.167.144.208 GET www.punalei.cn/ldcms/jiaoliubianpindianyuan.html
[ error ] [8192]preg_match(): Passing null to parameter #2 ($subject) of type string is deprecated
[ error ] [8192]preg_match(): Passing null to parameter #2 ($subject) of type string is deprecated
[ error ] [8192]preg_match(): Passing null to parameter #2 ($subject) of type string is deprecated
[ error ] [8192]preg_match(): Passing null to parameter #2 ($subject) of type string is deprecated
[ error ] [8192]preg_match(): Passing null to parameter #2 ($subject) of type string is deprecated
[ error ] [8192]preg_match(): Passing null to parameter #2 ($subject) of type string is deprecated
[ error ] [8192]preg_match(): Passing null to parameter #2 ($subject) of type string is deprecated
[ error ] [8192]preg_match(): Passing null to parameter #2 ($subject) of type string is deprecated
[ error ] [8192]Automatic conversion of false to array is deprecated
---------------------------------------------------------------
[ 2026-03-25T09:35:52+08:00 ] 43.166.244.251 GET www.punalei.cn/ldcms/punaleiPNAIdangongnenganguixilie/298.html
[ error ] [8192]preg_match(): Passing null to parameter #2 ($subject) of type string is deprecated
[ error ] [8192]preg_match(): Passing null to parameter #2 ($subject) of type string is deprecated
[ error ] [8192]preg_match(): Passing null to parameter #2 ($subject) of type string is deprecated
[ error ] [8192]preg_match(): Passing null to parameter #2 ($subject) of type string is deprecated
[ error ] [8192]preg_match(): Passing null to parameter #2 ($subject) of type string is deprecated
[ error ] [8192]preg_match(): Passing null to parameter #2 ($subject) of type string is deprecated
[ error ] [8192]preg_match(): Passing null to parameter #2 ($subject) of type string is deprecated
[ error ] [8192]preg_match(): Passing null to parameter #2 ($subject) of type string is deprecated
[ error ] [8192]Automatic conversion of false to array is deprecated
---------------------------------------------------------------
[ 2026-03-25T09:41:55+08:00 ] 59.82.135.62 GET 120.24.147.77/
[ error ] [8192]preg_match(): Passing null to parameter #2 ($subject) of type string is deprecated
[ error ] [8192]preg_match(): Passing null to parameter #2 ($subject) of type string is deprecated
[ error ] [8192]preg_match(): Passing null to parameter #2 ($subject) of type string is deprecated
[ error ] [8192]preg_match(): Passing null to parameter #2 ($subject) of type string is deprecated
[ error ] [8192]preg_match(): Passing null to parameter #2 ($subject) of type string is deprecated
[ error ] [8192]preg_match(): Passing null to parameter #2 ($subject) of type string is deprecated
[ error ] [8192]preg_match(): Passing null to parameter #2 ($subject) of type string is deprecated
[ error ] [8192]preg_match(): Passing null to parameter #2 ($subject) of type string is deprecated
[ error ] [8192]Automatic conversion of false to array is deprecated
[ error ] [2]Undefined array key "title"
[ error ] [2]Undefined array key "title"
[ error ] [2]Undefined array key "title"
[ error ] [2]Undefined array key "title"
---------------------------------------------------------------
[ 2026-03-25T09:41:55+08:00 ] 59.82.135.62 GET 120.24.147.77/
[ error ] [2]Undefined array key "title"
[ error ] [2]Undefined array key "title"
[ error ] [2]Undefined array key "title"
[ error ] [2]Undefined array key "title"
---------------------------------------------------------------
[ 2026-03-25T09:41:58+08:00 ] 59.82.135.62 GET 120.24.147.77/
[ error ] [2]Undefined array key "title"
[ error ] [2]Undefined array key "title"
[ error ] [2]Undefined array key "title"
[ error ] [2]Undefined array key "title"
---------------------------------------------------------------
[ 2026-03-25T09:41:58+08:00 ] 59.82.135.237 GET 120.24.147.77/
[ error ] [2]Undefined array key "title"
[ error ] [2]Undefined array key "title"
[ error ] [2]Undefined array key "title"
[ error ] [2]Undefined array key "title"
---------------------------------------------------------------
[ 2026-03-25T09:41:58+08:00 ] 59.82.135.62 GET 120.24.147.77/
[ error ] [2]Undefined array key "title"
[ error ] [2]Undefined array key "title"
[ error ] [2]Undefined array key "title"
[ error ] [2]Undefined array key "title"
---------------------------------------------------------------
[ 2026-03-25T09:41:58+08:00 ] 59.82.135.237 GET 120.24.147.77/
[ error ] [2]Undefined array key "title"
[ error ] [2]Undefined array key "title"
[ error ] [2]Undefined array key "title"
[ error ] [2]Undefined array key "title"
---------------------------------------------------------------
[ 2026-03-25T09:41:59+08:00 ] 59.82.135.62 GET 120.24.147.77/
[ error ] [2]Undefined array key "title"
[ error ] [2]Undefined array key "title"
[ error ] [2]Undefined array key "title"
[ error ] [2]Undefined array key "title"
---------------------------------------------------------------
[ 2026-03-25T09:45:02+08:00 ] 43.165.189.110 GET www.punalei.cn/ldcms/dianzifuzaixilie.html
[ error ] [8192]preg_match(): Passing null to parameter #2 ($subject) of type string is deprecated
[ error ] [8192]preg_match(): Passing null to parameter #2 ($subject) of type string is deprecated
[ error ] [8192]preg_match(): Passing null to parameter #2 ($subject) of type string is deprecated
[ error ] [8192]preg_match(): Passing null to parameter #2 ($subject) of type string is deprecated
[ error ] [8192]preg_match(): Passing null to parameter #2 ($subject) of type string is deprecated
[ error ] [8192]preg_match(): Passing null to parameter #2 ($subject) of type string is deprecated
[ error ] [8192]preg_match(): Passing null to parameter #2 ($subject) of type string is deprecated
[ error ] [8192]preg_match(): Passing null to parameter #2 ($subject) of type string is deprecated
[ error ] [8192]Automatic conversion of false to array is deprecated
---------------------------------------------------------------
[ 2026-03-25T09:48:16+08:00 ] 205.210.31.34 GET 120.24.147.77/
[ error ] [8192]preg_match(): Passing null to parameter #2 ($subject) of type string is deprecated
[ error ] [8192]preg_match(): Passing null to parameter #2 ($subject) of type string is deprecated
[ error ] [8192]preg_match(): Passing null to parameter #2 ($subject) of type string is deprecated
[ error ] [8192]preg_match(): Passing null to parameter #2 ($subject) of type string is deprecated
[ error ] [8192]preg_match(): Passing null to parameter #2 ($subject) of type string is deprecated
[ error ] [8192]preg_match(): Passing null to parameter #2 ($subject) of type string is deprecated
[ error ] [8192]preg_match(): Passing null to parameter #2 ($subject) of type string is deprecated
[ error ] [8192]preg_match(): Passing null to parameter #2 ($subject) of type string is deprecated
[ error ] [8192]Automatic conversion of false to array is deprecated
[ error ] [2]Undefined array key "title"
[ error ] [2]Undefined array key "title"
[ error ] [2]Undefined array key "title"
[ error ] [2]Undefined array key "title"
---------------------------------------------------------------
[ 2026-03-25T09:55:12+08:00 ] 43.166.136.202 GET www.punalei.cn/ldcms/anguiceshiyiqixilie.html
[ error ] [8192]preg_match(): Passing null to parameter #2 ($subject) of type string is deprecated
[ error ] [8192]preg_match(): Passing null to parameter #2 ($subject) of type string is deprecated
[ error ] [8192]preg_match(): Passing null to parameter #2 ($subject) of type string is deprecated
[ error ] [8192]preg_match(): Passing null to parameter #2 ($subject) of type string is deprecated
[ error ] [8192]preg_match(): Passing null to parameter #2 ($subject) of type string is deprecated
[ error ] [8192]preg_match(): Passing null to parameter #2 ($subject) of type string is deprecated
[ error ] [8192]preg_match(): Passing null to parameter #2 ($subject) of type string is deprecated
[ error ] [8192]preg_match(): Passing null to parameter #2 ($subject) of type string is deprecated
[ error ] [8192]Automatic conversion of false to array is deprecated
---------------------------------------------------------------
[ 2026-03-25T10:00:30+08:00 ] 172.236.228.222 GET 120.24.147.77/
[ error ] [8192]preg_match(): Passing null to parameter #2 ($subject) of type string is deprecated
[ error ] [8192]preg_match(): Passing null to parameter #2 ($subject) of type string is deprecated
[ error ] [8192]preg_match(): Passing null to parameter #2 ($subject) of type string is deprecated
[ error ] [8192]preg_match(): Passing null to parameter #2 ($subject) of type string is deprecated
[ error ] [8192]preg_match(): Passing null to parameter #2 ($subject) of type string is deprecated
[ error ] [8192]preg_match(): Passing null to parameter #2 ($subject) of type string is deprecated
[ error ] [8192]preg_match(): Passing null to parameter #2 ($subject) of type string is deprecated
[ error ] [8192]preg_match(): Passing null to parameter #2 ($subject) of type string is deprecated
[ error ] [8192]Automatic conversion of false to array is deprecated
[ error ] [2]Undefined array key "title"
[ error ] [2]Undefined array key "title"
[ error ] [2]Undefined array key "title"
[ error ] [2]Undefined array key "title"
---------------------------------------------------------------
[ 2026-03-25T10:03:01+08:00 ] 43.153.119.119 GET www.punalei.cn/
[ error ] [8192]preg_match(): Passing null to parameter #2 ($subject) of type string is deprecated
[ error ] [8192]preg_match(): Passing null to parameter #2 ($subject) of type string is deprecated
[ error ] [8192]preg_match(): Passing null to parameter #2 ($subject) of type string is deprecated
[ error ] [8192]preg_match(): Passing null to parameter #2 ($subject) of type string is deprecated
[ error ] [8192]preg_match(): Passing null to parameter #2 ($subject) of type string is deprecated
[ error ] [8192]preg_match(): Passing null to parameter #2 ($subject) of type string is deprecated
[ error ] [8192]preg_match(): Passing null to parameter #2 ($subject) of type string is deprecated
[ error ] [8192]preg_match(): Passing null to parameter #2 ($subject) of type string is deprecated
[ error ] [8192]Automatic conversion of false to array is deprecated
[ error ] [2]Undefined array key "title"
[ error ] [2]Undefined array key "title"
[ error ] [2]Undefined array key "title"
[ error ] [2]Undefined array key "title"
---------------------------------------------------------------
[ 2026-03-25T10:03:11+08:00 ] 89.42.231.241 GET 120.24.147.77/
[ error ] [8192]preg_match(): Passing null to parameter #2 ($subject) of type string is deprecated
[ error ] [8192]preg_match(): Passing null to parameter #2 ($subject) of type string is deprecated
[ error ] [8192]preg_match(): Passing null to parameter #2 ($subject) of type string is deprecated
[ error ] [8192]preg_match(): Passing null to parameter #2 ($subject) of type string is deprecated
[ error ] [8192]preg_match(): Passing null to parameter #2 ($subject) of type string is deprecated
[ error ] [8192]preg_match(): Passing null to parameter #2 ($subject) of type string is deprecated
[ error ] [8192]preg_match(): Passing null to parameter #2 ($subject) of type string is deprecated
[ error ] [8192]preg_match(): Passing null to parameter #2 ($subject) of type string is deprecated
[ error ] [8192]Automatic conversion of false to array is deprecated
[ error ] [2]Undefined array key "title"
[ error ] [2]Undefined array key "title"
[ error ] [2]Undefined array key "title"
[ error ] [2]Undefined array key "title"
---------------------------------------------------------------
[ 2026-03-25T10:06:18+08:00 ] 43.155.157.239 GET www.punalei.cn/xiazaizhongxin.html?type=2&name=用户手册
[ error ] [8192]preg_match(): Passing null to parameter #2 ($subject) of type string is deprecated
[ error ] [8192]preg_match(): Passing null to parameter #2 ($subject) of type string is deprecated
[ error ] [8192]preg_match(): Passing null to parameter #2 ($subject) of type string is deprecated
[ error ] [8192]preg_match(): Passing null to parameter #2 ($subject) of type string is deprecated
[ error ] [8192]preg_match(): Passing null to parameter #2 ($subject) of type string is deprecated
[ error ] [8192]preg_match(): Passing null to parameter #2 ($subject) of type string is deprecated
---------------------------------------------------------------
[ 2026-03-25T10:06:18+08:00 ] 43.155.157.239 GET www.punalei.cn/xiazaizhongxin.html?type=2&name=用户手册
[ error ] [8192]preg_match(): Passing null to parameter #2 ($subject) of type string is deprecated
[ error ] [8192]preg_match(): Passing null to parameter #2 ($subject) of type string is deprecated
[ error ] [8192]preg_match(): Passing null to parameter #2 ($subject) of type string is deprecated
[ error ] [8192]preg_match(): Passing null to parameter #2 ($subject) of type string is deprecated
[ error ] [8192]preg_match(): Passing null to parameter #2 ($subject) of type string is deprecated
[ error ] [8192]preg_match(): Passing null to parameter #2 ($subject) of type string is deprecated
---------------------------------------------------------------
[ 2026-03-25T10:13:59+08:00 ] 59.82.135.156 GET punalei.cn/
[ error ] [8192]preg_match(): Passing null to parameter #2 ($subject) of type string is deprecated
[ error ] [8192]preg_match(): Passing null to parameter #2 ($subject) of type string is deprecated
[ error ] [8192]preg_match(): Passing null to parameter #2 ($subject) of type string is deprecated
[ error ] [8192]preg_match(): Passing null to parameter #2 ($subject) of type string is deprecated
[ error ] [8192]preg_match(): Passing null to parameter #2 ($subject) of type string is deprecated
[ error ] [8192]preg_match(): Passing null to parameter #2 ($subject) of type string is deprecated
[ error ] [8192]preg_match(): Passing null to parameter #2 ($subject) of type string is deprecated
[ error ] [8192]preg_match(): Passing null to parameter #2 ($subject) of type string is deprecated
[ error ] [8192]Automatic conversion of false to array is deprecated
[ error ] [2]Undefined array key "title"
[ error ] [2]Undefined array key "title"
[ error ] [2]Undefined array key "title"
[ error ] [2]Undefined array key "title"
---------------------------------------------------------------
[ 2026-03-25T10:14:00+08:00 ] 59.82.135.156 GET punalei.cn/
[ error ] [2]Undefined array key "title"
[ error ] [2]Undefined array key "title"
[ error ] [2]Undefined array key "title"
[ error ] [2]Undefined array key "title"
---------------------------------------------------------------
[ 2026-03-25T10:14:02+08:00 ] 59.82.135.156 GET punalei.cn/
[ error ] [2]Undefined array key "title"
[ error ] [2]Undefined array key "title"
[ error ] [2]Undefined array key "title"
[ error ] [2]Undefined array key "title"
---------------------------------------------------------------
[ 2026-03-25T10:14:02+08:00 ] 59.82.135.100 GET punalei.cn/
[ error ] [2]Undefined array key "title"
[ error ] [2]Undefined array key "title"
[ error ] [2]Undefined array key "title"
[ error ] [2]Undefined array key "title"
---------------------------------------------------------------
[ 2026-03-25T10:14:03+08:00 ] 59.82.135.156 GET punalei.cn/
[ error ] [2]Undefined array key "title"
[ error ] [2]Undefined array key "title"
[ error ] [2]Undefined array key "title"
[ error ] [2]Undefined array key "title"
---------------------------------------------------------------
[ 2026-03-25T10:14:03+08:00 ] 59.82.135.100 GET punalei.cn/
[ error ] [2]Undefined array key "title"
[ error ] [2]Undefined array key "title"
[ error ] [2]Undefined array key "title"
[ error ] [2]Undefined array key "title"
---------------------------------------------------------------
[ 2026-03-25T10:14:03+08:00 ] 59.82.135.156 GET punalei.cn/
[ error ] [2]Undefined array key "title"
[ error ] [2]Undefined array key "title"
[ error ] [2]Undefined array key "title"
[ error ] [2]Undefined array key "title"
---------------------------------------------------------------
[ 2026-03-25T10:16:15+08:00 ] 167.250.224.25 GET 0.0.0.0/admin/config.php
[ error ] [8192]preg_match(): Passing null to parameter #2 ($subject) of type string is deprecated
[ error ] [8192]preg_match(): Passing null to parameter #2 ($subject) of type string is deprecated
[ error ] [8192]preg_match(): Passing null to parameter #2 ($subject) of type string is deprecated
[ error ] [8192]preg_match(): Passing null to parameter #2 ($subject) of type string is deprecated
[ error ] [8192]preg_match(): Passing null to parameter #2 ($subject) of type string is deprecated
[ error ] [8192]preg_match(): Passing null to parameter #2 ($subject) of type string is deprecated
---------------------------------------------------------------
[ 2026-03-25T10:16:22+08:00 ] 170.106.165.76 GET www.punalei.cn/guanyupunalei.html
[ error ] [8192]preg_match(): Passing null to parameter #2 ($subject) of type string is deprecated
[ error ] [8192]preg_match(): Passing null to parameter #2 ($subject) of type string is deprecated
[ error ] [8192]preg_match(): Passing null to parameter #2 ($subject) of type string is deprecated
[ error ] [8192]preg_match(): Passing null to parameter #2 ($subject) of type string is deprecated
[ error ] [8192]preg_match(): Passing null to parameter #2 ($subject) of type string is deprecated
[ error ] [8192]preg_match(): Passing null to parameter #2 ($subject) of type string is deprecated
---------------------------------------------------------------
[ 2026-03-25T10:16:22+08:00 ] 170.106.165.76 GET www.punalei.cn/guanyupunalei.html
[ error ] [8192]preg_match(): Passing null to parameter #2 ($subject) of type string is deprecated
[ error ] [8192]preg_match(): Passing null to parameter #2 ($subject) of type string is deprecated
[ error ] [8192]preg_match(): Passing null to parameter #2 ($subject) of type string is deprecated
[ error ] [8192]preg_match(): Passing null to parameter #2 ($subject) of type string is deprecated
[ error ] [8192]preg_match(): Passing null to parameter #2 ($subject) of type string is deprecated
[ error ] [8192]preg_match(): Passing null to parameter #2 ($subject) of type string is deprecated
---------------------------------------------------------------
[ 2026-03-25T10:24:00+08:00 ] 43.156.202.34 GET www.punalei.cn/xiazaizhongxin.html?type=3&name=通讯协议
[ error ] [8192]preg_match(): Passing null to parameter #2 ($subject) of type string is deprecated
[ error ] [8192]preg_match(): Passing null to parameter #2 ($subject) of type string is deprecated
[ error ] [8192]preg_match(): Passing null to parameter #2 ($subject) of type string is deprecated
[ error ] [8192]preg_match(): Passing null to parameter #2 ($subject) of type string is deprecated
[ error ] [8192]preg_match(): Passing null to parameter #2 ($subject) of type string is deprecated
[ error ] [8192]preg_match(): Passing null to parameter #2 ($subject) of type string is deprecated
---------------------------------------------------------------
[ 2026-03-25T10:24:00+08:00 ] 43.156.202.34 GET www.punalei.cn/xiazaizhongxin.html?type=3&name=通讯协议
[ error ] [8192]preg_match(): Passing null to parameter #2 ($subject) of type string is deprecated
[ error ] [8192]preg_match(): Passing null to parameter #2 ($subject) of type string is deprecated
[ error ] [8192]preg_match(): Passing null to parameter #2 ($subject) of type string is deprecated
[ error ] [8192]preg_match(): Passing null to parameter #2 ($subject) of type string is deprecated
[ error ] [8192]preg_match(): Passing null to parameter #2 ($subject) of type string is deprecated
[ error ] [8192]preg_match(): Passing null to parameter #2 ($subject) of type string is deprecated
---------------------------------------------------------------
[ 2026-03-25T10:28:07+08:00 ] 203.2.64.59 GET punalei.cn/
[ error ] [8192]preg_match(): Passing null to parameter #2 ($subject) of type string is deprecated
[ error ] [8192]preg_match(): Passing null to parameter #2 ($subject) of type string is deprecated
[ error ] [8192]preg_match(): Passing null to parameter #2 ($subject) of type string is deprecated
[ error ] [8192]preg_match(): Passing null to parameter #2 ($subject) of type string is deprecated
[ error ] [8192]preg_match(): Passing null to parameter #2 ($subject) of type string is deprecated
[ error ] [8192]preg_match(): Passing null to parameter #2 ($subject) of type string is deprecated
[ error ] [8192]preg_match(): Passing null to parameter #2 ($subject) of type string is deprecated
[ error ] [8192]preg_match(): Passing null to parameter #2 ($subject) of type string is deprecated
[ error ] [8192]Automatic conversion of false to array is deprecated
[ error ] [2]Undefined array key "title"
[ error ] [2]Undefined array key "title"
[ error ] [2]Undefined array key "title"
[ error ] [2]Undefined array key "title"
---------------------------------------------------------------
[ 2026-03-25T10:30:35+08:00 ] 47.87.34.234 GET 120.24.147.77/OJzI
[ error ] [8192]preg_match(): Passing null to parameter #2 ($subject) of type string is deprecated
[ error ] [8192]preg_match(): Passing null to parameter #2 ($subject) of type string is deprecated
[ error ] [8192]preg_match(): Passing null to parameter #2 ($subject) of type string is deprecated
[ error ] [8192]preg_match(): Passing null to parameter #2 ($subject) of type string is deprecated
[ error ] [8192]preg_match(): Passing null to parameter #2 ($subject) of type string is deprecated
[ error ] [8192]preg_match(): Passing null to parameter #2 ($subject) of type string is deprecated
---------------------------------------------------------------
[ 2026-03-25T10:30:35+08:00 ] 47.87.34.234 GET 120.24.147.77/OJzI
[ error ] [8192]preg_match(): Passing null to parameter #2 ($subject) of type string is deprecated
[ error ] [8192]preg_match(): Passing null to parameter #2 ($subject) of type string is deprecated
[ error ] [8192]preg_match(): Passing null to parameter #2 ($subject) of type string is deprecated
[ error ] [8192]preg_match(): Passing null to parameter #2 ($subject) of type string is deprecated
[ error ] [8192]preg_match(): Passing null to parameter #2 ($subject) of type string is deprecated
[ error ] [8192]preg_match(): Passing null to parameter #2 ($subject) of type string is deprecated
---------------------------------------------------------------
[ 2026-03-25T10:35:12+08:00 ] 205.210.31.32 GET 120.24.147.77/
[ error ] [8192]preg_match(): Passing null to parameter #2 ($subject) of type string is deprecated
[ error ] [8192]preg_match(): Passing null to parameter #2 ($subject) of type string is deprecated
[ error ] [8192]preg_match(): Passing null to parameter #2 ($subject) of type string is deprecated
[ error ] [8192]preg_match(): Passing null to parameter #2 ($subject) of type string is deprecated
[ error ] [8192]preg_match(): Passing null to parameter #2 ($subject) of type string is deprecated
[ error ] [8192]preg_match(): Passing null to parameter #2 ($subject) of type string is deprecated
[ error ] [8192]preg_match(): Passing null to parameter #2 ($subject) of type string is deprecated
[ error ] [8192]preg_match(): Passing null to parameter #2 ($subject) of type string is deprecated
[ error ] [8192]Automatic conversion of false to array is deprecated
[ error ] [2]Undefined array key "title"
[ error ] [2]Undefined array key "title"
[ error ] [2]Undefined array key "title"
[ error ] [2]Undefined array key "title"
---------------------------------------------------------------
[ 2026-03-25T10:35:33+08:00 ] 43.135.172.89 GET www.punalei.cn/ldcms/punaleiPNAIdangongnenganguixilie/guanyupunalei.html
[ error ] [8192]preg_match(): Passing null to parameter #2 ($subject) of type string is deprecated
[ error ] [8192]preg_match(): Passing null to parameter #2 ($subject) of type string is deprecated
[ error ] [8192]preg_match(): Passing null to parameter #2 ($subject) of type string is deprecated
[ error ] [8192]preg_match(): Passing null to parameter #2 ($subject) of type string is deprecated
[ error ] [8192]preg_match(): Passing null to parameter #2 ($subject) of type string is deprecated
[ error ] [8192]preg_match(): Passing null to parameter #2 ($subject) of type string is deprecated
[ error ] [8192]preg_match(): Passing null to parameter #2 ($subject) of type string is deprecated
[ error ] [8192]preg_match(): Passing null to parameter #2 ($subject) of type string is deprecated
[ error ] [8192]Automatic conversion of false to array is deprecated
---------------------------------------------------------------
[ 2026-03-25T10:35:33+08:00 ] 43.135.172.89 GET www.punalei.cn/ldcms/punaleiPNAIdangongnenganguixilie/guanyupunalei.html
[ error ] [8192]preg_match(): Passing null to parameter #2 ($subject) of type string is deprecated
[ error ] [8192]preg_match(): Passing null to parameter #2 ($subject) of type string is deprecated
[ error ] [8192]preg_match(): Passing null to parameter #2 ($subject) of type string is deprecated
[ error ] [8192]preg_match(): Passing null to parameter #2 ($subject) of type string is deprecated
[ error ] [8192]preg_match(): Passing null to parameter #2 ($subject) of type string is deprecated
[ error ] [8192]preg_match(): Passing null to parameter #2 ($subject) of type string is deprecated
---------------------------------------------------------------
[ 2026-03-25T10:36:07+08:00 ] 167.250.224.25 GET 120.24.147.77/admin/config.php
[ error ] [8192]preg_match(): Passing null to parameter #2 ($subject) of type string is deprecated
[ error ] [8192]preg_match(): Passing null to parameter #2 ($subject) of type string is deprecated
[ error ] [8192]preg_match(): Passing null to parameter #2 ($subject) of type string is deprecated
[ error ] [8192]preg_match(): Passing null to parameter #2 ($subject) of type string is deprecated
[ error ] [8192]preg_match(): Passing null to parameter #2 ($subject) of type string is deprecated
[ error ] [8192]preg_match(): Passing null to parameter #2 ($subject) of type string is deprecated
---------------------------------------------------------------
[ 2026-03-25T10:37:51+08:00 ] 59.82.83.67 GET www.punalei.cn/
[ error ] [8192]preg_match(): Passing null to parameter #2 ($subject) of type string is deprecated
[ error ] [8192]preg_match(): Passing null to parameter #2 ($subject) of type string is deprecated
[ error ] [8192]preg_match(): Passing null to parameter #2 ($subject) of type string is deprecated
[ error ] [8192]preg_match(): Passing null to parameter #2 ($subject) of type string is deprecated
[ error ] [8192]preg_match(): Passing null to parameter #2 ($subject) of type string is deprecated
[ error ] [8192]preg_match(): Passing null to parameter #2 ($subject) of type string is deprecated
[ error ] [8192]preg_match(): Passing null to parameter #2 ($subject) of type string is deprecated
[ error ] [8192]preg_match(): Passing null to parameter #2 ($subject) of type string is deprecated
[ error ] [8192]Automatic conversion of false to array is deprecated
[ error ] [2]Undefined array key "title"
[ error ] [2]Undefined array key "title"
[ error ] [2]Undefined array key "title"
[ error ] [2]Undefined array key "title"
---------------------------------------------------------------
[ 2026-03-25T10:37:51+08:00 ] 59.82.83.67 GET www.punalei.cn/
[ error ] [2]Undefined array key "title"
[ error ] [2]Undefined array key "title"
[ error ] [2]Undefined array key "title"
[ error ] [2]Undefined array key "title"
---------------------------------------------------------------
[ 2026-03-25T10:37:53+08:00 ] 59.82.83.67 GET www.punalei.cn/
[ error ] [2]Undefined array key "title"
[ error ] [2]Undefined array key "title"
[ error ] [2]Undefined array key "title"
[ error ] [2]Undefined array key "title"
---------------------------------------------------------------
[ 2026-03-25T10:37:53+08:00 ] 59.82.83.67 GET www.punalei.cn/
[ error ] [2]Undefined array key "title"
[ error ] [2]Undefined array key "title"
[ error ] [2]Undefined array key "title"
[ error ] [2]Undefined array key "title"
---------------------------------------------------------------
[ 2026-03-25T10:37:54+08:00 ] 59.82.83.131 GET www.punalei.cn/
[ error ] [2]Undefined array key "title"
[ error ] [2]Undefined array key "title"
[ error ] [2]Undefined array key "title"
[ error ] [2]Undefined array key "title"
---------------------------------------------------------------
[ 2026-03-25T10:37:54+08:00 ] 59.82.83.67 GET www.punalei.cn/
[ error ] [2]Undefined array key "title"
[ error ] [2]Undefined array key "title"
[ error ] [2]Undefined array key "title"
[ error ] [2]Undefined array key "title"
---------------------------------------------------------------
[ 2026-03-25T10:37:54+08:00 ] 59.82.83.67 GET www.punalei.cn/
[ error ] [2]Undefined array key "title"
[ error ] [2]Undefined array key "title"
[ error ] [2]Undefined array key "title"
[ error ] [2]Undefined array key "title"
---------------------------------------------------------------
[ 2026-03-25T10:44:38+08:00 ] 66.228.53.174 GET 120.24.147.77/
[ error ] [8192]preg_match(): Passing null to parameter #2 ($subject) of type string is deprecated
[ error ] [8192]preg_match(): Passing null to parameter #2 ($subject) of type string is deprecated
[ error ] [8192]preg_match(): Passing null to parameter #2 ($subject) of type string is deprecated
[ error ] [8192]preg_match(): Passing null to parameter #2 ($subject) of type string is deprecated
[ error ] [8192]preg_match(): Passing null to parameter #2 ($subject) of type string is deprecated
[ error ] [8192]preg_match(): Passing null to parameter #2 ($subject) of type string is deprecated
[ error ] [8192]preg_match(): Passing null to parameter #2 ($subject) of type string is deprecated
[ error ] [8192]preg_match(): Passing null to parameter #2 ($subject) of type string is deprecated
[ error ] [8192]Automatic conversion of false to array is deprecated
[ error ] [2]Undefined array key "title"
[ error ] [2]Undefined array key "title"
[ error ] [2]Undefined array key "title"
[ error ] [2]Undefined array key "title"
---------------------------------------------------------------
[ 2026-03-25T10:45:10+08:00 ] 43.157.98.187 GET www.punalei.cn/ldcms/zhiliudianyuanshumaxilie/327.html
[ error ] [8192]preg_match(): Passing null to parameter #2 ($subject) of type string is deprecated
[ error ] [8192]preg_match(): Passing null to parameter #2 ($subject) of type string is deprecated
[ error ] [8192]preg_match(): Passing null to parameter #2 ($subject) of type string is deprecated
[ error ] [8192]preg_match(): Passing null to parameter #2 ($subject) of type string is deprecated
[ error ] [8192]preg_match(): Passing null to parameter #2 ($subject) of type string is deprecated
[ error ] [8192]preg_match(): Passing null to parameter #2 ($subject) of type string is deprecated
[ error ] [8192]preg_match(): Passing null to parameter #2 ($subject) of type string is deprecated
[ error ] [8192]preg_match(): Passing null to parameter #2 ($subject) of type string is deprecated
[ error ] [8192]Automatic conversion of false to array is deprecated
---------------------------------------------------------------
[ 2026-03-25T10:55:16+08:00 ] 43.159.149.216 GET www.punalei.cn/ldcms/punaleiPNAIduogongnenganguixilie/311.html
[ error ] [8192]preg_match(): Passing null to parameter #2 ($subject) of type string is deprecated
[ error ] [8192]preg_match(): Passing null to parameter #2 ($subject) of type string is deprecated
[ error ] [8192]preg_match(): Passing null to parameter #2 ($subject) of type string is deprecated
[ error ] [8192]preg_match(): Passing null to parameter #2 ($subject) of type string is deprecated
[ error ] [8192]preg_match(): Passing null to parameter #2 ($subject) of type string is deprecated
[ error ] [8192]preg_match(): Passing null to parameter #2 ($subject) of type string is deprecated
[ error ] [8192]preg_match(): Passing null to parameter #2 ($subject) of type string is deprecated
[ error ] [8192]preg_match(): Passing null to parameter #2 ($subject) of type string is deprecated
[ error ] [8192]Automatic conversion of false to array is deprecated
---------------------------------------------------------------
[ 2026-03-25T10:56:18+08:00 ] 43.130.60.195 GET 120.24.147.77/
[ error ] [8192]preg_match(): Passing null to parameter #2 ($subject) of type string is deprecated
[ error ] [8192]preg_match(): Passing null to parameter #2 ($subject) of type string is deprecated
[ error ] [8192]preg_match(): Passing null to parameter #2 ($subject) of type string is deprecated
[ error ] [8192]preg_match(): Passing null to parameter #2 ($subject) of type string is deprecated
[ error ] [8192]preg_match(): Passing null to parameter #2 ($subject) of type string is deprecated
[ error ] [8192]preg_match(): Passing null to parameter #2 ($subject) of type string is deprecated
[ error ] [8192]preg_match(): Passing null to parameter #2 ($subject) of type string is deprecated
[ error ] [8192]preg_match(): Passing null to parameter #2 ($subject) of type string is deprecated
[ error ] [8192]Automatic conversion of false to array is deprecated
[ error ] [2]Undefined array key "title"
[ error ] [2]Undefined array key "title"
[ error ] [2]Undefined array key "title"
[ error ] [2]Undefined array key "title"
---------------------------------------------------------------
[ 2026-03-25T11:03:33+08:00 ] 66.228.53.204 GET 120.24.147.77/
[ error ] [8192]preg_match(): Passing null to parameter #2 ($subject) of type string is deprecated
[ error ] [8192]preg_match(): Passing null to parameter #2 ($subject) of type string is deprecated
[ error ] [8192]preg_match(): Passing null to parameter #2 ($subject) of type string is deprecated
[ error ] [8192]preg_match(): Passing null to parameter #2 ($subject) of type string is deprecated
[ error ] [8192]preg_match(): Passing null to parameter #2 ($subject) of type string is deprecated
[ error ] [8192]preg_match(): Passing null to parameter #2 ($subject) of type string is deprecated
[ error ] [8192]preg_match(): Passing null to parameter #2 ($subject) of type string is deprecated
[ error ] [8192]preg_match(): Passing null to parameter #2 ($subject) of type string is deprecated
[ error ] [8192]Automatic conversion of false to array is deprecated
[ error ] [2]Undefined array key "title"
[ error ] [2]Undefined array key "title"
[ error ] [2]Undefined array key "title"
[ error ] [2]Undefined array key "title"
---------------------------------------------------------------
[ 2026-03-25T11:05:39+08:00 ] 43.165.65.75 GET www.punalei.cn/ldcms/zhiliudianyuanshumaxilie/327.html
[ error ] [8192]preg_match(): Passing null to parameter #2 ($subject) of type string is deprecated
[ error ] [8192]preg_match(): Passing null to parameter #2 ($subject) of type string is deprecated
[ error ] [8192]preg_match(): Passing null to parameter #2 ($subject) of type string is deprecated
[ error ] [8192]preg_match(): Passing null to parameter #2 ($subject) of type string is deprecated
[ error ] [8192]preg_match(): Passing null to parameter #2 ($subject) of type string is deprecated
[ error ] [8192]preg_match(): Passing null to parameter #2 ($subject) of type string is deprecated
[ error ] [8192]preg_match(): Passing null to parameter #2 ($subject) of type string is deprecated
[ error ] [8192]preg_match(): Passing null to parameter #2 ($subject) of type string is deprecated
[ error ] [8192]Automatic conversion of false to array is deprecated
---------------------------------------------------------------
[ 2026-03-25T11:15:17+08:00 ] 43.159.128.155 GET www.punalei.cn/ldcms/zhiliudianyuanshumaxilie/327.html
[ error ] [8192]preg_match(): Passing null to parameter #2 ($subject) of type string is deprecated
[ error ] [8192]preg_match(): Passing null to parameter #2 ($subject) of type string is deprecated
[ error ] [8192]preg_match(): Passing null to parameter #2 ($subject) of type string is deprecated
[ error ] [8192]preg_match(): Passing null to parameter #2 ($subject) of type string is deprecated
[ error ] [8192]preg_match(): Passing null to parameter #2 ($subject) of type string is deprecated
[ error ] [8192]preg_match(): Passing null to parameter #2 ($subject) of type string is deprecated
[ error ] [8192]preg_match(): Passing null to parameter #2 ($subject) of type string is deprecated
[ error ] [8192]preg_match(): Passing null to parameter #2 ($subject) of type string is deprecated
[ error ] [8192]Automatic conversion of false to array is deprecated
---------------------------------------------------------------
[ 2026-03-25T11:22:05+08:00 ] 71.6.199.65 GET 120.24.147.77/
[ error ] [8192]preg_match(): Passing null to parameter #2 ($subject) of type string is deprecated
[ error ] [8192]preg_match(): Passing null to parameter #2 ($subject) of type string is deprecated
[ error ] [8192]preg_match(): Passing null to parameter #2 ($subject) of type string is deprecated
[ error ] [8192]preg_match(): Passing null to parameter #2 ($subject) of type string is deprecated
[ error ] [8192]preg_match(): Passing null to parameter #2 ($subject) of type string is deprecated
[ error ] [8192]preg_match(): Passing null to parameter #2 ($subject) of type string is deprecated
[ error ] [8192]preg_match(): Passing null to parameter #2 ($subject) of type string is deprecated
[ error ] [8192]preg_match(): Passing null to parameter #2 ($subject) of type string is deprecated
[ error ] [8192]Automatic conversion of false to array is deprecated
[ error ] [2]Undefined array key "title"
[ error ] [2]Undefined array key "title"
[ error ] [2]Undefined array key "title"
[ error ] [2]Undefined array key "title"
---------------------------------------------------------------
[ 2026-03-25T11:23:58+08:00 ] 89.42.231.241 GET 120.24.147.77/
[ error ] [8192]preg_match(): Passing null to parameter #2 ($subject) of type string is deprecated
[ error ] [8192]preg_match(): Passing null to parameter #2 ($subject) of type string is deprecated
[ error ] [8192]preg_match(): Passing null to parameter #2 ($subject) of type string is deprecated
[ error ] [8192]preg_match(): Passing null to parameter #2 ($subject) of type string is deprecated
[ error ] [8192]preg_match(): Passing null to parameter #2 ($subject) of type string is deprecated
[ error ] [8192]preg_match(): Passing null to parameter #2 ($subject) of type string is deprecated
[ error ] [8192]preg_match(): Passing null to parameter #2 ($subject) of type string is deprecated
[ error ] [8192]preg_match(): Passing null to parameter #2 ($subject) of type string is deprecated
[ error ] [8192]Automatic conversion of false to array is deprecated
[ error ] [2]Undefined array key "title"
[ error ] [2]Undefined array key "title"
[ error ] [2]Undefined array key "title"
[ error ] [2]Undefined array key "title"
---------------------------------------------------------------
[ 2026-03-25T11:25:01+08:00 ] 170.106.192.208 GET www.punalei.cn/ldcms/dansanxiangzhinenganguizonghefenxiyi
[ error ] [8192]preg_match(): Passing null to parameter #2 ($subject) of type string is deprecated
[ error ] [8192]preg_match(): Passing null to parameter #2 ($subject) of type string is deprecated
[ error ] [8192]preg_match(): Passing null to parameter #2 ($subject) of type string is deprecated
[ error ] [8192]preg_match(): Passing null to parameter #2 ($subject) of type string is deprecated
[ error ] [8192]preg_match(): Passing null to parameter #2 ($subject) of type string is deprecated
[ error ] [8192]preg_match(): Passing null to parameter #2 ($subject) of type string is deprecated
[ error ] [8192]preg_match(): Passing null to parameter #2 ($subject) of type string is deprecated
---------------------------------------------------------------
[ 2026-03-25T11:25:01+08:00 ] 170.106.192.208 GET www.punalei.cn/ldcms/dansanxiangzhinenganguizonghefenxiyi
[ error ] [8192]preg_match(): Passing null to parameter #2 ($subject) of type string is deprecated
[ error ] [8192]preg_match(): Passing null to parameter #2 ($subject) of type string is deprecated
[ error ] [8192]preg_match(): Passing null to parameter #2 ($subject) of type string is deprecated
[ error ] [8192]preg_match(): Passing null to parameter #2 ($subject) of type string is deprecated
[ error ] [8192]preg_match(): Passing null to parameter #2 ($subject) of type string is deprecated
[ error ] [8192]preg_match(): Passing null to parameter #2 ($subject) of type string is deprecated
---------------------------------------------------------------
[ 2026-03-25T11:35:22+08:00 ] 43.165.65.75 GET www.punalei.cn/ldcms/zhiliudianyuanshumaxilie/327.html
[ error ] [8192]preg_match(): Passing null to parameter #2 ($subject) of type string is deprecated
[ error ] [8192]preg_match(): Passing null to parameter #2 ($subject) of type string is deprecated
[ error ] [8192]preg_match(): Passing null to parameter #2 ($subject) of type string is deprecated
[ error ] [8192]preg_match(): Passing null to parameter #2 ($subject) of type string is deprecated
[ error ] [8192]preg_match(): Passing null to parameter #2 ($subject) of type string is deprecated
[ error ] [8192]preg_match(): Passing null to parameter #2 ($subject) of type string is deprecated
[ error ] [8192]preg_match(): Passing null to parameter #2 ($subject) of type string is deprecated
[ error ] [8192]preg_match(): Passing null to parameter #2 ($subject) of type string is deprecated
[ error ] [8192]Automatic conversion of false to array is deprecated
---------------------------------------------------------------
[ 2026-03-25T11:37:41+08:00 ] 59.82.135.3 GET 120.24.147.77/dns-query?dns=Z1kBAAABAAAAAAAAA3d3dwRiaW5nA2NvbQAAAQAB
[ error ] [8192]preg_match(): Passing null to parameter #2 ($subject) of type string is deprecated
[ error ] [8192]preg_match(): Passing null to parameter #2 ($subject) of type string is deprecated
[ error ] [8192]preg_match(): Passing null to parameter #2 ($subject) of type string is deprecated
[ error ] [8192]preg_match(): Passing null to parameter #2 ($subject) of type string is deprecated
[ error ] [8192]preg_match(): Passing null to parameter #2 ($subject) of type string is deprecated
[ error ] [8192]preg_match(): Passing null to parameter #2 ($subject) of type string is deprecated
---------------------------------------------------------------
[ 2026-03-25T11:37:41+08:00 ] 59.82.135.3 GET 120.24.147.77/dns-query?dns=Z1kBAAABAAAAAAAAA3d3dwRiaW5nA2NvbQAAAQAB
[ error ] [8192]preg_match(): Passing null to parameter #2 ($subject) of type string is deprecated
[ error ] [8192]preg_match(): Passing null to parameter #2 ($subject) of type string is deprecated
[ error ] [8192]preg_match(): Passing null to parameter #2 ($subject) of type string is deprecated
[ error ] [8192]preg_match(): Passing null to parameter #2 ($subject) of type string is deprecated
[ error ] [8192]preg_match(): Passing null to parameter #2 ($subject) of type string is deprecated
[ error ] [8192]preg_match(): Passing null to parameter #2 ($subject) of type string is deprecated
---------------------------------------------------------------
[ 2026-03-25T11:43:43+08:00 ] 128.203.204.199 GET 120.24.147.77/
[ error ] [8192]preg_match(): Passing null to parameter #2 ($subject) of type string is deprecated
[ error ] [8192]preg_match(): Passing null to parameter #2 ($subject) of type string is deprecated
[ error ] [8192]preg_match(): Passing null to parameter #2 ($subject) of type string is deprecated
[ error ] [8192]preg_match(): Passing null to parameter #2 ($subject) of type string is deprecated
[ error ] [8192]preg_match(): Passing null to parameter #2 ($subject) of type string is deprecated
[ error ] [8192]preg_match(): Passing null to parameter #2 ($subject) of type string is deprecated
[ error ] [8192]preg_match(): Passing null to parameter #2 ($subject) of type string is deprecated
[ error ] [8192]preg_match(): Passing null to parameter #2 ($subject) of type string is deprecated
[ error ] [8192]Automatic conversion of false to array is deprecated
[ error ] [2]Undefined array key "title"
[ error ] [2]Undefined array key "title"
[ error ] [2]Undefined array key "title"
[ error ] [2]Undefined array key "title"
---------------------------------------------------------------
[ 2026-03-25T11:44:55+08:00 ] 43.130.111.40 GET www.punalei.cn/ldcms/zhiliudianyuanshumaxilie/xiazaizhongxin.html?type=4&name=应用驱动软件
[ error ] [8192]preg_match(): Passing null to parameter #2 ($subject) of type string is deprecated
[ error ] [8192]preg_match(): Passing null to parameter #2 ($subject) of type string is deprecated
[ error ] [8192]preg_match(): Passing null to parameter #2 ($subject) of type string is deprecated
[ error ] [8192]preg_match(): Passing null to parameter #2 ($subject) of type string is deprecated
[ error ] [8192]preg_match(): Passing null to parameter #2 ($subject) of type string is deprecated
[ error ] [8192]preg_match(): Passing null to parameter #2 ($subject) of type string is deprecated
[ error ] [8192]preg_match(): Passing null to parameter #2 ($subject) of type string is deprecated
[ error ] [8192]preg_match(): Passing null to parameter #2 ($subject) of type string is deprecated
[ error ] [8192]Automatic conversion of false to array is deprecated
---------------------------------------------------------------
[ 2026-03-25T11:44:55+08:00 ] 43.130.111.40 GET www.punalei.cn/ldcms/zhiliudianyuanshumaxilie/xiazaizhongxin.html?type=4&name=应用驱动软件
[ error ] [8192]preg_match(): Passing null to parameter #2 ($subject) of type string is deprecated
[ error ] [8192]preg_match(): Passing null to parameter #2 ($subject) of type string is deprecated
[ error ] [8192]preg_match(): Passing null to parameter #2 ($subject) of type string is deprecated
[ error ] [8192]preg_match(): Passing null to parameter #2 ($subject) of type string is deprecated
[ error ] [8192]preg_match(): Passing null to parameter #2 ($subject) of type string is deprecated
[ error ] [8192]preg_match(): Passing null to parameter #2 ($subject) of type string is deprecated
---------------------------------------------------------------
[ 2026-03-25T11:53:30+08:00 ] 172.236.228.229 GET 120.24.147.77/
[ error ] [8192]preg_match(): Passing null to parameter #2 ($subject) of type string is deprecated
[ error ] [8192]preg_match(): Passing null to parameter #2 ($subject) of type string is deprecated
[ error ] [8192]preg_match(): Passing null to parameter #2 ($subject) of type string is deprecated
[ error ] [8192]preg_match(): Passing null to parameter #2 ($subject) of type string is deprecated
[ error ] [8192]preg_match(): Passing null to parameter #2 ($subject) of type string is deprecated
[ error ] [8192]preg_match(): Passing null to parameter #2 ($subject) of type string is deprecated
[ error ] [8192]preg_match(): Passing null to parameter #2 ($subject) of type string is deprecated
[ error ] [8192]preg_match(): Passing null to parameter #2 ($subject) of type string is deprecated
[ error ] [8192]Automatic conversion of false to array is deprecated
[ error ] [2]Undefined array key "title"
[ error ] [2]Undefined array key "title"
[ error ] [2]Undefined array key "title"
[ error ] [2]Undefined array key "title"
---------------------------------------------------------------
[ 2026-03-25T11:55:37+08:00 ] 170.106.110.146 GET www.punalei.cn/ldcms/punaleiPNAIduogongnenganguixilie/xiazaizhongxin.html
[ error ] [8192]preg_match(): Passing null to parameter #2 ($subject) of type string is deprecated
[ error ] [8192]preg_match(): Passing null to parameter #2 ($subject) of type string is deprecated
[ error ] [8192]preg_match(): Passing null to parameter #2 ($subject) of type string is deprecated
[ error ] [8192]preg_match(): Passing null to parameter #2 ($subject) of type string is deprecated
[ error ] [8192]preg_match(): Passing null to parameter #2 ($subject) of type string is deprecated
[ error ] [8192]preg_match(): Passing null to parameter #2 ($subject) of type string is deprecated
[ error ] [8192]preg_match(): Passing null to parameter #2 ($subject) of type string is deprecated
[ error ] [8192]preg_match(): Passing null to parameter #2 ($subject) of type string is deprecated
[ error ] [8192]Automatic conversion of false to array is deprecated
---------------------------------------------------------------
[ 2026-03-25T11:55:37+08:00 ] 170.106.110.146 GET www.punalei.cn/ldcms/punaleiPNAIduogongnenganguixilie/xiazaizhongxin.html
[ error ] [8192]preg_match(): Passing null to parameter #2 ($subject) of type string is deprecated
[ error ] [8192]preg_match(): Passing null to parameter #2 ($subject) of type string is deprecated
[ error ] [8192]preg_match(): Passing null to parameter #2 ($subject) of type string is deprecated
[ error ] [8192]preg_match(): Passing null to parameter #2 ($subject) of type string is deprecated
[ error ] [8192]preg_match(): Passing null to parameter #2 ($subject) of type string is deprecated
[ error ] [8192]preg_match(): Passing null to parameter #2 ($subject) of type string is deprecated
---------------------------------------------------------------
[ 2026-03-25T11:58:49+08:00 ] 149.86.227.60 GET 120.24.147.77/
[ error ] [8192]preg_match(): Passing null to parameter #2 ($subject) of type string is deprecated
[ error ] [8192]preg_match(): Passing null to parameter #2 ($subject) of type string is deprecated
[ error ] [8192]preg_match(): Passing null to parameter #2 ($subject) of type string is deprecated
[ error ] [8192]preg_match(): Passing null to parameter #2 ($subject) of type string is deprecated
[ error ] [8192]preg_match(): Passing null to parameter #2 ($subject) of type string is deprecated
[ error ] [8192]preg_match(): Passing null to parameter #2 ($subject) of type string is deprecated
[ error ] [8192]preg_match(): Passing null to parameter #2 ($subject) of type string is deprecated
[ error ] [8192]preg_match(): Passing null to parameter #2 ($subject) of type string is deprecated
[ error ] [8192]Automatic conversion of false to array is deprecated
[ error ] [2]Undefined array key "title"
[ error ] [2]Undefined array key "title"
[ error ] [2]Undefined array key "title"
[ error ] [2]Undefined array key "title"
---------------------------------------------------------------
[ 2026-03-25T12:07:33+08:00 ] 172.202.104.166 GET 120.24.147.77/login
[ error ] [8192]preg_match(): Passing null to parameter #2 ($subject) of type string is deprecated
[ error ] [8192]preg_match(): Passing null to parameter #2 ($subject) of type string is deprecated
[ error ] [8192]preg_match(): Passing null to parameter #2 ($subject) of type string is deprecated
[ error ] [8192]preg_match(): Passing null to parameter #2 ($subject) of type string is deprecated
[ error ] [8192]preg_match(): Passing null to parameter #2 ($subject) of type string is deprecated
[ error ] [8192]preg_match(): Passing null to parameter #2 ($subject) of type string is deprecated
---------------------------------------------------------------
[ 2026-03-25T12:07:33+08:00 ] 172.202.104.166 GET 120.24.147.77/login
[ error ] [8192]preg_match(): Passing null to parameter #2 ($subject) of type string is deprecated
[ error ] [8192]preg_match(): Passing null to parameter #2 ($subject) of type string is deprecated
[ error ] [8192]preg_match(): Passing null to parameter #2 ($subject) of type string is deprecated
[ error ] [8192]preg_match(): Passing null to parameter #2 ($subject) of type string is deprecated
[ error ] [8192]preg_match(): Passing null to parameter #2 ($subject) of type string is deprecated
[ error ] [8192]preg_match(): Passing null to parameter #2 ($subject) of type string is deprecated
---------------------------------------------------------------
[ 2026-03-25T12:09:02+08:00 ] 172.105.128.11 GET 120.24.147.77/
[ error ] [8192]preg_match(): Passing null to parameter #2 ($subject) of type string is deprecated
[ error ] [8192]preg_match(): Passing null to parameter #2 ($subject) of type string is deprecated
[ error ] [8192]preg_match(): Passing null to parameter #2 ($subject) of type string is deprecated
[ error ] [8192]preg_match(): Passing null to parameter #2 ($subject) of type string is deprecated
[ error ] [8192]preg_match(): Passing null to parameter #2 ($subject) of type string is deprecated
[ error ] [8192]preg_match(): Passing null to parameter #2 ($subject) of type string is deprecated
[ error ] [8192]preg_match(): Passing null to parameter #2 ($subject) of type string is deprecated
[ error ] [8192]preg_match(): Passing null to parameter #2 ($subject) of type string is deprecated
[ error ] [8192]Automatic conversion of false to array is deprecated
[ error ] [2]Undefined array key "title"
[ error ] [2]Undefined array key "title"
[ error ] [2]Undefined array key "title"
[ error ] [2]Undefined array key "title"
---------------------------------------------------------------
[ 2026-03-25T12:10:18+08:00 ] 71.6.199.65 GET 120.24.147.77/
[ error ] [8192]preg_match(): Passing null to parameter #2 ($subject) of type string is deprecated
[ error ] [8192]preg_match(): Passing null to parameter #2 ($subject) of type string is deprecated
[ error ] [8192]preg_match(): Passing null to parameter #2 ($subject) of type string is deprecated
[ error ] [8192]preg_match(): Passing null to parameter #2 ($subject) of type string is deprecated
[ error ] [8192]preg_match(): Passing null to parameter #2 ($subject) of type string is deprecated
[ error ] [8192]preg_match(): Passing null to parameter #2 ($subject) of type string is deprecated
[ error ] [8192]preg_match(): Passing null to parameter #2 ($subject) of type string is deprecated
[ error ] [8192]preg_match(): Passing null to parameter #2 ($subject) of type string is deprecated
[ error ] [8192]Automatic conversion of false to array is deprecated
[ error ] [2]Undefined array key "title"
[ error ] [2]Undefined array key "title"
[ error ] [2]Undefined array key "title"
[ error ] [2]Undefined array key "title"
---------------------------------------------------------------
[ 2026-03-25T12:33:18+08:00 ] 60.255.208.40 GET punalei.cn/
[ error ] [8192]preg_match(): Passing null to parameter #2 ($subject) of type string is deprecated
[ error ] [8192]preg_match(): Passing null to parameter #2 ($subject) of type string is deprecated
[ error ] [8192]preg_match(): Passing null to parameter #2 ($subject) of type string is deprecated
[ error ] [8192]preg_match(): Passing null to parameter #2 ($subject) of type string is deprecated
[ error ] [8192]preg_match(): Passing null to parameter #2 ($subject) of type string is deprecated
[ error ] [8192]preg_match(): Passing null to parameter #2 ($subject) of type string is deprecated
[ error ] [8192]preg_match(): Passing null to parameter #2 ($subject) of type string is deprecated
[ error ] [8192]preg_match(): Passing null to parameter #2 ($subject) of type string is deprecated
[ error ] [8192]Automatic conversion of false to array is deprecated
[ error ] [2]Undefined array key "title"
[ error ] [2]Undefined array key "title"
[ error ] [2]Undefined array key "title"
[ error ] [2]Undefined array key "title"
---------------------------------------------------------------
[ 2026-03-25T12:33:20+08:00 ] 123.6.49.10 GET punalei.cn/
[ error ] [8192]preg_match(): Passing null to parameter #2 ($subject) of type string is deprecated
[ error ] [8192]preg_match(): Passing null to parameter #2 ($subject) of type string is deprecated
[ error ] [8192]preg_match(): Passing null to parameter #2 ($subject) of type string is deprecated
[ error ] [8192]preg_match(): Passing null to parameter #2 ($subject) of type string is deprecated
[ error ] [8192]preg_match(): Passing null to parameter #2 ($subject) of type string is deprecated
[ error ] [8192]preg_match(): Passing null to parameter #2 ($subject) of type string is deprecated
[ error ] [8192]preg_match(): Passing null to parameter #2 ($subject) of type string is deprecated
[ error ] [8192]preg_match(): Passing null to parameter #2 ($subject) of type string is deprecated
[ error ] [8192]Automatic conversion of false to array is deprecated
[ error ] [2]Undefined array key "title"
[ error ] [2]Undefined array key "title"
[ error ] [2]Undefined array key "title"
[ error ] [2]Undefined array key "title"
---------------------------------------------------------------
[ 2026-03-25T12:33:28+08:00 ] 123.6.49.4 GET punalei.cn/
[ error ] [8192]preg_match(): Passing null to parameter #2 ($subject) of type string is deprecated
[ error ] [8192]preg_match(): Passing null to parameter #2 ($subject) of type string is deprecated
[ error ] [8192]preg_match(): Passing null to parameter #2 ($subject) of type string is deprecated
[ error ] [8192]preg_match(): Passing null to parameter #2 ($subject) of type string is deprecated
[ error ] [8192]preg_match(): Passing null to parameter #2 ($subject) of type string is deprecated
[ error ] [8192]preg_match(): Passing null to parameter #2 ($subject) of type string is deprecated
[ error ] [8192]preg_match(): Passing null to parameter #2 ($subject) of type string is deprecated
[ error ] [8192]preg_match(): Passing null to parameter #2 ($subject) of type string is deprecated
[ error ] [8192]Automatic conversion of false to array is deprecated
[ error ] [2]Undefined array key "title"
[ error ] [2]Undefined array key "title"
[ error ] [2]Undefined array key "title"
[ error ] [2]Undefined array key "title"
---------------------------------------------------------------
[ 2026-03-25T12:49:14+08:00 ] 198.235.24.9 GET 120.24.147.77/
[ error ] [8192]preg_match(): Passing null to parameter #2 ($subject) of type string is deprecated
[ error ] [8192]preg_match(): Passing null to parameter #2 ($subject) of type string is deprecated
[ error ] [8192]preg_match(): Passing null to parameter #2 ($subject) of type string is deprecated
[ error ] [8192]preg_match(): Passing null to parameter #2 ($subject) of type string is deprecated
[ error ] [8192]preg_match(): Passing null to parameter #2 ($subject) of type string is deprecated
[ error ] [8192]preg_match(): Passing null to parameter #2 ($subject) of type string is deprecated
[ error ] [8192]preg_match(): Passing null to parameter #2 ($subject) of type string is deprecated
[ error ] [8192]preg_match(): Passing null to parameter #2 ($subject) of type string is deprecated
[ error ] [8192]Automatic conversion of false to array is deprecated
[ error ] [2]Undefined array key "title"
[ error ] [2]Undefined array key "title"
[ error ] [2]Undefined array key "title"
[ error ] [2]Undefined array key "title"
---------------------------------------------------------------
[ 2026-03-25T13:03:09+08:00 ] 147.185.132.135 GET punalei.cn/
[ error ] [8192]preg_match(): Passing null to parameter #2 ($subject) of type string is deprecated
[ error ] [8192]preg_match(): Passing null to parameter #2 ($subject) of type string is deprecated
[ error ] [8192]preg_match(): Passing null to parameter #2 ($subject) of type string is deprecated
[ error ] [8192]preg_match(): Passing null to parameter #2 ($subject) of type string is deprecated
[ error ] [8192]preg_match(): Passing null to parameter #2 ($subject) of type string is deprecated
[ error ] [8192]preg_match(): Passing null to parameter #2 ($subject) of type string is deprecated
[ error ] [8192]preg_match(): Passing null to parameter #2 ($subject) of type string is deprecated
[ error ] [8192]preg_match(): Passing null to parameter #2 ($subject) of type string is deprecated
[ error ] [8192]Automatic conversion of false to array is deprecated
[ error ] [2]Undefined array key "title"
[ error ] [2]Undefined array key "title"
[ error ] [2]Undefined array key "title"
[ error ] [2]Undefined array key "title"
---------------------------------------------------------------
[ 2026-03-25T13:12:43+08:00 ] 43.157.43.147 GET 120.24.147.77/
[ error ] [8192]preg_match(): Passing null to parameter #2 ($subject) of type string is deprecated
[ error ] [8192]preg_match(): Passing null to parameter #2 ($subject) of type string is deprecated
[ error ] [8192]preg_match(): Passing null to parameter #2 ($subject) of type string is deprecated
[ error ] [8192]preg_match(): Passing null to parameter #2 ($subject) of type string is deprecated
[ error ] [8192]preg_match(): Passing null to parameter #2 ($subject) of type string is deprecated
[ error ] [8192]preg_match(): Passing null to parameter #2 ($subject) of type string is deprecated
[ error ] [8192]preg_match(): Passing null to parameter #2 ($subject) of type string is deprecated
[ error ] [8192]preg_match(): Passing null to parameter #2 ($subject) of type string is deprecated
[ error ] [8192]Automatic conversion of false to array is deprecated
[ error ] [2]Undefined array key "title"
[ error ] [2]Undefined array key "title"
[ error ] [2]Undefined array key "title"
[ error ] [2]Undefined array key "title"
---------------------------------------------------------------
[ 2026-03-25T13:15:16+08:00 ] 176.65.149.234 GET 120.24.147.77/
[ error ] [8192]preg_match(): Passing null to parameter #2 ($subject) of type string is deprecated
[ error ] [8192]preg_match(): Passing null to parameter #2 ($subject) of type string is deprecated
[ error ] [8192]preg_match(): Passing null to parameter #2 ($subject) of type string is deprecated
[ error ] [8192]preg_match(): Passing null to parameter #2 ($subject) of type string is deprecated
[ error ] [8192]preg_match(): Passing null to parameter #2 ($subject) of type string is deprecated
[ error ] [8192]preg_match(): Passing null to parameter #2 ($subject) of type string is deprecated
[ error ] [8192]preg_match(): Passing null to parameter #2 ($subject) of type string is deprecated
[ error ] [8192]preg_match(): Passing null to parameter #2 ($subject) of type string is deprecated
[ error ] [8192]Automatic conversion of false to array is deprecated
[ error ] [2]Undefined array key "title"
[ error ] [2]Undefined array key "title"
[ error ] [2]Undefined array key "title"
[ error ] [2]Undefined array key "title"
---------------------------------------------------------------
[ 2026-03-25T13:23:48+08:00 ] 148.153.56.62 GET 120.24.147.77/7Mjn
[ error ] [8192]preg_match(): Passing null to parameter #2 ($subject) of type string is deprecated
[ error ] [8192]preg_match(): Passing null to parameter #2 ($subject) of type string is deprecated
[ error ] [8192]preg_match(): Passing null to parameter #2 ($subject) of type string is deprecated
[ error ] [8192]preg_match(): Passing null to parameter #2 ($subject) of type string is deprecated
[ error ] [8192]preg_match(): Passing null to parameter #2 ($subject) of type string is deprecated
[ error ] [8192]preg_match(): Passing null to parameter #2 ($subject) of type string is deprecated
---------------------------------------------------------------
[ 2026-03-25T13:23:48+08:00 ] 148.153.56.62 GET 120.24.147.77/7Mjn
[ error ] [8192]preg_match(): Passing null to parameter #2 ($subject) of type string is deprecated
[ error ] [8192]preg_match(): Passing null to parameter #2 ($subject) of type string is deprecated
[ error ] [8192]preg_match(): Passing null to parameter #2 ($subject) of type string is deprecated
[ error ] [8192]preg_match(): Passing null to parameter #2 ($subject) of type string is deprecated
[ error ] [8192]preg_match(): Passing null to parameter #2 ($subject) of type string is deprecated
[ error ] [8192]preg_match(): Passing null to parameter #2 ($subject) of type string is deprecated
---------------------------------------------------------------
[ 2026-03-25T13:23:51+08:00 ] 148.153.56.62 GET 120.24.147.77/UWDm
[ error ] [8192]preg_match(): Passing null to parameter #2 ($subject) of type string is deprecated
[ error ] [8192]preg_match(): Passing null to parameter #2 ($subject) of type string is deprecated
[ error ] [8192]preg_match(): Passing null to parameter #2 ($subject) of type string is deprecated
[ error ] [8192]preg_match(): Passing null to parameter #2 ($subject) of type string is deprecated
[ error ] [8192]preg_match(): Passing null to parameter #2 ($subject) of type string is deprecated
[ error ] [8192]preg_match(): Passing null to parameter #2 ($subject) of type string is deprecated
---------------------------------------------------------------
[ 2026-03-25T13:23:51+08:00 ] 148.153.56.62 GET 120.24.147.77/UWDm
[ error ] [8192]preg_match(): Passing null to parameter #2 ($subject) of type string is deprecated
[ error ] [8192]preg_match(): Passing null to parameter #2 ($subject) of type string is deprecated
[ error ] [8192]preg_match(): Passing null to parameter #2 ($subject) of type string is deprecated
[ error ] [8192]preg_match(): Passing null to parameter #2 ($subject) of type string is deprecated
[ error ] [8192]preg_match(): Passing null to parameter #2 ($subject) of type string is deprecated
[ error ] [8192]preg_match(): Passing null to parameter #2 ($subject) of type string is deprecated
---------------------------------------------------------------
[ 2026-03-25T13:23:53+08:00 ] 148.153.56.62 GET 120.24.147.77/aab8
[ error ] [8192]preg_match(): Passing null to parameter #2 ($subject) of type string is deprecated
[ error ] [8192]preg_match(): Passing null to parameter #2 ($subject) of type string is deprecated
[ error ] [8192]preg_match(): Passing null to parameter #2 ($subject) of type string is deprecated
[ error ] [8192]preg_match(): Passing null to parameter #2 ($subject) of type string is deprecated
[ error ] [8192]preg_match(): Passing null to parameter #2 ($subject) of type string is deprecated
[ error ] [8192]preg_match(): Passing null to parameter #2 ($subject) of type string is deprecated
---------------------------------------------------------------
[ 2026-03-25T13:23:53+08:00 ] 148.153.56.62 GET 120.24.147.77/aab8
[ error ] [8192]preg_match(): Passing null to parameter #2 ($subject) of type string is deprecated
[ error ] [8192]preg_match(): Passing null to parameter #2 ($subject) of type string is deprecated
[ error ] [8192]preg_match(): Passing null to parameter #2 ($subject) of type string is deprecated
[ error ] [8192]preg_match(): Passing null to parameter #2 ($subject) of type string is deprecated
[ error ] [8192]preg_match(): Passing null to parameter #2 ($subject) of type string is deprecated
[ error ] [8192]preg_match(): Passing null to parameter #2 ($subject) of type string is deprecated
---------------------------------------------------------------
[ 2026-03-25T13:23:54+08:00 ] 148.153.56.62 GET 120.24.147.77/jquery-3.3.1.slim.min.js
[ error ] [8192]preg_match(): Passing null to parameter #2 ($subject) of type string is deprecated
[ error ] [8192]preg_match(): Passing null to parameter #2 ($subject) of type string is deprecated
[ error ] [8192]preg_match(): Passing null to parameter #2 ($subject) of type string is deprecated
[ error ] [8192]preg_match(): Passing null to parameter #2 ($subject) of type string is deprecated
[ error ] [8192]preg_match(): Passing null to parameter #2 ($subject) of type string is deprecated
[ error ] [8192]preg_match(): Passing null to parameter #2 ($subject) of type string is deprecated
---------------------------------------------------------------
[ 2026-03-25T13:23:56+08:00 ] 148.153.56.62 GET 120.24.147.77/aab9
[ error ] [8192]preg_match(): Passing null to parameter #2 ($subject) of type string is deprecated
[ error ] [8192]preg_match(): Passing null to parameter #2 ($subject) of type string is deprecated
[ error ] [8192]preg_match(): Passing null to parameter #2 ($subject) of type string is deprecated
[ error ] [8192]preg_match(): Passing null to parameter #2 ($subject) of type string is deprecated
[ error ] [8192]preg_match(): Passing null to parameter #2 ($subject) of type string is deprecated
[ error ] [8192]preg_match(): Passing null to parameter #2 ($subject) of type string is deprecated
---------------------------------------------------------------
[ 2026-03-25T13:23:56+08:00 ] 148.153.56.62 GET 120.24.147.77/aab9
[ error ] [8192]preg_match(): Passing null to parameter #2 ($subject) of type string is deprecated
[ error ] [8192]preg_match(): Passing null to parameter #2 ($subject) of type string is deprecated
[ error ] [8192]preg_match(): Passing null to parameter #2 ($subject) of type string is deprecated
[ error ] [8192]preg_match(): Passing null to parameter #2 ($subject) of type string is deprecated
[ error ] [8192]preg_match(): Passing null to parameter #2 ($subject) of type string is deprecated
[ error ] [8192]preg_match(): Passing null to parameter #2 ($subject) of type string is deprecated
---------------------------------------------------------------
[ 2026-03-25T13:23:59+08:00 ] 148.153.56.62 GET 120.24.147.77/jquery-3.3.2.slim.min.js
[ error ] [8192]preg_match(): Passing null to parameter #2 ($subject) of type string is deprecated
[ error ] [8192]preg_match(): Passing null to parameter #2 ($subject) of type string is deprecated
[ error ] [8192]preg_match(): Passing null to parameter #2 ($subject) of type string is deprecated
[ error ] [8192]preg_match(): Passing null to parameter #2 ($subject) of type string is deprecated
[ error ] [8192]preg_match(): Passing null to parameter #2 ($subject) of type string is deprecated
[ error ] [8192]preg_match(): Passing null to parameter #2 ($subject) of type string is deprecated
---------------------------------------------------------------
[ 2026-03-25T13:25:10+08:00 ] 89.42.231.241 GET 120.24.147.77/
[ error ] [8192]preg_match(): Passing null to parameter #2 ($subject) of type string is deprecated
[ error ] [8192]preg_match(): Passing null to parameter #2 ($subject) of type string is deprecated
[ error ] [8192]preg_match(): Passing null to parameter #2 ($subject) of type string is deprecated
[ error ] [8192]preg_match(): Passing null to parameter #2 ($subject) of type string is deprecated
[ error ] [8192]preg_match(): Passing null to parameter #2 ($subject) of type string is deprecated
[ error ] [8192]preg_match(): Passing null to parameter #2 ($subject) of type string is deprecated
[ error ] [8192]preg_match(): Passing null to parameter #2 ($subject) of type string is deprecated
[ error ] [8192]preg_match(): Passing null to parameter #2 ($subject) of type string is deprecated
[ error ] [8192]Automatic conversion of false to array is deprecated
[ error ] [2]Undefined array key "title"
[ error ] [2]Undefined array key "title"
[ error ] [2]Undefined array key "title"
[ error ] [2]Undefined array key "title"
---------------------------------------------------------------
[ 2026-03-25T13:25:57+08:00 ] 49.51.243.156 GET punalei.cn/
[ error ] [8192]preg_match(): Passing null to parameter #2 ($subject) of type string is deprecated
[ error ] [8192]preg_match(): Passing null to parameter #2 ($subject) of type string is deprecated
[ error ] [8192]preg_match(): Passing null to parameter #2 ($subject) of type string is deprecated
[ error ] [8192]preg_match(): Passing null to parameter #2 ($subject) of type string is deprecated
[ error ] [8192]preg_match(): Passing null to parameter #2 ($subject) of type string is deprecated
[ error ] [8192]preg_match(): Passing null to parameter #2 ($subject) of type string is deprecated
[ error ] [8192]preg_match(): Passing null to parameter #2 ($subject) of type string is deprecated
[ error ] [8192]preg_match(): Passing null to parameter #2 ($subject) of type string is deprecated
[ error ] [8192]Automatic conversion of false to array is deprecated
[ error ] [2]Undefined array key "title"
[ error ] [2]Undefined array key "title"
[ error ] [2]Undefined array key "title"
[ error ] [2]Undefined array key "title"
---------------------------------------------------------------
[ 2026-03-25T13:49:36+08:00 ] 66.132.195.69 GET 120.24.147.77/favicon.ico
[ error ] [8192]preg_match(): Passing null to parameter #2 ($subject) of type string is deprecated
[ error ] [8192]preg_match(): Passing null to parameter #2 ($subject) of type string is deprecated
[ error ] [8192]preg_match(): Passing null to parameter #2 ($subject) of type string is deprecated
[ error ] [8192]preg_match(): Passing null to parameter #2 ($subject) of type string is deprecated
[ error ] [8192]preg_match(): Passing null to parameter #2 ($subject) of type string is deprecated
[ error ] [8192]preg_match(): Passing null to parameter #2 ($subject) of type string is deprecated
---------------------------------------------------------------
[ 2026-03-25T13:49:36+08:00 ] 66.132.195.69 GET 120.24.147.77/favicon.ico
[ error ] [8192]preg_match(): Passing null to parameter #2 ($subject) of type string is deprecated
[ error ] [8192]preg_match(): Passing null to parameter #2 ($subject) of type string is deprecated
[ error ] [8192]preg_match(): Passing null to parameter #2 ($subject) of type string is deprecated
[ error ] [8192]preg_match(): Passing null to parameter #2 ($subject) of type string is deprecated
[ error ] [8192]preg_match(): Passing null to parameter #2 ($subject) of type string is deprecated
[ error ] [8192]preg_match(): Passing null to parameter #2 ($subject) of type string is deprecated
---------------------------------------------------------------
[ 2026-03-25T13:49:43+08:00 ] 66.132.195.69 GET 120.24.147.77/u_6mdaax3
[ error ] [8192]preg_match(): Passing null to parameter #2 ($subject) of type string is deprecated
[ error ] [8192]preg_match(): Passing null to parameter #2 ($subject) of type string is deprecated
[ error ] [8192]preg_match(): Passing null to parameter #2 ($subject) of type string is deprecated
[ error ] [8192]preg_match(): Passing null to parameter #2 ($subject) of type string is deprecated
[ error ] [8192]preg_match(): Passing null to parameter #2 ($subject) of type string is deprecated
[ error ] [8192]preg_match(): Passing null to parameter #2 ($subject) of type string is deprecated
---------------------------------------------------------------
[ 2026-03-25T13:49:43+08:00 ] 66.132.195.69 GET 120.24.147.77/u_6mdaax3
[ error ] [8192]preg_match(): Passing null to parameter #2 ($subject) of type string is deprecated
[ error ] [8192]preg_match(): Passing null to parameter #2 ($subject) of type string is deprecated
[ error ] [8192]preg_match(): Passing null to parameter #2 ($subject) of type string is deprecated
[ error ] [8192]preg_match(): Passing null to parameter #2 ($subject) of type string is deprecated
[ error ] [8192]preg_match(): Passing null to parameter #2 ($subject) of type string is deprecated
[ error ] [8192]preg_match(): Passing null to parameter #2 ($subject) of type string is deprecated
---------------------------------------------------------------
[ 2026-03-25T14:06:03+08:00 ] 43.153.73.200 GET www.punalei.cn/
[ error ] [8192]preg_match(): Passing null to parameter #2 ($subject) of type string is deprecated
[ error ] [8192]preg_match(): Passing null to parameter #2 ($subject) of type string is deprecated
[ error ] [8192]preg_match(): Passing null to parameter #2 ($subject) of type string is deprecated
[ error ] [8192]preg_match(): Passing null to parameter #2 ($subject) of type string is deprecated
[ error ] [8192]preg_match(): Passing null to parameter #2 ($subject) of type string is deprecated
[ error ] [8192]preg_match(): Passing null to parameter #2 ($subject) of type string is deprecated
[ error ] [8192]preg_match(): Passing null to parameter #2 ($subject) of type string is deprecated
[ error ] [8192]preg_match(): Passing null to parameter #2 ($subject) of type string is deprecated
[ error ] [8192]Automatic conversion of false to array is deprecated
[ error ] [2]Undefined array key "title"
[ error ] [2]Undefined array key "title"
[ error ] [2]Undefined array key "title"
[ error ] [2]Undefined array key "title"
---------------------------------------------------------------
[ 2026-03-25T14:07:40+08:00 ] 152.42.234.62 GET 120.24.147.77/
[ error ] [8192]preg_match(): Passing null to parameter #2 ($subject) of type string is deprecated
[ error ] [8192]preg_match(): Passing null to parameter #2 ($subject) of type string is deprecated
[ error ] [8192]preg_match(): Passing null to parameter #2 ($subject) of type string is deprecated
[ error ] [8192]preg_match(): Passing null to parameter #2 ($subject) of type string is deprecated
[ error ] [8192]preg_match(): Passing null to parameter #2 ($subject) of type string is deprecated
[ error ] [8192]preg_match(): Passing null to parameter #2 ($subject) of type string is deprecated
[ error ] [8192]preg_match(): Passing null to parameter #2 ($subject) of type string is deprecated
[ error ] [8192]preg_match(): Passing null to parameter #2 ($subject) of type string is deprecated
[ error ] [8192]Automatic conversion of false to array is deprecated
[ error ] [2]Undefined array key "title"
[ error ] [2]Undefined array key "title"
[ error ] [2]Undefined array key "title"
[ error ] [2]Undefined array key "title"
---------------------------------------------------------------
[ 2026-03-25T14:20:14+08:00 ] 43.130.34.74 GET www.punalei.cn/ldcms/jiaozhiliudianyuanxilie.html
[ error ] [8192]preg_match(): Passing null to parameter #2 ($subject) of type string is deprecated
[ error ] [8192]preg_match(): Passing null to parameter #2 ($subject) of type string is deprecated
[ error ] [8192]preg_match(): Passing null to parameter #2 ($subject) of type string is deprecated
[ error ] [8192]preg_match(): Passing null to parameter #2 ($subject) of type string is deprecated
[ error ] [8192]preg_match(): Passing null to parameter #2 ($subject) of type string is deprecated
[ error ] [8192]preg_match(): Passing null to parameter #2 ($subject) of type string is deprecated
[ error ] [8192]preg_match(): Passing null to parameter #2 ($subject) of type string is deprecated
[ error ] [8192]preg_match(): Passing null to parameter #2 ($subject) of type string is deprecated
[ error ] [8192]Automatic conversion of false to array is deprecated
---------------------------------------------------------------
[ 2026-03-25T14:30:31+08:00 ] 43.131.26.226 GET www.punalei.cn/xiazaizhongxin.html?type=5&name=应用产品资料
[ error ] [8192]preg_match(): Passing null to parameter #2 ($subject) of type string is deprecated
[ error ] [8192]preg_match(): Passing null to parameter #2 ($subject) of type string is deprecated
[ error ] [8192]preg_match(): Passing null to parameter #2 ($subject) of type string is deprecated
[ error ] [8192]preg_match(): Passing null to parameter #2 ($subject) of type string is deprecated
[ error ] [8192]preg_match(): Passing null to parameter #2 ($subject) of type string is deprecated
[ error ] [8192]preg_match(): Passing null to parameter #2 ($subject) of type string is deprecated
---------------------------------------------------------------
[ 2026-03-25T14:30:31+08:00 ] 43.131.26.226 GET www.punalei.cn/xiazaizhongxin.html?type=5&name=应用产品资料
[ error ] [8192]preg_match(): Passing null to parameter #2 ($subject) of type string is deprecated
[ error ] [8192]preg_match(): Passing null to parameter #2 ($subject) of type string is deprecated
[ error ] [8192]preg_match(): Passing null to parameter #2 ($subject) of type string is deprecated
[ error ] [8192]preg_match(): Passing null to parameter #2 ($subject) of type string is deprecated
[ error ] [8192]preg_match(): Passing null to parameter #2 ($subject) of type string is deprecated
[ error ] [8192]preg_match(): Passing null to parameter #2 ($subject) of type string is deprecated
---------------------------------------------------------------
[ 2026-03-25T14:38:43+08:00 ] 43.157.149.188 GET www.punalei.cn/lianxiwomen.html
[ error ] [8192]preg_match(): Passing null to parameter #2 ($subject) of type string is deprecated
[ error ] [8192]preg_match(): Passing null to parameter #2 ($subject) of type string is deprecated
[ error ] [8192]preg_match(): Passing null to parameter #2 ($subject) of type string is deprecated
[ error ] [8192]preg_match(): Passing null to parameter #2 ($subject) of type string is deprecated
[ error ] [8192]preg_match(): Passing null to parameter #2 ($subject) of type string is deprecated
[ error ] [8192]preg_match(): Passing null to parameter #2 ($subject) of type string is deprecated
---------------------------------------------------------------
[ 2026-03-25T14:38:43+08:00 ] 43.157.149.188 GET www.punalei.cn/lianxiwomen.html
[ error ] [8192]preg_match(): Passing null to parameter #2 ($subject) of type string is deprecated
[ error ] [8192]preg_match(): Passing null to parameter #2 ($subject) of type string is deprecated
[ error ] [8192]preg_match(): Passing null to parameter #2 ($subject) of type string is deprecated
[ error ] [8192]preg_match(): Passing null to parameter #2 ($subject) of type string is deprecated
[ error ] [8192]preg_match(): Passing null to parameter #2 ($subject) of type string is deprecated
[ error ] [8192]preg_match(): Passing null to parameter #2 ($subject) of type string is deprecated
---------------------------------------------------------------
[ 2026-03-25T14:50:21+08:00 ] 66.132.195.84 GET 120.24.147.77/
[ error ] [8192]preg_match(): Passing null to parameter #2 ($subject) of type string is deprecated
[ error ] [8192]preg_match(): Passing null to parameter #2 ($subject) of type string is deprecated
[ error ] [8192]preg_match(): Passing null to parameter #2 ($subject) of type string is deprecated
[ error ] [8192]preg_match(): Passing null to parameter #2 ($subject) of type string is deprecated
[ error ] [8192]preg_match(): Passing null to parameter #2 ($subject) of type string is deprecated
[ error ] [8192]preg_match(): Passing null to parameter #2 ($subject) of type string is deprecated
[ error ] [8192]preg_match(): Passing null to parameter #2 ($subject) of type string is deprecated
[ error ] [8192]preg_match(): Passing null to parameter #2 ($subject) of type string is deprecated
[ error ] [8192]Automatic conversion of false to array is deprecated
[ error ] [2]Undefined array key "title"
[ error ] [2]Undefined array key "title"
[ error ] [2]Undefined array key "title"
[ error ] [2]Undefined array key "title"
---------------------------------------------------------------
[ 2026-03-25T14:50:32+08:00 ] 66.132.195.84 GET 120.24.147.77/favicon.ico
[ error ] [8192]preg_match(): Passing null to parameter #2 ($subject) of type string is deprecated
[ error ] [8192]preg_match(): Passing null to parameter #2 ($subject) of type string is deprecated
[ error ] [8192]preg_match(): Passing null to parameter #2 ($subject) of type string is deprecated
[ error ] [8192]preg_match(): Passing null to parameter #2 ($subject) of type string is deprecated
[ error ] [8192]preg_match(): Passing null to parameter #2 ($subject) of type string is deprecated
[ error ] [8192]preg_match(): Passing null to parameter #2 ($subject) of type string is deprecated
---------------------------------------------------------------
[ 2026-03-25T14:50:32+08:00 ] 66.132.195.84 GET 120.24.147.77/favicon.ico
[ error ] [8192]preg_match(): Passing null to parameter #2 ($subject) of type string is deprecated
[ error ] [8192]preg_match(): Passing null to parameter #2 ($subject) of type string is deprecated
[ error ] [8192]preg_match(): Passing null to parameter #2 ($subject) of type string is deprecated
[ error ] [8192]preg_match(): Passing null to parameter #2 ($subject) of type string is deprecated
[ error ] [8192]preg_match(): Passing null to parameter #2 ($subject) of type string is deprecated
[ error ] [8192]preg_match(): Passing null to parameter #2 ($subject) of type string is deprecated
---------------------------------------------------------------
[ 2026-03-25T14:50:35+08:00 ] 66.132.195.84 GET 120.24.147.77/favicon.ico
[ error ] [8192]preg_match(): Passing null to parameter #2 ($subject) of type string is deprecated
[ error ] [8192]preg_match(): Passing null to parameter #2 ($subject) of type string is deprecated
[ error ] [8192]preg_match(): Passing null to parameter #2 ($subject) of type string is deprecated
[ error ] [8192]preg_match(): Passing null to parameter #2 ($subject) of type string is deprecated
[ error ] [8192]preg_match(): Passing null to parameter #2 ($subject) of type string is deprecated
[ error ] [8192]preg_match(): Passing null to parameter #2 ($subject) of type string is deprecated
---------------------------------------------------------------
[ 2026-03-25T14:50:35+08:00 ] 66.132.195.84 GET 120.24.147.77/favicon.ico
[ error ] [8192]preg_match(): Passing null to parameter #2 ($subject) of type string is deprecated
[ error ] [8192]preg_match(): Passing null to parameter #2 ($subject) of type string is deprecated
[ error ] [8192]preg_match(): Passing null to parameter #2 ($subject) of type string is deprecated
[ error ] [8192]preg_match(): Passing null to parameter #2 ($subject) of type string is deprecated
[ error ] [8192]preg_match(): Passing null to parameter #2 ($subject) of type string is deprecated
[ error ] [8192]preg_match(): Passing null to parameter #2 ($subject) of type string is deprecated
---------------------------------------------------------------
[ 2026-03-25T14:51:50+08:00 ] 31.58.214.23 GET 120.24.147.77/.cursor/rules
[ error ] [8192]preg_match(): Passing null to parameter #2 ($subject) of type string is deprecated
[ error ] [8192]preg_match(): Passing null to parameter #2 ($subject) of type string is deprecated
[ error ] [8192]preg_match(): Passing null to parameter #2 ($subject) of type string is deprecated
[ error ] [8192]preg_match(): Passing null to parameter #2 ($subject) of type string is deprecated
[ error ] [8192]preg_match(): Passing null to parameter #2 ($subject) of type string is deprecated
[ error ] [8192]preg_match(): Passing null to parameter #2 ($subject) of type string is deprecated
---------------------------------------------------------------
[ 2026-03-25T14:51:50+08:00 ] 31.58.214.23 GET 120.24.147.77/.cursor/rules
[ error ] [8192]preg_match(): Passing null to parameter #2 ($subject) of type string is deprecated
[ error ] [8192]preg_match(): Passing null to parameter #2 ($subject) of type string is deprecated
[ error ] [8192]preg_match(): Passing null to parameter #2 ($subject) of type string is deprecated
[ error ] [8192]preg_match(): Passing null to parameter #2 ($subject) of type string is deprecated
[ error ] [8192]preg_match(): Passing null to parameter #2 ($subject) of type string is deprecated
[ error ] [8192]preg_match(): Passing null to parameter #2 ($subject) of type string is deprecated
---------------------------------------------------------------
[ 2026-03-25T14:52:20+08:00 ] 66.132.195.84 GET 120.24.147.77/favicon.ico
[ error ] [8192]preg_match(): Passing null to parameter #2 ($subject) of type string is deprecated
[ error ] [8192]preg_match(): Passing null to parameter #2 ($subject) of type string is deprecated
[ error ] [8192]preg_match(): Passing null to parameter #2 ($subject) of type string is deprecated
[ error ] [8192]preg_match(): Passing null to parameter #2 ($subject) of type string is deprecated
[ error ] [8192]preg_match(): Passing null to parameter #2 ($subject) of type string is deprecated
[ error ] [8192]preg_match(): Passing null to parameter #2 ($subject) of type string is deprecated
---------------------------------------------------------------
[ 2026-03-25T14:52:20+08:00 ] 66.132.195.84 GET 120.24.147.77/favicon.ico
[ error ] [8192]preg_match(): Passing null to parameter #2 ($subject) of type string is deprecated
[ error ] [8192]preg_match(): Passing null to parameter #2 ($subject) of type string is deprecated
[ error ] [8192]preg_match(): Passing null to parameter #2 ($subject) of type string is deprecated
[ error ] [8192]preg_match(): Passing null to parameter #2 ($subject) of type string is deprecated
[ error ] [8192]preg_match(): Passing null to parameter #2 ($subject) of type string is deprecated
[ error ] [8192]preg_match(): Passing null to parameter #2 ($subject) of type string is deprecated
---------------------------------------------------------------
[ 2026-03-25T14:52:22+08:00 ] 66.132.195.84 GET 120.24.147.77/ia68pqrc24s
[ error ] [8192]preg_match(): Passing null to parameter #2 ($subject) of type string is deprecated
[ error ] [8192]preg_match(): Passing null to parameter #2 ($subject) of type string is deprecated
[ error ] [8192]preg_match(): Passing null to parameter #2 ($subject) of type string is deprecated
[ error ] [8192]preg_match(): Passing null to parameter #2 ($subject) of type string is deprecated
[ error ] [8192]preg_match(): Passing null to parameter #2 ($subject) of type string is deprecated
[ error ] [8192]preg_match(): Passing null to parameter #2 ($subject) of type string is deprecated
---------------------------------------------------------------
[ 2026-03-25T14:52:22+08:00 ] 66.132.195.84 GET 120.24.147.77/ia68pqrc24s
[ error ] [8192]preg_match(): Passing null to parameter #2 ($subject) of type string is deprecated
[ error ] [8192]preg_match(): Passing null to parameter #2 ($subject) of type string is deprecated
[ error ] [8192]preg_match(): Passing null to parameter #2 ($subject) of type string is deprecated
[ error ] [8192]preg_match(): Passing null to parameter #2 ($subject) of type string is deprecated
[ error ] [8192]preg_match(): Passing null to parameter #2 ($subject) of type string is deprecated
[ error ] [8192]preg_match(): Passing null to parameter #2 ($subject) of type string is deprecated
---------------------------------------------------------------
[ 2026-03-25T14:53:10+08:00 ] 162.216.150.98 GET 120.24.147.77/metrics/
[ error ] [8192]preg_match(): Passing null to parameter #2 ($subject) of type string is deprecated
[ error ] [8192]preg_match(): Passing null to parameter #2 ($subject) of type string is deprecated
[ error ] [8192]preg_match(): Passing null to parameter #2 ($subject) of type string is deprecated
[ error ] [8192]preg_match(): Passing null to parameter #2 ($subject) of type string is deprecated
[ error ] [8192]preg_match(): Passing null to parameter #2 ($subject) of type string is deprecated
[ error ] [8192]preg_match(): Passing null to parameter #2 ($subject) of type string is deprecated
---------------------------------------------------------------
[ 2026-03-25T14:53:10+08:00 ] 162.216.150.98 GET 120.24.147.77/metrics/
[ error ] [8192]preg_match(): Passing null to parameter #2 ($subject) of type string is deprecated
[ error ] [8192]preg_match(): Passing null to parameter #2 ($subject) of type string is deprecated
[ error ] [8192]preg_match(): Passing null to parameter #2 ($subject) of type string is deprecated
[ error ] [8192]preg_match(): Passing null to parameter #2 ($subject) of type string is deprecated
[ error ] [8192]preg_match(): Passing null to parameter #2 ($subject) of type string is deprecated
[ error ] [8192]preg_match(): Passing null to parameter #2 ($subject) of type string is deprecated
---------------------------------------------------------------
[ 2026-03-25T14:53:37+08:00 ] 43.166.244.192 GET www.punalei.cn/xiazaizhongxin.html?type=1&name=产品型录
[ error ] [8192]preg_match(): Passing null to parameter #2 ($subject) of type string is deprecated
[ error ] [8192]preg_match(): Passing null to parameter #2 ($subject) of type string is deprecated
[ error ] [8192]preg_match(): Passing null to parameter #2 ($subject) of type string is deprecated
[ error ] [8192]preg_match(): Passing null to parameter #2 ($subject) of type string is deprecated
[ error ] [8192]preg_match(): Passing null to parameter #2 ($subject) of type string is deprecated
[ error ] [8192]preg_match(): Passing null to parameter #2 ($subject) of type string is deprecated
---------------------------------------------------------------
[ 2026-03-25T14:53:37+08:00 ] 43.166.244.192 GET www.punalei.cn/xiazaizhongxin.html?type=1&name=产品型录
[ error ] [8192]preg_match(): Passing null to parameter #2 ($subject) of type string is deprecated
[ error ] [8192]preg_match(): Passing null to parameter #2 ($subject) of type string is deprecated
[ error ] [8192]preg_match(): Passing null to parameter #2 ($subject) of type string is deprecated
[ error ] [8192]preg_match(): Passing null to parameter #2 ($subject) of type string is deprecated
[ error ] [8192]preg_match(): Passing null to parameter #2 ($subject) of type string is deprecated
[ error ] [8192]preg_match(): Passing null to parameter #2 ($subject) of type string is deprecated
---------------------------------------------------------------
[ 2026-03-25T15:03:40+08:00 ] 176.65.149.253 GET 120.24.147.77/api/.env
[ error ] [8192]preg_match(): Passing null to parameter #2 ($subject) of type string is deprecated
[ error ] [8192]preg_match(): Passing null to parameter #2 ($subject) of type string is deprecated
[ error ] [8192]preg_match(): Passing null to parameter #2 ($subject) of type string is deprecated
[ error ] [8192]preg_match(): Passing null to parameter #2 ($subject) of type string is deprecated
[ error ] [8192]preg_match(): Passing null to parameter #2 ($subject) of type string is deprecated
[ error ] [8192]preg_match(): Passing null to parameter #2 ($subject) of type string is deprecated
---------------------------------------------------------------
[ 2026-03-25T15:11:07+08:00 ] 170.106.15.3 GET www.punalei.cn/ldcms/xiazaizhongxin.html?type=4&name=应用驱动软件
[ error ] [8192]preg_match(): Passing null to parameter #2 ($subject) of type string is deprecated
[ error ] [8192]preg_match(): Passing null to parameter #2 ($subject) of type string is deprecated
[ error ] [8192]preg_match(): Passing null to parameter #2 ($subject) of type string is deprecated
[ error ] [8192]preg_match(): Passing null to parameter #2 ($subject) of type string is deprecated
[ error ] [8192]preg_match(): Passing null to parameter #2 ($subject) of type string is deprecated
[ error ] [8192]preg_match(): Passing null to parameter #2 ($subject) of type string is deprecated
[ error ] [8192]preg_match(): Passing null to parameter #2 ($subject) of type string is deprecated
[ error ] [8192]preg_match(): Passing null to parameter #2 ($subject) of type string is deprecated
[ error ] [8192]Automatic conversion of false to array is deprecated
[ download ] 4
---------------------------------------------------------------
[ 2026-03-25T15:11:07+08:00 ] 170.106.15.3 GET www.punalei.cn/ldcms/xiazaizhongxin.html?type=4&name=应用驱动软件
[ download ] [{"id":242,"title":"1-300V\/45-400Hz \u4ea4\u6d41\u53d8\u9891\u7535\u6e90 P9510\\15\\20\\30\\45\\60-\\TSS\u7cfb\u5217","catalog":"https:\/\/qiniu.punalei.cn\/uploads\/20250630\/9f6157e1177e99e4fe3674e8d06014a8.pdf","handbook":"https:\/\/qiniu.punalei.cn\/uploads\/20250630\/9f6157e1177e99e4fe3674e8d06014a8.pdf","agreement":"","drive":"","resource":""},{"id":244,"title":"1-300V\/45-400Hz \u4ea4\u6d41\u53d8\u9891\u7535\u6e90 P9530\\60-\\GSD\\GSS\u7cfb\u5217","catalog":"https:\/\/qiniu.punalei.cn\/uploads\/20250630\/9f6157e1177e99e4fe3674e8d06014a8.pdf","handbook":"https:\/\/qiniu.punalei.cn\/uploads\/20250630\/9f6157e1177e99e4fe3674e8d06014a8.pdf","agreement":"","drive":"","resource":""},{"id":260,"title":"1-300V\/45-400Hz \u4ea4\u6d41\u53d8\u9891\u7535\u6e90 P9505\\10-\\D\u7cfb\u5217","catalog":"https:\/\/qiniu.punalei.cn\/uploads\/20250630\/9f6157e1177e99e4fe3674e8d06014a8.pdf","handbook":"https:\/\/qiniu.punalei.cn\/uploads\/20250630\/9f6157e1177e99e4fe3674e8d06014a8.pdf","agreement":"","drive":"","resource":""},{"id":262,"title":"\u5355\u76f8\u578bPNL300-A\u4ea4\u6d41\u7cfb\u52170.2\u7ea7","catalog":"https:\/\/qiniu.punalei.cn\/uploads\/20250630\/9f6157e1177e99e4fe3674e8d06014a8.pdf","handbook":"https:\/\/qiniu.punalei.cn\/uploads\/20260309\/ed50ce8156e54152582ff3356228093d.pdf","agreement":"","drive":"","resource":"https:\/\/qiniu.punalei.cn\/uploads\/20250811\/ed50ce8156e54152582ff3356228093d.pdf"},{"id":263,"title":"\u6cc4\u6f0f\u7535\u6d41\u6d4b\u8bd5\u4eeaPNL2675\u7cfb\u5217","catalog":"https:\/\/qiniu.punalei.cn\/uploads\/20250630\/9f6157e1177e99e4fe3674e8d06014a8.pdf","handbook":"https:\/\/qiniu.punalei.cn\/uploads\/20250630\/9f6157e1177e99e4fe3674e8d06014a8.pdf","agreement":"","drive":"","resource":""},{"id":264,"title":" \u63a5\u5730\u7535\u963b\u6d4b\u8bd5\u4eeaPNL2678XM\u7cfb\u5217","catalog":"https:\/\/qiniu.punalei.cn\/uploads\/20250630\/9f6157e1177e99e4fe3674e8d06014a8.pdf","handbook":"https:\/\/qiniu.punalei.cn\/uploads\/20250630\/9f6157e1177e99e4fe3674e8d06014a8.pdf","agreement":"","drive":"","resource":""},{"id":268,"title":"\u591a\u901a\u9053\u76f4\u6d41\u7535\u963b\u6d4b\u8bd5\u4eeaPNL2818-X\u7cfb\u5217","catalog":"https:\/\/qiniu.punalei.cn\/uploads\/20250630\/9f6157e1177e99e4fe3674e8d06014a8.pdf","handbook":"https:\/\/qiniu.punalei.cn\/uploads\/20250630\/9f6157e1177e99e4fe3674e8d06014a8.pdf","agreement":"","drive":"","resource":""},{"id":270,"title":"\u76f4\u6d41\u7535\u963b\u6d4b\u8bd5\u4eeaPNL2511\u6570\u7801\u7cfb\u5217","catalog":"https:\/\/qiniu.punalei.cn\/uploads\/20250630\/9f6157e1177e99e4fe3674e8d06014a8.pdf","handbook":"https:\/\/qiniu.punalei.cn\/uploads\/20250811\/405841dc3a1790083cdfb28d392a51b6.pdf","agreement":"","drive":"","resource":""},{"id":271,"title":"\u591a\u8def\u6e29\u5ea6\u5de1\u68c0\u6d4b\u8bd5\u4eeaP2000-X PLUS\u7cfb\u5217","catalog":"https:\/\/qiniu.punalei.cn\/uploads\/20250630\/9f6157e1177e99e4fe3674e8d06014a8.pdf","handbook":"https:\/\/qiniu.punalei.cn\/uploads\/20250811\/88bebf25cc9f75277abfb9945aa00ebc.pdf","agreement":"","drive":"","resource":""},{"id":272,"title":"\u624b\u6301\u591a\u8def\u6e29\u5ea6\u6d4b\u8bd5\u4eeaP300-S\u7cfb\u5217","catalog":"https:\/\/qiniu.punalei.cn\/uploads\/20250630\/9f6157e1177e99e4fe3674e8d06014a8.pdf","handbook":"https:\/\/qiniu.punalei.cn\/uploads\/20250811\/4eeb7970b89981df90d0560b8dbe2ff8.pdf","agreement":"","drive":"","resource":""},{"id":290,"title":"\u4ea4\u6d41\u6052\u6d41\u6e90","catalog":"","handbook":"","agreement":"","drive":"","resource":""},{"id":291,"title":"\u4e09\u76f8\u578bPNL300-S\u7cfb\u52170.2\u7ea7","catalog":"","handbook":"https:\/\/qiniu.punalei.cn\/uploads\/20250811\/5f7e3f318e22f4a79790e06a66ac2625.pdf","agreement":"","drive":"","resource":"https:\/\/qiniu.punalei.cn\/uploads\/20250811\/5f7e3f318e22f4a79790e06a66ac2625.pdf"},{"id":295,"title":"\u5c0f\u529f\u7387\u76f4\u6d41\u7535\u5b50\u8d1f\u8f7d","catalog":"","handbook":"https:\/\/qiniu.punalei.cn\/uploads\/20250811\/3c0024e1494ae6a3a5ee57c6e55308d8.pdf","agreement":"","drive":"","resource":""},{"id":298,"title":"\u533b\u7528\u6cc4\u6f0f\u7535\u6d41\u6d4b\u8bd5\u4eea","catalog":"","handbook":"","agreement":"","drive":"","resource":""},{"id":299,"title":"\u5927\u529f\u7387\u76f4\u6d41\u7535\u6e90\u6db2\u66763U\u7cfb\u5217","catalog":"","handbook":"","agreement":"","drive":"","resource":""},{"id":300,"title":"\u5927\u529f\u7387\u76f4\u6d41\u7535\u6e90\u6570\u7801PNL-Y 10kw-15kw\u7cfb\u5217","catalog":"","handbook":"https:\/\/qiniu.punalei.cn\/uploads\/20250811\/6991e7a5b3190aa67ef71fc5ef74964e.pdf","agreement":"","drive":"","resource":""},{"id":303,"title":"\u5b89\u89c4\u7efc\u5408\u6821\u51c6\u70b9\u68c0\u5de5\u88c5","catalog":"","handbook":"","agreement":"","drive":"","resource":""},{"id":304,"title":"\u8010\u538b\u6d4b\u8bd5\u4eea5KV\u7cfb\u5217","catalog":"","handbook":"","agreement":"","drive":"","resource":""},{"id":306,"title":"\u8010\u538b\u6d4b\u8bd5\u4eea10KV\u7cfb\u5217","catalog":"https:\/\/qiniu.punalei.cn\/uploads\/20250630\/9f6157e1177e99e4fe3674e8d06014a8.pdf","handbook":"https:\/\/qiniu.punalei.cn\/uploads\/20250630\/9f6157e1177e99e4fe3674e8d06014a8.pdf","agreement":"","drive":"","resource":""},{"id":307,"title":"\u8010\u538b\u6d4b\u8bd5\u4eea20KV\u7cfb\u5217","catalog":"https:\/\/qiniu.punalei.cn\/uploads\/20250630\/9f6157e1177e99e4fe3674e8d06014a8.pdf","handbook":"https:\/\/qiniu.punalei.cn\/uploads\/20250630\/9f6157e1177e99e4fe3674e8d06014a8.pdf","agreement":"","drive":"","resource":""},{"id":308,"title":"\u7a0b\u63a7\u8010\u538b\u7edd\u7f18PNL7110\\PNL7122\u7cfb\u5217","catalog":"https:\/\/qiniu.punalei.cn\/uploads\/20250630\/9f6157e1177e99e4fe3674e8d06014a8.pdf","handbook":"https:\/\/qiniu.punalei.cn\/uploads\/20250630\/9f6157e1177e99e4fe3674e8d06014a8.pdf","agreement":"","drive":"","resource":""},{"id":309,"title":"\u5b89\u5168\u7efc\u5408\u6027\u80fd\u5206\u6790\u4eeaPNL9950\u7cfb\u5217","catalog":"https:\/\/qiniu.punalei.cn\/uploads\/20250630\/9f6157e1177e99e4fe3674e8d06014a8.pdf","handbook":"https:\/\/qiniu.punalei.cn\/uploads\/20250630\/9f6157e1177e99e4fe3674e8d06014a8.pdf","agreement":"","drive":"","resource":""},{"id":311,"title":"\u5355\u4e09\u76f8 - \u5b89\u5168\u7efc\u5408\u6027\u80fd\u5206\u6790\u4eeaPNL9950-C\u7cfb\u5217","catalog":"https:\/\/qiniu.punalei.cn\/uploads\/20250630\/9f6157e1177e99e4fe3674e8d06014a8.pdf","handbook":"https:\/\/qiniu.punalei.cn\/uploads\/20250630\/9f6157e1177e99e4fe3674e8d06014a8.pdf","agreement":"","drive":"","resource":""},{"id":312,"title":"1-300V\/45-400Hz \u4ea4\u6d41\u53d8\u9891\u7535\u6e90 P9515\\20\\30\\45\\60-\\TSD\u7cfb\u5217","catalog":"https:\/\/qiniu.punalei.cn\/uploads\/20250630\/9f6157e1177e99e4fe3674e8d06014a8.pdf","handbook":"https:\/\/qiniu.punalei.cn\/uploads\/20250630\/9f6157e1177e99e4fe3674e8d06014a8.pdf","agreement":"","drive":"","resource":""},{"id":314,"title":"1-300V\/45-400Hz \u4ea4\u6d41\u53d8\u9891\u7535\u6e90 P9520\\30-\\D\u7cfb\u5217","catalog":"https:\/\/qiniu.punalei.cn\/uploads\/20250630\/9f6157e1177e99e4fe3674e8d06014a8.pdf","handbook":"https:\/\/qiniu.punalei.cn\/uploads\/20250630\/9f6157e1177e99e4fe3674e8d06014a8.pdf","agreement":"","drive":"","resource":""},{"id":315,"title":"\u7edd\u7f18\u7535\u963b\u6d4b\u8bd5\u4eeaPNL2682N\u7cfb\u5217","catalog":"https:\/\/qiniu.punalei.cn\/uploads\/20250630\/9f6157e1177e99e4fe3674e8d06014a8.pdf","handbook":"https:\/\/qiniu.punalei.cn\/uploads\/20250811\/7c63757a23e5e98e594bf1b4bf50445a.pdf","agreement":"","drive":"","resource":""},{"id":316,"title":"1-300V\/45-400Hz \u4ea4\u6d41\u53d8\u9891\u7535\u6e90 P9510\\15\\20-\\TD\u7cfb\u5217","catalog":"https:\/\/qiniu.punalei.cn\/uploads\/20250630\/9f6157e1177e99e4fe3674e8d06014a8.pdf","handbook":"https:\/\/qiniu.punalei.cn\/uploads\/20250630\/9f6157e1177e99e4fe3674e8d06014a8.pdf","agreement":"","drive":"","resource":""},{"id":317,"title":"1-300V\/45-400Hz \u4ea4\u6d41\u53d8\u9891\u7535\u6e90 P9530\\50-\\G\\D\u7cfb\u5217","catalog":"https:\/\/qiniu.punalei.cn\/uploads\/20250630\/9f6157e1177e99e4fe3674e8d06014a8.pdf","handbook":"https:\/\/qiniu.punalei.cn\/uploads\/20250630\/9f6157e1177e99e4fe3674e8d06014a8.pdf","agreement":"","drive":"","resource":""},{"id":318,"title":"\u4e09\u76f8\u578b\u8c10\u6ce2PNL300-SX\u7cfb\u52170.2\u7ea7","catalog":"","handbook":"https:\/\/qiniu.punalei.cn\/uploads\/20250811\/c3915be2288c668d42fab75c77d557b6.pdf","agreement":"","drive":"","resource":"https:\/\/qiniu.punalei.cn\/uploads\/20250811\/c3915be2288c668d42fab75c77d557b6.pdf"},{"id":319,"title":"\u7edd\u7f18\u7535\u963b\u6d4b\u8bd5\u4eeaPNL2683AL\u7cfb\u5217","catalog":"https:\/\/qiniu.punalei.cn\/uploads\/20250630\/9f6157e1177e99e4fe3674e8d06014a8.pdf","handbook":"https:\/\/qiniu.punalei.cn\/uploads\/20250811\/29f9570871ea60e153dce0b05698a13e.pdf","agreement":"","drive":"","resource":""},{"id":320,"title":"\u5bbd\u8303\u56f4\u76f4\u6d41\u7535\u963b\u6d4b\u8bd5\u4eeaPNL2513\/15\u7cfb\u5217","catalog":"https:\/\/qiniu.punalei.cn\/uploads\/20250630\/9f6157e1177e99e4fe3674e8d06014a8.pdf","handbook":"https:\/\/qiniu.punalei.cn\/uploads\/20250811\/d94e60f7d79a2b3b6d9b106bf787c6db.pdf","agreement":"","drive":"","resource":""},{"id":321,"title":"\u5927\u529f\u7387\u76f4\u6d41\u7535\u6e90\u6db2\u66764U\u7cfb\u5217","catalog":"","handbook":"","agreement":"","drive":"","resource":""},{"id":322,"title":"\u5927\u529f\u7387\u76f4\u6d41\u7535\u6e90\u6db2\u66765U\u7cfb\u5217","catalog":"","handbook":"","agreement":"","drive":"","resource":""},{"id":323,"title":"\u5927\u529f\u7387\u76f4\u6d41\u7535\u6e90\u6db2\u667620K\u7cfb\u5217","catalog":"","handbook":"","agreement":"","drive":"","resource":""},{"id":324,"title":"\u5927\u529f\u7387\u76f4\u6d41\u7535\u6e90\u6db2\u667640K\u7cfb\u5217","catalog":"","handbook":"","agreement":"","drive":"","resource":""},{"id":325,"title":"\u5927\u529f\u7387\u76f4\u6d41\u7535\u6e90\u6db2\u667660K\u7cfb\u5217","catalog":"","handbook":"","agreement":"","drive":"","resource":""},{"id":326,"title":"\u5927\u529f\u7387\u76f4\u6d41\u7535\u6e90\u6570\u7801PNL-Y 20kw-30kw\u7cfb\u5217","catalog":"","handbook":"https:\/\/qiniu.punalei.cn\/uploads\/20250811\/6991e7a5b3190aa67ef71fc5ef74964e.pdf","agreement":"","drive":"","resource":""},{"id":327,"title":"\u5927\u529f\u7387\u76f4\u6d41\u7535\u6e90\u6570\u7801PNL-Y 40kw-60kw\u7cfb\u5217","catalog":"","handbook":"https:\/\/qiniu.punalei.cn\/uploads\/20250811\/6991e7a5b3190aa67ef71fc5ef74964e.pdf","agreement":"","drive":"","resource":""},{"id":328,"title":"\u5927\u529f\u7387\u76f4\u6d41\u7535\u6e90\u6570\u7801PNL-Y 75kw-90kw\u7cfb\u5217","catalog":"","handbook":"https:\/\/qiniu.punalei.cn\/uploads\/20250811\/6991e7a5b3190aa67ef71fc5ef74964e.pdf","agreement":"","drive":"","resource":""},{"id":329,"title":"\u5927\u529f\u7387\u76f4\u6d41\u7535\u6e90\u6570\u7801PNL-U \u9ad8\u538b\u7cfb\u5217","catalog":"","handbook":"https:\/\/qiniu.punalei.cn\/uploads\/20250811\/6991e7a5b3190aa67ef71fc5ef74964e.pdf","agreement":"","drive":"","resource":""},{"id":330,"title":"\u4ea4\u6d41\u7535\u5b50\u8d1f\u8f7d","catalog":"","handbook":"https:\/\/qiniu.punalei.cn\/uploads\/20250811\/18ff267d1dc26e503128741d78be61d7.pdf","agreement":"","drive":"","resource":""},{"id":331,"title":"\u4ea4\u76f4\u6d41\u7535\u5b50\u8d1f\u8f7d","catalog":"","handbook":"https:\/\/qiniu.punalei.cn\/uploads\/20250811\/04725819a3c60dff3e1af918dc2ccaf2.pdf","agreement":"","drive":"","resource":""},{"id":332,"title":"\u5927\u529f\u7387\u76f4\u6d41\u7535\u5b50\u8d1f\u8f7d","catalog":"","handbook":"https:\/\/qiniu.punalei.cn\/uploads\/20250811\/639e5850541f700cdc64053f1d7a18a7.pdf","agreement":"","drive":"","resource":""},{"id":333,"title":"\u5927\u529f\u7387\u76f4\u6d41\u7535\u5b50\u8d1f\u8f7d","catalog":"","handbook":"https:\/\/qiniu.punalei.cn\/uploads\/20250811\/3c0024e1494ae6a3a5ee57c6e55308d8.pdf","agreement":"","drive":"","resource":""},{"id":337,"title":"\u5355\u76f8\u578bPNL300-C\u4ea4\u76f4\u6d41\u7cfb\u52170.2\u7ea7","catalog":"https:\/\/qiniu.punalei.cn\/uploads\/20250630\/9f6157e1177e99e4fe3674e8d06014a8.pdf","handbook":"https:\/\/qiniu.punalei.cn\/uploads\/20250811\/ed50ce8156e54152582ff3356228093d.pdf","agreement":"","drive":"","resource":"https:\/\/qiniu.punalei.cn\/uploads\/20250811\/ed50ce8156e54152582ff3356228093d.pdf"},{"id":338,"title":"\u80fd\u6548\u578bPNL300-E\u4ea4\u76f4\u6d41\u7cfb\u52170.2\u7ea7","catalog":"https:\/\/qiniu.punalei.cn\/uploads\/20250630\/9f6157e1177e99e4fe3674e8d06014a8.pdf","handbook":"https:\/\/qiniu.punalei.cn\/uploads\/20250811\/ed50ce8156e54152582ff3356228093d.pdf","agreement":"","drive":"","resource":"https:\/\/qiniu.punalei.cn\/uploads\/20250811\/ed50ce8156e54152582ff3356228093d.pdf"}]
---------------------------------------------------------------
[ 2026-03-25T15:11:07+08:00 ] 170.106.15.3 GET www.punalei.cn/ldcms/xiazaizhongxin.html?type=4&name=应用驱动软件
[ download ] []
---------------------------------------------------------------
[ 2026-03-25T15:14:17+08:00 ] 172.94.9.253 GET 120.24.147.77/.git/config
[ error ] [8192]preg_match(): Passing null to parameter #2 ($subject) of type string is deprecated
[ error ] [8192]preg_match(): Passing null to parameter #2 ($subject) of type string is deprecated
[ error ] [8192]preg_match(): Passing null to parameter #2 ($subject) of type string is deprecated
[ error ] [8192]preg_match(): Passing null to parameter #2 ($subject) of type string is deprecated
[ error ] [8192]preg_match(): Passing null to parameter #2 ($subject) of type string is deprecated
[ error ] [8192]preg_match(): Passing null to parameter #2 ($subject) of type string is deprecated
---------------------------------------------------------------
[ 2026-03-25T15:16:00+08:00 ] 64.62.197.122 GET 120.24.147.77/
[ error ] [8192]preg_match(): Passing null to parameter #2 ($subject) of type string is deprecated
[ error ] [8192]preg_match(): Passing null to parameter #2 ($subject) of type string is deprecated
[ error ] [8192]preg_match(): Passing null to parameter #2 ($subject) of type string is deprecated
[ error ] [8192]preg_match(): Passing null to parameter #2 ($subject) of type string is deprecated
[ error ] [8192]preg_match(): Passing null to parameter #2 ($subject) of type string is deprecated
[ error ] [8192]preg_match(): Passing null to parameter #2 ($subject) of type string is deprecated
[ error ] [8192]preg_match(): Passing null to parameter #2 ($subject) of type string is deprecated
[ error ] [8192]preg_match(): Passing null to parameter #2 ($subject) of type string is deprecated
[ error ] [8192]Automatic conversion of false to array is deprecated
[ error ] [2]Undefined array key "title"
[ error ] [2]Undefined array key "title"
[ error ] [2]Undefined array key "title"
[ error ] [2]Undefined array key "title"
---------------------------------------------------------------
[ 2026-03-25T15:16:54+08:00 ] 64.62.197.122 GET 120.24.147.77/webui/
[ error ] [8192]preg_match(): Passing null to parameter #2 ($subject) of type string is deprecated
[ error ] [8192]preg_match(): Passing null to parameter #2 ($subject) of type string is deprecated
[ error ] [8192]preg_match(): Passing null to parameter #2 ($subject) of type string is deprecated
[ error ] [8192]preg_match(): Passing null to parameter #2 ($subject) of type string is deprecated
[ error ] [8192]preg_match(): Passing null to parameter #2 ($subject) of type string is deprecated
[ error ] [8192]preg_match(): Passing null to parameter #2 ($subject) of type string is deprecated
---------------------------------------------------------------
[ 2026-03-25T15:16:54+08:00 ] 64.62.197.122 GET 120.24.147.77/webui/
[ error ] [8192]preg_match(): Passing null to parameter #2 ($subject) of type string is deprecated
[ error ] [8192]preg_match(): Passing null to parameter #2 ($subject) of type string is deprecated
[ error ] [8192]preg_match(): Passing null to parameter #2 ($subject) of type string is deprecated
[ error ] [8192]preg_match(): Passing null to parameter #2 ($subject) of type string is deprecated
[ error ] [8192]preg_match(): Passing null to parameter #2 ($subject) of type string is deprecated
[ error ] [8192]preg_match(): Passing null to parameter #2 ($subject) of type string is deprecated
---------------------------------------------------------------
[ 2026-03-25T15:18:18+08:00 ] 64.62.197.132 GET 120.24.147.77/favicon.ico
[ error ] [8192]preg_match(): Passing null to parameter #2 ($subject) of type string is deprecated
[ error ] [8192]preg_match(): Passing null to parameter #2 ($subject) of type string is deprecated
[ error ] [8192]preg_match(): Passing null to parameter #2 ($subject) of type string is deprecated
[ error ] [8192]preg_match(): Passing null to parameter #2 ($subject) of type string is deprecated
[ error ] [8192]preg_match(): Passing null to parameter #2 ($subject) of type string is deprecated
[ error ] [8192]preg_match(): Passing null to parameter #2 ($subject) of type string is deprecated
---------------------------------------------------------------
[ 2026-03-25T15:18:18+08:00 ] 64.62.197.132 GET 120.24.147.77/favicon.ico
[ error ] [8192]preg_match(): Passing null to parameter #2 ($subject) of type string is deprecated
[ error ] [8192]preg_match(): Passing null to parameter #2 ($subject) of type string is deprecated
[ error ] [8192]preg_match(): Passing null to parameter #2 ($subject) of type string is deprecated
[ error ] [8192]preg_match(): Passing null to parameter #2 ($subject) of type string is deprecated
[ error ] [8192]preg_match(): Passing null to parameter #2 ($subject) of type string is deprecated
[ error ] [8192]preg_match(): Passing null to parameter #2 ($subject) of type string is deprecated
---------------------------------------------------------------
[ 2026-03-25T15:18:19+08:00 ] 43.247.4.40 HEAD punalei.cn/
[ error ] [8192]preg_match(): Passing null to parameter #2 ($subject) of type string is deprecated
[ error ] [8192]preg_match(): Passing null to parameter #2 ($subject) of type string is deprecated
[ error ] [8192]preg_match(): Passing null to parameter #2 ($subject) of type string is deprecated
[ error ] [8192]preg_match(): Passing null to parameter #2 ($subject) of type string is deprecated
[ error ] [8192]preg_match(): Passing null to parameter #2 ($subject) of type string is deprecated
[ error ] [8192]preg_match(): Passing null to parameter #2 ($subject) of type string is deprecated
[ error ] [8192]preg_match(): Passing null to parameter #2 ($subject) of type string is deprecated
[ error ] [8192]preg_match(): Passing null to parameter #2 ($subject) of type string is deprecated
[ error ] [8192]Automatic conversion of false to array is deprecated
[ error ] [2]Undefined array key "title"
[ error ] [2]Undefined array key "title"
[ error ] [2]Undefined array key "title"
[ error ] [2]Undefined array key "title"
---------------------------------------------------------------
[ 2026-03-25T15:19:20+08:00 ] 64.62.197.122 GET 120.24.147.77/geoserver/web/
[ error ] [8192]preg_match(): Passing null to parameter #2 ($subject) of type string is deprecated
[ error ] [8192]preg_match(): Passing null to parameter #2 ($subject) of type string is deprecated
[ error ] [8192]preg_match(): Passing null to parameter #2 ($subject) of type string is deprecated
[ error ] [8192]preg_match(): Passing null to parameter #2 ($subject) of type string is deprecated
[ error ] [8192]preg_match(): Passing null to parameter #2 ($subject) of type string is deprecated
[ error ] [8192]preg_match(): Passing null to parameter #2 ($subject) of type string is deprecated
---------------------------------------------------------------
[ 2026-03-25T15:19:21+08:00 ] 64.62.197.122 GET 120.24.147.77/geoserver/web/
[ error ] [8192]preg_match(): Passing null to parameter #2 ($subject) of type string is deprecated
[ error ] [8192]preg_match(): Passing null to parameter #2 ($subject) of type string is deprecated
[ error ] [8192]preg_match(): Passing null to parameter #2 ($subject) of type string is deprecated
[ error ] [8192]preg_match(): Passing null to parameter #2 ($subject) of type string is deprecated
[ error ] [8192]preg_match(): Passing null to parameter #2 ($subject) of type string is deprecated
[ error ] [8192]preg_match(): Passing null to parameter #2 ($subject) of type string is deprecated
---------------------------------------------------------------
[ 2026-03-25T15:23:39+08:00 ] 43.155.162.41 GET www.punalei.cn/ldcms/xiazaizhongxin.html?type=2&name=用户手册
[ error ] [8192]preg_match(): Passing null to parameter #2 ($subject) of type string is deprecated
[ error ] [8192]preg_match(): Passing null to parameter #2 ($subject) of type string is deprecated
[ error ] [8192]preg_match(): Passing null to parameter #2 ($subject) of type string is deprecated
[ error ] [8192]preg_match(): Passing null to parameter #2 ($subject) of type string is deprecated
[ error ] [8192]preg_match(): Passing null to parameter #2 ($subject) of type string is deprecated
[ error ] [8192]preg_match(): Passing null to parameter #2 ($subject) of type string is deprecated
[ error ] [8192]preg_match(): Passing null to parameter #2 ($subject) of type string is deprecated
[ error ] [8192]preg_match(): Passing null to parameter #2 ($subject) of type string is deprecated
[ error ] [8192]Automatic conversion of false to array is deprecated
[ download ] 2
---------------------------------------------------------------
[ 2026-03-25T15:23:39+08:00 ] 43.155.162.41 GET www.punalei.cn/ldcms/xiazaizhongxin.html?type=2&name=用户手册
[ download ] [{"id":242,"title":"1-300V\/45-400Hz \u4ea4\u6d41\u53d8\u9891\u7535\u6e90 P9510\\15\\20\\30\\45\\60-\\TSS\u7cfb\u5217","catalog":"https:\/\/qiniu.punalei.cn\/uploads\/20250630\/9f6157e1177e99e4fe3674e8d06014a8.pdf","handbook":"https:\/\/qiniu.punalei.cn\/uploads\/20250630\/9f6157e1177e99e4fe3674e8d06014a8.pdf","agreement":"","drive":"","resource":""},{"id":244,"title":"1-300V\/45-400Hz \u4ea4\u6d41\u53d8\u9891\u7535\u6e90 P9530\\60-\\GSD\\GSS\u7cfb\u5217","catalog":"https:\/\/qiniu.punalei.cn\/uploads\/20250630\/9f6157e1177e99e4fe3674e8d06014a8.pdf","handbook":"https:\/\/qiniu.punalei.cn\/uploads\/20250630\/9f6157e1177e99e4fe3674e8d06014a8.pdf","agreement":"","drive":"","resource":""},{"id":260,"title":"1-300V\/45-400Hz \u4ea4\u6d41\u53d8\u9891\u7535\u6e90 P9505\\10-\\D\u7cfb\u5217","catalog":"https:\/\/qiniu.punalei.cn\/uploads\/20250630\/9f6157e1177e99e4fe3674e8d06014a8.pdf","handbook":"https:\/\/qiniu.punalei.cn\/uploads\/20250630\/9f6157e1177e99e4fe3674e8d06014a8.pdf","agreement":"","drive":"","resource":""},{"id":262,"title":"\u5355\u76f8\u578bPNL300-A\u4ea4\u6d41\u7cfb\u52170.2\u7ea7","catalog":"https:\/\/qiniu.punalei.cn\/uploads\/20250630\/9f6157e1177e99e4fe3674e8d06014a8.pdf","handbook":"https:\/\/qiniu.punalei.cn\/uploads\/20260309\/ed50ce8156e54152582ff3356228093d.pdf","agreement":"","drive":"","resource":"https:\/\/qiniu.punalei.cn\/uploads\/20250811\/ed50ce8156e54152582ff3356228093d.pdf"},{"id":263,"title":"\u6cc4\u6f0f\u7535\u6d41\u6d4b\u8bd5\u4eeaPNL2675\u7cfb\u5217","catalog":"https:\/\/qiniu.punalei.cn\/uploads\/20250630\/9f6157e1177e99e4fe3674e8d06014a8.pdf","handbook":"https:\/\/qiniu.punalei.cn\/uploads\/20250630\/9f6157e1177e99e4fe3674e8d06014a8.pdf","agreement":"","drive":"","resource":""},{"id":264,"title":" \u63a5\u5730\u7535\u963b\u6d4b\u8bd5\u4eeaPNL2678XM\u7cfb\u5217","catalog":"https:\/\/qiniu.punalei.cn\/uploads\/20250630\/9f6157e1177e99e4fe3674e8d06014a8.pdf","handbook":"https:\/\/qiniu.punalei.cn\/uploads\/20250630\/9f6157e1177e99e4fe3674e8d06014a8.pdf","agreement":"","drive":"","resource":""},{"id":268,"title":"\u591a\u901a\u9053\u76f4\u6d41\u7535\u963b\u6d4b\u8bd5\u4eeaPNL2818-X\u7cfb\u5217","catalog":"https:\/\/qiniu.punalei.cn\/uploads\/20250630\/9f6157e1177e99e4fe3674e8d06014a8.pdf","handbook":"https:\/\/qiniu.punalei.cn\/uploads\/20250630\/9f6157e1177e99e4fe3674e8d06014a8.pdf","agreement":"","drive":"","resource":""},{"id":270,"title":"\u76f4\u6d41\u7535\u963b\u6d4b\u8bd5\u4eeaPNL2511\u6570\u7801\u7cfb\u5217","catalog":"https:\/\/qiniu.punalei.cn\/uploads\/20250630\/9f6157e1177e99e4fe3674e8d06014a8.pdf","handbook":"https:\/\/qiniu.punalei.cn\/uploads\/20250811\/405841dc3a1790083cdfb28d392a51b6.pdf","agreement":"","drive":"","resource":""},{"id":271,"title":"\u591a\u8def\u6e29\u5ea6\u5de1\u68c0\u6d4b\u8bd5\u4eeaP2000-X PLUS\u7cfb\u5217","catalog":"https:\/\/qiniu.punalei.cn\/uploads\/20250630\/9f6157e1177e99e4fe3674e8d06014a8.pdf","handbook":"https:\/\/qiniu.punalei.cn\/uploads\/20250811\/88bebf25cc9f75277abfb9945aa00ebc.pdf","agreement":"","drive":"","resource":""},{"id":272,"title":"\u624b\u6301\u591a\u8def\u6e29\u5ea6\u6d4b\u8bd5\u4eeaP300-S\u7cfb\u5217","catalog":"https:\/\/qiniu.punalei.cn\/uploads\/20250630\/9f6157e1177e99e4fe3674e8d06014a8.pdf","handbook":"https:\/\/qiniu.punalei.cn\/uploads\/20250811\/4eeb7970b89981df90d0560b8dbe2ff8.pdf","agreement":"","drive":"","resource":""},{"id":290,"title":"\u4ea4\u6d41\u6052\u6d41\u6e90","catalog":"","handbook":"","agreement":"","drive":"","resource":""},{"id":291,"title":"\u4e09\u76f8\u578bPNL300-S\u7cfb\u52170.2\u7ea7","catalog":"","handbook":"https:\/\/qiniu.punalei.cn\/uploads\/20250811\/5f7e3f318e22f4a79790e06a66ac2625.pdf","agreement":"","drive":"","resource":"https:\/\/qiniu.punalei.cn\/uploads\/20250811\/5f7e3f318e22f4a79790e06a66ac2625.pdf"},{"id":295,"title":"\u5c0f\u529f\u7387\u76f4\u6d41\u7535\u5b50\u8d1f\u8f7d","catalog":"","handbook":"https:\/\/qiniu.punalei.cn\/uploads\/20250811\/3c0024e1494ae6a3a5ee57c6e55308d8.pdf","agreement":"","drive":"","resource":""},{"id":298,"title":"\u533b\u7528\u6cc4\u6f0f\u7535\u6d41\u6d4b\u8bd5\u4eea","catalog":"","handbook":"","agreement":"","drive":"","resource":""},{"id":299,"title":"\u5927\u529f\u7387\u76f4\u6d41\u7535\u6e90\u6db2\u66763U\u7cfb\u5217","catalog":"","handbook":"","agreement":"","drive":"","resource":""},{"id":300,"title":"\u5927\u529f\u7387\u76f4\u6d41\u7535\u6e90\u6570\u7801PNL-Y 10kw-15kw\u7cfb\u5217","catalog":"","handbook":"https:\/\/qiniu.punalei.cn\/uploads\/20250811\/6991e7a5b3190aa67ef71fc5ef74964e.pdf","agreement":"","drive":"","resource":""},{"id":303,"title":"\u5b89\u89c4\u7efc\u5408\u6821\u51c6\u70b9\u68c0\u5de5\u88c5","catalog":"","handbook":"","agreement":"","drive":"","resource":""},{"id":304,"title":"\u8010\u538b\u6d4b\u8bd5\u4eea5KV\u7cfb\u5217","catalog":"","handbook":"","agreement":"","drive":"","resource":""},{"id":306,"title":"\u8010\u538b\u6d4b\u8bd5\u4eea10KV\u7cfb\u5217","catalog":"https:\/\/qiniu.punalei.cn\/uploads\/20250630\/9f6157e1177e99e4fe3674e8d06014a8.pdf","handbook":"https:\/\/qiniu.punalei.cn\/uploads\/20250630\/9f6157e1177e99e4fe3674e8d06014a8.pdf","agreement":"","drive":"","resource":""},{"id":307,"title":"\u8010\u538b\u6d4b\u8bd5\u4eea20KV\u7cfb\u5217","catalog":"https:\/\/qiniu.punalei.cn\/uploads\/20250630\/9f6157e1177e99e4fe3674e8d06014a8.pdf","handbook":"https:\/\/qiniu.punalei.cn\/uploads\/20250630\/9f6157e1177e99e4fe3674e8d06014a8.pdf","agreement":"","drive":"","resource":""},{"id":308,"title":"\u7a0b\u63a7\u8010\u538b\u7edd\u7f18PNL7110\\PNL7122\u7cfb\u5217","catalog":"https:\/\/qiniu.punalei.cn\/uploads\/20250630\/9f6157e1177e99e4fe3674e8d06014a8.pdf","handbook":"https:\/\/qiniu.punalei.cn\/uploads\/20250630\/9f6157e1177e99e4fe3674e8d06014a8.pdf","agreement":"","drive":"","resource":""},{"id":309,"title":"\u5b89\u5168\u7efc\u5408\u6027\u80fd\u5206\u6790\u4eeaPNL9950\u7cfb\u5217","catalog":"https:\/\/qiniu.punalei.cn\/uploads\/20250630\/9f6157e1177e99e4fe3674e8d06014a8.pdf","handbook":"https:\/\/qiniu.punalei.cn\/uploads\/20250630\/9f6157e1177e99e4fe3674e8d06014a8.pdf","agreement":"","drive":"","resource":""},{"id":311,"title":"\u5355\u4e09\u76f8 - \u5b89\u5168\u7efc\u5408\u6027\u80fd\u5206\u6790\u4eeaPNL9950-C\u7cfb\u5217","catalog":"https:\/\/qiniu.punalei.cn\/uploads\/20250630\/9f6157e1177e99e4fe3674e8d06014a8.pdf","handbook":"https:\/\/qiniu.punalei.cn\/uploads\/20250630\/9f6157e1177e99e4fe3674e8d06014a8.pdf","agreement":"","drive":"","resource":""},{"id":312,"title":"1-300V\/45-400Hz \u4ea4\u6d41\u53d8\u9891\u7535\u6e90 P9515\\20\\30\\45\\60-\\TSD\u7cfb\u5217","catalog":"https:\/\/qiniu.punalei.cn\/uploads\/20250630\/9f6157e1177e99e4fe3674e8d06014a8.pdf","handbook":"https:\/\/qiniu.punalei.cn\/uploads\/20250630\/9f6157e1177e99e4fe3674e8d06014a8.pdf","agreement":"","drive":"","resource":""},{"id":314,"title":"1-300V\/45-400Hz \u4ea4\u6d41\u53d8\u9891\u7535\u6e90 P9520\\30-\\D\u7cfb\u5217","catalog":"https:\/\/qiniu.punalei.cn\/uploads\/20250630\/9f6157e1177e99e4fe3674e8d06014a8.pdf","handbook":"https:\/\/qiniu.punalei.cn\/uploads\/20250630\/9f6157e1177e99e4fe3674e8d06014a8.pdf","agreement":"","drive":"","resource":""},{"id":315,"title":"\u7edd\u7f18\u7535\u963b\u6d4b\u8bd5\u4eeaPNL2682N\u7cfb\u5217","catalog":"https:\/\/qiniu.punalei.cn\/uploads\/20250630\/9f6157e1177e99e4fe3674e8d06014a8.pdf","handbook":"https:\/\/qiniu.punalei.cn\/uploads\/20250811\/7c63757a23e5e98e594bf1b4bf50445a.pdf","agreement":"","drive":"","resource":""},{"id":316,"title":"1-300V\/45-400Hz \u4ea4\u6d41\u53d8\u9891\u7535\u6e90 P9510\\15\\20-\\TD\u7cfb\u5217","catalog":"https:\/\/qiniu.punalei.cn\/uploads\/20250630\/9f6157e1177e99e4fe3674e8d06014a8.pdf","handbook":"https:\/\/qiniu.punalei.cn\/uploads\/20250630\/9f6157e1177e99e4fe3674e8d06014a8.pdf","agreement":"","drive":"","resource":""},{"id":317,"title":"1-300V\/45-400Hz \u4ea4\u6d41\u53d8\u9891\u7535\u6e90 P9530\\50-\\G\\D\u7cfb\u5217","catalog":"https:\/\/qiniu.punalei.cn\/uploads\/20250630\/9f6157e1177e99e4fe3674e8d06014a8.pdf","handbook":"https:\/\/qiniu.punalei.cn\/uploads\/20250630\/9f6157e1177e99e4fe3674e8d06014a8.pdf","agreement":"","drive":"","resource":""},{"id":318,"title":"\u4e09\u76f8\u578b\u8c10\u6ce2PNL300-SX\u7cfb\u52170.2\u7ea7","catalog":"","handbook":"https:\/\/qiniu.punalei.cn\/uploads\/20250811\/c3915be2288c668d42fab75c77d557b6.pdf","agreement":"","drive":"","resource":"https:\/\/qiniu.punalei.cn\/uploads\/20250811\/c3915be2288c668d42fab75c77d557b6.pdf"},{"id":319,"title":"\u7edd\u7f18\u7535\u963b\u6d4b\u8bd5\u4eeaPNL2683AL\u7cfb\u5217","catalog":"https:\/\/qiniu.punalei.cn\/uploads\/20250630\/9f6157e1177e99e4fe3674e8d06014a8.pdf","handbook":"https:\/\/qiniu.punalei.cn\/uploads\/20250811\/29f9570871ea60e153dce0b05698a13e.pdf","agreement":"","drive":"","resource":""},{"id":320,"title":"\u5bbd\u8303\u56f4\u76f4\u6d41\u7535\u963b\u6d4b\u8bd5\u4eeaPNL2513\/15\u7cfb\u5217","catalog":"https:\/\/qiniu.punalei.cn\/uploads\/20250630\/9f6157e1177e99e4fe3674e8d06014a8.pdf","handbook":"https:\/\/qiniu.punalei.cn\/uploads\/20250811\/d94e60f7d79a2b3b6d9b106bf787c6db.pdf","agreement":"","drive":"","resource":""},{"id":321,"title":"\u5927\u529f\u7387\u76f4\u6d41\u7535\u6e90\u6db2\u66764U\u7cfb\u5217","catalog":"","handbook":"","agreement":"","drive":"","resource":""},{"id":322,"title":"\u5927\u529f\u7387\u76f4\u6d41\u7535\u6e90\u6db2\u66765U\u7cfb\u5217","catalog":"","handbook":"","agreement":"","drive":"","resource":""},{"id":323,"title":"\u5927\u529f\u7387\u76f4\u6d41\u7535\u6e90\u6db2\u667620K\u7cfb\u5217","catalog":"","handbook":"","agreement":"","drive":"","resource":""},{"id":324,"title":"\u5927\u529f\u7387\u76f4\u6d41\u7535\u6e90\u6db2\u667640K\u7cfb\u5217","catalog":"","handbook":"","agreement":"","drive":"","resource":""},{"id":325,"title":"\u5927\u529f\u7387\u76f4\u6d41\u7535\u6e90\u6db2\u667660K\u7cfb\u5217","catalog":"","handbook":"","agreement":"","drive":"","resource":""},{"id":326,"title":"\u5927\u529f\u7387\u76f4\u6d41\u7535\u6e90\u6570\u7801PNL-Y 20kw-30kw\u7cfb\u5217","catalog":"","handbook":"https:\/\/qiniu.punalei.cn\/uploads\/20250811\/6991e7a5b3190aa67ef71fc5ef74964e.pdf","agreement":"","drive":"","resource":""},{"id":327,"title":"\u5927\u529f\u7387\u76f4\u6d41\u7535\u6e90\u6570\u7801PNL-Y 40kw-60kw\u7cfb\u5217","catalog":"","handbook":"https:\/\/qiniu.punalei.cn\/uploads\/20250811\/6991e7a5b3190aa67ef71fc5ef74964e.pdf","agreement":"","drive":"","resource":""},{"id":328,"title":"\u5927\u529f\u7387\u76f4\u6d41\u7535\u6e90\u6570\u7801PNL-Y 75kw-90kw\u7cfb\u5217","catalog":"","handbook":"https:\/\/qiniu.punalei.cn\/uploads\/20250811\/6991e7a5b3190aa67ef71fc5ef74964e.pdf","agreement":"","drive":"","resource":""},{"id":329,"title":"\u5927\u529f\u7387\u76f4\u6d41\u7535\u6e90\u6570\u7801PNL-U \u9ad8\u538b\u7cfb\u5217","catalog":"","handbook":"https:\/\/qiniu.punalei.cn\/uploads\/20250811\/6991e7a5b3190aa67ef71fc5ef74964e.pdf","agreement":"","drive":"","resource":""},{"id":330,"title":"\u4ea4\u6d41\u7535\u5b50\u8d1f\u8f7d","catalog":"","handbook":"https:\/\/qiniu.punalei.cn\/uploads\/20250811\/18ff267d1dc26e503128741d78be61d7.pdf","agreement":"","drive":"","resource":""},{"id":331,"title":"\u4ea4\u76f4\u6d41\u7535\u5b50\u8d1f\u8f7d","catalog":"","handbook":"https:\/\/qiniu.punalei.cn\/uploads\/20250811\/04725819a3c60dff3e1af918dc2ccaf2.pdf","agreement":"","drive":"","resource":""},{"id":332,"title":"\u5927\u529f\u7387\u76f4\u6d41\u7535\u5b50\u8d1f\u8f7d","catalog":"","handbook":"https:\/\/qiniu.punalei.cn\/uploads\/20250811\/639e5850541f700cdc64053f1d7a18a7.pdf","agreement":"","drive":"","resource":""},{"id":333,"title":"\u5927\u529f\u7387\u76f4\u6d41\u7535\u5b50\u8d1f\u8f7d","catalog":"","handbook":"https:\/\/qiniu.punalei.cn\/uploads\/20250811\/3c0024e1494ae6a3a5ee57c6e55308d8.pdf","agreement":"","drive":"","resource":""},{"id":337,"title":"\u5355\u76f8\u578bPNL300-C\u4ea4\u76f4\u6d41\u7cfb\u52170.2\u7ea7","catalog":"https:\/\/qiniu.punalei.cn\/uploads\/20250630\/9f6157e1177e99e4fe3674e8d06014a8.pdf","handbook":"https:\/\/qiniu.punalei.cn\/uploads\/20250811\/ed50ce8156e54152582ff3356228093d.pdf","agreement":"","drive":"","resource":"https:\/\/qiniu.punalei.cn\/uploads\/20250811\/ed50ce8156e54152582ff3356228093d.pdf"},{"id":338,"title":"\u80fd\u6548\u578bPNL300-E\u4ea4\u76f4\u6d41\u7cfb\u52170.2\u7ea7","catalog":"https:\/\/qiniu.punalei.cn\/uploads\/20250630\/9f6157e1177e99e4fe3674e8d06014a8.pdf","handbook":"https:\/\/qiniu.punalei.cn\/uploads\/20250811\/ed50ce8156e54152582ff3356228093d.pdf","agreement":"","drive":"","resource":"https:\/\/qiniu.punalei.cn\/uploads\/20250811\/ed50ce8156e54152582ff3356228093d.pdf"}]
---------------------------------------------------------------
[ 2026-03-25T15:23:39+08:00 ] 43.155.162.41 GET www.punalei.cn/ldcms/xiazaizhongxin.html?type=2&name=用户手册
[ download ] [{"id":242,"name":"1-300V\/45-400Hz \u4ea4\u6d41\u53d8\u9891\u7535\u6e90 P9510\\15\\20\\30\\45\\60-\\TSS\u7cfb\u5217-\u7528\u6237\u624b\u518c","url":"https:\/\/qiniu.punalei.cn\/uploads\/20250630\/9f6157e1177e99e4fe3674e8d06014a8.pdf"},{"id":244,"name":"1-300V\/45-400Hz \u4ea4\u6d41\u53d8\u9891\u7535\u6e90 P9530\\60-\\GSD\\GSS\u7cfb\u5217-\u7528\u6237\u624b\u518c","url":"https:\/\/qiniu.punalei.cn\/uploads\/20250630\/9f6157e1177e99e4fe3674e8d06014a8.pdf"},{"id":260,"name":"1-300V\/45-400Hz \u4ea4\u6d41\u53d8\u9891\u7535\u6e90 P9505\\10-\\D\u7cfb\u5217-\u7528\u6237\u624b\u518c","url":"https:\/\/qiniu.punalei.cn\/uploads\/20250630\/9f6157e1177e99e4fe3674e8d06014a8.pdf"},{"id":262,"name":"\u5355\u76f8\u578bPNL300-A\u4ea4\u6d41\u7cfb\u52170.2\u7ea7-\u7528\u6237\u624b\u518c","url":"https:\/\/qiniu.punalei.cn\/uploads\/20260309\/ed50ce8156e54152582ff3356228093d.pdf"},{"id":263,"name":"\u6cc4\u6f0f\u7535\u6d41\u6d4b\u8bd5\u4eeaPNL2675\u7cfb\u5217-\u7528\u6237\u624b\u518c","url":"https:\/\/qiniu.punalei.cn\/uploads\/20250630\/9f6157e1177e99e4fe3674e8d06014a8.pdf"},{"id":264,"name":" \u63a5\u5730\u7535\u963b\u6d4b\u8bd5\u4eeaPNL2678XM\u7cfb\u5217-\u7528\u6237\u624b\u518c","url":"https:\/\/qiniu.punalei.cn\/uploads\/20250630\/9f6157e1177e99e4fe3674e8d06014a8.pdf"},{"id":268,"name":"\u591a\u901a\u9053\u76f4\u6d41\u7535\u963b\u6d4b\u8bd5\u4eeaPNL2818-X\u7cfb\u5217-\u7528\u6237\u624b\u518c","url":"https:\/\/qiniu.punalei.cn\/uploads\/20250630\/9f6157e1177e99e4fe3674e8d06014a8.pdf"},{"id":270,"name":"\u76f4\u6d41\u7535\u963b\u6d4b\u8bd5\u4eeaPNL2511\u6570\u7801\u7cfb\u5217-\u7528\u6237\u624b\u518c","url":"https:\/\/qiniu.punalei.cn\/uploads\/20250811\/405841dc3a1790083cdfb28d392a51b6.pdf"},{"id":271,"name":"\u591a\u8def\u6e29\u5ea6\u5de1\u68c0\u6d4b\u8bd5\u4eeaP2000-X PLUS\u7cfb\u5217-\u7528\u6237\u624b\u518c","url":"https:\/\/qiniu.punalei.cn\/uploads\/20250811\/88bebf25cc9f75277abfb9945aa00ebc.pdf"},{"id":272,"name":"\u624b\u6301\u591a\u8def\u6e29\u5ea6\u6d4b\u8bd5\u4eeaP300-S\u7cfb\u5217-\u7528\u6237\u624b\u518c","url":"https:\/\/qiniu.punalei.cn\/uploads\/20250811\/4eeb7970b89981df90d0560b8dbe2ff8.pdf"},{"id":291,"name":"\u4e09\u76f8\u578bPNL300-S\u7cfb\u52170.2\u7ea7-\u7528\u6237\u624b\u518c","url":"https:\/\/qiniu.punalei.cn\/uploads\/20250811\/5f7e3f318e22f4a79790e06a66ac2625.pdf"},{"id":295,"name":"\u5c0f\u529f\u7387\u76f4\u6d41\u7535\u5b50\u8d1f\u8f7d-\u7528\u6237\u624b\u518c","url":"https:\/\/qiniu.punalei.cn\/uploads\/20250811\/3c0024e1494ae6a3a5ee57c6e55308d8.pdf"},{"id":300,"name":"\u5927\u529f\u7387\u76f4\u6d41\u7535\u6e90\u6570\u7801PNL-Y 10kw-15kw\u7cfb\u5217-\u7528\u6237\u624b\u518c","url":"https:\/\/qiniu.punalei.cn\/uploads\/20250811\/6991e7a5b3190aa67ef71fc5ef74964e.pdf"},{"id":306,"name":"\u8010\u538b\u6d4b\u8bd5\u4eea10KV\u7cfb\u5217-\u7528\u6237\u624b\u518c","url":"https:\/\/qiniu.punalei.cn\/uploads\/20250630\/9f6157e1177e99e4fe3674e8d06014a8.pdf"},{"id":307,"name":"\u8010\u538b\u6d4b\u8bd5\u4eea20KV\u7cfb\u5217-\u7528\u6237\u624b\u518c","url":"https:\/\/qiniu.punalei.cn\/uploads\/20250630\/9f6157e1177e99e4fe3674e8d06014a8.pdf"},{"id":308,"name":"\u7a0b\u63a7\u8010\u538b\u7edd\u7f18PNL7110\\PNL7122\u7cfb\u5217-\u7528\u6237\u624b\u518c","url":"https:\/\/qiniu.punalei.cn\/uploads\/20250630\/9f6157e1177e99e4fe3674e8d06014a8.pdf"},{"id":309,"name":"\u5b89\u5168\u7efc\u5408\u6027\u80fd\u5206\u6790\u4eeaPNL9950\u7cfb\u5217-\u7528\u6237\u624b\u518c","url":"https:\/\/qiniu.punalei.cn\/uploads\/20250630\/9f6157e1177e99e4fe3674e8d06014a8.pdf"},{"id":311,"name":"\u5355\u4e09\u76f8 - \u5b89\u5168\u7efc\u5408\u6027\u80fd\u5206\u6790\u4eeaPNL9950-C\u7cfb\u5217-\u7528\u6237\u624b\u518c","url":"https:\/\/qiniu.punalei.cn\/uploads\/20250630\/9f6157e1177e99e4fe3674e8d06014a8.pdf"},{"id":312,"name":"1-300V\/45-400Hz \u4ea4\u6d41\u53d8\u9891\u7535\u6e90 P9515\\20\\30\\45\\60-\\TSD\u7cfb\u5217-\u7528\u6237\u624b\u518c","url":"https:\/\/qiniu.punalei.cn\/uploads\/20250630\/9f6157e1177e99e4fe3674e8d06014a8.pdf"},{"id":314,"name":"1-300V\/45-400Hz \u4ea4\u6d41\u53d8\u9891\u7535\u6e90 P9520\\30-\\D\u7cfb\u5217-\u7528\u6237\u624b\u518c","url":"https:\/\/qiniu.punalei.cn\/uploads\/20250630\/9f6157e1177e99e4fe3674e8d06014a8.pdf"},{"id":315,"name":"\u7edd\u7f18\u7535\u963b\u6d4b\u8bd5\u4eeaPNL2682N\u7cfb\u5217-\u7528\u6237\u624b\u518c","url":"https:\/\/qiniu.punalei.cn\/uploads\/20250811\/7c63757a23e5e98e594bf1b4bf50445a.pdf"},{"id":316,"name":"1-300V\/45-400Hz \u4ea4\u6d41\u53d8\u9891\u7535\u6e90 P9510\\15\\20-\\TD\u7cfb\u5217-\u7528\u6237\u624b\u518c","url":"https:\/\/qiniu.punalei.cn\/uploads\/20250630\/9f6157e1177e99e4fe3674e8d06014a8.pdf"},{"id":317,"name":"1-300V\/45-400Hz \u4ea4\u6d41\u53d8\u9891\u7535\u6e90 P9530\\50-\\G\\D\u7cfb\u5217-\u7528\u6237\u624b\u518c","url":"https:\/\/qiniu.punalei.cn\/uploads\/20250630\/9f6157e1177e99e4fe3674e8d06014a8.pdf"},{"id":318,"name":"\u4e09\u76f8\u578b\u8c10\u6ce2PNL300-SX\u7cfb\u52170.2\u7ea7-\u7528\u6237\u624b\u518c","url":"https:\/\/qiniu.punalei.cn\/uploads\/20250811\/c3915be2288c668d42fab75c77d557b6.pdf"},{"id":319,"name":"\u7edd\u7f18\u7535\u963b\u6d4b\u8bd5\u4eeaPNL2683AL\u7cfb\u5217-\u7528\u6237\u624b\u518c","url":"https:\/\/qiniu.punalei.cn\/uploads\/20250811\/29f9570871ea60e153dce0b05698a13e.pdf"},{"id":320,"name":"\u5bbd\u8303\u56f4\u76f4\u6d41\u7535\u963b\u6d4b\u8bd5\u4eeaPNL2513\/15\u7cfb\u5217-\u7528\u6237\u624b\u518c","url":"https:\/\/qiniu.punalei.cn\/uploads\/20250811\/d94e60f7d79a2b3b6d9b106bf787c6db.pdf"},{"id":326,"name":"\u5927\u529f\u7387\u76f4\u6d41\u7535\u6e90\u6570\u7801PNL-Y 20kw-30kw\u7cfb\u5217-\u7528\u6237\u624b\u518c","url":"https:\/\/qiniu.punalei.cn\/uploads\/20250811\/6991e7a5b3190aa67ef71fc5ef74964e.pdf"},{"id":327,"name":"\u5927\u529f\u7387\u76f4\u6d41\u7535\u6e90\u6570\u7801PNL-Y 40kw-60kw\u7cfb\u5217-\u7528\u6237\u624b\u518c","url":"https:\/\/qiniu.punalei.cn\/uploads\/20250811\/6991e7a5b3190aa67ef71fc5ef74964e.pdf"},{"id":328,"name":"\u5927\u529f\u7387\u76f4\u6d41\u7535\u6e90\u6570\u7801PNL-Y 75kw-90kw\u7cfb\u5217-\u7528\u6237\u624b\u518c","url":"https:\/\/qiniu.punalei.cn\/uploads\/20250811\/6991e7a5b3190aa67ef71fc5ef74964e.pdf"},{"id":329,"name":"\u5927\u529f\u7387\u76f4\u6d41\u7535\u6e90\u6570\u7801PNL-U \u9ad8\u538b\u7cfb\u5217-\u7528\u6237\u624b\u518c","url":"https:\/\/qiniu.punalei.cn\/uploads\/20250811\/6991e7a5b3190aa67ef71fc5ef74964e.pdf"},{"id":330,"name":"\u4ea4\u6d41\u7535\u5b50\u8d1f\u8f7d-\u7528\u6237\u624b\u518c","url":"https:\/\/qiniu.punalei.cn\/uploads\/20250811\/18ff267d1dc26e503128741d78be61d7.pdf"},{"id":331,"name":"\u4ea4\u76f4\u6d41\u7535\u5b50\u8d1f\u8f7d-\u7528\u6237\u624b\u518c","url":"https:\/\/qiniu.punalei.cn\/uploads\/20250811\/04725819a3c60dff3e1af918dc2ccaf2.pdf"},{"id":332,"name":"\u5927\u529f\u7387\u76f4\u6d41\u7535\u5b50\u8d1f\u8f7d-\u7528\u6237\u624b\u518c","url":"https:\/\/qiniu.punalei.cn\/uploads\/20250811\/639e5850541f700cdc64053f1d7a18a7.pdf"},{"id":333,"name":"\u5927\u529f\u7387\u76f4\u6d41\u7535\u5b50\u8d1f\u8f7d-\u7528\u6237\u624b\u518c","url":"https:\/\/qiniu.punalei.cn\/uploads\/20250811\/3c0024e1494ae6a3a5ee57c6e55308d8.pdf"},{"id":337,"name":"\u5355\u76f8\u578bPNL300-C\u4ea4\u76f4\u6d41\u7cfb\u52170.2\u7ea7-\u7528\u6237\u624b\u518c","url":"https:\/\/qiniu.punalei.cn\/uploads\/20250811\/ed50ce8156e54152582ff3356228093d.pdf"},{"id":338,"name":"\u80fd\u6548\u578bPNL300-E\u4ea4\u76f4\u6d41\u7cfb\u52170.2\u7ea7-\u7528\u6237\u624b\u518c","url":"https:\/\/qiniu.punalei.cn\/uploads\/20250811\/ed50ce8156e54152582ff3356228093d.pdf"}]
---------------------------------------------------------------
[ 2026-03-25T15:46:27+08:00 ] 165.154.202.146 GET 120.24.147.77/version
[ error ] [8192]preg_match(): Passing null to parameter #2 ($subject) of type string is deprecated
[ error ] [8192]preg_match(): Passing null to parameter #2 ($subject) of type string is deprecated
[ error ] [8192]preg_match(): Passing null to parameter #2 ($subject) of type string is deprecated
[ error ] [8192]preg_match(): Passing null to parameter #2 ($subject) of type string is deprecated
[ error ] [8192]preg_match(): Passing null to parameter #2 ($subject) of type string is deprecated
[ error ] [8192]preg_match(): Passing null to parameter #2 ($subject) of type string is deprecated
---------------------------------------------------------------
[ 2026-03-25T15:46:27+08:00 ] 165.154.202.146 GET 120.24.147.77/version
[ error ] [8192]preg_match(): Passing null to parameter #2 ($subject) of type string is deprecated
[ error ] [8192]preg_match(): Passing null to parameter #2 ($subject) of type string is deprecated
[ error ] [8192]preg_match(): Passing null to parameter #2 ($subject) of type string is deprecated
[ error ] [8192]preg_match(): Passing null to parameter #2 ($subject) of type string is deprecated
[ error ] [8192]preg_match(): Passing null to parameter #2 ($subject) of type string is deprecated
[ error ] [8192]preg_match(): Passing null to parameter #2 ($subject) of type string is deprecated
---------------------------------------------------------------
[ 2026-03-25T15:46:27+08:00 ] 165.154.202.146 GET 120.24.147.77/
[ error ] [8192]preg_match(): Passing null to parameter #2 ($subject) of type string is deprecated
[ error ] [8192]preg_match(): Passing null to parameter #2 ($subject) of type string is deprecated
[ error ] [8192]preg_match(): Passing null to parameter #2 ($subject) of type string is deprecated
[ error ] [8192]preg_match(): Passing null to parameter #2 ($subject) of type string is deprecated
[ error ] [8192]preg_match(): Passing null to parameter #2 ($subject) of type string is deprecated
[ error ] [8192]preg_match(): Passing null to parameter #2 ($subject) of type string is deprecated
[ error ] [8192]preg_match(): Passing null to parameter #2 ($subject) of type string is deprecated
[ error ] [8192]preg_match(): Passing null to parameter #2 ($subject) of type string is deprecated
[ error ] [8192]Automatic conversion of false to array is deprecated
[ error ] [2]Undefined array key "title"
[ error ] [2]Undefined array key "title"
[ error ] [2]Undefined array key "title"
[ error ] [2]Undefined array key "title"
---------------------------------------------------------------
[ 2026-03-25T15:46:29+08:00 ] 165.154.202.146 GET 120.24.147.77/
[ error ] [8192]preg_match(): Passing null to parameter #2 ($subject) of type string is deprecated
[ error ] [8192]preg_match(): Passing null to parameter #2 ($subject) of type string is deprecated
[ error ] [8192]preg_match(): Passing null to parameter #2 ($subject) of type string is deprecated
[ error ] [8192]preg_match(): Passing null to parameter #2 ($subject) of type string is deprecated
[ error ] [8192]preg_match(): Passing null to parameter #2 ($subject) of type string is deprecated
[ error ] [8192]preg_match(): Passing null to parameter #2 ($subject) of type string is deprecated
[ error ] [8192]preg_match(): Passing null to parameter #2 ($subject) of type string is deprecated
[ error ] [8192]preg_match(): Passing null to parameter #2 ($subject) of type string is deprecated
[ error ] [8192]Automatic conversion of false to array is deprecated
[ error ] [2]Undefined array key "title"
[ error ] [2]Undefined array key "title"
[ error ] [2]Undefined array key "title"
[ error ] [2]Undefined array key "title"
---------------------------------------------------------------
[ 2026-03-25T15:46:31+08:00 ] 165.154.202.146 GET 120.24.147.77/v1
[ error ] [8192]preg_match(): Passing null to parameter #2 ($subject) of type string is deprecated
[ error ] [8192]preg_match(): Passing null to parameter #2 ($subject) of type string is deprecated
[ error ] [8192]preg_match(): Passing null to parameter #2 ($subject) of type string is deprecated
[ error ] [8192]preg_match(): Passing null to parameter #2 ($subject) of type string is deprecated
[ error ] [8192]preg_match(): Passing null to parameter #2 ($subject) of type string is deprecated
[ error ] [8192]preg_match(): Passing null to parameter #2 ($subject) of type string is deprecated
---------------------------------------------------------------
[ 2026-03-25T15:46:31+08:00 ] 165.154.202.146 GET 120.24.147.77/v1
[ error ] [8192]preg_match(): Passing null to parameter #2 ($subject) of type string is deprecated
[ error ] [8192]preg_match(): Passing null to parameter #2 ($subject) of type string is deprecated
[ error ] [8192]preg_match(): Passing null to parameter #2 ($subject) of type string is deprecated
[ error ] [8192]preg_match(): Passing null to parameter #2 ($subject) of type string is deprecated
[ error ] [8192]preg_match(): Passing null to parameter #2 ($subject) of type string is deprecated
[ error ] [8192]preg_match(): Passing null to parameter #2 ($subject) of type string is deprecated
---------------------------------------------------------------
[ 2026-03-25T15:46:32+08:00 ] 165.154.202.146 GET 120.24.147.77/
[ error ] [8192]preg_match(): Passing null to parameter #2 ($subject) of type string is deprecated
[ error ] [8192]preg_match(): Passing null to parameter #2 ($subject) of type string is deprecated
[ error ] [8192]preg_match(): Passing null to parameter #2 ($subject) of type string is deprecated
[ error ] [8192]preg_match(): Passing null to parameter #2 ($subject) of type string is deprecated
[ error ] [8192]preg_match(): Passing null to parameter #2 ($subject) of type string is deprecated
[ error ] [8192]preg_match(): Passing null to parameter #2 ($subject) of type string is deprecated
[ error ] [8192]preg_match(): Passing null to parameter #2 ($subject) of type string is deprecated
[ error ] [8192]preg_match(): Passing null to parameter #2 ($subject) of type string is deprecated
[ error ] [8192]Automatic conversion of false to array is deprecated
[ error ] [2]Undefined array key "title"
[ error ] [2]Undefined array key "title"
[ error ] [2]Undefined array key "title"
[ error ] [2]Undefined array key "title"
---------------------------------------------------------------
[ 2026-03-25T15:46:34+08:00 ] 165.154.202.146 GET 120.24.147.77/
[ error ] [8192]preg_match(): Passing null to parameter #2 ($subject) of type string is deprecated
[ error ] [8192]preg_match(): Passing null to parameter #2 ($subject) of type string is deprecated
[ error ] [8192]preg_match(): Passing null to parameter #2 ($subject) of type string is deprecated
[ error ] [8192]preg_match(): Passing null to parameter #2 ($subject) of type string is deprecated
[ error ] [8192]preg_match(): Passing null to parameter #2 ($subject) of type string is deprecated
[ error ] [8192]preg_match(): Passing null to parameter #2 ($subject) of type string is deprecated
[ error ] [8192]preg_match(): Passing null to parameter #2 ($subject) of type string is deprecated
[ error ] [8192]preg_match(): Passing null to parameter #2 ($subject) of type string is deprecated
[ error ] [8192]Automatic conversion of false to array is deprecated
[ error ] [2]Undefined array key "title"
[ error ] [2]Undefined array key "title"
[ error ] [2]Undefined array key "title"
[ error ] [2]Undefined array key "title"
---------------------------------------------------------------
[ 2026-03-25T15:46:49+08:00 ] 221.238.131.250 HEAD www.punalei.cn/
[ error ] [8192]preg_match(): Passing null to parameter #2 ($subject) of type string is deprecated
[ error ] [8192]preg_match(): Passing null to parameter #2 ($subject) of type string is deprecated
[ error ] [8192]preg_match(): Passing null to parameter #2 ($subject) of type string is deprecated
[ error ] [8192]preg_match(): Passing null to parameter #2 ($subject) of type string is deprecated
[ error ] [8192]preg_match(): Passing null to parameter #2 ($subject) of type string is deprecated
[ error ] [8192]preg_match(): Passing null to parameter #2 ($subject) of type string is deprecated
[ error ] [8192]preg_match(): Passing null to parameter #2 ($subject) of type string is deprecated
[ error ] [8192]preg_match(): Passing null to parameter #2 ($subject) of type string is deprecated
[ error ] [8192]Automatic conversion of false to array is deprecated
[ error ] [2]Undefined array key "title"
[ error ] [2]Undefined array key "title"
[ error ] [2]Undefined array key "title"
[ error ] [2]Undefined array key "title"
---------------------------------------------------------------
[ 2026-03-25T15:48:04+08:00 ] 31.58.214.23 GET 120.24.147.77/server.js
[ error ] [8192]preg_match(): Passing null to parameter #2 ($subject) of type string is deprecated
[ error ] [8192]preg_match(): Passing null to parameter #2 ($subject) of type string is deprecated
[ error ] [8192]preg_match(): Passing null to parameter #2 ($subject) of type string is deprecated
[ error ] [8192]preg_match(): Passing null to parameter #2 ($subject) of type string is deprecated
[ error ] [8192]preg_match(): Passing null to parameter #2 ($subject) of type string is deprecated
[ error ] [8192]preg_match(): Passing null to parameter #2 ($subject) of type string is deprecated
---------------------------------------------------------------
[ 2026-03-25T15:51:01+08:00 ] 66.132.172.135 GET 120.24.147.77/bdgzl4tjfi
[ error ] [8192]preg_match(): Passing null to parameter #2 ($subject) of type string is deprecated
[ error ] [8192]preg_match(): Passing null to parameter #2 ($subject) of type string is deprecated
[ error ] [8192]preg_match(): Passing null to parameter #2 ($subject) of type string is deprecated
[ error ] [8192]preg_match(): Passing null to parameter #2 ($subject) of type string is deprecated
[ error ] [8192]preg_match(): Passing null to parameter #2 ($subject) of type string is deprecated
[ error ] [8192]preg_match(): Passing null to parameter #2 ($subject) of type string is deprecated
---------------------------------------------------------------
[ 2026-03-25T15:51:01+08:00 ] 66.132.172.135 GET 120.24.147.77/bdgzl4tjfi
[ error ] [8192]preg_match(): Passing null to parameter #2 ($subject) of type string is deprecated
[ error ] [8192]preg_match(): Passing null to parameter #2 ($subject) of type string is deprecated
[ error ] [8192]preg_match(): Passing null to parameter #2 ($subject) of type string is deprecated
[ error ] [8192]preg_match(): Passing null to parameter #2 ($subject) of type string is deprecated
[ error ] [8192]preg_match(): Passing null to parameter #2 ($subject) of type string is deprecated
[ error ] [8192]preg_match(): Passing null to parameter #2 ($subject) of type string is deprecated
---------------------------------------------------------------
[ 2026-03-25T15:52:39+08:00 ] 195.178.110.162 GET 120.24.147.77/.git/credentials
[ error ] [8192]preg_match(): Passing null to parameter #2 ($subject) of type string is deprecated
[ error ] [8192]preg_match(): Passing null to parameter #2 ($subject) of type string is deprecated
[ error ] [8192]preg_match(): Passing null to parameter #2 ($subject) of type string is deprecated
[ error ] [8192]preg_match(): Passing null to parameter #2 ($subject) of type string is deprecated
[ error ] [8192]preg_match(): Passing null to parameter #2 ($subject) of type string is deprecated
[ error ] [8192]preg_match(): Passing null to parameter #2 ($subject) of type string is deprecated
---------------------------------------------------------------
[ 2026-03-25T15:53:28+08:00 ] 66.132.195.85 GET 120.24.147.77/
[ error ] [8192]preg_match(): Passing null to parameter #2 ($subject) of type string is deprecated
[ error ] [8192]preg_match(): Passing null to parameter #2 ($subject) of type string is deprecated
[ error ] [8192]preg_match(): Passing null to parameter #2 ($subject) of type string is deprecated
[ error ] [8192]preg_match(): Passing null to parameter #2 ($subject) of type string is deprecated
[ error ] [8192]preg_match(): Passing null to parameter #2 ($subject) of type string is deprecated
[ error ] [8192]preg_match(): Passing null to parameter #2 ($subject) of type string is deprecated
[ error ] [8192]preg_match(): Passing null to parameter #2 ($subject) of type string is deprecated
[ error ] [8192]preg_match(): Passing null to parameter #2 ($subject) of type string is deprecated
[ error ] [8192]Automatic conversion of false to array is deprecated
[ error ] [2]Undefined array key "title"
[ error ] [2]Undefined array key "title"
[ error ] [2]Undefined array key "title"
[ error ] [2]Undefined array key "title"
---------------------------------------------------------------
[ 2026-03-25T15:53:35+08:00 ] 66.132.195.85 GET 120.24.147.77/favicon.ico
[ error ] [8192]preg_match(): Passing null to parameter #2 ($subject) of type string is deprecated
[ error ] [8192]preg_match(): Passing null to parameter #2 ($subject) of type string is deprecated
[ error ] [8192]preg_match(): Passing null to parameter #2 ($subject) of type string is deprecated
[ error ] [8192]preg_match(): Passing null to parameter #2 ($subject) of type string is deprecated
[ error ] [8192]preg_match(): Passing null to parameter #2 ($subject) of type string is deprecated
[ error ] [8192]preg_match(): Passing null to parameter #2 ($subject) of type string is deprecated
---------------------------------------------------------------
[ 2026-03-25T15:53:35+08:00 ] 66.132.195.85 GET 120.24.147.77/favicon.ico
[ error ] [8192]preg_match(): Passing null to parameter #2 ($subject) of type string is deprecated
[ error ] [8192]preg_match(): Passing null to parameter #2 ($subject) of type string is deprecated
[ error ] [8192]preg_match(): Passing null to parameter #2 ($subject) of type string is deprecated
[ error ] [8192]preg_match(): Passing null to parameter #2 ($subject) of type string is deprecated
[ error ] [8192]preg_match(): Passing null to parameter #2 ($subject) of type string is deprecated
[ error ] [8192]preg_match(): Passing null to parameter #2 ($subject) of type string is deprecated
---------------------------------------------------------------
[ 2026-03-25T15:54:54+08:00 ] 66.132.195.85 GET 120.24.147.77/wiki
[ error ] [8192]preg_match(): Passing null to parameter #2 ($subject) of type string is deprecated
[ error ] [8192]preg_match(): Passing null to parameter #2 ($subject) of type string is deprecated
[ error ] [8192]preg_match(): Passing null to parameter #2 ($subject) of type string is deprecated
[ error ] [8192]preg_match(): Passing null to parameter #2 ($subject) of type string is deprecated
[ error ] [8192]preg_match(): Passing null to parameter #2 ($subject) of type string is deprecated
[ error ] [8192]preg_match(): Passing null to parameter #2 ($subject) of type string is deprecated
---------------------------------------------------------------
[ 2026-03-25T15:54:54+08:00 ] 66.132.195.85 GET 120.24.147.77/wiki
[ error ] [8192]preg_match(): Passing null to parameter #2 ($subject) of type string is deprecated
[ error ] [8192]preg_match(): Passing null to parameter #2 ($subject) of type string is deprecated
[ error ] [8192]preg_match(): Passing null to parameter #2 ($subject) of type string is deprecated
[ error ] [8192]preg_match(): Passing null to parameter #2 ($subject) of type string is deprecated
[ error ] [8192]preg_match(): Passing null to parameter #2 ($subject) of type string is deprecated
[ error ] [8192]preg_match(): Passing null to parameter #2 ($subject) of type string is deprecated
---------------------------------------------------------------
[ 2026-03-25T16:11:20+08:00 ] 58.240.69.2 GET 120.24.147.77/
[ error ] [8192]preg_match(): Passing null to parameter #2 ($subject) of type string is deprecated
[ error ] [8192]preg_match(): Passing null to parameter #2 ($subject) of type string is deprecated
[ error ] [8192]preg_match(): Passing null to parameter #2 ($subject) of type string is deprecated
[ error ] [8192]preg_match(): Passing null to parameter #2 ($subject) of type string is deprecated
[ error ] [8192]preg_match(): Passing null to parameter #2 ($subject) of type string is deprecated
[ error ] [8192]preg_match(): Passing null to parameter #2 ($subject) of type string is deprecated
[ error ] [8192]preg_match(): Passing null to parameter #2 ($subject) of type string is deprecated
[ error ] [8192]preg_match(): Passing null to parameter #2 ($subject) of type string is deprecated
[ error ] [8192]Automatic conversion of false to array is deprecated
[ error ] [2]Undefined array key "title"
[ error ] [2]Undefined array key "title"
[ error ] [2]Undefined array key "title"
[ error ] [2]Undefined array key "title"
---------------------------------------------------------------
[ 2026-03-25T16:14:28+08:00 ] 43.133.139.6 GET 120.24.147.77/
[ error ] [8192]preg_match(): Passing null to parameter #2 ($subject) of type string is deprecated
[ error ] [8192]preg_match(): Passing null to parameter #2 ($subject) of type string is deprecated
[ error ] [8192]preg_match(): Passing null to parameter #2 ($subject) of type string is deprecated
[ error ] [8192]preg_match(): Passing null to parameter #2 ($subject) of type string is deprecated
[ error ] [8192]preg_match(): Passing null to parameter #2 ($subject) of type string is deprecated
[ error ] [8192]preg_match(): Passing null to parameter #2 ($subject) of type string is deprecated
[ error ] [8192]preg_match(): Passing null to parameter #2 ($subject) of type string is deprecated
[ error ] [8192]preg_match(): Passing null to parameter #2 ($subject) of type string is deprecated
[ error ] [8192]Automatic conversion of false to array is deprecated
[ error ] [2]Undefined array key "title"
[ error ] [2]Undefined array key "title"
[ error ] [2]Undefined array key "title"
[ error ] [2]Undefined array key "title"
---------------------------------------------------------------
[ 2026-03-25T16:20:39+08:00 ] 138.68.61.132 GET 120.24.147.77/
[ error ] [8192]preg_match(): Passing null to parameter #2 ($subject) of type string is deprecated
[ error ] [8192]preg_match(): Passing null to parameter #2 ($subject) of type string is deprecated
[ error ] [8192]preg_match(): Passing null to parameter #2 ($subject) of type string is deprecated
[ error ] [8192]preg_match(): Passing null to parameter #2 ($subject) of type string is deprecated
[ error ] [8192]preg_match(): Passing null to parameter #2 ($subject) of type string is deprecated
[ error ] [8192]preg_match(): Passing null to parameter #2 ($subject) of type string is deprecated
[ error ] [8192]preg_match(): Passing null to parameter #2 ($subject) of type string is deprecated
[ error ] [8192]preg_match(): Passing null to parameter #2 ($subject) of type string is deprecated
[ error ] [8192]Automatic conversion of false to array is deprecated
[ error ] [2]Undefined array key "title"
[ error ] [2]Undefined array key "title"
[ error ] [2]Undefined array key "title"
[ error ] [2]Undefined array key "title"
---------------------------------------------------------------
[ 2026-03-25T16:20:46+08:00 ] 138.68.61.132 GET punalei.cn/
[ error ] [8192]preg_match(): Passing null to parameter #2 ($subject) of type string is deprecated
[ error ] [8192]preg_match(): Passing null to parameter #2 ($subject) of type string is deprecated
[ error ] [8192]preg_match(): Passing null to parameter #2 ($subject) of type string is deprecated
[ error ] [8192]preg_match(): Passing null to parameter #2 ($subject) of type string is deprecated
[ error ] [8192]preg_match(): Passing null to parameter #2 ($subject) of type string is deprecated
[ error ] [8192]preg_match(): Passing null to parameter #2 ($subject) of type string is deprecated
[ error ] [8192]preg_match(): Passing null to parameter #2 ($subject) of type string is deprecated
[ error ] [8192]preg_match(): Passing null to parameter #2 ($subject) of type string is deprecated
[ error ] [8192]Automatic conversion of false to array is deprecated
[ error ] [2]Undefined array key "title"
[ error ] [2]Undefined array key "title"
[ error ] [2]Undefined array key "title"
[ error ] [2]Undefined array key "title"
---------------------------------------------------------------
[ 2026-03-25T16:21:19+08:00 ] 113.215.188.194 GET punalei.cn/
[ error ] [8192]preg_match(): Passing null to parameter #2 ($subject) of type string is deprecated
[ error ] [8192]preg_match(): Passing null to parameter #2 ($subject) of type string is deprecated
[ error ] [8192]preg_match(): Passing null to parameter #2 ($subject) of type string is deprecated
[ error ] [8192]preg_match(): Passing null to parameter #2 ($subject) of type string is deprecated
[ error ] [8192]preg_match(): Passing null to parameter #2 ($subject) of type string is deprecated
[ error ] [8192]preg_match(): Passing null to parameter #2 ($subject) of type string is deprecated
[ error ] [8192]preg_match(): Passing null to parameter #2 ($subject) of type string is deprecated
[ error ] [8192]preg_match(): Passing null to parameter #2 ($subject) of type string is deprecated
[ error ] [8192]Automatic conversion of false to array is deprecated
[ error ] [2]Undefined array key "title"
[ error ] [2]Undefined array key "title"
[ error ] [2]Undefined array key "title"
[ error ] [2]Undefined array key "title"
---------------------------------------------------------------
[ 2026-03-25T16:21:19+08:00 ] 113.215.188.194 GET punalei.cn/
[ error ] [2]Undefined array key "title"
[ error ] [2]Undefined array key "title"
[ error ] [2]Undefined array key "title"
[ error ] [2]Undefined array key "title"
---------------------------------------------------------------
[ 2026-03-25T16:39:12+08:00 ] 172.234.217.192 GET 120.24.147.77/
[ error ] [8192]preg_match(): Passing null to parameter #2 ($subject) of type string is deprecated
[ error ] [8192]preg_match(): Passing null to parameter #2 ($subject) of type string is deprecated
[ error ] [8192]preg_match(): Passing null to parameter #2 ($subject) of type string is deprecated
[ error ] [8192]preg_match(): Passing null to parameter #2 ($subject) of type string is deprecated
[ error ] [8192]preg_match(): Passing null to parameter #2 ($subject) of type string is deprecated
[ error ] [8192]preg_match(): Passing null to parameter #2 ($subject) of type string is deprecated
[ error ] [8192]preg_match(): Passing null to parameter #2 ($subject) of type string is deprecated
[ error ] [8192]preg_match(): Passing null to parameter #2 ($subject) of type string is deprecated
[ error ] [8192]Automatic conversion of false to array is deprecated
[ error ] [2]Undefined array key "title"
[ error ] [2]Undefined array key "title"
[ error ] [2]Undefined array key "title"
[ error ] [2]Undefined array key "title"
---------------------------------------------------------------
[ 2026-03-25T16:43:31+08:00 ] 45.144.212.97 GET 120.24.147.77/.git/credentials
[ error ] [8192]preg_match(): Passing null to parameter #2 ($subject) of type string is deprecated
[ error ] [8192]preg_match(): Passing null to parameter #2 ($subject) of type string is deprecated
[ error ] [8192]preg_match(): Passing null to parameter #2 ($subject) of type string is deprecated
[ error ] [8192]preg_match(): Passing null to parameter #2 ($subject) of type string is deprecated
[ error ] [8192]preg_match(): Passing null to parameter #2 ($subject) of type string is deprecated
[ error ] [8192]preg_match(): Passing null to parameter #2 ($subject) of type string is deprecated
---------------------------------------------------------------
[ 2026-03-25T17:35:56+08:00 ] 20.193.146.159 GET 120.24.147.77/
[ error ] [8192]preg_match(): Passing null to parameter #2 ($subject) of type string is deprecated
[ error ] [8192]preg_match(): Passing null to parameter #2 ($subject) of type string is deprecated
[ error ] [8192]preg_match(): Passing null to parameter #2 ($subject) of type string is deprecated
[ error ] [8192]preg_match(): Passing null to parameter #2 ($subject) of type string is deprecated
[ error ] [8192]preg_match(): Passing null to parameter #2 ($subject) of type string is deprecated
[ error ] [8192]preg_match(): Passing null to parameter #2 ($subject) of type string is deprecated
[ error ] [8192]preg_match(): Passing null to parameter #2 ($subject) of type string is deprecated
[ error ] [8192]preg_match(): Passing null to parameter #2 ($subject) of type string is deprecated
[ error ] [8192]Automatic conversion of false to array is deprecated
[ error ] [2]Undefined array key "title"
[ error ] [2]Undefined array key "title"
[ error ] [2]Undefined array key "title"
[ error ] [2]Undefined array key "title"
---------------------------------------------------------------
[ 2026-03-25T17:35:56+08:00 ] 20.193.146.159 POST 120.24.147.77/
[ error ] [8192]preg_match(): Passing null to parameter #2 ($subject) of type string is deprecated
[ error ] [8192]preg_match(): Passing null to parameter #2 ($subject) of type string is deprecated
[ error ] [8192]preg_match(): Passing null to parameter #2 ($subject) of type string is deprecated
[ error ] [8192]preg_match(): Passing null to parameter #2 ($subject) of type string is deprecated
[ error ] [8192]preg_match(): Passing null to parameter #2 ($subject) of type string is deprecated
[ error ] [8192]preg_match(): Passing null to parameter #2 ($subject) of type string is deprecated
---------------------------------------------------------------
[ 2026-03-25T17:35:56+08:00 ] 20.193.146.159 GET 120.24.147.77/
[ error ] [8192]preg_match(): Passing null to parameter #2 ($subject) of type string is deprecated
[ error ] [8192]preg_match(): Passing null to parameter #2 ($subject) of type string is deprecated
[ error ] [8192]preg_match(): Passing null to parameter #2 ($subject) of type string is deprecated
[ error ] [8192]preg_match(): Passing null to parameter #2 ($subject) of type string is deprecated
[ error ] [8192]preg_match(): Passing null to parameter #2 ($subject) of type string is deprecated
[ error ] [8192]preg_match(): Passing null to parameter #2 ($subject) of type string is deprecated
---------------------------------------------------------------
[ 2026-03-25T17:39:32+08:00 ] 164.52.24.178 GET 120.24.147.77/
[ error ] [8192]preg_match(): Passing null to parameter #2 ($subject) of type string is deprecated
[ error ] [8192]preg_match(): Passing null to parameter #2 ($subject) of type string is deprecated
[ error ] [8192]preg_match(): Passing null to parameter #2 ($subject) of type string is deprecated
[ error ] [8192]preg_match(): Passing null to parameter #2 ($subject) of type string is deprecated
[ error ] [8192]preg_match(): Passing null to parameter #2 ($subject) of type string is deprecated
[ error ] [8192]preg_match(): Passing null to parameter #2 ($subject) of type string is deprecated
[ error ] [8192]preg_match(): Passing null to parameter #2 ($subject) of type string is deprecated
[ error ] [8192]preg_match(): Passing null to parameter #2 ($subject) of type string is deprecated
[ error ] [8192]Automatic conversion of false to array is deprecated
[ error ] [2]Undefined array key "title"
[ error ] [2]Undefined array key "title"
[ error ] [2]Undefined array key "title"
[ error ] [2]Undefined array key "title"
---------------------------------------------------------------
[ 2026-03-25T17:41:07+08:00 ] 164.52.24.178 GET 120.24.147.77/favicon.ico
[ error ] [8192]preg_match(): Passing null to parameter #2 ($subject) of type string is deprecated
[ error ] [8192]preg_match(): Passing null to parameter #2 ($subject) of type string is deprecated
[ error ] [8192]preg_match(): Passing null to parameter #2 ($subject) of type string is deprecated
[ error ] [8192]preg_match(): Passing null to parameter #2 ($subject) of type string is deprecated
[ error ] [8192]preg_match(): Passing null to parameter #2 ($subject) of type string is deprecated
[ error ] [8192]preg_match(): Passing null to parameter #2 ($subject) of type string is deprecated
---------------------------------------------------------------
[ 2026-03-25T17:41:07+08:00 ] 164.52.24.178 GET 120.24.147.77/favicon.ico
[ error ] [8192]preg_match(): Passing null to parameter #2 ($subject) of type string is deprecated
[ error ] [8192]preg_match(): Passing null to parameter #2 ($subject) of type string is deprecated
[ error ] [8192]preg_match(): Passing null to parameter #2 ($subject) of type string is deprecated
[ error ] [8192]preg_match(): Passing null to parameter #2 ($subject) of type string is deprecated
[ error ] [8192]preg_match(): Passing null to parameter #2 ($subject) of type string is deprecated
[ error ] [8192]preg_match(): Passing null to parameter #2 ($subject) of type string is deprecated
---------------------------------------------------------------
[ 2026-03-25T17:41:11+08:00 ] 58.50.197.81 GET www.punalei.cn/
[ error ] [8192]preg_match(): Passing null to parameter #2 ($subject) of type string is deprecated
[ error ] [8192]preg_match(): Passing null to parameter #2 ($subject) of type string is deprecated
[ error ] [8192]preg_match(): Passing null to parameter #2 ($subject) of type string is deprecated
[ error ] [8192]preg_match(): Passing null to parameter #2 ($subject) of type string is deprecated
[ error ] [8192]preg_match(): Passing null to parameter #2 ($subject) of type string is deprecated
[ error ] [8192]preg_match(): Passing null to parameter #2 ($subject) of type string is deprecated
[ error ] [8192]preg_match(): Passing null to parameter #2 ($subject) of type string is deprecated
[ error ] [8192]preg_match(): Passing null to parameter #2 ($subject) of type string is deprecated
[ error ] [8192]Automatic conversion of false to array is deprecated
[ error ] [2]Undefined array key "title"
[ error ] [2]Undefined array key "title"
[ error ] [2]Undefined array key "title"
[ error ] [2]Undefined array key "title"
---------------------------------------------------------------
[ 2026-03-25T17:41:11+08:00 ] 58.50.197.81 GET www.punalei.cn/ldcms/lianxiwomen.html
[ error ] [8192]preg_match(): Passing null to parameter #2 ($subject) of type string is deprecated
[ error ] [8192]preg_match(): Passing null to parameter #2 ($subject) of type string is deprecated
[ error ] [8192]preg_match(): Passing null to parameter #2 ($subject) of type string is deprecated
[ error ] [8192]preg_match(): Passing null to parameter #2 ($subject) of type string is deprecated
[ error ] [8192]preg_match(): Passing null to parameter #2 ($subject) of type string is deprecated
[ error ] [8192]preg_match(): Passing null to parameter #2 ($subject) of type string is deprecated
[ error ] [8192]preg_match(): Passing null to parameter #2 ($subject) of type string is deprecated
[ error ] [8192]preg_match(): Passing null to parameter #2 ($subject) of type string is deprecated
[ error ] [8192]Automatic conversion of false to array is deprecated
---------------------------------------------------------------
[ 2026-03-25T17:41:11+08:00 ] 58.50.197.81 GET www.punalei.cn/lianxiwomen.html
[ error ] [8192]preg_match(): Passing null to parameter #2 ($subject) of type string is deprecated
[ error ] [8192]preg_match(): Passing null to parameter #2 ($subject) of type string is deprecated
[ error ] [8192]preg_match(): Passing null to parameter #2 ($subject) of type string is deprecated
[ error ] [8192]preg_match(): Passing null to parameter #2 ($subject) of type string is deprecated
[ error ] [8192]preg_match(): Passing null to parameter #2 ($subject) of type string is deprecated
[ error ] [8192]preg_match(): Passing null to parameter #2 ($subject) of type string is deprecated
---------------------------------------------------------------
[ 2026-03-25T17:41:11+08:00 ] 58.50.197.81 GET www.punalei.cn/lianxiwomen.html
[ error ] [8192]preg_match(): Passing null to parameter #2 ($subject) of type string is deprecated
[ error ] [8192]preg_match(): Passing null to parameter #2 ($subject) of type string is deprecated
[ error ] [8192]preg_match(): Passing null to parameter #2 ($subject) of type string is deprecated
[ error ] [8192]preg_match(): Passing null to parameter #2 ($subject) of type string is deprecated
[ error ] [8192]preg_match(): Passing null to parameter #2 ($subject) of type string is deprecated
[ error ] [8192]preg_match(): Passing null to parameter #2 ($subject) of type string is deprecated
---------------------------------------------------------------
[ 2026-03-25T17:44:24+08:00 ] 149.86.227.60 GET 120.24.147.77/
[ error ] [8192]preg_match(): Passing null to parameter #2 ($subject) of type string is deprecated
[ error ] [8192]preg_match(): Passing null to parameter #2 ($subject) of type string is deprecated
[ error ] [8192]preg_match(): Passing null to parameter #2 ($subject) of type string is deprecated
[ error ] [8192]preg_match(): Passing null to parameter #2 ($subject) of type string is deprecated
[ error ] [8192]preg_match(): Passing null to parameter #2 ($subject) of type string is deprecated
[ error ] [8192]preg_match(): Passing null to parameter #2 ($subject) of type string is deprecated
[ error ] [8192]preg_match(): Passing null to parameter #2 ($subject) of type string is deprecated
[ error ] [8192]preg_match(): Passing null to parameter #2 ($subject) of type string is deprecated
[ error ] [8192]Automatic conversion of false to array is deprecated
[ error ] [2]Undefined array key "title"
[ error ] [2]Undefined array key "title"
[ error ] [2]Undefined array key "title"
[ error ] [2]Undefined array key "title"
---------------------------------------------------------------
[ 2026-03-25T17:49:12+08:00 ] 87.236.176.24 GET 120.24.147.77/
[ error ] [8192]preg_match(): Passing null to parameter #2 ($subject) of type string is deprecated
[ error ] [8192]preg_match(): Passing null to parameter #2 ($subject) of type string is deprecated
[ error ] [8192]preg_match(): Passing null to parameter #2 ($subject) of type string is deprecated
[ error ] [8192]preg_match(): Passing null to parameter #2 ($subject) of type string is deprecated
[ error ] [8192]preg_match(): Passing null to parameter #2 ($subject) of type string is deprecated
[ error ] [8192]preg_match(): Passing null to parameter #2 ($subject) of type string is deprecated
[ error ] [8192]preg_match(): Passing null to parameter #2 ($subject) of type string is deprecated
[ error ] [8192]preg_match(): Passing null to parameter #2 ($subject) of type string is deprecated
[ error ] [8192]Automatic conversion of false to array is deprecated
[ error ] [2]Undefined array key "title"
[ error ] [2]Undefined array key "title"
[ error ] [2]Undefined array key "title"
[ error ] [2]Undefined array key "title"
---------------------------------------------------------------
[ 2026-03-25T17:55:06+08:00 ] 176.65.149.234 GET 120.24.147.77/
[ error ] [8192]preg_match(): Passing null to parameter #2 ($subject) of type string is deprecated
[ error ] [8192]preg_match(): Passing null to parameter #2 ($subject) of type string is deprecated
[ error ] [8192]preg_match(): Passing null to parameter #2 ($subject) of type string is deprecated
[ error ] [8192]preg_match(): Passing null to parameter #2 ($subject) of type string is deprecated
[ error ] [8192]preg_match(): Passing null to parameter #2 ($subject) of type string is deprecated
[ error ] [8192]preg_match(): Passing null to parameter #2 ($subject) of type string is deprecated
[ error ] [8192]preg_match(): Passing null to parameter #2 ($subject) of type string is deprecated
[ error ] [8192]preg_match(): Passing null to parameter #2 ($subject) of type string is deprecated
[ error ] [8192]Automatic conversion of false to array is deprecated
[ error ] [2]Undefined array key "title"
[ error ] [2]Undefined array key "title"
[ error ] [2]Undefined array key "title"
[ error ] [2]Undefined array key "title"
---------------------------------------------------------------
[ 2026-03-25T18:12:32+08:00 ] 178.128.124.37 GET 120.24.147.77/
[ error ] [8192]preg_match(): Passing null to parameter #2 ($subject) of type string is deprecated
[ error ] [8192]preg_match(): Passing null to parameter #2 ($subject) of type string is deprecated
[ error ] [8192]preg_match(): Passing null to parameter #2 ($subject) of type string is deprecated
[ error ] [8192]preg_match(): Passing null to parameter #2 ($subject) of type string is deprecated
[ error ] [8192]preg_match(): Passing null to parameter #2 ($subject) of type string is deprecated
[ error ] [8192]preg_match(): Passing null to parameter #2 ($subject) of type string is deprecated
[ error ] [8192]preg_match(): Passing null to parameter #2 ($subject) of type string is deprecated
[ error ] [8192]preg_match(): Passing null to parameter #2 ($subject) of type string is deprecated
[ error ] [8192]Automatic conversion of false to array is deprecated
[ error ] [2]Undefined array key "title"
[ error ] [2]Undefined array key "title"
[ error ] [2]Undefined array key "title"
[ error ] [2]Undefined array key "title"
---------------------------------------------------------------
[ 2026-03-25T18:13:21+08:00 ] 43.155.140.157 GET punalei.cn/
[ error ] [8192]preg_match(): Passing null to parameter #2 ($subject) of type string is deprecated
[ error ] [8192]preg_match(): Passing null to parameter #2 ($subject) of type string is deprecated
[ error ] [8192]preg_match(): Passing null to parameter #2 ($subject) of type string is deprecated
[ error ] [8192]preg_match(): Passing null to parameter #2 ($subject) of type string is deprecated
[ error ] [8192]preg_match(): Passing null to parameter #2 ($subject) of type string is deprecated
[ error ] [8192]preg_match(): Passing null to parameter #2 ($subject) of type string is deprecated
[ error ] [8192]preg_match(): Passing null to parameter #2 ($subject) of type string is deprecated
[ error ] [8192]preg_match(): Passing null to parameter #2 ($subject) of type string is deprecated
[ error ] [8192]Automatic conversion of false to array is deprecated
[ error ] [2]Undefined array key "title"
[ error ] [2]Undefined array key "title"
[ error ] [2]Undefined array key "title"
[ error ] [2]Undefined array key "title"
---------------------------------------------------------------
[ 2026-03-25T18:14:21+08:00 ] 185.156.73.31 GET 120.24.147.77/api/sonicos/is-sslvpn-enabled
[ error ] [8192]preg_match(): Passing null to parameter #2 ($subject) of type string is deprecated
[ error ] [8192]preg_match(): Passing null to parameter #2 ($subject) of type string is deprecated
[ error ] [8192]preg_match(): Passing null to parameter #2 ($subject) of type string is deprecated
[ error ] [8192]preg_match(): Passing null to parameter #2 ($subject) of type string is deprecated
[ error ] [8192]preg_match(): Passing null to parameter #2 ($subject) of type string is deprecated
[ error ] [8192]preg_match(): Passing null to parameter #2 ($subject) of type string is deprecated
---------------------------------------------------------------
[ 2026-03-25T18:14:21+08:00 ] 185.156.73.31 GET 120.24.147.77/api/sonicos/is-sslvpn-enabled
[ error ] [8192]preg_match(): Passing null to parameter #2 ($subject) of type string is deprecated
[ error ] [8192]preg_match(): Passing null to parameter #2 ($subject) of type string is deprecated
[ error ] [8192]preg_match(): Passing null to parameter #2 ($subject) of type string is deprecated
[ error ] [8192]preg_match(): Passing null to parameter #2 ($subject) of type string is deprecated
[ error ] [8192]preg_match(): Passing null to parameter #2 ($subject) of type string is deprecated
[ error ] [8192]preg_match(): Passing null to parameter #2 ($subject) of type string is deprecated
---------------------------------------------------------------
[ 2026-03-25T18:14:24+08:00 ] 185.156.73.31 GET 120.24.147.77/
[ error ] [8192]preg_match(): Passing null to parameter #2 ($subject) of type string is deprecated
[ error ] [8192]preg_match(): Passing null to parameter #2 ($subject) of type string is deprecated
[ error ] [8192]preg_match(): Passing null to parameter #2 ($subject) of type string is deprecated
[ error ] [8192]preg_match(): Passing null to parameter #2 ($subject) of type string is deprecated
[ error ] [8192]preg_match(): Passing null to parameter #2 ($subject) of type string is deprecated
[ error ] [8192]preg_match(): Passing null to parameter #2 ($subject) of type string is deprecated
[ error ] [8192]preg_match(): Passing null to parameter #2 ($subject) of type string is deprecated
[ error ] [8192]preg_match(): Passing null to parameter #2 ($subject) of type string is deprecated
[ error ] [8192]Automatic conversion of false to array is deprecated
[ error ] [2]Undefined array key "title"
[ error ] [2]Undefined array key "title"
[ error ] [2]Undefined array key "title"
[ error ] [2]Undefined array key "title"
---------------------------------------------------------------
[ 2026-03-25T18:14:25+08:00 ] 185.156.73.31 GET 120.24.147.77/api/sonicos/is-sslvpn-enabled
[ error ] [8192]preg_match(): Passing null to parameter #2 ($subject) of type string is deprecated
[ error ] [8192]preg_match(): Passing null to parameter #2 ($subject) of type string is deprecated
[ error ] [8192]preg_match(): Passing null to parameter #2 ($subject) of type string is deprecated
[ error ] [8192]preg_match(): Passing null to parameter #2 ($subject) of type string is deprecated
[ error ] [8192]preg_match(): Passing null to parameter #2 ($subject) of type string is deprecated
[ error ] [8192]preg_match(): Passing null to parameter #2 ($subject) of type string is deprecated
---------------------------------------------------------------
[ 2026-03-25T18:14:25+08:00 ] 185.156.73.31 GET 120.24.147.77/api/sonicos/is-sslvpn-enabled
[ error ] [8192]preg_match(): Passing null to parameter #2 ($subject) of type string is deprecated
[ error ] [8192]preg_match(): Passing null to parameter #2 ($subject) of type string is deprecated
[ error ] [8192]preg_match(): Passing null to parameter #2 ($subject) of type string is deprecated
[ error ] [8192]preg_match(): Passing null to parameter #2 ($subject) of type string is deprecated
[ error ] [8192]preg_match(): Passing null to parameter #2 ($subject) of type string is deprecated
[ error ] [8192]preg_match(): Passing null to parameter #2 ($subject) of type string is deprecated
---------------------------------------------------------------
[ 2026-03-25T18:14:27+08:00 ] 185.156.73.31 GET 120.24.147.77/
[ error ] [8192]preg_match(): Passing null to parameter #2 ($subject) of type string is deprecated
[ error ] [8192]preg_match(): Passing null to parameter #2 ($subject) of type string is deprecated
[ error ] [8192]preg_match(): Passing null to parameter #2 ($subject) of type string is deprecated
[ error ] [8192]preg_match(): Passing null to parameter #2 ($subject) of type string is deprecated
[ error ] [8192]preg_match(): Passing null to parameter #2 ($subject) of type string is deprecated
[ error ] [8192]preg_match(): Passing null to parameter #2 ($subject) of type string is deprecated
[ error ] [8192]preg_match(): Passing null to parameter #2 ($subject) of type string is deprecated
[ error ] [8192]preg_match(): Passing null to parameter #2 ($subject) of type string is deprecated
[ error ] [8192]Automatic conversion of false to array is deprecated
[ error ] [2]Undefined array key "title"
[ error ] [2]Undefined array key "title"
[ error ] [2]Undefined array key "title"
[ error ] [2]Undefined array key "title"
---------------------------------------------------------------
[ 2026-03-25T18:28:29+08:00 ] 168.144.18.19 GET punalei.cn/
[ error ] [8192]preg_match(): Passing null to parameter #2 ($subject) of type string is deprecated
[ error ] [8192]preg_match(): Passing null to parameter #2 ($subject) of type string is deprecated
[ error ] [8192]preg_match(): Passing null to parameter #2 ($subject) of type string is deprecated
[ error ] [8192]preg_match(): Passing null to parameter #2 ($subject) of type string is deprecated
[ error ] [8192]preg_match(): Passing null to parameter #2 ($subject) of type string is deprecated
[ error ] [8192]preg_match(): Passing null to parameter #2 ($subject) of type string is deprecated
[ error ] [8192]preg_match(): Passing null to parameter #2 ($subject) of type string is deprecated
[ error ] [8192]preg_match(): Passing null to parameter #2 ($subject) of type string is deprecated
[ error ] [8192]Automatic conversion of false to array is deprecated
[ error ] [2]Undefined array key "title"
[ error ] [2]Undefined array key "title"
[ error ] [2]Undefined array key "title"
[ error ] [2]Undefined array key "title"
---------------------------------------------------------------
[ 2026-03-25T18:28:30+08:00 ] 168.144.18.19 GET punalei.cn/
[ error ] [8192]preg_match(): Passing null to parameter #2 ($subject) of type string is deprecated
[ error ] [8192]preg_match(): Passing null to parameter #2 ($subject) of type string is deprecated
[ error ] [8192]preg_match(): Passing null to parameter #2 ($subject) of type string is deprecated
[ error ] [8192]preg_match(): Passing null to parameter #2 ($subject) of type string is deprecated
[ error ] [8192]preg_match(): Passing null to parameter #2 ($subject) of type string is deprecated
[ error ] [8192]preg_match(): Passing null to parameter #2 ($subject) of type string is deprecated
[ error ] [8192]preg_match(): Passing null to parameter #2 ($subject) of type string is deprecated
[ error ] [8192]preg_match(): Passing null to parameter #2 ($subject) of type string is deprecated
[ error ] [8192]Automatic conversion of false to array is deprecated
[ error ] [2]Undefined array key "title"
[ error ] [2]Undefined array key "title"
[ error ] [2]Undefined array key "title"
[ error ] [2]Undefined array key "title"
---------------------------------------------------------------
[ 2026-03-25T18:32:33+08:00 ] 221.238.131.250 HEAD punalei.cn/
[ error ] [8192]preg_match(): Passing null to parameter #2 ($subject) of type string is deprecated
[ error ] [8192]preg_match(): Passing null to parameter #2 ($subject) of type string is deprecated
[ error ] [8192]preg_match(): Passing null to parameter #2 ($subject) of type string is deprecated
[ error ] [8192]preg_match(): Passing null to parameter #2 ($subject) of type string is deprecated
[ error ] [8192]preg_match(): Passing null to parameter #2 ($subject) of type string is deprecated
[ error ] [8192]preg_match(): Passing null to parameter #2 ($subject) of type string is deprecated
[ error ] [8192]preg_match(): Passing null to parameter #2 ($subject) of type string is deprecated
[ error ] [8192]preg_match(): Passing null to parameter #2 ($subject) of type string is deprecated
[ error ] [8192]Automatic conversion of false to array is deprecated
[ error ] [2]Undefined array key "title"
[ error ] [2]Undefined array key "title"
[ error ] [2]Undefined array key "title"
[ error ] [2]Undefined array key "title"
---------------------------------------------------------------
[ 2026-03-25T18:41:21+08:00 ] 165.22.184.62 GET 120.24.147.77/
[ error ] [8192]preg_match(): Passing null to parameter #2 ($subject) of type string is deprecated
[ error ] [8192]preg_match(): Passing null to parameter #2 ($subject) of type string is deprecated
[ error ] [8192]preg_match(): Passing null to parameter #2 ($subject) of type string is deprecated
[ error ] [8192]preg_match(): Passing null to parameter #2 ($subject) of type string is deprecated
[ error ] [8192]preg_match(): Passing null to parameter #2 ($subject) of type string is deprecated
[ error ] [8192]preg_match(): Passing null to parameter #2 ($subject) of type string is deprecated
[ error ] [8192]preg_match(): Passing null to parameter #2 ($subject) of type string is deprecated
[ error ] [8192]preg_match(): Passing null to parameter #2 ($subject) of type string is deprecated
[ error ] [8192]Automatic conversion of false to array is deprecated
[ error ] [2]Undefined array key "title"
[ error ] [2]Undefined array key "title"
[ error ] [2]Undefined array key "title"
[ error ] [2]Undefined array key "title"
---------------------------------------------------------------
[ 2026-03-25T18:43:35+08:00 ] 192.241.186.150 GET 120.24.147.77/
[ error ] [8192]preg_match(): Passing null to parameter #2 ($subject) of type string is deprecated
[ error ] [8192]preg_match(): Passing null to parameter #2 ($subject) of type string is deprecated
[ error ] [8192]preg_match(): Passing null to parameter #2 ($subject) of type string is deprecated
[ error ] [8192]preg_match(): Passing null to parameter #2 ($subject) of type string is deprecated
[ error ] [8192]preg_match(): Passing null to parameter #2 ($subject) of type string is deprecated
[ error ] [8192]preg_match(): Passing null to parameter #2 ($subject) of type string is deprecated
[ error ] [8192]preg_match(): Passing null to parameter #2 ($subject) of type string is deprecated
[ error ] [8192]preg_match(): Passing null to parameter #2 ($subject) of type string is deprecated
[ error ] [8192]Automatic conversion of false to array is deprecated
[ error ] [2]Undefined array key "title"
[ error ] [2]Undefined array key "title"
[ error ] [2]Undefined array key "title"
[ error ] [2]Undefined array key "title"
---------------------------------------------------------------
[ 2026-03-25T18:43:39+08:00 ] 206.189.136.54 GET 120.24.147.77/
[ error ] [8192]preg_match(): Passing null to parameter #2 ($subject) of type string is deprecated
[ error ] [8192]preg_match(): Passing null to parameter #2 ($subject) of type string is deprecated
[ error ] [8192]preg_match(): Passing null to parameter #2 ($subject) of type string is deprecated
[ error ] [8192]preg_match(): Passing null to parameter #2 ($subject) of type string is deprecated
[ error ] [8192]preg_match(): Passing null to parameter #2 ($subject) of type string is deprecated
[ error ] [8192]preg_match(): Passing null to parameter #2 ($subject) of type string is deprecated
[ error ] [8192]preg_match(): Passing null to parameter #2 ($subject) of type string is deprecated
[ error ] [8192]preg_match(): Passing null to parameter #2 ($subject) of type string is deprecated
[ error ] [8192]Automatic conversion of false to array is deprecated
[ error ] [2]Undefined array key "title"
[ error ] [2]Undefined array key "title"
[ error ] [2]Undefined array key "title"
[ error ] [2]Undefined array key "title"
---------------------------------------------------------------
[ 2026-03-25T18:58:41+08:00 ] 46.151.178.13 PROPFIND 120.24.147.77/
[ error ] [8192]preg_match(): Passing null to parameter #2 ($subject) of type string is deprecated
[ error ] [8192]preg_match(): Passing null to parameter #2 ($subject) of type string is deprecated
[ error ] [8192]preg_match(): Passing null to parameter #2 ($subject) of type string is deprecated
[ error ] [8192]preg_match(): Passing null to parameter #2 ($subject) of type string is deprecated
[ error ] [8192]preg_match(): Passing null to parameter #2 ($subject) of type string is deprecated
[ error ] [8192]preg_match(): Passing null to parameter #2 ($subject) of type string is deprecated
---------------------------------------------------------------
[ 2026-03-25T18:58:41+08:00 ] 46.151.178.13 GET 120.24.147.77/
[ error ] [8192]preg_match(): Passing null to parameter #2 ($subject) of type string is deprecated
[ error ] [8192]preg_match(): Passing null to parameter #2 ($subject) of type string is deprecated
[ error ] [8192]preg_match(): Passing null to parameter #2 ($subject) of type string is deprecated
[ error ] [8192]preg_match(): Passing null to parameter #2 ($subject) of type string is deprecated
[ error ] [8192]preg_match(): Passing null to parameter #2 ($subject) of type string is deprecated
[ error ] [8192]preg_match(): Passing null to parameter #2 ($subject) of type string is deprecated
---------------------------------------------------------------
[ 2026-03-25T19:09:22+08:00 ] 43.155.157.239 GET www.punalei.cn/
[ error ] [8192]preg_match(): Passing null to parameter #2 ($subject) of type string is deprecated
[ error ] [8192]preg_match(): Passing null to parameter #2 ($subject) of type string is deprecated
[ error ] [8192]preg_match(): Passing null to parameter #2 ($subject) of type string is deprecated
[ error ] [8192]preg_match(): Passing null to parameter #2 ($subject) of type string is deprecated
[ error ] [8192]preg_match(): Passing null to parameter #2 ($subject) of type string is deprecated
[ error ] [8192]preg_match(): Passing null to parameter #2 ($subject) of type string is deprecated
[ error ] [8192]preg_match(): Passing null to parameter #2 ($subject) of type string is deprecated
[ error ] [8192]preg_match(): Passing null to parameter #2 ($subject) of type string is deprecated
[ error ] [8192]Automatic conversion of false to array is deprecated
[ error ] [2]Undefined array key "title"
[ error ] [2]Undefined array key "title"
[ error ] [2]Undefined array key "title"
[ error ] [2]Undefined array key "title"
---------------------------------------------------------------
[ 2026-03-25T19:30:51+08:00 ] 185.12.59.118 GET 120.24.147.77/Dr0v
[ error ] [8192]preg_match(): Passing null to parameter #2 ($subject) of type string is deprecated
[ error ] [8192]preg_match(): Passing null to parameter #2 ($subject) of type string is deprecated
[ error ] [8192]preg_match(): Passing null to parameter #2 ($subject) of type string is deprecated
[ error ] [8192]preg_match(): Passing null to parameter #2 ($subject) of type string is deprecated
[ error ] [8192]preg_match(): Passing null to parameter #2 ($subject) of type string is deprecated
[ error ] [8192]preg_match(): Passing null to parameter #2 ($subject) of type string is deprecated
---------------------------------------------------------------
[ 2026-03-25T19:30:51+08:00 ] 185.12.59.118 GET 120.24.147.77/Dr0v
[ error ] [8192]preg_match(): Passing null to parameter #2 ($subject) of type string is deprecated
[ error ] [8192]preg_match(): Passing null to parameter #2 ($subject) of type string is deprecated
[ error ] [8192]preg_match(): Passing null to parameter #2 ($subject) of type string is deprecated
[ error ] [8192]preg_match(): Passing null to parameter #2 ($subject) of type string is deprecated
[ error ] [8192]preg_match(): Passing null to parameter #2 ($subject) of type string is deprecated
[ error ] [8192]preg_match(): Passing null to parameter #2 ($subject) of type string is deprecated
---------------------------------------------------------------
[ 2026-03-25T19:39:48+08:00 ] 5.61.209.107 GET 120.24.147.77/SDK/webLanguage
[ error ] [8192]preg_match(): Passing null to parameter #2 ($subject) of type string is deprecated
[ error ] [8192]preg_match(): Passing null to parameter #2 ($subject) of type string is deprecated
[ error ] [8192]preg_match(): Passing null to parameter #2 ($subject) of type string is deprecated
[ error ] [8192]preg_match(): Passing null to parameter #2 ($subject) of type string is deprecated
[ error ] [8192]preg_match(): Passing null to parameter #2 ($subject) of type string is deprecated
[ error ] [8192]preg_match(): Passing null to parameter #2 ($subject) of type string is deprecated
---------------------------------------------------------------
[ 2026-03-25T19:39:48+08:00 ] 5.61.209.107 GET 120.24.147.77/SDK/webLanguage
[ error ] [8192]preg_match(): Passing null to parameter #2 ($subject) of type string is deprecated
[ error ] [8192]preg_match(): Passing null to parameter #2 ($subject) of type string is deprecated
[ error ] [8192]preg_match(): Passing null to parameter #2 ($subject) of type string is deprecated
[ error ] [8192]preg_match(): Passing null to parameter #2 ($subject) of type string is deprecated
[ error ] [8192]preg_match(): Passing null to parameter #2 ($subject) of type string is deprecated
[ error ] [8192]preg_match(): Passing null to parameter #2 ($subject) of type string is deprecated
---------------------------------------------------------------
[ 2026-03-25T19:47:34+08:00 ] 182.244.7.217 GET www.punalei.cn/
[ error ] [8192]preg_match(): Passing null to parameter #2 ($subject) of type string is deprecated
[ error ] [8192]preg_match(): Passing null to parameter #2 ($subject) of type string is deprecated
[ error ] [8192]preg_match(): Passing null to parameter #2 ($subject) of type string is deprecated
[ error ] [8192]preg_match(): Passing null to parameter #2 ($subject) of type string is deprecated
[ error ] [8192]preg_match(): Passing null to parameter #2 ($subject) of type string is deprecated
[ error ] [8192]preg_match(): Passing null to parameter #2 ($subject) of type string is deprecated
[ error ] [8192]preg_match(): Passing null to parameter #2 ($subject) of type string is deprecated
[ error ] [8192]preg_match(): Passing null to parameter #2 ($subject) of type string is deprecated
[ error ] [8192]Automatic conversion of false to array is deprecated
[ error ] [2]Undefined array key "title"
[ error ] [2]Undefined array key "title"
[ error ] [2]Undefined array key "title"
[ error ] [2]Undefined array key "title"
---------------------------------------------------------------
[ 2026-03-25T19:47:47+08:00 ] 118.181.103.163 GET punalei.cn/
[ error ] [8192]preg_match(): Passing null to parameter #2 ($subject) of type string is deprecated
[ error ] [8192]preg_match(): Passing null to parameter #2 ($subject) of type string is deprecated
[ error ] [8192]preg_match(): Passing null to parameter #2 ($subject) of type string is deprecated
[ error ] [8192]preg_match(): Passing null to parameter #2 ($subject) of type string is deprecated
[ error ] [8192]preg_match(): Passing null to parameter #2 ($subject) of type string is deprecated
[ error ] [8192]preg_match(): Passing null to parameter #2 ($subject) of type string is deprecated
[ error ] [8192]preg_match(): Passing null to parameter #2 ($subject) of type string is deprecated
[ error ] [8192]preg_match(): Passing null to parameter #2 ($subject) of type string is deprecated
[ error ] [8192]Automatic conversion of false to array is deprecated
[ error ] [2]Undefined array key "title"
[ error ] [2]Undefined array key "title"
[ error ] [2]Undefined array key "title"
[ error ] [2]Undefined array key "title"
---------------------------------------------------------------
[ 2026-03-25T19:56:44+08:00 ] 91.224.92.125 GET 120.24.147.77/SDK/webLanguage
[ error ] [8192]preg_match(): Passing null to parameter #2 ($subject) of type string is deprecated
[ error ] [8192]preg_match(): Passing null to parameter #2 ($subject) of type string is deprecated
[ error ] [8192]preg_match(): Passing null to parameter #2 ($subject) of type string is deprecated
[ error ] [8192]preg_match(): Passing null to parameter #2 ($subject) of type string is deprecated
[ error ] [8192]preg_match(): Passing null to parameter #2 ($subject) of type string is deprecated
[ error ] [8192]preg_match(): Passing null to parameter #2 ($subject) of type string is deprecated
---------------------------------------------------------------
[ 2026-03-25T19:56:44+08:00 ] 91.224.92.125 GET 120.24.147.77/SDK/webLanguage
[ error ] [8192]preg_match(): Passing null to parameter #2 ($subject) of type string is deprecated
[ error ] [8192]preg_match(): Passing null to parameter #2 ($subject) of type string is deprecated
[ error ] [8192]preg_match(): Passing null to parameter #2 ($subject) of type string is deprecated
[ error ] [8192]preg_match(): Passing null to parameter #2 ($subject) of type string is deprecated
[ error ] [8192]preg_match(): Passing null to parameter #2 ($subject) of type string is deprecated
[ error ] [8192]preg_match(): Passing null to parameter #2 ($subject) of type string is deprecated
---------------------------------------------------------------
[ 2026-03-25T20:03:50+08:00 ] 43.135.133.241 GET www.punalei.cn/
[ error ] [8192]preg_match(): Passing null to parameter #2 ($subject) of type string is deprecated
[ error ] [8192]preg_match(): Passing null to parameter #2 ($subject) of type string is deprecated
[ error ] [8192]preg_match(): Passing null to parameter #2 ($subject) of type string is deprecated
[ error ] [8192]preg_match(): Passing null to parameter #2 ($subject) of type string is deprecated
[ error ] [8192]preg_match(): Passing null to parameter #2 ($subject) of type string is deprecated
[ error ] [8192]preg_match(): Passing null to parameter #2 ($subject) of type string is deprecated
[ error ] [8192]preg_match(): Passing null to parameter #2 ($subject) of type string is deprecated
[ error ] [8192]preg_match(): Passing null to parameter #2 ($subject) of type string is deprecated
[ error ] [8192]Automatic conversion of false to array is deprecated
[ error ] [2]Undefined array key "title"
[ error ] [2]Undefined array key "title"
[ error ] [2]Undefined array key "title"
[ error ] [2]Undefined array key "title"
---------------------------------------------------------------
[ 2026-03-25T20:06:36+08:00 ] 193.26.115.13 GET 120.24.147.77/.env
[ error ] [8192]preg_match(): Passing null to parameter #2 ($subject) of type string is deprecated
[ error ] [8192]preg_match(): Passing null to parameter #2 ($subject) of type string is deprecated
[ error ] [8192]preg_match(): Passing null to parameter #2 ($subject) of type string is deprecated
[ error ] [8192]preg_match(): Passing null to parameter #2 ($subject) of type string is deprecated
[ error ] [8192]preg_match(): Passing null to parameter #2 ($subject) of type string is deprecated
[ error ] [8192]preg_match(): Passing null to parameter #2 ($subject) of type string is deprecated
---------------------------------------------------------------
[ 2026-03-25T20:06:54+08:00 ] 193.26.115.13 GET 120.24.147.77/.env
[ error ] [8192]preg_match(): Passing null to parameter #2 ($subject) of type string is deprecated
[ error ] [8192]preg_match(): Passing null to parameter #2 ($subject) of type string is deprecated
[ error ] [8192]preg_match(): Passing null to parameter #2 ($subject) of type string is deprecated
[ error ] [8192]preg_match(): Passing null to parameter #2 ($subject) of type string is deprecated
[ error ] [8192]preg_match(): Passing null to parameter #2 ($subject) of type string is deprecated
[ error ] [8192]preg_match(): Passing null to parameter #2 ($subject) of type string is deprecated
---------------------------------------------------------------
[ 2026-03-25T20:10:33+08:00 ] 50.7.252.138 GET 120.24.147.77/favicon.ico
[ error ] [8192]preg_match(): Passing null to parameter #2 ($subject) of type string is deprecated
[ error ] [8192]preg_match(): Passing null to parameter #2 ($subject) of type string is deprecated
[ error ] [8192]preg_match(): Passing null to parameter #2 ($subject) of type string is deprecated
[ error ] [8192]preg_match(): Passing null to parameter #2 ($subject) of type string is deprecated
[ error ] [8192]preg_match(): Passing null to parameter #2 ($subject) of type string is deprecated
[ error ] [8192]preg_match(): Passing null to parameter #2 ($subject) of type string is deprecated
---------------------------------------------------------------
[ 2026-03-25T20:10:33+08:00 ] 50.7.252.138 GET 120.24.147.77/favicon.ico
[ error ] [8192]preg_match(): Passing null to parameter #2 ($subject) of type string is deprecated
[ error ] [8192]preg_match(): Passing null to parameter #2 ($subject) of type string is deprecated
[ error ] [8192]preg_match(): Passing null to parameter #2 ($subject) of type string is deprecated
[ error ] [8192]preg_match(): Passing null to parameter #2 ($subject) of type string is deprecated
[ error ] [8192]preg_match(): Passing null to parameter #2 ($subject) of type string is deprecated
[ error ] [8192]preg_match(): Passing null to parameter #2 ($subject) of type string is deprecated
---------------------------------------------------------------
[ 2026-03-25T20:10:34+08:00 ] 50.7.252.138 GET punalei.cn/favicon.ico
[ error ] [8192]preg_match(): Passing null to parameter #2 ($subject) of type string is deprecated
[ error ] [8192]preg_match(): Passing null to parameter #2 ($subject) of type string is deprecated
[ error ] [8192]preg_match(): Passing null to parameter #2 ($subject) of type string is deprecated
[ error ] [8192]preg_match(): Passing null to parameter #2 ($subject) of type string is deprecated
[ error ] [8192]preg_match(): Passing null to parameter #2 ($subject) of type string is deprecated
[ error ] [8192]preg_match(): Passing null to parameter #2 ($subject) of type string is deprecated
---------------------------------------------------------------
[ 2026-03-25T20:10:34+08:00 ] 50.7.252.138 GET punalei.cn/favicon.ico
[ error ] [8192]preg_match(): Passing null to parameter #2 ($subject) of type string is deprecated
[ error ] [8192]preg_match(): Passing null to parameter #2 ($subject) of type string is deprecated
[ error ] [8192]preg_match(): Passing null to parameter #2 ($subject) of type string is deprecated
[ error ] [8192]preg_match(): Passing null to parameter #2 ($subject) of type string is deprecated
[ error ] [8192]preg_match(): Passing null to parameter #2 ($subject) of type string is deprecated
[ error ] [8192]preg_match(): Passing null to parameter #2 ($subject) of type string is deprecated
---------------------------------------------------------------
[ 2026-03-25T20:10:34+08:00 ] 50.7.252.138 GET 120.24.147.77/html/ie.html
[ error ] [8192]preg_match(): Passing null to parameter #2 ($subject) of type string is deprecated
[ error ] [8192]preg_match(): Passing null to parameter #2 ($subject) of type string is deprecated
[ error ] [8192]preg_match(): Passing null to parameter #2 ($subject) of type string is deprecated
[ error ] [8192]preg_match(): Passing null to parameter #2 ($subject) of type string is deprecated
[ error ] [8192]preg_match(): Passing null to parameter #2 ($subject) of type string is deprecated
[ error ] [8192]preg_match(): Passing null to parameter #2 ($subject) of type string is deprecated
---------------------------------------------------------------
[ 2026-03-25T20:10:34+08:00 ] 50.7.252.138 GET 120.24.147.77/html/ie.html
[ error ] [8192]preg_match(): Passing null to parameter #2 ($subject) of type string is deprecated
[ error ] [8192]preg_match(): Passing null to parameter #2 ($subject) of type string is deprecated
[ error ] [8192]preg_match(): Passing null to parameter #2 ($subject) of type string is deprecated
[ error ] [8192]preg_match(): Passing null to parameter #2 ($subject) of type string is deprecated
[ error ] [8192]preg_match(): Passing null to parameter #2 ($subject) of type string is deprecated
[ error ] [8192]preg_match(): Passing null to parameter #2 ($subject) of type string is deprecated
---------------------------------------------------------------
[ 2026-03-25T20:10:35+08:00 ] 50.7.252.138 GET 120.24.147.77/html/ie.html
[ error ] [8192]preg_match(): Passing null to parameter #2 ($subject) of type string is deprecated
[ error ] [8192]preg_match(): Passing null to parameter #2 ($subject) of type string is deprecated
[ error ] [8192]preg_match(): Passing null to parameter #2 ($subject) of type string is deprecated
[ error ] [8192]preg_match(): Passing null to parameter #2 ($subject) of type string is deprecated
[ error ] [8192]preg_match(): Passing null to parameter #2 ($subject) of type string is deprecated
[ error ] [8192]preg_match(): Passing null to parameter #2 ($subject) of type string is deprecated
---------------------------------------------------------------
[ 2026-03-25T20:10:35+08:00 ] 50.7.252.138 GET 120.24.147.77/html/ie.html
[ error ] [8192]preg_match(): Passing null to parameter #2 ($subject) of type string is deprecated
[ error ] [8192]preg_match(): Passing null to parameter #2 ($subject) of type string is deprecated
[ error ] [8192]preg_match(): Passing null to parameter #2 ($subject) of type string is deprecated
[ error ] [8192]preg_match(): Passing null to parameter #2 ($subject) of type string is deprecated
[ error ] [8192]preg_match(): Passing null to parameter #2 ($subject) of type string is deprecated
[ error ] [8192]preg_match(): Passing null to parameter #2 ($subject) of type string is deprecated
---------------------------------------------------------------
[ 2026-03-25T20:28:38+08:00 ] 185.156.73.19 GET 120.24.147.77/api/sonicos/is-sslvpn-enabled
[ error ] [8192]preg_match(): Passing null to parameter #2 ($subject) of type string is deprecated
[ error ] [8192]preg_match(): Passing null to parameter #2 ($subject) of type string is deprecated
[ error ] [8192]preg_match(): Passing null to parameter #2 ($subject) of type string is deprecated
[ error ] [8192]preg_match(): Passing null to parameter #2 ($subject) of type string is deprecated
[ error ] [8192]preg_match(): Passing null to parameter #2 ($subject) of type string is deprecated
[ error ] [8192]preg_match(): Passing null to parameter #2 ($subject) of type string is deprecated
---------------------------------------------------------------
[ 2026-03-25T20:28:38+08:00 ] 185.156.73.19 GET 120.24.147.77/api/sonicos/is-sslvpn-enabled
[ error ] [8192]preg_match(): Passing null to parameter #2 ($subject) of type string is deprecated
[ error ] [8192]preg_match(): Passing null to parameter #2 ($subject) of type string is deprecated
[ error ] [8192]preg_match(): Passing null to parameter #2 ($subject) of type string is deprecated
[ error ] [8192]preg_match(): Passing null to parameter #2 ($subject) of type string is deprecated
[ error ] [8192]preg_match(): Passing null to parameter #2 ($subject) of type string is deprecated
[ error ] [8192]preg_match(): Passing null to parameter #2 ($subject) of type string is deprecated
---------------------------------------------------------------
[ 2026-03-25T20:32:33+08:00 ] 46.151.178.13 PROPFIND 120.24.147.77/
[ error ] [8192]preg_match(): Passing null to parameter #2 ($subject) of type string is deprecated
[ error ] [8192]preg_match(): Passing null to parameter #2 ($subject) of type string is deprecated
[ error ] [8192]preg_match(): Passing null to parameter #2 ($subject) of type string is deprecated
[ error ] [8192]preg_match(): Passing null to parameter #2 ($subject) of type string is deprecated
[ error ] [8192]preg_match(): Passing null to parameter #2 ($subject) of type string is deprecated
[ error ] [8192]preg_match(): Passing null to parameter #2 ($subject) of type string is deprecated
---------------------------------------------------------------
[ 2026-03-25T20:32:33+08:00 ] 46.151.178.13 GET 120.24.147.77/
[ error ] [8192]preg_match(): Passing null to parameter #2 ($subject) of type string is deprecated
[ error ] [8192]preg_match(): Passing null to parameter #2 ($subject) of type string is deprecated
[ error ] [8192]preg_match(): Passing null to parameter #2 ($subject) of type string is deprecated
[ error ] [8192]preg_match(): Passing null to parameter #2 ($subject) of type string is deprecated
[ error ] [8192]preg_match(): Passing null to parameter #2 ($subject) of type string is deprecated
[ error ] [8192]preg_match(): Passing null to parameter #2 ($subject) of type string is deprecated
---------------------------------------------------------------
[ 2026-03-25T20:47:35+08:00 ] 5.61.209.107 GET 120.24.147.77/SDK/webLanguage
[ error ] [8192]preg_match(): Passing null to parameter #2 ($subject) of type string is deprecated
[ error ] [8192]preg_match(): Passing null to parameter #2 ($subject) of type string is deprecated
[ error ] [8192]preg_match(): Passing null to parameter #2 ($subject) of type string is deprecated
[ error ] [8192]preg_match(): Passing null to parameter #2 ($subject) of type string is deprecated
[ error ] [8192]preg_match(): Passing null to parameter #2 ($subject) of type string is deprecated
[ error ] [8192]preg_match(): Passing null to parameter #2 ($subject) of type string is deprecated
---------------------------------------------------------------
[ 2026-03-25T20:47:35+08:00 ] 5.61.209.107 GET 120.24.147.77/SDK/webLanguage
[ error ] [8192]preg_match(): Passing null to parameter #2 ($subject) of type string is deprecated
[ error ] [8192]preg_match(): Passing null to parameter #2 ($subject) of type string is deprecated
[ error ] [8192]preg_match(): Passing null to parameter #2 ($subject) of type string is deprecated
[ error ] [8192]preg_match(): Passing null to parameter #2 ($subject) of type string is deprecated
[ error ] [8192]preg_match(): Passing null to parameter #2 ($subject) of type string is deprecated
[ error ] [8192]preg_match(): Passing null to parameter #2 ($subject) of type string is deprecated
---------------------------------------------------------------
[ 2026-03-25T20:48:21+08:00 ] 46.151.178.13 PROPFIND 120.24.147.77/
[ error ] [8192]preg_match(): Passing null to parameter #2 ($subject) of type string is deprecated
[ error ] [8192]preg_match(): Passing null to parameter #2 ($subject) of type string is deprecated
[ error ] [8192]preg_match(): Passing null to parameter #2 ($subject) of type string is deprecated
[ error ] [8192]preg_match(): Passing null to parameter #2 ($subject) of type string is deprecated
[ error ] [8192]preg_match(): Passing null to parameter #2 ($subject) of type string is deprecated
[ error ] [8192]preg_match(): Passing null to parameter #2 ($subject) of type string is deprecated
---------------------------------------------------------------
[ 2026-03-25T20:48:21+08:00 ] 46.151.178.13 GET 120.24.147.77/
[ error ] [8192]preg_match(): Passing null to parameter #2 ($subject) of type string is deprecated
[ error ] [8192]preg_match(): Passing null to parameter #2 ($subject) of type string is deprecated
[ error ] [8192]preg_match(): Passing null to parameter #2 ($subject) of type string is deprecated
[ error ] [8192]preg_match(): Passing null to parameter #2 ($subject) of type string is deprecated
[ error ] [8192]preg_match(): Passing null to parameter #2 ($subject) of type string is deprecated
[ error ] [8192]preg_match(): Passing null to parameter #2 ($subject) of type string is deprecated
---------------------------------------------------------------
[ 2026-03-25T20:48:59+08:00 ] 34.77.191.38 GET 120.24.147.77/
[ error ] [8192]preg_match(): Passing null to parameter #2 ($subject) of type string is deprecated
[ error ] [8192]preg_match(): Passing null to parameter #2 ($subject) of type string is deprecated
[ error ] [8192]preg_match(): Passing null to parameter #2 ($subject) of type string is deprecated
[ error ] [8192]preg_match(): Passing null to parameter #2 ($subject) of type string is deprecated
[ error ] [8192]preg_match(): Passing null to parameter #2 ($subject) of type string is deprecated
[ error ] [8192]preg_match(): Passing null to parameter #2 ($subject) of type string is deprecated
[ error ] [8192]preg_match(): Passing null to parameter #2 ($subject) of type string is deprecated
[ error ] [8192]preg_match(): Passing null to parameter #2 ($subject) of type string is deprecated
[ error ] [8192]Automatic conversion of false to array is deprecated
[ error ] [2]Undefined array key "title"
[ error ] [2]Undefined array key "title"
[ error ] [2]Undefined array key "title"
[ error ] [2]Undefined array key "title"
---------------------------------------------------------------
[ 2026-03-25T20:52:44+08:00 ] 85.11.183.23 GET 120.24.147.77/
[ error ] [8192]preg_match(): Passing null to parameter #2 ($subject) of type string is deprecated
[ error ] [8192]preg_match(): Passing null to parameter #2 ($subject) of type string is deprecated
[ error ] [8192]preg_match(): Passing null to parameter #2 ($subject) of type string is deprecated
[ error ] [8192]preg_match(): Passing null to parameter #2 ($subject) of type string is deprecated
[ error ] [8192]preg_match(): Passing null to parameter #2 ($subject) of type string is deprecated
[ error ] [8192]preg_match(): Passing null to parameter #2 ($subject) of type string is deprecated
[ error ] [8192]preg_match(): Passing null to parameter #2 ($subject) of type string is deprecated
[ error ] [8192]preg_match(): Passing null to parameter #2 ($subject) of type string is deprecated
[ error ] [8192]Automatic conversion of false to array is deprecated
[ error ] [2]Undefined array key "title"
[ error ] [2]Undefined array key "title"
[ error ] [2]Undefined array key "title"
[ error ] [2]Undefined array key "title"
---------------------------------------------------------------
[ 2026-03-25T20:52:46+08:00 ] 85.11.183.23 GET 120.24.147.77/
[ error ] [8192]preg_match(): Passing null to parameter #2 ($subject) of type string is deprecated
[ error ] [8192]preg_match(): Passing null to parameter #2 ($subject) of type string is deprecated
[ error ] [8192]preg_match(): Passing null to parameter #2 ($subject) of type string is deprecated
[ error ] [8192]preg_match(): Passing null to parameter #2 ($subject) of type string is deprecated
[ error ] [8192]preg_match(): Passing null to parameter #2 ($subject) of type string is deprecated
[ error ] [8192]preg_match(): Passing null to parameter #2 ($subject) of type string is deprecated
[ error ] [8192]preg_match(): Passing null to parameter #2 ($subject) of type string is deprecated
[ error ] [8192]Automatic conversion of false to array is deprecated
[ error ] [2]Undefined array key "title"
[ error ] [2]Undefined array key "title"
[ error ] [2]Undefined array key "title"
[ error ] [2]Undefined array key "title"
---------------------------------------------------------------
[ 2026-03-25T21:11:46+08:00 ] 43.130.16.212 GET 120.24.147.77/
[ error ] [8192]preg_match(): Passing null to parameter #2 ($subject) of type string is deprecated
[ error ] [8192]preg_match(): Passing null to parameter #2 ($subject) of type string is deprecated
[ error ] [8192]preg_match(): Passing null to parameter #2 ($subject) of type string is deprecated
[ error ] [8192]preg_match(): Passing null to parameter #2 ($subject) of type string is deprecated
[ error ] [8192]preg_match(): Passing null to parameter #2 ($subject) of type string is deprecated
[ error ] [8192]preg_match(): Passing null to parameter #2 ($subject) of type string is deprecated
[ error ] [8192]preg_match(): Passing null to parameter #2 ($subject) of type string is deprecated
[ error ] [8192]preg_match(): Passing null to parameter #2 ($subject) of type string is deprecated
[ error ] [8192]Automatic conversion of false to array is deprecated
[ error ] [2]Undefined array key "title"
[ error ] [2]Undefined array key "title"
[ error ] [2]Undefined array key "title"
[ error ] [2]Undefined array key "title"
---------------------------------------------------------------
[ 2026-03-25T21:15:44+08:00 ] 35.154.57.177 GET 120.24.147.77/
[ error ] [8192]preg_match(): Passing null to parameter #2 ($subject) of type string is deprecated
[ error ] [8192]preg_match(): Passing null to parameter #2 ($subject) of type string is deprecated
[ error ] [8192]preg_match(): Passing null to parameter #2 ($subject) of type string is deprecated
[ error ] [8192]preg_match(): Passing null to parameter #2 ($subject) of type string is deprecated
[ error ] [8192]preg_match(): Passing null to parameter #2 ($subject) of type string is deprecated
[ error ] [8192]preg_match(): Passing null to parameter #2 ($subject) of type string is deprecated
[ error ] [8192]preg_match(): Passing null to parameter #2 ($subject) of type string is deprecated
[ error ] [8192]preg_match(): Passing null to parameter #2 ($subject) of type string is deprecated
[ error ] [8192]Automatic conversion of false to array is deprecated
[ error ] [2]Undefined array key "title"
[ error ] [2]Undefined array key "title"
[ error ] [2]Undefined array key "title"
[ error ] [2]Undefined array key "title"
---------------------------------------------------------------
[ 2026-03-25T21:15:45+08:00 ] 35.154.57.177 GET 120.24.147.77/
[ error ] [8192]preg_match(): Passing null to parameter #2 ($subject) of type string is deprecated
[ error ] [8192]preg_match(): Passing null to parameter #2 ($subject) of type string is deprecated
[ error ] [8192]preg_match(): Passing null to parameter #2 ($subject) of type string is deprecated
[ error ] [8192]preg_match(): Passing null to parameter #2 ($subject) of type string is deprecated
[ error ] [8192]preg_match(): Passing null to parameter #2 ($subject) of type string is deprecated
[ error ] [8192]preg_match(): Passing null to parameter #2 ($subject) of type string is deprecated
[ error ] [8192]preg_match(): Passing null to parameter #2 ($subject) of type string is deprecated
[ error ] [8192]preg_match(): Passing null to parameter #2 ($subject) of type string is deprecated
[ error ] [8192]Automatic conversion of false to array is deprecated
[ error ] [2]Undefined array key "title"
[ error ] [2]Undefined array key "title"
[ error ] [2]Undefined array key "title"
[ error ] [2]Undefined array key "title"
---------------------------------------------------------------
[ 2026-03-25T21:21:08+08:00 ] 149.86.227.60 GET 120.24.147.77/
[ error ] [8192]preg_match(): Passing null to parameter #2 ($subject) of type string is deprecated
[ error ] [8192]preg_match(): Passing null to parameter #2 ($subject) of type string is deprecated
[ error ] [8192]preg_match(): Passing null to parameter #2 ($subject) of type string is deprecated
[ error ] [8192]preg_match(): Passing null to parameter #2 ($subject) of type string is deprecated
[ error ] [8192]preg_match(): Passing null to parameter #2 ($subject) of type string is deprecated
[ error ] [8192]preg_match(): Passing null to parameter #2 ($subject) of type string is deprecated
[ error ] [8192]preg_match(): Passing null to parameter #2 ($subject) of type string is deprecated
[ error ] [8192]preg_match(): Passing null to parameter #2 ($subject) of type string is deprecated
[ error ] [8192]Automatic conversion of false to array is deprecated
[ error ] [2]Undefined array key "title"
[ error ] [2]Undefined array key "title"
[ error ] [2]Undefined array key "title"
[ error ] [2]Undefined array key "title"
---------------------------------------------------------------
[ 2026-03-25T21:31:42+08:00 ] 31.58.214.23 GET 120.24.147.77/.config/open-interpreter/config.yaml
[ error ] [8192]preg_match(): Passing null to parameter #2 ($subject) of type string is deprecated
[ error ] [8192]preg_match(): Passing null to parameter #2 ($subject) of type string is deprecated
[ error ] [8192]preg_match(): Passing null to parameter #2 ($subject) of type string is deprecated
[ error ] [8192]preg_match(): Passing null to parameter #2 ($subject) of type string is deprecated
[ error ] [8192]preg_match(): Passing null to parameter #2 ($subject) of type string is deprecated
[ error ] [8192]preg_match(): Passing null to parameter #2 ($subject) of type string is deprecated
---------------------------------------------------------------
[ 2026-03-25T21:31:42+08:00 ] 31.58.214.23 GET 120.24.147.77/.config/open-interpreter/config.yaml
[ error ] [8192]preg_match(): Passing null to parameter #2 ($subject) of type string is deprecated
[ error ] [8192]preg_match(): Passing null to parameter #2 ($subject) of type string is deprecated
[ error ] [8192]preg_match(): Passing null to parameter #2 ($subject) of type string is deprecated
[ error ] [8192]preg_match(): Passing null to parameter #2 ($subject) of type string is deprecated
[ error ] [8192]preg_match(): Passing null to parameter #2 ($subject) of type string is deprecated
[ error ] [8192]preg_match(): Passing null to parameter #2 ($subject) of type string is deprecated
---------------------------------------------------------------
[ 2026-03-25T21:36:54+08:00 ] 205.210.31.170 GET www.punalei.cn/
[ error ] [8192]preg_match(): Passing null to parameter #2 ($subject) of type string is deprecated
[ error ] [8192]preg_match(): Passing null to parameter #2 ($subject) of type string is deprecated
[ error ] [8192]preg_match(): Passing null to parameter #2 ($subject) of type string is deprecated
[ error ] [8192]preg_match(): Passing null to parameter #2 ($subject) of type string is deprecated
[ error ] [8192]preg_match(): Passing null to parameter #2 ($subject) of type string is deprecated
[ error ] [8192]preg_match(): Passing null to parameter #2 ($subject) of type string is deprecated
[ error ] [8192]preg_match(): Passing null to parameter #2 ($subject) of type string is deprecated
[ error ] [8192]preg_match(): Passing null to parameter #2 ($subject) of type string is deprecated
[ error ] [8192]Automatic conversion of false to array is deprecated
[ error ] [2]Undefined array key "title"
[ error ] [2]Undefined array key "title"
[ error ] [2]Undefined array key "title"
[ error ] [2]Undefined array key "title"
---------------------------------------------------------------
[ 2026-03-25T21:38:25+08:00 ] 20.118.241.250 GET 120.24.147.77/manager/text/list
[ error ] [8192]preg_match(): Passing null to parameter #2 ($subject) of type string is deprecated
[ error ] [8192]preg_match(): Passing null to parameter #2 ($subject) of type string is deprecated
[ error ] [8192]preg_match(): Passing null to parameter #2 ($subject) of type string is deprecated
[ error ] [8192]preg_match(): Passing null to parameter #2 ($subject) of type string is deprecated
[ error ] [8192]preg_match(): Passing null to parameter #2 ($subject) of type string is deprecated
[ error ] [8192]preg_match(): Passing null to parameter #2 ($subject) of type string is deprecated
---------------------------------------------------------------
[ 2026-03-25T21:38:25+08:00 ] 20.118.241.250 GET 120.24.147.77/manager/text/list
[ error ] [8192]preg_match(): Passing null to parameter #2 ($subject) of type string is deprecated
[ error ] [8192]preg_match(): Passing null to parameter #2 ($subject) of type string is deprecated
[ error ] [8192]preg_match(): Passing null to parameter #2 ($subject) of type string is deprecated
[ error ] [8192]preg_match(): Passing null to parameter #2 ($subject) of type string is deprecated
[ error ] [8192]preg_match(): Passing null to parameter #2 ($subject) of type string is deprecated
[ error ] [8192]preg_match(): Passing null to parameter #2 ($subject) of type string is deprecated
---------------------------------------------------------------
[ 2026-03-25T22:00:02+08:00 ] 160.119.76.55 GET 120.24.147.77/
[ error ] [8192]preg_match(): Passing null to parameter #2 ($subject) of type string is deprecated
[ error ] [8192]preg_match(): Passing null to parameter #2 ($subject) of type string is deprecated
[ error ] [8192]preg_match(): Passing null to parameter #2 ($subject) of type string is deprecated
[ error ] [8192]preg_match(): Passing null to parameter #2 ($subject) of type string is deprecated
[ error ] [8192]preg_match(): Passing null to parameter #2 ($subject) of type string is deprecated
[ error ] [8192]preg_match(): Passing null to parameter #2 ($subject) of type string is deprecated
[ error ] [8192]preg_match(): Passing null to parameter #2 ($subject) of type string is deprecated
[ error ] [8192]preg_match(): Passing null to parameter #2 ($subject) of type string is deprecated
[ error ] [8192]Automatic conversion of false to array is deprecated
[ error ] [2]Undefined array key "title"
[ error ] [2]Undefined array key "title"
[ error ] [2]Undefined array key "title"
[ error ] [2]Undefined array key "title"
---------------------------------------------------------------
[ 2026-03-25T22:06:27+08:00 ] 206.189.84.29 GET 120.24.147.77/
[ error ] [8192]preg_match(): Passing null to parameter #2 ($subject) of type string is deprecated
[ error ] [8192]preg_match(): Passing null to parameter #2 ($subject) of type string is deprecated
[ error ] [8192]preg_match(): Passing null to parameter #2 ($subject) of type string is deprecated
[ error ] [8192]preg_match(): Passing null to parameter #2 ($subject) of type string is deprecated
[ error ] [8192]preg_match(): Passing null to parameter #2 ($subject) of type string is deprecated
[ error ] [8192]preg_match(): Passing null to parameter #2 ($subject) of type string is deprecated
[ error ] [8192]preg_match(): Passing null to parameter #2 ($subject) of type string is deprecated
[ error ] [8192]preg_match(): Passing null to parameter #2 ($subject) of type string is deprecated
[ error ] [8192]Automatic conversion of false to array is deprecated
[ error ] [2]Undefined array key "title"
[ error ] [2]Undefined array key "title"
[ error ] [2]Undefined array key "title"
[ error ] [2]Undefined array key "title"
---------------------------------------------------------------
[ 2026-03-25T22:34:45+08:00 ] 173.255.221.189 GET 120.24.147.77/
[ error ] [8192]preg_match(): Passing null to parameter #2 ($subject) of type string is deprecated
[ error ] [8192]preg_match(): Passing null to parameter #2 ($subject) of type string is deprecated
[ error ] [8192]preg_match(): Passing null to parameter #2 ($subject) of type string is deprecated
[ error ] [8192]preg_match(): Passing null to parameter #2 ($subject) of type string is deprecated
[ error ] [8192]preg_match(): Passing null to parameter #2 ($subject) of type string is deprecated
[ error ] [8192]preg_match(): Passing null to parameter #2 ($subject) of type string is deprecated
[ error ] [8192]preg_match(): Passing null to parameter #2 ($subject) of type string is deprecated
[ error ] [8192]preg_match(): Passing null to parameter #2 ($subject) of type string is deprecated
[ error ] [8192]Automatic conversion of false to array is deprecated
[ error ] [2]Undefined array key "title"
[ error ] [2]Undefined array key "title"
[ error ] [2]Undefined array key "title"
[ error ] [2]Undefined array key "title"
---------------------------------------------------------------
[ 2026-03-25T22:41:54+08:00 ] 47.92.232.117 GET 120.24.147.77/
[ error ] [8192]preg_match(): Passing null to parameter #2 ($subject) of type string is deprecated
[ error ] [8192]preg_match(): Passing null to parameter #2 ($subject) of type string is deprecated
[ error ] [8192]preg_match(): Passing null to parameter #2 ($subject) of type string is deprecated
[ error ] [8192]preg_match(): Passing null to parameter #2 ($subject) of type string is deprecated
[ error ] [8192]preg_match(): Passing null to parameter #2 ($subject) of type string is deprecated
[ error ] [8192]preg_match(): Passing null to parameter #2 ($subject) of type string is deprecated
[ error ] [8192]preg_match(): Passing null to parameter #2 ($subject) of type string is deprecated
[ error ] [8192]preg_match(): Passing null to parameter #2 ($subject) of type string is deprecated
[ error ] [8192]Automatic conversion of false to array is deprecated
[ error ] [2]Undefined array key "title"
[ error ] [2]Undefined array key "title"
[ error ] [2]Undefined array key "title"
[ error ] [2]Undefined array key "title"
---------------------------------------------------------------
[ 2026-03-25T22:56:02+08:00 ] 43.159.141.150 GET punalei.cn/
[ error ] [8192]preg_match(): Passing null to parameter #2 ($subject) of type string is deprecated
[ error ] [8192]preg_match(): Passing null to parameter #2 ($subject) of type string is deprecated
[ error ] [8192]preg_match(): Passing null to parameter #2 ($subject) of type string is deprecated
[ error ] [8192]preg_match(): Passing null to parameter #2 ($subject) of type string is deprecated
[ error ] [8192]preg_match(): Passing null to parameter #2 ($subject) of type string is deprecated
[ error ] [8192]preg_match(): Passing null to parameter #2 ($subject) of type string is deprecated
[ error ] [8192]preg_match(): Passing null to parameter #2 ($subject) of type string is deprecated
[ error ] [8192]preg_match(): Passing null to parameter #2 ($subject) of type string is deprecated
[ error ] [8192]Automatic conversion of false to array is deprecated
[ error ] [2]Undefined array key "title"
[ error ] [2]Undefined array key "title"
[ error ] [2]Undefined array key "title"
[ error ] [2]Undefined array key "title"
---------------------------------------------------------------
[ 2026-03-25T23:04:39+08:00 ] 170.106.192.208 GET www.punalei.cn/
[ error ] [8192]preg_match(): Passing null to parameter #2 ($subject) of type string is deprecated
[ error ] [8192]preg_match(): Passing null to parameter #2 ($subject) of type string is deprecated
[ error ] [8192]preg_match(): Passing null to parameter #2 ($subject) of type string is deprecated
[ error ] [8192]preg_match(): Passing null to parameter #2 ($subject) of type string is deprecated
[ error ] [8192]preg_match(): Passing null to parameter #2 ($subject) of type string is deprecated
[ error ] [8192]preg_match(): Passing null to parameter #2 ($subject) of type string is deprecated
[ error ] [8192]preg_match(): Passing null to parameter #2 ($subject) of type string is deprecated
[ error ] [8192]preg_match(): Passing null to parameter #2 ($subject) of type string is deprecated
[ error ] [8192]Automatic conversion of false to array is deprecated
[ error ] [2]Undefined array key "title"
[ error ] [2]Undefined array key "title"
[ error ] [2]Undefined array key "title"
[ error ] [2]Undefined array key "title"
---------------------------------------------------------------
[ 2026-03-25T23:11:34+08:00 ] 39.100.79.162 GET 120.24.147.77/
[ error ] [8192]preg_match(): Passing null to parameter #2 ($subject) of type string is deprecated
[ error ] [8192]preg_match(): Passing null to parameter #2 ($subject) of type string is deprecated
[ error ] [8192]preg_match(): Passing null to parameter #2 ($subject) of type string is deprecated
[ error ] [8192]preg_match(): Passing null to parameter #2 ($subject) of type string is deprecated
[ error ] [8192]preg_match(): Passing null to parameter #2 ($subject) of type string is deprecated
[ error ] [8192]preg_match(): Passing null to parameter #2 ($subject) of type string is deprecated
[ error ] [8192]preg_match(): Passing null to parameter #2 ($subject) of type string is deprecated
[ error ] [8192]preg_match(): Passing null to parameter #2 ($subject) of type string is deprecated
[ error ] [8192]Automatic conversion of false to array is deprecated
[ error ] [2]Undefined array key "title"
[ error ] [2]Undefined array key "title"
[ error ] [2]Undefined array key "title"
[ error ] [2]Undefined array key "title"
---------------------------------------------------------------
[ 2026-03-25T23:22:45+08:00 ] 3.129.187.38 GET 120.24.147.77/
[ error ] [8192]preg_match(): Passing null to parameter #2 ($subject) of type string is deprecated
[ error ] [8192]preg_match(): Passing null to parameter #2 ($subject) of type string is deprecated
[ error ] [8192]preg_match(): Passing null to parameter #2 ($subject) of type string is deprecated
[ error ] [8192]preg_match(): Passing null to parameter #2 ($subject) of type string is deprecated
[ error ] [8192]preg_match(): Passing null to parameter #2 ($subject) of type string is deprecated
[ error ] [8192]preg_match(): Passing null to parameter #2 ($subject) of type string is deprecated
[ error ] [8192]preg_match(): Passing null to parameter #2 ($subject) of type string is deprecated
[ error ] [8192]preg_match(): Passing null to parameter #2 ($subject) of type string is deprecated
[ error ] [8192]Automatic conversion of false to array is deprecated
[ error ] [2]Undefined array key "title"
[ error ] [2]Undefined array key "title"
[ error ] [2]Undefined array key "title"
[ error ] [2]Undefined array key "title"
---------------------------------------------------------------
[ 2026-03-25T23:33:37+08:00 ] 45.79.207.129 GET 120.24.147.77/
[ error ] [8192]preg_match(): Passing null to parameter #2 ($subject) of type string is deprecated
[ error ] [8192]preg_match(): Passing null to parameter #2 ($subject) of type string is deprecated
[ error ] [8192]preg_match(): Passing null to parameter #2 ($subject) of type string is deprecated
[ error ] [8192]preg_match(): Passing null to parameter #2 ($subject) of type string is deprecated
[ error ] [8192]preg_match(): Passing null to parameter #2 ($subject) of type string is deprecated
[ error ] [8192]preg_match(): Passing null to parameter #2 ($subject) of type string is deprecated
[ error ] [8192]preg_match(): Passing null to parameter #2 ($subject) of type string is deprecated
[ error ] [8192]preg_match(): Passing null to parameter #2 ($subject) of type string is deprecated
[ error ] [8192]Automatic conversion of false to array is deprecated
[ error ] [2]Undefined array key "title"
[ error ] [2]Undefined array key "title"
[ error ] [2]Undefined array key "title"
[ error ] [2]Undefined array key "title"
---------------------------------------------------------------
[ 2026-03-25T23:43:23+08:00 ] 43.135.145.117 GET www.punalei.cn/
[ error ] [8192]preg_match(): Passing null to parameter #2 ($subject) of type string is deprecated
[ error ] [8192]preg_match(): Passing null to parameter #2 ($subject) of type string is deprecated
[ error ] [8192]preg_match(): Passing null to parameter #2 ($subject) of type string is deprecated
[ error ] [8192]preg_match(): Passing null to parameter #2 ($subject) of type string is deprecated
[ error ] [8192]preg_match(): Passing null to parameter #2 ($subject) of type string is deprecated
[ error ] [8192]preg_match(): Passing null to parameter #2 ($subject) of type string is deprecated
[ error ] [8192]preg_match(): Passing null to parameter #2 ($subject) of type string is deprecated
[ error ] [8192]preg_match(): Passing null to parameter #2 ($subject) of type string is deprecated
[ error ] [8192]Automatic conversion of false to array is deprecated
[ error ] [2]Undefined array key "title"
[ error ] [2]Undefined array key "title"
[ error ] [2]Undefined array key "title"
[ error ] [2]Undefined array key "title"
---------------------------------------------------------------
[ 2026-03-25T23:52:26+08:00 ] 205.210.31.226 GET www.punalei.cn/
[ error ] [8192]preg_match(): Passing null to parameter #2 ($subject) of type string is deprecated
[ error ] [8192]preg_match(): Passing null to parameter #2 ($subject) of type string is deprecated
[ error ] [8192]preg_match(): Passing null to parameter #2 ($subject) of type string is deprecated
[ error ] [8192]preg_match(): Passing null to parameter #2 ($subject) of type string is deprecated
[ error ] [8192]preg_match(): Passing null to parameter #2 ($subject) of type string is deprecated
[ error ] [8192]preg_match(): Passing null to parameter #2 ($subject) of type string is deprecated
[ error ] [8192]preg_match(): Passing null to parameter #2 ($subject) of type string is deprecated
[ error ] [8192]preg_match(): Passing null to parameter #2 ($subject) of type string is deprecated
[ error ] [8192]Automatic conversion of false to array is deprecated
[ error ] [2]Undefined array key "title"
[ error ] [2]Undefined array key "title"
[ error ] [2]Undefined array key "title"
[ error ] [2]Undefined array key "title"
---------------------------------------------------------------
[ 2026-03-25T23:54:16+08:00 ] 159.65.22.96 GET 120.24.147.77/.git/config
[ error ] [8192]preg_match(): Passing null to parameter #2 ($subject) of type string is deprecated
[ error ] [8192]preg_match(): Passing null to parameter #2 ($subject) of type string is deprecated
[ error ] [8192]preg_match(): Passing null to parameter #2 ($subject) of type string is deprecated
[ error ] [8192]preg_match(): Passing null to parameter #2 ($subject) of type string is deprecated
[ error ] [8192]preg_match(): Passing null to parameter #2 ($subject) of type string is deprecated
[ error ] [8192]preg_match(): Passing null to parameter #2 ($subject) of type string is deprecated
---------------------------------------------------------------
[ 2026-03-25T23:54:17+08:00 ] 159.65.22.96 GET 120.24.147.77/.git/config
[ error ] [8192]preg_match(): Passing null to parameter #2 ($subject) of type string is deprecated
[ error ] [8192]preg_match(): Passing null to parameter #2 ($subject) of type string is deprecated
[ error ] [8192]preg_match(): Passing null to parameter #2 ($subject) of type string is deprecated
[ error ] [8192]preg_match(): Passing null to parameter #2 ($subject) of type string is deprecated
[ error ] [8192]preg_match(): Passing null to parameter #2 ($subject) of type string is deprecated
[ error ] [8192]preg_match(): Passing null to parameter #2 ($subject) of type string is deprecated
---------------------------------------------------------------
[ 2026-03-25T23:59:54+08:00 ] 162.216.150.153 GET 120.24.147.77/metrics/
[ error ] [8192]preg_match(): Passing null to parameter #2 ($subject) of type string is deprecated
[ error ] [8192]preg_match(): Passing null to parameter #2 ($subject) of type string is deprecated
[ error ] [8192]preg_match(): Passing null to parameter #2 ($subject) of type string is deprecated
[ error ] [8192]preg_match(): Passing null to parameter #2 ($subject) of type string is deprecated
[ error ] [8192]preg_match(): Passing null to parameter #2 ($subject) of type string is deprecated
[ error ] [8192]preg_match(): Passing null to parameter #2 ($subject) of type string is deprecated
---------------------------------------------------------------
[ 2026-03-25T23:59:54+08:00 ] 162.216.150.153 GET 120.24.147.77/metrics/
[ error ] [8192]preg_match(): Passing null to parameter #2 ($subject) of type string is deprecated
[ error ] [8192]preg_match(): Passing null to parameter #2 ($subject) of type string is deprecated
[ error ] [8192]preg_match(): Passing null to parameter #2 ($subject) of type string is deprecated
[ error ] [8192]preg_match(): Passing null to parameter #2 ($subject) of type string is deprecated
[ error ] [8192]preg_match(): Passing null to parameter #2 ($subject) of type string is deprecated
[ error ] [8192]preg_match(): Passing null to parameter #2 ($subject) of type string is deprecated
